   -0.5000000000000000000000000E+01,    0.3846153846153880367930711E-01,    0.3846153846153846367350582E-01,    0.3400058012914541905047372E-15,      0.00%
   -0.4998333333333333072800997E+01,    0.3846181092940061801987994E-01,    0.3848620499399134364804098E-01,   -0.2439406459072562816103868E-04,     -0.06%
   -0.4996666666666667033780413E+01,    0.3846262635964030340840480E-01,    0.3851089494612967151221383E-01,   -0.4826858648936810380902784E-04,     -0.13%
   -0.4995000000000000106581410E+01,    0.3846398179223918523117476E-01,    0.3853560834719812339121958E-01,   -0.7162655495893816004482346E-04,     -0.19%
   -0.4993333333333333179382407E+01,    0.3846587426717861663005849E-01,    0.3856034522648633250385686E-01,   -0.9447095930771587379837229E-04,     -0.24%
   -0.4991666666666666252183404E+01,    0.3846830082443989523577343E-01,    0.3858510561332901406261797E-01,   -0.1168047888891188268445376E-03,     -0.30%
   -0.4990000000000000213162821E+01,    0.3847125850400438806797609E-01,    0.3860988953710603466262796E-01,   -0.1386310331016465946518679E-03,     -0.36%
   -0.4988333333333333285963818E+01,    0.3847474434585341357406563E-01,    0.3863469702724250942615924E-01,   -0.1599526813890958520936181E-03,     -0.41%
   -0.4986666666666666358764815E+01,    0.3847875538996831101812290E-01,    0.3865952811320884363599504E-01,   -0.1807727232405326178721339E-03,     -0.47%
   -0.4985000000000000319744231E+01,    0.3848328867633041272533490E-01,    0.3868438282452086457441354E-01,   -0.2010941481904518490786415E-03,     -0.52%
   -0.4983333333333333392545228E+01,    0.3848834124492105795978247E-01,    0.3870926119073988397323305E-01,   -0.2209199458188260134505754E-03,     -0.57%
   -0.4981666666666666465346225E+01,    0.3849391013572157210775870E-01,    0.3873416324147275352496322E-01,   -0.2402531057511814172045206E-03,     -0.62%
   -0.4980000000000000426325641E+01,    0.3849999238871330137223836E-01,    0.3875908900637198978289533E-01,   -0.2590966176586884106569642E-03,     -0.67%
   -0.4978333333333333499126638E+01,    0.3850658504387757807840842E-01,    0.3878403851513584355004127E-01,   -0.2774534712582654716328534E-03,     -0.72%
   -0.4976666666666666571927635E+01,    0.3851368514119573455145584E-01,    0.3880901179750837620696657E-01,   -0.2953266563126416555107312E-03,     -0.76%
   -0.4974999999999999644728632E+01,    0.3852128972064910311656760E-01,    0.3883400888327953603962328E-01,   -0.3127191626304329230556789E-03,     -0.81%
   -0.4973333333333333605708049E+01,    0.3852939582221902303782457E-01,    0.3885902980228525538386464E-01,   -0.3296339800662323460400671E-03,     -0.85%
   -0.4971666666666666678509046E+01,    0.3853800048588681970151981E-01,    0.3888407458440755470885364E-01,   -0.3460740985207350073338262E-03,     -0.89%
   -0.4969999999999999751310042E+01,    0.3854710075163384624952201E-01,    0.3890914325957457037263865E-01,   -0.3620425079407241231166381E-03,     -0.93%
   -0.4968333333333333712289459E+01,    0.3855669365944140725144251E-01,    0.3893423585776068646113757E-01,   -0.3775421983192792096950541E-03,     -0.97%
   -0.4966666666666666785090456E+01,    0.3856677624929086972693781E-01,    0.3895935240898662499375860E-01,   -0.3925761596957552668207825E-03,     -1.01%
   -0.4964999999999999857891453E+01,    0.3857734556116353824561926E-01,    0.3898449294331947367897584E-01,   -0.4071473821559354333565750E-03,     -1.04%
   -0.4963333333333332930692450E+01,    0.3858839863504078676603726E-01,    0.3900965749087283163110129E-01,   -0.4212588558320448650640344E-03,     -1.08%
   -0.4961666666666666891671866E+01,    0.3859993251090389904112143E-01,    0.3903484608180684406475436E-01,   -0.4349135709029450236329239E-03,     -1.11%
   -0.4959999999999999964472863E+01,    0.3861194422873424902942219E-01,    0.3906005874632835495052774E-01,   -0.4481145175941059211055517E-03,     -1.15%
   -0.4958333333333333037273860E+01,    0.3862443082851316905612649E-01,    0.3908529551469091395388133E-01,   -0.4608646861777448977548488E-03,     -1.18%
   -0.4956666666666666998253277E+01,    0.3863738935022195675195178E-01,    0.3911055641719490827412642E-01,   -0.4731670669729515221746396E-03,     -1.21%
   -0.4955000000000000071054274E+01,    0.3865081683384199301434236E-01,    0.3913584148418765285004639E-01,   -0.4850246503456598357040264E-03,     -1.24%
   -0.4953333333333333143855270E+01,    0.3866471031935458935180350E-01,    0.3916115074606343893215410E-01,   -0.4964404267088495803506021E-03,     -1.27%
   -0.4951666666666667104834687E+01,    0.3867906684674107808952215E-01,    0.3918648423326363816610041E-01,   -0.5074173865225600765782588E-03,     -1.29%
   -0.4950000000000000177635684E+01,    0.3869388345598281930826090E-01,    0.3921184197627683443165836E-01,   -0.5179585202940151233974575E-03,     -1.32%
   -0.4948333333333333250436681E+01,    0.3870915718706111063873720E-01,    0.3923722400563882384272318E-01,   -0.5280668185777132039859794E-03,     -1.35%
   -0.4946666666666666323237678E+01,    0.3872488507995731216171365E-01,    0.3926263035193277434187209E-01,   -0.5377452719754621801584449E-03,     -1.37%
   -0.4945000000000000284217094E+01,    0.3874106417465273538569548E-01,    0.3928806104578924651704597E-01,   -0.5469968711365111313504883E-03,     -1.39%
   -0.4943333333333333357018091E+01,    0.3875769151112874039144529E-01,    0.3931351611788638789057870E-01,   -0.5558246067576474991334123E-03,     -1.41%
   -0.4941666666666666429819088E+01,    0.3877476412936665256525615E-01,    0.3933899559894987046915205E-01,   -0.5642314695832179038958998E-03,     -1.43%
   -0.4940000000000000390798505E+01,    0.3879227906934779035452721E-01,    0.3936449951975309891061272E-01,   -0.5722204504053085560855152E-03,     -1.45%
   -0.4938333333333333463599502E+01,    0.3881023337105352771780886E-01,    0.3939002791111727991291147E-01,   -0.5797945400637521951026088E-03,     -1.47%
   -0.4936666666666666536400498E+01,    0.3882862407446514146913685E-01,    0.3941558080391142915299696E-01,   -0.5869567294462876838601062E-03,     -1.49%
   -0.4934999999999999609201495E+01,    0.3884744821956403332263719E-01,    0.3944115822905255863695118E-01,   -0.5937100094885253143139892E-03,     -1.51%
   -0.4933333333333333570180912E+01,    0.3886670284633148009234560E-01,    0.3946676021750569751667115E-01,   -0.6000573711742174243255477E-03,     -1.52%
   -0.4931666666666666642981909E+01,    0.3888638499474884879791858E-01,    0.3949238680028403780664092E-01,   -0.6060018055351890087223410E-03,     -1.53%
   -0.4929999999999999715782906E+01,    0.3890649170479747870343701E-01,    0.3951803800844896213950719E-01,   -0.6115463036514834360701798E-03,     -1.55%
   -0.4928333333333333676762322E+01,    0.3892702001645866743961832E-01,    0.3954371387311014784948782E-01,   -0.6166938566514804098694924E-03,     -1.56%
   -0.4926666666666666749563319E+01,    0.3894796696971378202611902E-01,    0.3956941442542571962803777E-01,   -0.6214474557119376019187484E-03,     -1.57%
   -0.4924999999999999822364316E+01,    0.3896932960454414784923216E-01,    0.3959513969660224258495518E-01,   -0.6258100920580947357230173E-03,     -1.58%
   -0.4923333333333333783343733E+01,    0.3899110496093109723414472E-01,    0.3962088971789486102625943E-01,   -0.6297847569637637921147189E-03,     -1.59%
   -0.4921666666666666856144730E+01,    0.3901329007885596250604365E-01,    0.3964666452060739559870584E-01,   -0.6333744417514330926621824E-03,     -1.60%
   -0.4919999999999999928945726E+01,    0.3903588199830010374569156E-01,    0.3967246413609242655651244E-01,   -0.6365821377923228108208775E-03,     -1.60%
   -0.4918333333333333001746723E+01,    0.3905887775924482552269978E-01,    0.3969828859575134233361737E-01,   -0.6394108365065168109175886E-03,     -1.61%
   -0.4916666666666666962726140E+01,    0.3908227440167146016225530E-01,    0.3972413793103447832155695E-01,   -0.6418635293630181593016459E-03,     -1.62%
   -0.4915000000000000035527137E+01,    0.3910606896556135386733288E-01,    0.3975001217344122789176808E-01,   -0.6439432078798740244351961E-03,     -1.62%
   -0.4913333333333333108328134E+01,    0.3913025849089586671869512E-01,    0.3977591135452004933448222E-01,   -0.6456528636241826157871060E-03,     -1.62%
   -0.4911666666666667069307550E+01,    0.3915484001765626165258993E-01,    0.3980183550586861157549734E-01,   -0.6469954882123499229074071E-03,     -1.63%
   -0.4910000000000000142108547E+01,    0.3917981058582396119982505E-01,    0.3982778465913390519848036E-01,   -0.6479740733099439986553136E-03,     -1.63%
   -0.4908333333333333214909544E+01,    0.3920516723538024911333011E-01,    0.3985375884601227020054282E-01,   -0.6485916106320210872127063E-03,     -1.63%
   -0.4906666666666666287710541E+01,    0.3923090700630646465718598E-01,    0.3987975809824954864790669E-01,   -0.6488510919430839907207087E-03,     -1.63%
   -0.4905000000000000248689958E+01,    0.3925702693858392627879184E-01,    0.3990578244764111937037399E-01,   -0.6487555090571930915821497E-03,     -1.63%
   -0.4903333333333333321490954E+01,    0.3928352407219401487559196E-01,    0.3993183192603204367809866E-01,   -0.6483078538380288025066989E-03,     -1.62%
   -0.4901666666666666394291951E+01,    0.3931039544711804195609162E-01,    0.3995790656531714168941960E-01,   -0.6475111181990997333279836E-03,     -1.62%
   -0.4900000000000000355271368E+01,    0.3933763810333731902879606E-01,    0.3998400639744101314754232E-01,   -0.6463682941036941187462617E-03,     -1.62%
   -0.4898333333333333428072365E+01,    0.3936524908083320617446788E-01,    0.4001013145439828028182561E-01,   -0.6448823735650741073577308E-03,     -1.61%
   -0.4896666666666666500873362E+01,    0.3939322541958704959608184E-01,    0.4003628176823352535773637E-01,   -0.6430563486464757616545285E-03,     -1.61%
   -0.4894999999999999573674359E+01,    0.3942156415958016080214321E-01,    0.4006245737104145721030335E-01,   -0.6408932114612964081601376E-03,     -1.60%
   -0.4893333333333333534653775E+01,    0.3945026234079386517894505E-01,    0.4008865829496699451084396E-01,   -0.6383959541731293318989060E-03,     -1.59%
   -0.4891666666666666607454772E+01,    0.3947931700320952974614386E-01,    0.4011488457220540454484237E-01,   -0.6355675689958747986985088E-03,     -1.58%
   -0.4889999999999999680255769E+01,    0.3950872518680845907335097E-01,    0.4014113623500227545637387E-01,   -0.6324110481938163830228916E-03,     -1.58%
   -0.4888333333333333641235185E+01,    0.3953848393157199242464728E-01,    0.4016741331565371747602811E-01,   -0.6289293840817250513808290E-03,     -1.57%
   -0.4886666666666666714036182E+01,    0.3956859027748149681968926E-01,    0.4019371584650645312652983E-01,   -0.6251255690249563068405791E-03,     -1.56%
   -0.4884999999999999786837179E+01,    0.3959904126451827682808826E-01,    0.4022004385995783803942061E-01,   -0.6210025954395612113323466E-03,     -1.54%
   -0.4883333333333333747816596E+01,    0.3962983393266365089724346E-01,    0.4024639738845598585514907E-01,   -0.6165634557923349579056094E-03,     -1.53%
   -0.4881666666666666820617593E+01,    0.3966096532189899298570523E-01,    0.4027277646449993475652462E-01,   -0.6118111426009417708193894E-03,     -1.52%
   -0.4879999999999999893418590E+01,    0.3969243247220562847976666E-01,    0.4029918112063962665203576E-01,   -0.6067486484339981722690993E-03,     -1.51%
   -0.4878333333333332966219587E+01,    0.3972423242356487582682689E-01,    0.4032561138947607370930371E-01,   -0.6013789659111978824768130E-03,     -1.49%
   -0.4876666666666666927199003E+01,    0.3975636221595806735207290E-01,    0.4035206730366140692733978E-01,   -0.5957050877033395752668810E-03,     -1.48%
   -0.4875000000000000000000000E+01,    0.3978881888936656313626727E-01,    0.4037854889589905654778690E-01,   -0.5897300065324934115196243E-03,     -1.46%
   -0.4873333333333333072800997E+01,    0.3982159948377167468791527E-01,    0.4040505619894373123823783E-01,   -0.5834567151720565503225657E-03,     -1.44%
   -0.4871666666666667033780413E+01,    0.3985470103915474127109775E-01,    0.4043158924560157074790112E-01,   -0.5768882064468294768033729E-03,     -1.43%
   -0.4870000000000000106581410E+01,    0.3988812059549710214989560E-01,    0.4045814806873029856326696E-01,   -0.5700274732331964133713598E-03,     -1.41%
   -0.4868333333333333179382407E+01,    0.3992185519278010352728359E-01,    0.4048473270123920803031936E-01,   -0.5628775084591045030357748E-03,     -1.39%
   -0.4866666666666666252183404E+01,    0.3995590187098506385066088E-01,    0.4051134317608930807130818E-01,   -0.5554413051042442206473027E-03,     -1.37%
   -0.4865000000000000213162821E+01,    0.3999025767009329462853273E-01,    0.4053797952629343420705155E-01,   -0.5477218562001395785188151E-03,     -1.35%
   -0.4863333333333333285963818E+01,    0.4002491963008619063613125E-01,    0.4056464178491635264034443E-01,   -0.5397221548301620042131788E-03,     -1.33%
   -0.4861666666666666358764815E+01,    0.4005988479094503562638607E-01,    0.4059132998507479495042816E-01,   -0.5314451941297593240420838E-03,     -1.31%
   -0.4860000000000000319744231E+01,    0.4009515019265116192448417E-01,    0.4061804415993761074865631E-01,   -0.5228939672864488241721403E-03,     -1.29%
   -0.4858333333333333392545228E+01,    0.4013071287518595042786984E-01,    0.4064478434272585788411547E-01,   -0.5140714675399074562456292E-03,     -1.26%
   -0.4856666666666666465346225E+01,    0.4016656987853070570615444E-01,    0.4067155056671287183256425E-01,   -0.5049806881821661264098111E-03,     -1.24%
   -0.4855000000000000426325641E+01,    0.4020271824266674620673712E-01,    0.4069834286522437671873575E-01,   -0.4956246225576305119986387E-03,     -1.22%
   -0.4853333333333333499126638E+01,    0.4023915500757544588816828E-01,    0.4072516127163863797200349E-01,   -0.4860062640631920838352187E-03,     -1.19%
   -0.4851666666666666571927635E+01,    0.4027587721323810932005927E-01,    0.4075200581938642763191183E-01,   -0.4761286061483183118525631E-03,     -1.17%
   -0.4849999999999999644728632E+01,    0.4031288189963608964427877E-01,    0.4077887654195127414835653E-01,   -0.4659946423151845040777630E-03,     -1.14%
   -0.4848333333333333605708049E+01,    0.4035016610675069836933204E-01,    0.4080577347286942768711526E-01,   -0.4556073661187293177832203E-03,     -1.12%
   -0.4846666666666666678509046E+01,    0.4038772687456328169819386E-01,    0.4083269664573008217445249E-01,   -0.4449697711668004762586293E-03,     -1.09%
   -0.4844999999999999751310042E+01,    0.4042556124305519971162681E-01,    0.4085964609417536141933169E-01,   -0.4340848511201617077048809E-03,     -1.06%
   -0.4843333333333333712289459E+01,    0.4046366625220773616256054E-01,    0.4088662185190047176908124E-01,   -0.4229555996927356065206993E-03,     -1.03%
   -0.4841666666666666785090456E+01,    0.4050203894200226500954543E-01,    0.4091362395265384088727245E-01,   -0.4115850106515758777270264E-03,     -1.01%
   -0.4839999999999999857891453E+01,    0.4054067635242012551666235E-01,    0.4094065243023713163150745E-01,   -0.3999760778170061148450998E-03,     -0.98%
   -0.4838333333333332930692450E+01,    0.4057957552344263613131048E-01,    0.4096770731850538083129720E-01,   -0.3881317950627446999867232E-03,     -0.95%
   -0.4836666666666666891671866E+01,    0.4061873349505108754531335E-01,    0.4099478865136710337147008E-01,   -0.3760551563160158261567290E-03,     -0.92%
   -0.4834999999999999964472863E+01,    0.4065814730722689535058478E-01,    0.4102189646278442403115605E-01,   -0.3637491555575286805712665E-03,     -0.89%
   -0.4833333333333333037273860E+01,    0.4069781399995135023894832E-01,    0.4104903078677309830046838E-01,   -0.3512167868217480615200543E-03,     -0.86%
   -0.4831666666666666998253277E+01,    0.4073773061320577065780313E-01,    0.4107619165740264421948780E-01,   -0.3384610441968735616846686E-03,     -0.82%
   -0.4830000000000000071054274E+01,    0.4077789418697153750459350E-01,    0.4110337910879652972839793E-01,   -0.3254849218249922238044292E-03,     -0.79%
   -0.4828333333333333143855270E+01,    0.4081830176122995534893079E-01,    0.4113059317513212409522794E-01,   -0.3122914139021687462971499E-03,     -0.76%
   -0.4826666666666666216656267E+01,    0.4085895037596237733268367E-01,    0.4115783389064089914377575E-01,   -0.2988835146785218110920823E-03,     -0.73%
   -0.4825000000000000177635684E+01,    0.4089983707115011496435741E-01,    0.4118510128960848476475931E-01,   -0.2852642184583698004018970E-03,     -0.69%
   -0.4823333333333333250436681E+01,    0.4094095888677450750803288E-01,    0.4121239540637482851037632E-01,   -0.2714365196003210023434349E-03,     -0.66%
   -0.4821666666666666323237678E+01,    0.4098231286281691504447267E-01,    0.4123971627533422334987989E-01,   -0.2574034125173083054072265E-03,     -0.62%
   -0.4820000000000000284217094E+01,    0.4102389603925862132660640E-01,    0.4126706393093543950856272E-01,   -0.2431678916768181819563210E-03,     -0.59%
   -0.4818333333333333357018091E+01,    0.4106570545608101419077229E-01,    0.4129443840768186324563516E-01,   -0.2287329516008490548628629E-03,     -0.55%
   -0.4816666666666666429819088E+01,    0.4110773815326540514547560E-01,    0.4132183974013154542648252E-01,   -0.2141015868661402810069205E-03,     -0.52%
   -0.4815000000000000390798505E+01,    0.4114999117079311263811547E-01,    0.4134926796289729172828586E-01,   -0.1992767921041790901703905E-03,     -0.48%
   -0.4813333333333333463599502E+01,    0.4119246154864551756613622E-01,    0.4137672311064687080683910E-01,   -0.1842615620013532407028833E-03,     -0.45%
   -0.4811666666666666536400498E+01,    0.4123514632680391756025529E-01,    0.4140420521810297960207947E-01,   -0.1690588912990620418241861E-03,     -0.41%
   -0.4809999999999999609201495E+01,    0.4127804254524965188455354E-01,    0.4143171432004343068822294E-01,   -0.1536717747937788036693973E-03,     -0.37%
   -0.4808333333333333570180912E+01,    0.4132114724396403898643015E-01,    0.4145925045130121472380935E-01,   -0.1381032073371757373791979E-03,     -0.33%
   -0.4806666666666666642981909E+01,    0.4136445746292846670222332E-01,    0.4148681364676467392405002E-01,   -0.1223561838362072218266974E-03,     -0.29%
   -0.4804999999999999715782906E+01,    0.4140797024212422572375658E-01,    0.4151440394137751593861552E-01,   -0.1064336992532902148589358E-03,     -0.26%
   -0.4803333333333333676762322E+01,    0.4145168262153262062064130E-01,    0.4154202137013894569061989E-01,   -0.9033874860632506997859537E-04,     -0.22%
   -0.4801666666666666749563319E+01,    0.4149559164113507392368518E-01,    0.4156966596810382497118042E-01,   -0.7407432696875104749523189E-04,     -0.18%
   -0.4799999999999999822364316E+01,    0.4153969434091286938581788E-01,    0.4159733777038270019499322E-01,   -0.5764342946983080917533471E-04,     -0.14%
   -0.4798333333333333783343733E+01,    0.4158398776084731851554466E-01,    0.4162503681214192730042356E-01,   -0.4104905129460878487890341E-04,     -0.10%
   -0.4796666666666666856144730E+01,    0.4162846894091980221030980E-01,    0.4165276312860383134406561E-01,   -0.2429418768402913375581420E-04,     -0.06%
   -0.4794999999999999928945726E+01,    0.4167313492111163197861856E-01,    0.4168051675504673425631808E-01,   -0.7381833935102277699513706E-05,     -0.02%
   -0.4793333333333333001746723E+01,    0.4171798274140415402344573E-01,    0.4170829772680509361926227E-01,    0.9685014599060404183461515E-05,      0.02%
   -0.4791666666666666962726140E+01,    0.4176300944177866597550874E-01,    0.4173610607926961368896457E-01,    0.2690336250905228654417556E-04,      0.06%
   -0.4790000000000000035527137E+01,    0.4180821206221654873225191E-01,    0.4176394184788737029556671E-01,    0.4427021432917843668519708E-04,      0.11%
   -0.4788333333333333108328134E+01,    0.4185358764269912074107438E-01,    0.4179180506816185941554309E-01,    0.6178257453726132553128991E-04,      0.15%
   -0.4786666666666667069307550E+01,    0.4189913322320770738826923E-01,    0.4181969577565312207179105E-01,    0.7943744755458531647818177E-04,      0.19%
   -0.4785000000000000142108547E+01,    0.4194484584372366875459903E-01,    0.4184761400597793168376626E-01,    0.9723183774573707083277441E-04,      0.23%
   -0.4783333333333333214909544E+01,    0.4199072254422830247078124E-01,    0.4187555979480975937301324E-01,    0.1151627494185430977680085E-03,      0.28%
   -0.4781666666666666287710541E+01,    0.4203676036470296861757845E-01,    0.4190353317787898906887634E-01,    0.1332271868239795487021127E-03,      0.32%
   -0.4780000000000000248689958E+01,    0.4208295634512897870349590E-01,    0.4193153419097297995854490E-01,    0.1514221541559987449510061E-03,      0.36%
   -0.4778333333333333321490954E+01,    0.4212930752548771362597790E-01,    0.4195956286993619138714351E-01,    0.1697446555515222388343943E-03,      0.40%
   -0.4776666666666666394291951E+01,    0.4217581094576046407684800E-01,    0.4198761925067028694114057E-01,    0.1881916950901771357074210E-03,      0.45%
   -0.4775000000000000355271368E+01,    0.4222246364592855544239924E-01,    0.4201570336913421077618125E-01,    0.2067602767943446662179952E-03,      0.49%
   -0.4773333333333333428072365E+01,    0.4226926266597336862007595E-01,    0.4204381526134435415054114E-01,    0.2254474046290144695348090E-03,      0.54%
   -0.4771666666666666500873362E+01,    0.4231620504587622899617116E-01,    0.4207195496337461093627752E-01,    0.2442500825016180598936444E-03,      0.58%
   -0.4769999999999999573674359E+01,    0.4236328782561844114029626E-01,    0.4210012251135651639710744E-01,    0.2631653142619247431888141E-03,      0.63%
   -0.4768333333333333534653775E+01,    0.4241050804518133737763819E-01,    0.4212831794147931657734674E-01,    0.2821901037020208002914501E-03,      0.67%
   -0.4766666666666666607454772E+01,    0.4245786274454629166674735E-01,    0.4215654128999016259093935E-01,    0.3013214545561290758080020E-03,      0.71%
   -0.4764999999999999680255769E+01,    0.4250534896369462245502291E-01,    0.4218479259319411756035123E-01,    0.3205563705005048946716784E-03,      0.76%
   -0.4763333333333333641235185E+01,    0.4255296374260762737318231E-01,    0.4221307188745431621113013E-01,    0.3398918551533111620521765E-03,      0.81%
   -0.4761666666666666714036182E+01,    0.4260070412126670813535156E-01,    0.4224137920919209671088979E-01,    0.3593249120746114244617786E-03,      0.85%
   -0.4759999999999999786837179E+01,    0.4264856713965316237224812E-01,    0.4226971459488705618046112E-01,    0.3788525447661061917870029E-03,      0.90%
   -0.4758333333333333747816596E+01,    0.4269654983774828771458942E-01,    0.4229807808107718253287644E-01,    0.3984717566711051817129885E-03,      0.94%
   -0.4756666666666666820617593E+01,    0.4274464925553349975428929E-01,    0.4232646970435900712903532E-01,    0.4181795511744926252539756E-03,      0.99%
   -0.4754999999999999893418590E+01,    0.4279286243299008224427737E-01,    0.4235488950138765334996194E-01,    0.4379729316024288943154374E-03,      1.03%
   -0.4753333333333332966219587E+01,    0.4284118641009938138752844E-01,    0.4238333750887696149689532E-01,    0.4578489012224198906331196E-03,      1.08%
   -0.4751666666666666927199003E+01,    0.4288961822684270175365384E-01,    0.4241181376359960675248573E-01,    0.4778044632430950011681148E-03,      1.13%
   -0.4750000000000000000000000E+01,    0.4293815492320143811788569E-01,    0.4244031830238726571424834E-01,    0.4978366208141724036373432E-03,      1.17%
   -0.4748333333333333072800997E+01,    0.4298679353915688117204752E-01,    0.4246885116213062333345718E-01,    0.5179423770262578385903396E-03,      1.22%
   -0.4746666666666667033780413E+01,    0.4303553111469034936353850E-01,    0.4249741237977953944859877E-01,    0.5381187349108099149397333E-03,      1.27%
   -0.4745000000000000106581410E+01,    0.4308436468978323052869683E-01,    0.4252600199234318756325024E-01,    0.5583626974400429654465938E-03,      1.31%
   -0.4743333333333333179382407E+01,    0.4313329130441684311492168E-01,    0.4255462003689013117391227E-01,    0.5786712675267119410094097E-03,      1.36%
   -0.4741666666666666252183404E+01,    0.4318230799857250556961219E-01,    0.4258326655054841397562981E-01,    0.5990414480240915939823765E-03,      1.41%
   -0.4740000000000000213162821E+01,    0.4323141181223152246237973E-01,    0.4261194157050571945655193E-01,    0.6194702417258030058277996E-03,      1.45%
   -0.4738333333333333285963818E+01,    0.4328059978537530244624421E-01,    0.4264064513400947498134030E-01,    0.6399546513658274649039015E-03,      1.50%
   -0.4736666666666666358764815E+01,    0.4332986895798513621302916E-01,    0.4266937727836696281347173E-01,    0.6604916796181733995574348E-03,      1.55%
   -0.4735000000000000319744231E+01,    0.4337921637004234221013377E-01,    0.4269813804094537562638934E-01,    0.6810783290969665837444325E-03,      1.60%
   -0.4733333333333333392545228E+01,    0.4342863906152830133500231E-01,    0.4272692745917204548700141E-01,    0.7017116023562558480008988E-03,      1.64%
   -0.4731666666666666465346225E+01,    0.4347813407242431815724615E-01,    0.4275574557053445773346922E-01,    0.7223885018898604237769234E-03,      1.69%
   -0.4730000000000000426325641E+01,    0.4352769844271170418537054E-01,    0.4278459241258037587529728E-01,    0.7431060301313283100732576E-03,      1.74%
   -0.4728333333333333499126638E+01,    0.4357732921237186113350148E-01,    0.4281346802291804282125653E-01,    0.7638611894538183122449482E-03,      1.78%
   -0.4726666666666666571927635E+01,    0.4362702342138607275456863E-01,    0.4284237243921619475717222E-01,    0.7846509821698779973964122E-03,      1.83%
   -0.4724999999999999644728632E+01,    0.4367677810973569912933456E-01,    0.4287130569920420686269580E-01,    0.8054724105314922666387645E-03,      1.88%
   -0.4723333333333333605708049E+01,    0.4372659031740202401072892E-01,    0.4290026784067221127250136E-01,    0.8263224767298127382275652E-03,      1.93%
   -0.4721666666666666678509046E+01,    0.4377645708436644911287772E-01,    0.4292925890147127054863319E-01,    0.8471981828951785642445316E-03,      1.97%
   -0.4719999999999999751310042E+01,    0.4382637545061028594428620E-01,    0.4295827891951337074161188E-01,    0.8680965310969152026743245E-03,      2.02%
   -0.4718333333333333712289459E+01,    0.4387634245611483213567183E-01,    0.4298732793277163649614536E-01,    0.8890145233431956395264706E-03,      2.07%
   -0.4716666666666666785090456E+01,    0.4392635514086147552337280E-01,    0.4301640597928042819564354E-01,    0.9099491615810473277292658E-03,      2.12%
   -0.4714999999999999857891453E+01,    0.4397641054483152761589437E-01,    0.4304551309713543216783904E-01,    0.9308974476960954480553312E-03,      2.16%
   -0.4713333333333332930692450E+01,    0.4402650570800632073842351E-01,    0.4307464932449377864598361E-01,    0.9518563835125420924399009E-03,      2.21%
   -0.4711666666666666891671866E+01,    0.4407663767036717333835938E-01,    0.4310381469957418748562006E-01,    0.9728229707929858527393208E-03,      2.26%
   -0.4709999999999999964472863E+01,    0.4412680347189546631314627E-01,    0.4313300926065708612577865E-01,    0.9937942112383801873676248E-03,      2.30%
   -0.4708333333333333037273860E+01,    0.4417700015257250423239554E-01,    0.4316223304608467897791613E-01,    0.1014767106487825254479418E-02,      2.35%
   -0.4706666666666666998253277E+01,    0.4422722475237958472682465E-01,    0.4319148609426109314268771E-01,    0.1035738658118491584136933E-02,      2.40%
   -0.4705000000000000071054274E+01,    0.4427747431129812338834739E-01,    0.4322076844365254494340078E-01,    0.1056705867645578444946608E-02,      2.44%
   -0.4703333333333333143855270E+01,    0.4432774586930941090878733E-01,    0.4325008013278736074269659E-01,    0.1077665736522050166090736E-02,      2.49%
   -0.4701666666666666216656267E+01,    0.4437803646639477961333142E-01,    0.4327942120025617123157957E-01,    0.1098615266138608381751851E-02,      2.54%
   -0.4700000000000000177635684E+01,    0.4442834314253555488827274E-01,    0.4330879168471198775725028E-01,    0.1119551457823567131022457E-02,      2.59%
   -0.4698333333333333250436681E+01,    0.4447866293771308987547997E-01,    0.4333819162487038967324082E-01,    0.1140471312842700202239143E-02,      2.63%
   -0.4696666666666666323237678E+01,    0.4452899289190872383903397E-01,    0.4336762105950953821720262E-01,    0.1161371832399185621831350E-02,      2.68%
   -0.4695000000000000284217094E+01,    0.4457933004510376134854610E-01,    0.4339708002747034304436013E-01,    0.1182250017633418304185966E-02,      2.72%
   -0.4693333333333333357018091E+01,    0.4462967143727957636256676E-01,    0.4342656856765666345543409E-01,    0.1203102869622912907132672E-02,      2.77%
   -0.4691666666666666429819088E+01,    0.4468001410841748038960120E-01,    0.4345608671903528064106581E-01,    0.1223927389382199748535385E-02,      2.82%
   -0.4690000000000000390798505E+01,    0.4473035509849879187704857E-01,    0.4348563452063610584863440E-01,    0.1244720577862686028414174E-02,      2.86%
   -0.4688333333333333463599502E+01,    0.4478069144750489866124710E-01,    0.4351521201155231916013477E-01,    0.1265479435952579501112325E-02,      2.91%
   -0.4686666666666666536400498E+01,    0.4483102019541709837291421E-01,    0.4354481923094043888111671E-01,    0.1286200964476659491797506E-02,      2.95%
   -0.4684999999999999609201495E+01,    0.4488133838221672333723689E-01,    0.4357445621802044644077512E-01,    0.1306882164196276896461768E-02,      3.00%
   -0.4683333333333333570180912E+01,    0.4493164304788509894050819E-01,    0.4360412301207591823093423E-01,    0.1327520035809180709573951E-02,      3.04%
   -0.4681666666666666642981909E+01,    0.4498193123240359220238460E-01,    0.4363381965245420601728910E-01,    0.1348111579949386185095506E-02,      3.09%
   -0.4679999999999999715782906E+01,    0.4503219997575352850915920E-01,    0.4366354617856644387829945E-01,    0.1368653797187084630859744E-02,      3.13%
   -0.4678333333333333676762322E+01,    0.4508244631791619855265552E-01,    0.4369330262988774249421908E-01,    0.1389143688028456058436433E-02,      3.18%
   -0.4676666666666666749563319E+01,    0.4513266729887300404699957E-01,    0.4372308904595733486386777E-01,    0.1409578252915669183131797E-02,      3.22%
   -0.4674999999999999822364316E+01,    0.4518285995860524262290880E-01,    0.4375290546637862487688864E-01,    0.1429954492226617746020167E-02,      3.27%
   -0.4673333333333333783343733E+01,    0.4523302133709423966667629E-01,    0.4378275193081935384720182E-01,    0.1450269406274885819474463E-02,      3.31%
   -0.4671666666666666856144730E+01,    0.4528314847432136219795851E-01,    0.4381262847901173929088259E-01,    0.1470519995309622907075919E-02,      3.36%
   -0.4669999999999999928945726E+01,    0.4533323841026792866415462E-01,    0.4384253515075255819288813E-01,    0.1490703259515370471266493E-02,      3.40%
   -0.4668333333333333001746723E+01,    0.4538328818491527139045161E-01,    0.4387247198590329272382959E-01,    0.1510816199011978666622014E-02,      3.44%
   -0.4666666666666666962726140E+01,    0.4543329483824470882424862E-01,    0.4390243902439023432338061E-01,    0.1530855813854474500868008E-02,      3.49%
   -0.4665000000000000035527137E+01,    0.4548325541023761492409605E-01,    0.4393243630620468492820052E-01,    0.1550819104032929995895529E-02,      3.53%
   -0.4663333333333333108328134E+01,    0.4553316694087530119849916E-01,    0.4396246387140295697193437E-01,    0.1570703069472344226564786E-02,      3.57%
   -0.4661666666666667069307550E+01,    0.4558302647013907221706930E-01,    0.4399252176010656767424223E-01,    0.1590504710032504542827070E-02,      3.62%
   -0.4660000000000000142108547E+01,    0.4563283103801032275503857E-01,    0.4402261001250241945204067E-01,    0.1610221025507903302997903E-02,      3.66%
   -0.4658333333333333214909544E+01,    0.4568257768447035738201834E-01,    0.4405272866884278604171499E-01,    0.1629849015627571340303348E-02,      3.70%
   -0.4656666666666666287710541E+01,    0.4573226344950052230098336E-01,    0.4408287776944557617708753E-01,    0.1649385680054946123895832E-02,      3.74%
   -0.4655000000000000248689958E+01,    0.4578188537308210126486330E-01,    0.4411305735469434052831161E-01,    0.1668828018387760736551684E-02,      3.78%
   -0.4653333333333333321490954E+01,    0.4583144049519648904889024E-01,    0.4414326746503852844094595E-01,    0.1688173030157960607944290E-02,      3.82%
   -0.4651666666666666394291951E+01,    0.4588092585582501797825117E-01,    0.4417350814099350181374248E-01,    0.1707417714831516164508685E-02,      3.87%
   -0.4650000000000000355271368E+01,    0.4593033849494897180587571E-01,    0.4420377942314067387652443E-01,    0.1726559071808297929351284E-02,      3.91%
   -0.4648333333333333428072365E+01,    0.4597967545254973836810208E-01,    0.4423408135212773817368515E-01,    0.1745594100422000194416938E-02,      3.95%
   -0.4646666666666666500873362E+01,    0.4602893376860863611232944E-01,    0.4426441396866866856418810E-01,    0.1764519799939967548141340E-02,      3.99%
   -0.4644999999999999573674359E+01,    0.4607811048310700430263864E-01,    0.4429477731354390657170228E-01,    0.1783333169563097730936363E-02,      4.03%
   -0.4643333333333333534653775E+01,    0.4612720263602612669195935E-01,    0.4432517142760049322358640E-01,    0.1802031208425633468372951E-02,      4.07%
   -0.4641666666666666607454772E+01,    0.4617620726734741193331146E-01,    0.4435559635175220088987302E-01,    0.1820610915595211043438439E-02,      4.10%
   -0.4639999999999999680255769E+01,    0.4622512141705216459630634E-01,    0.4438605212697962348888936E-01,    0.1839069290072541107416981E-02,      4.14%
   -0.4638333333333333641235185E+01,    0.4627394212512168231166143E-01,    0.4441653879433032220402922E-01,    0.1857403330791360107632215E-02,      4.18%
   -0.4636666666666666714036182E+01,    0.4632266643153738067129055E-01,    0.4444705639491900589499451E-01,    0.1875610036618374776296037E-02,      4.22%
   -0.4634999999999999786837179E+01,    0.4637129137628052261144163E-01,    0.4447760496992758660894651E-01,    0.1893686406352936002495113E-02,      4.26%
   -0.4633333333333333747816596E+01,    0.4641981399933246821287725E-01,    0.4450818456060530448059609E-01,    0.1911629438727163732281156E-02,      4.30%
   -0.4631666666666666820617593E+01,    0.4646823134067455673967828E-01,    0.4453879520826897059349037E-01,    0.1929436132405586146187915E-02,      4.33%
   -0.4629999999999999893418590E+01,    0.4651654044028812745592560E-01,    0.4456943695430296004111881E-01,    0.1947103485985167414806796E-02,      4.37%
   -0.4628333333333332966219587E+01,    0.4656473833815449880901838E-01,    0.4460010984015940621594254E-01,    0.1964628497995092593075839E-02,      4.40%
   -0.4626666666666666927199003E+01,    0.4661282207425498924635576E-01,    0.4463081390735832570948460E-01,    0.1982008166896663536871159E-02,      4.44%
   -0.4625000000000000000000000E+01,    0.4666078868857099354316986E-01,    0.4466154919748778484578366E-01,    0.1999239491083208697386198E-02,      4.48%
   -0.4623333333333333072800997E+01,    0.4670863522108379545239032E-01,    0.4469231575220395519254524E-01,    0.2016319468879840259845082E-02,      4.51%
   -0.4621666666666667033780413E+01,    0.4675635871177472036031020E-01,    0.4472311361323128009459538E-01,    0.2033245098543440265714821E-02,      4.55%
   -0.4620000000000000106581410E+01,    0.4680395620062515610326770E-01,    0.4475394282236264814622828E-01,    0.2050013378262507957039418E-02,      4.58%
   -0.4618333333333333179382407E+01,    0.4685142472761640031198027E-01,    0.4478480342145946258014533E-01,    0.2066621306156937731834944E-02,      4.61%
   -0.4616666666666666252183404E+01,    0.4689876133272979918942269E-01,    0.4481569545245180086201486E-01,    0.2083065880277998327407829E-02,      4.65%
   -0.4615000000000000213162821E+01,    0.4694596305594665730520632E-01,    0.4484661895733852571277467E-01,    0.2099344098608131592431647E-02,      4.68%
   -0.4613333333333333285963818E+01,    0.4699302693724834861788153E-01,    0.4487757397818750715323688E-01,    0.2115452959060841464644653E-02,      4.71%
   -0.4611666666666666358764815E+01,    0.4703995001661620545263531E-01,    0.4490856055713560862630018E-01,    0.2131389459480596826335130E-02,      4.75%
   -0.4610000000000000319744231E+01,    0.4708672933403151156239730E-01,    0.4493957873638892291934255E-01,    0.2147150597642588643054751E-02,      4.78%
   -0.4608333333333333392545228E+01,    0.4713336192947566866129350E-01,    0.4497062855822291094209930E-01,    0.2162733371252757719194193E-02,      4.81%
   -0.4606666666666666465346225E+01,    0.4717984484292999519672307E-01,    0.4500171006498247805449608E-01,    0.2178134777947517142226985E-02,      4.84%
   -0.4605000000000000426325641E+01,    0.4722617511437578186050956E-01,    0.4503282329908211284452690E-01,    0.2193351815293669015982658E-02,      4.87%
   -0.4603333333333333499126638E+01,    0.4727234978379440955009727E-01,    0.4506396830300611611175299E-01,    0.2208381480788293438344283E-02,      4.90%
   -0.4601666666666666571927635E+01,    0.4731836589116721752956707E-01,    0.4509514511930860086730277E-01,    0.2223220771858616662264296E-02,      4.93%
   -0.4599999999999999644728632E+01,    0.4736422047647549649074250E-01,    0.4512635379061372825626464E-01,    0.2237866685861768234477864E-02,      4.96%
   -0.4598333333333333605708049E+01,    0.4740991057970059957549225E-01,    0.4515759435961576306883813E-01,    0.2252316220084836506654113E-02,      4.99%
   -0.4596666666666666678509046E+01,    0.4745543324082387992568499E-01,    0.4518886686907931660162063E-01,    0.2266566371744563324064359E-02,      5.02%
   -0.4594999999999999751310042E+01,    0.4750078549982666292761380E-01,    0.4522017136183938135207683E-01,    0.2280614137987281575536969E-02,      5.04%
   -0.4593333333333333712289459E+01,    0.4754596439669026008978392E-01,    0.4525150788080149061309854E-01,    0.2294456515888769476685383E-02,      5.07%
   -0.4591666666666666785090456E+01,    0.4759096697139604537074575E-01,    0.4528287646894191970092791E-01,    0.2308090502454125669817842E-02,      5.10%
   -0.4589999999999999857891453E+01,    0.4763579026392533721789846E-01,    0.4531427716930774146630867E-01,    0.2321513094617595751589789E-02,      5.12%
   -0.4588333333333332930692450E+01,    0.4768043131425946101753510E-01,    0.4534571002501698588904588E-01,    0.2334721289242475128489218E-02,      5.15%
   -0.4586666666666666891671866E+01,    0.4772488716237974215594875E-01,    0.4537717507925879967256577E-01,    0.2347712083120942483382976E-02,      5.17%
   -0.4584999999999999964472863E+01,    0.4776915484826753377500808E-01,    0.4540867237529359889958158E-01,    0.2360482472973934875426494E-02,      5.20%
   -0.4583333333333333037273860E+01,    0.4781323141190418207768786E-01,    0.4544020195645314535992654E-01,    0.2373029455451036717761326E-02,      5.22%
   -0.4581666666666666998253277E+01,    0.4785711389327098469470556E-01,    0.4547176386614072002290143E-01,    0.2385350027130264671804127E-02,      5.25%
   -0.4580000000000000071054274E+01,    0.4790079933234931558461156E-01,    0.4550335814783130344851614E-01,    0.2397441184518012136095422E-02,      5.27%
   -0.4578333333333333143855270E+01,    0.4794428476912049319480502E-01,    0.4553498484507164517642863E-01,    0.2409299924048848018376390E-02,      5.29%
   -0.4576666666666666216656267E+01,    0.4798756724356584291157901E-01,    0.4556664400148041638161089E-01,    0.2420923242085426529968117E-02,      5.31%
   -0.4575000000000000177635684E+01,    0.4803064379566669012122659E-01,    0.4559833566074837640780260E-01,    0.2432308134918313713423998E-02,      5.33%
   -0.4573333333333333250436681E+01,    0.4807351146540441572119207E-01,    0.4563005986663854623985870E-01,    0.2443451598765869481333368E-02,      5.35%
   -0.4571666666666666323237678E+01,    0.4811616729276031040329897E-01,    0.4566181666298624319821897E-01,    0.2454350629774067205080001E-02,      5.38%
   -0.4570000000000000284217094E+01,    0.4815860831771571343162819E-01,    0.4569360609369930298351292E-01,    0.2465002224016410448115266E-02,      5.39%
   -0.4568333333333333357018091E+01,    0.4820083158025198488694230E-01,    0.4572542820275823233222567E-01,    0.2475403377493752554716622E-02,      5.41%
   -0.4566666666666666429819088E+01,    0.4824283412035044321664046E-01,    0.4575728303421628534453092E-01,    0.2485551086134157872109540E-02,      5.43%
   -0.4565000000000000390798505E+01,    0.4828461297799240686812183E-01,    0.4578917063219962307885069E-01,    0.2495442345792783789271141E-02,      5.45%
   -0.4563333333333333463599502E+01,    0.4832616519315923592214901E-01,    0.4582109104090754253535422E-01,    0.2505074152251693386794784E-02,      5.47%
   -0.4561666666666666536400498E+01,    0.4836748780583226270390895E-01,    0.4585304430461246971706402E-01,    0.2514443501219792986844936E-02,      5.48%
   -0.4559999999999999609201495E+01,    0.4840857785599281259969473E-01,    0.4588503046766023718561200E-01,    0.2523547388332575414082726E-02,      5.50%
   -0.4558333333333333570180912E+01,    0.4844943238362220405690550E-01,    0.4591704957447011181681518E-01,    0.2532382809152092240090326E-02,      5.52%
   -0.4556666666666666642981909E+01,    0.4849004842870181103409166E-01,    0.4594910166953507929532563E-01,    0.2540946759166731738766032E-02,      5.53%
   -0.4554999999999999715782906E+01,    0.4853042303121293810086456E-01,    0.4598118679742183717573667E-01,    0.2549236233791100925127893E-02,      5.54%
   -0.4553333333333333676762322E+01,    0.4857055323113691758241117E-01,    0.4601330500277100998829383E-01,    0.2557248228365907594117346E-02,      5.56%
   -0.4551666666666666749563319E+01,    0.4861043606845511649838798E-01,    0.4604545633029735740571198E-01,    0.2564979738157759092676002E-02,      5.57%
   -0.4549999999999999822364316E+01,    0.4865006858314883941840634E-01,    0.4607764082478977424317534E-01,    0.2572427758359065175230995E-02,      5.58%
   -0.4548333333333333783343733E+01,    0.4868944781519941866765322E-01,    0.4610985853111152638073023E-01,    0.2579589284087892286922994E-02,      5.59%
   -0.4546666666666666856144730E+01,    0.4872857080458821432689120E-01,    0.4614210949420044505231431E-01,    0.2586461310387769274576897E-02,      5.61%
   -0.4544999999999999928945726E+01,    0.4876743459129655872130726E-01,    0.4617439375906894072354447E-01,    0.2593040832227617997762792E-02,      5.62%
   -0.4543333333333333001746723E+01,    0.4880603621530575642051275E-01,    0.4620671137080424595300343E-01,    0.2599324844501510467509320E-02,      5.63%
   -0.4541666666666666962726140E+01,    0.4884437271659715362748244E-01,    0.4623906237456850559786048E-01,    0.2605310342028648029621962E-02,      5.63%
   -0.4540000000000000035527137E+01,    0.4888244113515209654519111E-01,    0.4627144681559903355294594E-01,    0.2610994319553062992245174E-02,      5.64%
   -0.4538333333333333108328134E+01,    0.4892023851095193137661354E-01,    0.4630386473920827805628164E-01,    0.2616373771743653320331902E-02,      5.65%
   -0.4536666666666667069307550E+01,    0.4895776188397794881357328E-01,    0.4633631619078411312262489E-01,    0.2621445693193835690948390E-02,      5.66%
   -0.4535000000000000142108547E+01,    0.4899500829421152281462071E-01,    0.4636880121578996344355872E-01,    0.2626207078421559371061988E-02,      5.66%
   -0.4533333333333333214909544E+01,    0.4903197478163397876604890E-01,    0.4640131985976490847090048E-01,    0.2630654921869070295148418E-02,      5.67%
   -0.4531666666666666287710541E+01,    0.4906865838622664899304482E-01,    0.4643387216832382813347380E-01,    0.2634786217902820859571023E-02,      5.67%
   -0.4530000000000000248689958E+01,    0.4910505614797085194300763E-01,    0.4646645818715759712613789E-01,    0.2638597960813254816869744E-02,      5.68%
   -0.4528333333333333321490954E+01,    0.4914116510684795463559382E-01,    0.4649907796203324450434735E-01,    0.2642087144814710131246471E-02,      5.68%
   -0.4526666666666666394291951E+01,    0.4917698230283927551820256E-01,    0.4653173153879403001198511E-01,    0.2645250764045245506217441E-02,      5.68%
   -0.4525000000000000355271368E+01,    0.4921250477592612609933909E-01,    0.4656441896335961061481612E-01,    0.2648085812566515484522967E-02,      5.69%
   -0.4523333333333333428072365E+01,    0.4924772956608988727644771E-01,    0.4659714028172631111734958E-01,    0.2650589284363576159098130E-02,      5.69%
   -0.4521666666666666500873362E+01,    0.4928265371331186361913979E-01,    0.4662989553996707559058166E-01,    0.2652758173344788028558128E-02,      5.69%
   -0.4519999999999999573674359E+01,    0.4931727425757338745260228E-01,    0.4666268478423175880553941E-01,    0.2654589473341628647062862E-02,      5.69%
   -0.4518333333333333534653775E+01,    0.4935158823885579804091606E-01,    0.4669550806074721643890157E-01,    0.2656080178108581602014482E-02,      5.69%
   -0.4516666666666666607454772E+01,    0.4938559269714044158705590E-01,    0.4672836541581755487317906E-01,    0.2657227281322886713876841E-02,      5.69%
   -0.4514999999999999680255769E+01,    0.4941928467240864347731488E-01,    0.4676125689582410344113939E-01,    0.2658027776584540036175497E-02,      5.68%
   -0.4513333333333333641235185E+01,    0.4945266120464172215909215E-01,    0.4679418254722572667603231E-01,    0.2658478657415995483059845E-02,      5.68%
   -0.4511666666666666714036182E+01,    0.4948571933382105852983202E-01,    0.4682714241655890757831671E-01,    0.2658576917262150951515309E-02,      5.68%
   -0.4509999999999999786837179E+01,    0.4951845609992794328135801E-01,    0.4686013655043790721022035E-01,    0.2658319549490036071137666E-02,      5.67%
   -0.4508333333333333747816596E+01,    0.4955086854294371567775102E-01,    0.4689316499555491041251187E-01,    0.2657703547388805265239142E-02,      5.67%
   -0.4506666666666666820617593E+01,    0.4958295370284974273866752E-01,    0.4692622779868022009353012E-01,    0.2656725904169522645137391E-02,      5.66%
   -0.4504999999999999893418590E+01,    0.4961470861962732209482496E-01,    0.4695932500666235437369878E-01,    0.2655383612964967721126186E-02,      5.65%
   -0.4503333333333332966219587E+01,    0.4964613033325779994919813E-01,    0.4699245666642823393566175E-01,    0.2653673666829566013536379E-02,      5.65%
   -0.4501666666666666927199003E+01,    0.4967721588372250862697399E-01,    0.4702562282498329304658569E-01,    0.2651593058739215580388304E-02,      5.64%
   -0.4500000000000000000000000E+01,    0.4970796231100280127002122E-01,    0.4705882352941176405280999E-01,    0.2649138781591037217211237E-02,      5.63%
   -0.4498333333333333072800997E+01,    0.4973836665508000326463289E-01,    0.4709205882687664268537731E-01,    0.2646307828203360579255587E-02,      5.62%
   -0.4496666666666667033780413E+01,    0.4976842595593542611931426E-01,    0.4712532876461997255468361E-01,    0.2643097191315453564630644E-02,      5.61%
   -0.4495000000000000106581410E+01,    0.4979813725355044379261571E-01,    0.4715863338996298392835627E-01,    0.2639503863587459864259444E-02,      5.60%
   -0.4493333333333333179382407E+01,    0.4982749758790635391525470E-01,    0.4719197275030622557023818E-01,    0.2635524837600128345016515E-02,      5.58%
   -0.4491666666666667140361824E+01,    0.4985650399898450269020600E-01,    0.4722534689312968270158422E-01,    0.2631157105854819988621784E-02,      5.57%
   -0.4490000000000000213162821E+01,    0.4988515352676622938155049E-01,    0.4725875586599306149571120E-01,    0.2626397660773167885839285E-02,      5.56%
   -0.4488333333333333285963818E+01,    0.4991344321123289407005075E-01,    0.4729219971653580989467969E-01,    0.2621243494697084175371060E-02,      5.54%
   -0.4486666666666666358764815E+01,    0.4994137009236578744753032E-01,    0.4732567849247732577611103E-01,    0.2615691599888461671419293E-02,      5.53%
   -0.4485000000000000319744231E+01,    0.4996893121014625571696399E-01,    0.4735919224161712348664111E-01,    0.2609738968529132230322887E-02,      5.51%
   -0.4483333333333333392545228E+01,    0.4999612360455564508132653E-01,    0.4739274101183502119205571E-01,    0.2603382592720623889270826E-02,      5.49%
   -0.4481666666666666465346225E+01,    0.5002294431557528786580491E-01,    0.4742632485109123108291129E-01,    0.2596619464484056782893617E-02,      5.48%
   -0.4480000000000000426325641E+01,    0.5004939038318650945669219E-01,    0.4745994380742652590798869E-01,    0.2589446575759983548703502E-02,      5.46%
   -0.4478333333333333499126638E+01,    0.5007545884737066299585706E-01,    0.4749359792896250959115534E-01,    0.2581860918408153404701721E-02,      5.44%
   -0.4476666666666666571927635E+01,    0.5010114674810908774738039E-01,    0.4752728726390160335357749E-01,    0.2573859484207484393802901E-02,      5.42%
   -0.4474999999999999644728632E+01,    0.5012645112538308134197962E-01,    0.4756101186052733714726415E-01,    0.2565439264855744194715470E-02,      5.39%
   -0.4473333333333333605708049E+01,    0.5015136901917398304373563E-01,    0.4759477176720444679958177E-01,    0.2556597251969536244153858E-02,      5.37%
   -0.4471666666666666678509046E+01,    0.5017589746946315293341101E-01,    0.4762856703237908911896525E-01,    0.2547330437084063814445756E-02,      5.35%
   -0.4469999999999999751310042E+01,    0.5020003351623193027508663E-01,    0.4766239770457893210053868E-01,    0.2537635811652998174547946E-02,      5.32%
   -0.4468333333333333712289459E+01,    0.5022377419946159882169212E-01,    0.4769626383241334227625075E-01,    0.2527510367048256545441376E-02,      5.30%
   -0.4466666666666666785090456E+01,    0.5024711655913356722624741E-01,    0.4773016546457361369837358E-01,    0.2516951094559953527873830E-02,      5.27%
   -0.4464999999999999857891453E+01,    0.5027005763522911924168213E-01,    0.4776410264983300263397226E-01,    0.2505954985396116607709871E-02,      5.25%
   -0.4463333333333332930692450E+01,    0.5029259446772961494875887E-01,    0.4779807543704702593734268E-01,    0.2494519030682589011416184E-02,      5.22%
   -0.4461666666666666891671866E+01,    0.5031472409661634503930117E-01,    0.4783208387515347492779938E-01,    0.2482640221462870111501786E-02,      5.19%
   -0.4459999999999999964472863E+01,    0.5033644356187070428854113E-01,    0.4786612801317275539547680E-01,    0.2470315548697948893064336E-02,      5.16%
   -0.4458333333333333037273860E+01,    0.5035774990347399726609012E-01,    0.4790020790020790841801102E-01,    0.2457542003266088848079107E-02,      5.13%
   -0.4456666666666666998253277E+01,    0.5037864016140754241934729E-01,    0.4793432358544479077178124E-01,    0.2444316575962751647566051E-02,      5.10%
   -0.4455000000000000071054274E+01,    0.5039911137565269982907523E-01,    0.4796847511815234554877208E-01,    0.2430636257500354280303156E-02,      5.07%
   -0.4453333333333333143855270E+01,    0.5041916058619079488156700E-01,    0.4800266254768265072883082E-01,    0.2416498038508144152736179E-02,      5.03%
   -0.4451666666666666216656267E+01,    0.5043878483300315990200957E-01,    0.4803688592347111346869681E-01,    0.2401898909532046433312757E-02,      5.00%
   -0.4450000000000000177635684E+01,    0.5045798115607113415448381E-01,    0.4807114529503665051324290E-01,    0.2386835861034483641240911E-02,      4.97%
   -0.4448333333333333250436681E+01,    0.5047674659537604996417670E-01,    0.4810544071198190330118649E-01,    0.2371305883394146662990210E-02,      4.93%
   -0.4446666666666666323237678E+01,    0.5049507819089926047295691E-01,    0.4813977222399330041513466E-01,    0.2355305966905960057822256E-02,      4.89%
   -0.4445000000000000284217094E+01,    0.5051297298262204943375409E-01,    0.4817413988084125880950737E-01,    0.2338833101780790624246720E-02,      4.85%
   -0.4443333333333333357018091E+01,    0.5053042801052581162180033E-01,    0.4820854373238044748850584E-01,    0.2321884278145364133294493E-02,      4.82%
   -0.4441666666666666429819088E+01,    0.5054744031459185160670700E-01,    0.4824298382854979444500643E-01,    0.2304456486042057161700569E-02,      4.78%
   -0.4439999999999999502620085E+01,    0.5056400693480150171366105E-01,    0.4827746021937279197189241E-01,    0.2286546715428709741768643E-02,      4.74%
   -0.4438333333333333463599502E+01,    0.5058012491113609426784947E-01,    0.4831197295495753829541741E-01,    0.2268151956178555972432065E-02,      4.69%
   -0.4436666666666666536400498E+01,    0.5059579128357698241114093E-01,    0.4834652208549706370321886E-01,    0.2249269198079918707922076E-02,      4.65%
   -0.4435000000000000497379915E+01,    0.5061100309210548459093459E-01,    0.4838110766126933748321193E-01,    0.2229895430836147107722667E-02,      4.61%
   -0.4433333333333333570180912E+01,    0.5062575737670294007131133E-01,    0.4841572973263757323492129E-01,    0.2210027644065366836390041E-02,      4.56%
   -0.4431666666666666642981909E+01,    0.5064005117735068811635202E-01,    0.4845038835005029131952625E-01,    0.2189662827300396796825765E-02,      4.52%
   -0.4429999999999999715782906E+01,    0.5065388153403004717345581E-01,    0.4848508356404152702667787E-01,    0.2168797969988520146777944E-02,      4.47%
   -0.4428333333333333676762322E+01,    0.5066724548672237732338530E-01,    0.4851981542523102486352826E-01,    0.2147430061491352459857040E-02,      4.43%
   -0.4426666666666666749563319E+01,    0.5068014007540900395243355E-01,    0.4855458398432442590486602E-01,    0.2125556091084578047567533E-02,      4.38%
   -0.4424999999999999822364316E+01,    0.5069256234007125244689362E-01,    0.4858938929211333718205523E-01,    0.2103173047957915264838391E-02,      4.33%
   -0.4423333333333333783343733E+01,    0.5070450932069045513195249E-01,    0.4862423139947560229989776E-01,    0.2080277921214852832054731E-02,      4.28%
   -0.4421666666666666856144730E+01,    0.5071597805724794433279712E-01,    0.4865911035737548184787471E-01,    0.2056867699872462484922409E-02,      4.23%
   -0.4419999999999999928945726E+01,    0.5072696558972508013019009E-01,    0.4869402621686371585019160E-01,    0.2032939372861364279998497E-02,      4.17%
   -0.4418333333333333001746723E+01,    0.5073746895810318097153058E-01,    0.4872897902907780826042838E-01,    0.2008489929025372711102193E-02,      4.12%
   -0.4416666666666666962726140E+01,    0.5074748520236358612089944E-01,    0.4876396884524212410605415E-01,    0.1983516357121462014845292E-02,      4.07%
   -0.4415000000000000035527137E+01,    0.5075701136248760708680194E-01,    0.4879899571666814622750152E-01,    0.1958015645819460859300420E-02,      4.01%
   -0.4413333333333333108328134E+01,    0.5076604447845660395000067E-01,    0.4883405969475457242268135E-01,    0.1931984783702031527319321E-02,      3.96%
   -0.4411666666666667069307550E+01,    0.5077458159025190903568259E-01,    0.4886916083098748891933027E-01,    0.1905420759264420116352312E-02,      3.90%
   -0.4410000000000000142108547E+01,    0.5078261973785484079124686E-01,    0.4890429917694064099187301E-01,    0.1878320560914199799373847E-02,      3.84%
   -0.4408333333333333214909544E+01,    0.5079015596124675235856216E-01,    0.4893947478427548153367965E-01,    0.1850681176971270824882509E-02,      3.78%
   -0.4406666666666666287710541E+01,    0.5079718730040896912392157E-01,    0.4897468770474140697945842E-01,    0.1822499595667562144463147E-02,      3.72%
   -0.4405000000000000248689958E+01,    0.5080371079532282341251204E-01,    0.4900993799017595853317886E-01,    0.1793772805146864879333179E-02,      3.66%
   -0.4403333333333333321490954E+01,    0.5080972348596966142730835E-01,    0.4904522569250496788484384E-01,    0.1764497793464693542464516E-02,      3.60%
   -0.4401666666666666394291951E+01,    0.5081522241233082243239139E-01,    0.4908055086374271680504933E-01,    0.1734671548588105627342060E-02,      3.53%
   -0.4400000000000000355271368E+01,    0.5082020461438760405847859E-01,    0.4911591355599213143401371E-01,    0.1704291058395472624464873E-02,      3.47%
   -0.4398333333333333428072365E+01,    0.5082466713212138026412035E-01,    0.4915131382144501126507663E-01,    0.1673353310676368999043717E-02,      3.40%
   -0.4396666666666666500873362E+01,    0.5082860700551345561892802E-01,    0.4918675171238211241142579E-01,    0.1641855293131343207502226E-02,      3.34%
   -0.4394999999999999573674359E+01,    0.5083202127454519020366419E-01,    0.4922222728117336965070194E-01,    0.1609793993371820552962248E-02,      3.27%
   -0.4393333333333333534653775E+01,    0.5083490697919791634351583E-01,    0.4925774058027806989734643E-01,    0.1577166398919846446169402E-02,      3.20%
   -0.4391666666666666607454772E+01,    0.5083726115945296636366990E-01,    0.4929329166224510200278175E-01,    0.1543969497207864360888152E-02,      3.13%
   -0.4389999999999999680255769E+01,    0.5083908085529164483373776E-01,    0.4932888057971301226656280E-01,    0.1510200275578632567174964E-02,      3.06%
   -0.4388333333333333641235185E+01,    0.5084036310669532571226981E-01,    0.4936450738541023341987568E-01,    0.1475855721285092292394125E-02,      2.99%
   -0.4386666666666666714036182E+01,    0.5084110495364532744666519E-01,    0.4940017213215534136461216E-01,    0.1440932821489986082053036E-02,      2.92%
   -0.4384999999999999786837179E+01,    0.5084130343612298236211089E-01,    0.4943587487285711068452088E-01,    0.1405428563265871677590013E-02,      2.84%
   -0.4383333333333332859638176E+01,    0.5084095559410962972268777E-01,    0.4947161566051479220096354E-01,    0.1369339933594837521724230E-02,      2.77%
   -0.4381666666666666820617593E+01,    0.5084005846758660185358281E-01,    0.4950739454821821011742955E-01,    0.1332663919368391736153256E-02,      2.69%
   -0.4379999999999999893418590E+01,    0.5083860909653523107998296E-01,    0.4954321158914805345307997E-01,    0.1295397507387177626902997E-02,      2.61%
   -0.4378333333333332966219587E+01,    0.5083660452093687054375692E-01,    0.4957906683657597318726218E-01,    0.1257537684360897356494746E-02,      2.54%
   -0.4376666666666666927199003E+01,    0.5083404178077283175340995E-01,    0.4961496034386474185406968E-01,    0.1219081436908089899340268E-02,      2.46%
   -0.4375000000000000000000000E+01,    0.5083091791602444009523509E-01,    0.4965089216446857967035555E-01,    0.1180025751555860424879540E-02,      2.38%
   -0.4373333333333333072800997E+01,    0.5082722996667306258888885E-01,    0.4968686235193315453573248E-01,    0.1140367614739908053156370E-02,      2.30%
   -0.4371666666666667033780413E+01,    0.5082297497270002462066429E-01,    0.4972287095989586652722281E-01,    0.1100104012804158093441487E-02,      2.21%
   -0.4370000000000000106581410E+01,    0.5081814997408663769906667E-01,    0.4975891804208609076054515E-01,    0.1059231932000546938521524E-02,      2.13%
   -0.4368333333333333179382407E+01,    0.5081275201081425496596466E-01,    0.4979500365232519820679613E-01,    0.1017748358489056759168534E-02,      2.04%
   -0.4366666666666667140361824E+01,    0.5080677812286422262433305E-01,    0.4983112784452687488156997E-01,    0.9756502783373477427630860E-03,      1.96%
   -0.4365000000000000213162821E+01,    0.5080022535021785218267709E-01,    0.4986729067269728143951824E-01,    0.9329346775205707431588564E-03,      1.87%
   -0.4363333333333333285963818E+01,    0.5079309073285649678286546E-01,    0.4990349219093519889112187E-01,    0.8895985419212978917435919E-03,      1.78%
   -0.4361666666666666358764815E+01,    0.5078537131076147487229733E-01,    0.4993973245343224370840218E-01,    0.8456388573292311638951446E-03,      1.69%
   -0.4360000000000000319744231E+01,    0.5077706412391412571505356E-01,    0.4997601151447304823616236E-01,    0.8010526094410774788912022E-03,      1.60%
   -0.4358333333333333392545228E+01,    0.5076816621229579551410893E-01,    0.5001232942843547579769847E-01,    0.7558367838603197164104586E-03,      1.51%
   -0.4356666666666666465346225E+01,    0.5075867461588780271686261E-01,    0.5004868624979076641157150E-01,    0.7099883660970363052911125E-03,      1.42%
   -0.4355000000000000426325641E+01,    0.5074858637467149352628937E-01,    0.5008508203310372414174267E-01,    0.6635043415677693845466933E-03,      1.32%
   -0.4353333333333333499126638E+01,    0.5073789852862818638978837E-01,    0.5012151683303296689775408E-01,    0.6163816955952194920342890E-03,      1.23%
   -0.4351666666666666571927635E+01,    0.5072660811773924138812220E-01,    0.5015799070433104439592498E-01,    0.5686174134081969921972188E-03,      1.13%
   -0.4349999999999999644728632E+01,    0.5071471218198597002979611E-01,    0.5019450370184466020395675E-01,    0.5202084801413098258393575E-03,      1.04%
   -0.4348333333333333605708049E+01,    0.5070220776134972545667878E-01,    0.5023105588051481745770488E-01,    0.4711518808349079989739039E-03,      0.94%
   -0.4346666666666666678509046E+01,    0.5068909189581183305506329E-01,    0.5026764729537716580587414E-01,    0.4214446004346672491891468E-03,      0.84%
   -0.4344999999999999751310042E+01,    0.5067536162535361127234879E-01,    0.5030427800156195283776128E-01,    0.3710836237916584345875037E-03,      0.74%
   -0.4343333333333333712289459E+01,    0.5066101398995642712819176E-01,    0.5034094805429438490573801E-01,    0.3200659356620422224537492E-03,      0.64%
   -0.4341666666666666785090456E+01,    0.5064604602960159906999138E-01,    0.5037765750889480059759862E-01,    0.2683885207067984723927623E-03,      0.53%
   -0.4339999999999999857891453E+01,    0.5063045478427044554514680E-01,    0.5041440642077880257554412E-01,    0.2160483634916429696026796E-03,      0.43%
   -0.4338333333333332930692450E+01,    0.5061423729394432663442061E-01,    0.5045119484545748655968112E-01,    0.1630424484868400747394901E-03,      0.32%
   -0.4336666666666666891671866E+01,    0.5059739059860457466299977E-01,    0.5048802283853761480036937E-01,    0.1093677600669598626303980E-03,      0.22%
   -0.4334999999999999964472863E+01,    0.5057991173823251501717735E-01,    0.5052489045572188669508407E-01,    0.5502128251062832209328235E-04,      0.11%
   -0.4333333333333333037273860E+01,    0.5056179775280947308324642E-01,    0.5056179775280899429956705E-01,    0.4787836793695987580576912E-15,      0.00%
   -0.4331666666666666998253277E+01,    0.5054362286093341122272804E-01,    0.5059874478569392070026467E-01,   -0.5512192476050947753662967E-04,     -0.11%
   -0.4330000000000000071054274E+01,    0.5052596230337098176521593E-01,    0.5063573161036817593672055E-01,   -0.1097693069971941715046171E-03,     -0.22%
   -0.4328333333333333143855270E+01,    0.5050881465334872144623546E-01,    0.5067275828291981087936335E-01,   -0.1639436295710894331278951E-03,     -0.32%
   -0.4326666666666666216656267E+01,    0.5049217848409466580239524E-01,    0.5070982485953379886867154E-01,   -0.2176463754391330662762982E-03,     -0.43%
   -0.4325000000000000177635684E+01,    0.5047605236883678792025876E-01,    0.5074693139649211204300627E-01,   -0.2708790276553241227475155E-03,     -0.53%
   -0.4323333333333333250436681E+01,    0.5046043488080308170307120E-01,    0.5078407795017405440551883E-01,   -0.3236430693709727024476308E-03,     -0.64%
   -0.4321666666666666323237678E+01,    0.5044532459322154105407776E-01,    0.5082126457705626876304450E-01,   -0.3759399838347277089667386E-03,     -0.74%
   -0.4320000000000000284217094E+01,    0.5043072007932016681541754E-01,    0.5085849133371306979300996E-01,   -0.4277712543929029775924278E-03,     -0.84%
   -0.4318333333333333357018091E+01,    0.5041661991232693901254791E-01,    0.5089575827681665914914433E-01,   -0.4791383644897201365964179E-03,     -0.94%
   -0.4316666666666666429819088E+01,    0.5040302266546985154871408E-01,    0.5093306546313720178931206E-01,   -0.5300427976673502405979832E-03,     -1.04%
   -0.4314999999999999502620085E+01,    0.5038992691197689832716122E-01,    0.5097041294954312434795085E-01,   -0.5804860375662260207896281E-03,     -1.14%
   -0.4313333333333333463599502E+01,    0.5037733122507609406781626E-01,    0.5100780079300127473063142E-01,   -0.6304695679251806628151655E-03,     -1.24%
   -0.4311666666666666536400498E+01,    0.5036523417799539797945485E-01,    0.5104522905057717191423805E-01,   -0.6799948725817739347832003E-03,     -1.33%
   -0.4310000000000000497379915E+01,    0.5035363434396281784311000E-01,    0.5108269777943511696927104E-01,   -0.7290634354722991261610332E-03,     -1.43%
   -0.4308333333333333570180912E+01,    0.5034253029620635450092081E-01,    0.5112020703683849143228457E-01,   -0.7776767406321369313637604E-03,     -1.52%
   -0.4306666666666666642981909E+01,    0.5033192060795399491723856E-01,    0.5115775688014987526708310E-01,   -0.8258362721958803498445434E-03,     -1.61%
   -0.4304999999999999715782906E+01,    0.5032180385243371217862673E-01,    0.5119534736683130360379579E-01,   -0.8735435143975914251690540E-03,     -1.71%
   -0.4303333333333333676762322E+01,    0.5031217860287352794390614E-01,    0.5123297855444441939454236E-01,   -0.9207999515708914506362248E-03,     -1.80%
   -0.4301666666666666749563319E+01,    0.5030304343250142223853416E-01,    0.5127065050065077872476493E-01,   -0.9676070681493564862307721E-03,     -1.89%
   -0.4299999999999999822364316E+01,    0.5029439691454538896575599E-01,    0.5130836326321190632437919E-01,   -0.1013966348666517358623196E-02,     -1.98%
   -0.4298333333333333783343733E+01,    0.5028623762223342202881682E-01,    0.5134611689998958700131837E-01,   -0.1059879277756164972501551E-02,     -2.06%
   -0.4296666666666666856144730E+01,    0.5027856412879350839206793E-01,    0.5138391146894612931950164E-01,   -0.1105347340152620927433702E-02,     -2.15%
   -0.4294999999999999928945726E+01,    0.5027137500745364195875453E-01,    0.5142174702814440723219747E-01,   -0.1150372020690765273442935E-02,     -2.24%
   -0.4293333333333333001746723E+01,    0.5026466883144183050990961E-01,    0.5145962363574820702671886E-01,   -0.1194954804306376516809252E-02,     -2.32%
   -0.4291666666666666962726140E+01,    0.5025844417398604019320274E-01,    0.5149754135002235222451361E-01,   -0.1239097176036312031310871E-02,     -2.41%
   -0.4290000000000000035527137E+01,    0.5025269960831428572856083E-01,    0.5153550022933297419802656E-01,   -0.1282800621018688469465729E-02,     -2.49%
   -0.4288333333333333108328134E+01,    0.5024743370765456101922908E-01,    0.5157350033214767870415329E-01,   -0.1326066624493117684924215E-02,     -2.57%
   -0.4286666666666667069307550E+01,    0.5024264504523485302955876E-01,    0.5161154171703569160101210E-01,   -0.1368896671800838571453340E-02,     -2.65%
   -0.4285000000000000142108547E+01,    0.5023833219428314872390118E-01,    0.5164962444266826824268435E-01,   -0.1411292248385119518783171E-02,     -2.73%
   -0.4283333333333333214909544E+01,    0.5023449372802744894439542E-01,    0.5168774856781863796806320E-01,   -0.1453254839791189023667783E-02,     -2.81%
   -0.4281666666666666287710541E+01,    0.5023112821969572677760496E-01,    0.5172591415136239267891227E-01,   -0.1494785931666665901307312E-02,     -2.89%
   -0.4280000000000000248689958E+01,    0.5022823424251600388235062E-01,    0.5176412125227761867884979E-01,   -0.1535887009761614796499174E-02,     -2.97%
   -0.4278333333333333321490954E+01,    0.5022581036971626028408977E-01,    0.5180236992964518810689256E-01,   -0.1576559559928927822802791E-02,     -3.04%
   -0.4276666666666666394291951E+01,    0.5022385517452446906938590E-01,    0.5184066024264885608197062E-01,   -0.1616805068124387012584720E-02,     -3.12%
   -0.4275000000000000355271368E+01,    0.5022236723016865883595372E-01,    0.5187899225057553131978949E-01,   -0.1656625020406872483835770E-02,     -3.19%
   -0.4273333333333333428072365E+01,    0.5022134510987680960925061E-01,    0.5191736601281551205522291E-01,   -0.1696020902938702445972297E-02,     -3.27%
   -0.4271666666666666500873362E+01,    0.5022078738687688753694616E-01,    0.5195578158886264563687263E-01,   -0.1734994201985758099926471E-02,     -3.34%
   -0.4269999999999999573674359E+01,    0.5022069263439694203343677E-01,    0.5199423903831456444946113E-01,   -0.1773546403917622416024358E-02,     -3.41%
   -0.4268333333333333534653775E+01,    0.5022105942566490455192252E-01,    0.5203273842087286632507315E-01,   -0.1811678995207961773150629E-02,     -3.48%
   -0.4266666666666666607454772E+01,    0.5022188633390881062901201E-01,    0.5207127979634344067116913E-01,   -0.1849393462434630042157124E-02,     -3.55%
   -0.4264999999999999680255769E+01,    0.5022317193235663335126873E-01,    0.5210986322463650316505479E-01,   -0.1886691292279869813786064E-02,     -3.62%
   -0.4263333333333333641235185E+01,    0.5022491479423635968304396E-01,    0.5214848876576694963747016E-01,   -0.1923573971530589954426205E-02,     -3.69%
   -0.4261666666666666714036182E+01,    0.5022711349277601128315851E-01,    0.5218715647985452260604333E-01,   -0.1960042987078511322884822E-02,     -3.76%
   -0.4259999999999999786837179E+01,    0.5022976660120355429928196E-01,    0.5222586642712403331989535E-01,   -0.1996099825920479020613385E-02,     -3.82%
   -0.4258333333333332859638176E+01,    0.5023287269274699651244731E-01,    0.5226461866790554217088172E-01,   -0.2031745975158545658434406E-02,     -3.89%
   -0.4256666666666666820617593E+01,    0.5023643034063430407032413E-01,    0.5230341326263460849377296E-01,   -0.2066982922000304423448824E-02,     -3.95%
   -0.4254999999999999893418590E+01,    0.5024043811809349863173324E-01,    0.5234225027185256812201075E-01,   -0.2101812153759069490277511E-02,     -4.02%
   -0.4253333333333332966219587E+01,    0.5024489459835256716102592E-01,    0.5238112975620658889885917E-01,   -0.2136235157854021737833250E-02,     -4.08%
   -0.4251666666666666927199003E+01,    0.5024979835463950356144736E-01,    0.5242005177645001762209986E-01,   -0.2170253421810514060652508E-02,     -4.14%
   -0.4250000000000000000000000E+01,    0.5025514796018228091956104E-01,    0.5245901639344262290531873E-01,   -0.2203868433260341985757691E-02,     -4.20%
   -0.4248333333333333072800997E+01,    0.5026094198820892089418777E-01,    0.5249802366815066456684491E-01,   -0.2237081679941743672657140E-02,     -4.26%
   -0.4246666666666667033780413E+01,    0.5026717901194739657189103E-01,    0.5253707366164722669665821E-01,   -0.2269894649699830124767175E-02,     -4.32%
   -0.4245000000000000106581410E+01,    0.5027385760462571573370383E-01,    0.5257616643511246745656962E-01,   -0.2302308830486751722865790E-02,     -4.38%
   -0.4243333333333333179382407E+01,    0.5028097633947184452729573E-01,    0.5261530204983370928584208E-01,   -0.2334325710361864758546346E-02,     -4.44%
   -0.4241666666666667140361824E+01,    0.5028853378971380461148755E-01,    0.5265448056720575115141614E-01,   -0.2365946777491946539928591E-02,     -4.49%
   -0.4240000000000000213162821E+01,    0.5029652852857958295063057E-01,    0.5269370204873113222587833E-01,   -0.2397173520151549275247760E-02,     -4.55%
   -0.4238333333333333285963818E+01,    0.5030495912929715957018217E-01,    0.5273296655602020127640017E-01,   -0.2428007426723041706217998E-02,     -4.60%
   -0.4236666666666666358764815E+01,    0.5031382416509453531228147E-01,    0.5277227415079150524279683E-01,   -0.2458449985696969930515365E-02,     -4.66%
   -0.4235000000000000319744231E+01,    0.5032312220919971101906754E-01,    0.5281162489487185168757222E-01,   -0.2488502685672140668504682E-02,     -4.71%
   -0.4233333333333333392545228E+01,    0.5033285183484065977710387E-01,    0.5285101885019671819065934E-01,   -0.2518167015356058413555473E-02,     -4.76%
   -0.4231666666666666465346225E+01,    0.5034301161524538936742346E-01,    0.5289045607881030786057153E-01,   -0.2547444463564918493148070E-02,     -4.82%
   -0.4230000000000000426325641E+01,    0.5035360012364188675437759E-01,    0.5292993664286582689015859E-01,   -0.2576336519223940135780992E-02,     -4.87%
   -0.4228333333333333499126638E+01,    0.5036461593325813890231757E-01,    0.5296946060462578986793858E-01,   -0.2604844671367650965621010E-02,     -4.92%
   -0.4226666666666666571927635E+01,    0.5037605761732217440895809E-01,    0.5300902802646210998371856E-01,   -0.2632970409139935574760472E-02,     -4.97%
   -0.4224999999999999644728632E+01,    0.5038792374906193860528703E-01,    0.5304863897085641127882027E-01,   -0.2660715221794472673533249E-02,     -5.02%
   -0.4223333333333333605708049E+01,    0.5040021290170544621123128E-01,    0.5308829350040022293510944E-01,   -0.2688080598694776723878164E-02,     -5.06%
   -0.4221666666666666678509046E+01,    0.5041292364848067725224823E-01,    0.5312799167779526376964583E-01,   -0.2715068029314586517397601E-02,     -5.11%
   -0.4219999999999999751310042E+01,    0.5042605456261563257047698E-01,    0.5316773356585356019587962E-01,   -0.2741679003237927625402648E-02,     -5.16%
   -0.4218333333333333712289459E+01,    0.5043960421733831994695052E-01,    0.5320751922749775153498319E-01,   -0.2767915010159431588032675E-02,     -5.20%
   -0.4216666666666666785090456E+01,    0.5045357118587671940712625E-01,    0.5324734872576136063271335E-01,   -0.2793777539884641225587103E-02,     -5.25%
   -0.4214999999999999857891453E+01,    0.5046795404145882485424934E-01,    0.5328722212378888406503208E-01,   -0.2819268082330059210782736E-02,     -5.29%
   -0.4213333333333332930692450E+01,    0.5048275135731263019156501E-01,    0.5332713948483613908280176E-01,   -0.2844388127523508891236759E-02,     -5.33%
   -0.4211666666666666891671866E+01,    0.5049796170666611544453062E-01,    0.5336710087227043014523886E-01,   -0.2869139165604314700708244E-02,     -5.38%
   -0.4209999999999999964472863E+01,    0.5051358366274728145528528E-01,    0.5340710634957087504792739E-01,   -0.2893522686823593592642112E-02,     -5.42%
   -0.4208333333333333037273860E+01,    0.5052961579878413600486198E-01,    0.5344715598032848125065186E-01,   -0.2917540181544345245789884E-02,     -5.46%
   -0.4206666666666666998253277E+01,    0.5054605668800465217982421E-01,    0.5348724982824649282209251E-01,   -0.2941193140241840642268301E-02,     -5.50%
   -0.4205000000000000071054274E+01,    0.5056290490363682388341715E-01,    0.5352738795714061942332407E-01,   -0.2964483053503795539906918E-02,     -5.54%
   -0.4203333333333333143855270E+01,    0.5058015901890867277446162E-01,    0.5356757043093920284126952E-01,   -0.2987411412030530066807898E-02,     -5.58%
   -0.4201666666666666216656267E+01,    0.5059781760704814418394548E-01,    0.5360779731368350842224402E-01,   -0.3009979706635364238298536E-02,     -5.61%
   -0.4200000000000000177635684E+01,    0.5061587924128326670958344E-01,    0.5364806866952789854430250E-01,   -0.3032189428244631834719058E-02,     -5.65%
   -0.4198333333333333250436681E+01,    0.5063434249484202731572680E-01,    0.5368838456274017262304099E-01,   -0.3054042067898145307314195E-02,     -5.69%
   -0.4196666666666666323237678E+01,    0.5065320594095239908893902E-01,    0.5372874505770169201168684E-01,   -0.3075539116749292922747827E-02,     -5.72%
   -0.4195000000000000284217094E+01,    0.5067246815284239674914701E-01,    0.5376915021890764367906712E-01,   -0.3096682066065246929920107E-02,     -5.76%
   -0.4193333333333333357018091E+01,    0.5069212770374000032180817E-01,    0.5380960011096735245983425E-01,   -0.3117472407227352138026077E-02,     -5.79%
   -0.4191666666666666429819088E+01,    0.5071218316687321758795548E-01,    0.5385009479860439207676848E-01,   -0.3137911631731174488812997E-02,     -5.83%
   -0.4189999999999999502620085E+01,    0.5073263311547001469525853E-01,    0.5389063434665690432989749E-01,   -0.3158001231186889634638959E-02,     -5.86%
   -0.4188333333333333463599502E+01,    0.5075347612275841330253812E-01,    0.5393121882007780726331347E-01,   -0.3177742697319393960775358E-02,     -5.89%
   -0.4186666666666666536400498E+01,    0.5077471076196639343525163E-01,    0.5397184828393510047650494E-01,   -0.3197137521968707041253310E-02,     -5.92%
   -0.4185000000000000497379915E+01,    0.5079633560632194205775036E-01,    0.5401252280341196226887135E-01,   -0.3216187197090020211120986E-02,     -5.95%
   -0.4183333333333333570180912E+01,    0.5081834922905306695106731E-01,    0.5405324244380714515667563E-01,   -0.3234893214754078205608323E-02,     -5.98%
   -0.4181666666666666642981909E+01,    0.5084075020338776895734156E-01,    0.5409400727053510077313447E-01,   -0.3253257067147331815792910E-02,     -6.01%
   -0.4179999999999999715782906E+01,    0.5086353710255399340756099E-01,    0.5413481734912627130196228E-01,   -0.3271280246572277894401282E-02,     -6.04%
   -0.4178333333333333676762322E+01,    0.5088670849977977583833422E-01,    0.5417567274522730458308217E-01,   -0.3288964245447528744747956E-02,     -6.07%
   -0.4176666666666666749563319E+01,    0.5091026296829310321401252E-01,    0.5421657352460136636285171E-01,   -0.3306310556308263148839188E-02,     -6.10%
   -0.4174999999999999822364316E+01,    0.5093419908132196249894719E-01,    0.5425751975312828601083481E-01,   -0.3323320671806323511887626E-02,     -6.13%
   -0.4173333333333333783343733E+01,    0.5095851541209431984080780E-01,    0.5429851149680482019777017E-01,   -0.3339996084710500356962370E-02,     -6.15%
   -0.4171666666666666856144730E+01,    0.5098321053383821771509687E-01,    0.5433954882174499290137248E-01,   -0.3356338287906775186275610E-02,     -6.18%
   -0.4169999999999999928945726E+01,    0.5100828301978163614727180E-01,    0.5438063179418018561195325E-01,   -0.3372348774398549464681452E-02,     -6.20%
   -0.4168333333333333001746723E+01,    0.5103373144315254128500214E-01,    0.5442176048045949121600984E-01,   -0.3388029037306949931007694E-02,     -6.23%
   -0.4166666666666666962726140E+01,    0.5105955437717895478710872E-01,    0.5446293494704991522414872E-01,   -0.3403380569870960437039997E-02,     -6.25%
   -0.4165000000000000035527137E+01,    0.5108575039508883586236720E-01,    0.5450415526053666720462942E-01,   -0.3418404865447831342262219E-02,     -6.27%
   -0.4163333333333333108328134E+01,    0.5111231807011021310849230E-01,    0.5454542148762334813349995E-01,   -0.3433103417513135025007642E-02,     -6.29%
   -0.4161666666666667069307550E+01,    0.5113925597547105267315359E-01,    0.5458673369513217243920167E-01,   -0.3447477719661119766048074E-02,     -6.32%
   -0.4160000000000000142108547E+01,    0.5116656268439937621517188E-01,    0.5462809195000436351952189E-01,   -0.3461529265604987304350004E-02,     -6.34%
   -0.4158333333333333214909544E+01,    0.5119423677012314988221675E-01,    0.5466949631930023700832066E-01,   -0.3475259549177087126103913E-02,     -6.36%
   -0.4156666666666666287710541E+01,    0.5122227680587038145532119E-01,    0.5471094687019950608686258E-01,   -0.3488670064329124631541390E-02,     -6.38%
   -0.4155000000000000248689958E+01,    0.5125068136486905789883650E-01,    0.5475244367000153822289121E-01,   -0.3501762305132480324054711E-02,     -6.40%
   -0.4153333333333333321490954E+01,    0.5127944902034716617711396E-01,    0.5479398678612567435974867E-01,   -0.3514537765778508182634710E-02,     -6.41%
   -0.4151666666666666394291951E+01,    0.5130857834553270713229267E-01,    0.5483557628611133299978420E-01,   -0.3526997940578625867491525E-02,     -6.43%
   -0.4150000000000000355271368E+01,    0.5133806791365366078983001E-01,    0.5487721223761831551568591E-01,   -0.3539144323964654725855894E-02,     -6.45%
   -0.4148333333333333428072365E+01,    0.5136791629793805574744070E-01,    0.5491889470842719472853943E-01,   -0.3550978410489138981098733E-02,     -6.47%
   -0.4146666666666666500873362E+01,    0.5139812207161385121390040E-01,    0.5496062376643934266340352E-01,   -0.3562501694825491449503119E-02,     -6.48%
   -0.4144999999999999573674359E+01,    0.5142868380790904803134822E-01,    0.5500239947967730524958085E-01,   -0.3573715671768257218232634E-02,     -6.50%
   -0.4143333333333333534653775E+01,    0.5145960008005161928634763E-01,    0.5504422191628507987637420E-01,   -0.3584621836233460590026567E-02,     -6.51%
   -0.4141666666666666607454772E+01,    0.5149086946126960051550725E-01,    0.5508609114452830274322181E-01,   -0.3595221683258702227714565E-02,     -6.53%
   -0.4139999999999999680255769E+01,    0.5152249052479095786649665E-01,    0.5512800723279455417102923E-01,   -0.3605516708003596304532579E-02,     -6.54%
   -0.4138333333333333641235185E+01,    0.5155446184384369218145494E-01,    0.5516997024959353207451684E-01,   -0.3615508405749839893061903E-02,     -6.55%
   -0.4136666666666666714036182E+01,    0.5158678199165579042473340E-01,    0.5521198026355745441806633E-01,   -0.3625198271901663993332932E-02,     -6.57%
   -0.4134999999999999786837179E+01,    0.5161944954145523956068331E-01,    0.5525403734344114248244750E-01,   -0.3634587801985902921764193E-02,     -6.58%
   -0.4133333333333332859638176E+01,    0.5165246306647004043144378E-01,    0.5529614155812240250398304E-01,   -0.3643678491652362072539262E-02,     -6.59%
   -0.4131666666666666820617593E+01,    0.5168582113992818694025999E-01,    0.5533829297660219914689606E-01,   -0.3652471836674012206636064E-02,     -6.60%
   -0.4129999999999999893418590E+01,    0.5171952233505766605148324E-01,    0.5538049166800503020358093E-01,   -0.3660969332947364152097691E-02,     -6.61%
   -0.4128333333333332966219587E+01,    0.5175356522508650636282823E-01,    0.5542273770157905149469357E-01,   -0.3669172476492545131865342E-02,     -6.62%
   -0.4126666666666666927199003E+01,    0.5178794838324262544970722E-01,    0.5546503114669637524158929E-01,   -0.3677082763453749791882075E-02,     -6.63%
   -0.4125000000000000000000000E+01,    0.5182267038275408660430443E-01,    0.5550737207285342394991190E-01,   -0.3684701690099337345607466E-02,     -6.64%
   -0.4123333333333333072800997E+01,    0.5185772979684885597428945E-01,    0.5554976054967106224857787E-01,   -0.3692030752822206274288419E-02,     -6.65%
   -0.4121666666666667033780413E+01,    0.5189312519875491358511965E-01,    0.5559219664689488138442641E-01,   -0.3699071448139967799306760E-02,     -6.65%
   -0.4120000000000000106581410E+01,    0.5192885516170027415672195E-01,    0.5563468043439558780027809E-01,   -0.3705825272695313643556148E-02,     -6.66%
   -0.4118333333333333179382407E+01,    0.5196491825891292465344762E-01,    0.5567721198216907252387387E-01,   -0.3712293723256147870426247E-02,     -6.67%
   -0.4116666666666667140361824E+01,    0.5200131306362083816186015E-01,    0.5571979136033678586814588E-01,   -0.3718478296715947706285732E-02,     -6.67%
   -0.4115000000000000213162821E+01,    0.5203803814905203634078035E-01,    0.5576241863914605662033708E-01,   -0.3724380490094020279556730E-02,     -6.68%
   -0.4113333333333333285963818E+01,    0.5207509208843450615455950E-01,    0.5580509388897018918651582E-01,   -0.3730001800535683031956324E-02,     -6.68%
   -0.4111666666666666358764815E+01,    0.5211247345499623456754890E-01,    0.5584781718030887298631626E-01,   -0.3735343725312638418767364E-02,     -6.69%
   -0.4110000000000000319744231E+01,    0.5215018082196519466631202E-01,    0.5589058858378836980307369E-01,   -0.3740407761823175136761677E-02,     -6.69%
   -0.4108333333333333392545228E+01,    0.5218821276256940810966967E-01,    0.5593340817016185378962589E-01,   -0.3745195407592445679956228E-02,     -6.70%
   -0.4106666666666666465346225E+01,    0.5222656785003686880086704E-01,    0.5597627601030959187955460E-01,   -0.3749708160272723078687562E-02,     -6.70%
   -0.4105000000000000426325641E+01,    0.5226524465759552207089200E-01,    0.5601919217523922828183558E-01,   -0.3753947517643706210943577E-02,     -6.70%
   -0.4103333333333333499126638E+01,    0.5230424175847343815082269E-01,    0.5606215673608614530332162E-01,   -0.3757914977612707152498928E-02,     -6.70%
   -0.4101666666666666571927635E+01,    0.5234355772589854849385915E-01,    0.5610516976411360906551451E-01,   -0.3761612038215060571655357E-02,     -6.70%
   -0.4099999999999999644728632E+01,    0.5238319113309889557550392E-01,    0.5614823133071308869368465E-01,   -0.3765040197614193118180737E-02,     -6.71%
   -0.4098333333333333605708049E+01,    0.5242314055330239697116923E-01,    0.5619134150740452693373328E-01,   -0.3768200954102129962564049E-02,     -6.71%
   -0.4096666666666666678509046E+01,    0.5246340455973712985082713E-01,    0.5623450036583666628020595E-01,   -0.3771095806099536429378816E-02,     -6.71%
   -0.4094999999999999751310042E+01,    0.5250398172563103260657158E-01,    0.5627770797778719469306452E-01,   -0.3773726252156162086492941E-02,     -6.71%
   -0.4093333333333333712289459E+01,    0.5254487062421208526385996E-01,    0.5632096441516309254238237E-01,   -0.3776093790951007278522411E-02,     -6.70%
   -0.4091666666666666785090456E+01,    0.5258606982870835111487651E-01,    0.5636426975000097261414567E-01,   -0.3778199921292621499269160E-02,     -6.70%
   -0.4089999999999999857891453E+01,    0.5262757791234776855171518E-01,    0.5640762405446721194923754E-01,   -0.3780046142119443397522360E-02,     -6.70%
   -0.4088333333333332930692450E+01,    0.5266939344835835229430288E-01,    0.5645102740085829184923938E-01,   -0.3781633952499939554936503E-02,     -6.70%
   -0.4086666666666666891671866E+01,    0.5271151500996805461252137E-01,    0.5649447986160107543218700E-01,   -0.3782964851633020819665632E-02,     -6.70%
   -0.4084999999999999964472863E+01,    0.5275394117040493185966099E-01,    0.5653798150925315457726583E-01,   -0.3784040338848222717604841E-02,     -6.69%
   -0.4083333333333333037273860E+01,    0.5279667050289693630560350E-01,    0.5658153241650296094711337E-01,   -0.3784861913606024641509862E-02,     -6.69%
   -0.4081666666666666998253277E+01,    0.5283970158067204797580629E-01,    0.5662513265617014068808999E-01,   -0.3785431075498092712283693E-02,     -6.69%
   -0.4080000000000000071054274E+01,    0.5288303297695830240687798E-01,    0.5666878230120591525276197E-01,   -0.3785749324247612845883992E-02,     -6.68%
   -0.4078333333333333143855270E+01,    0.5292666326498367962427594E-01,    0.5671248142469315772773442E-01,   -0.3785818159709478103458480E-02,     -6.68%
   -0.4076666666666666216656267E+01,    0.5297059101797615271456365E-01,    0.5675623009984683692286112E-01,   -0.3785639081870684208297462E-02,     -6.67%
   -0.4075000000000000177635684E+01,    0.5301481480916370170319851E-01,    0.5680002840001419778248604E-01,   -0.3785213590850496079287524E-02,     -6.66%
   -0.4073333333333333250436681E+01,    0.5305933321177436906568303E-01,    0.5684387639867516384128976E-01,   -0.3784543186900794775606727E-02,     -6.66%
   -0.4071666666666666323237678E+01,    0.5310414479903612788858069E-01,    0.5688777416944246212437974E-01,   -0.3783629370406334235799051E-02,     -6.65%
   -0.4070000000000000284217094E+01,    0.5314924814417692350287936E-01,    0.5693172178606197009198553E-01,   -0.3782473641885046589106167E-02,     -6.64%
   -0.4068333333333333357018091E+01,    0.5319464182042482613965717E-01,    0.5697571932241309033972954E-01,   -0.3781077501988264200072365E-02,     -6.64%
   -0.4066666666666666429819088E+01,    0.5324032440100780194658370E-01,    0.5701976685250887549871734E-01,   -0.3779442451501073552133647E-02,     -6.63%
   -0.4064999999999999502620085E+01,    0.5328629445915381707132852E-01,    0.5706386445049638905802070E-01,   -0.3777569991342571986692178E-02,     -6.62%
   -0.4063333333333333463599502E+01,    0.5333255056809085847824292E-01,    0.5710801219065699679822146E-01,   -0.3775461622566138319978535E-02,     -6.61%
   -0.4061666666666666536400498E+01,    0.5337909130104697558172333E-01,    0.5715221014740666516384948E-01,   -0.3773118846359689582126151E-02,     -6.60%
   -0.4060000000000000497379915E+01,    0.5342591523125007901828809E-01,    0.5719645839529615555241193E-01,   -0.3770543164046076534123841E-02,     -6.59%
   -0.4058333333333333570180912E+01,    0.5347302093192826677459095E-01,    0.5724075700901143370913360E-01,   -0.3767736077083166934542646E-02,     -6.58%
   -0.4056666666666666642981909E+01,    0.5352040697630944948715026E-01,    0.5728510606337387789377402E-01,   -0.3764699087064428406623762E-02,     -6.57%
   -0.4054999999999999715782906E+01,    0.5356807193762165575368073E-01,    0.5732950563334054949748975E-01,   -0.3761433695718893743809019E-02,     -6.56%
   -0.4053333333333333676762322E+01,    0.5361601438909283784406412E-01,    0.5737395579400453998752951E-01,   -0.3757941404911702143465391E-02,     -6.55%
   -0.4051666666666666749563319E+01,    0.5366423290395104517269687E-01,    0.5741845662059526927967212E-01,   -0.3754223716644224106975258E-02,     -6.54%
   -0.4049999999999999822364316E+01,    0.5371272605542425776503634E-01,    0.5746300818847866614946795E-01,   -0.3750282133054408384431611E-02,     -6.53%
   -0.4048333333333333783343733E+01,    0.5376149241674041401317652E-01,    0.5750761057315757068808537E-01,   -0.3746118156417156674908853E-02,     -6.51%
   -0.4046666666666666856144730E+01,    0.5381053056112757027040772E-01,    0.5755226385027202573585470E-01,   -0.3741733289144455465446981E-02,     -6.50%
   -0.4044999999999999928945726E+01,    0.5385983906181370656218732E-01,    0.5759696809559945035461581E-01,   -0.3737129033785743792428491E-02,     -6.49%
   -0.4043333333333333001746723E+01,    0.5390941649202679597507881E-01,    0.5764172338505504228356457E-01,   -0.3732306893028246308485762E-02,     -6.48%
   -0.4041666666666666962726140E+01,    0.5395926142499482547343348E-01,    0.5768652979469203467832727E-01,   -0.3727268369697209204893795E-02,     -6.46%
   -0.4040000000000000035527137E+01,    0.5400937243394581671607213E-01,    0.5773138740070201530008021E-01,   -0.3722014966756198584008075E-02,     -6.45%
   -0.4038333333333333108328134E+01,    0.5405974809210775666734605E-01,    0.5777629627941515549904850E-01,   -0.3716548187307398831702443E-02,     -6.43%
   -0.4036666666666667069307550E+01,    0.5411038697270859759713701E-01,    0.5782125650730056409809521E-01,   -0.3710869534591966500958193E-02,     -6.42%
   -0.4035000000000000142108547E+01,    0.5416128764897638891984144E-01,    0.5786626816096658576515921E-01,   -0.3704980511990196845317769E-02,     -6.40%
   -0.4033333333333333214909544E+01,    0.5421244869413909678312891E-01,    0.5791133131716105775232961E-01,   -0.3698882623021960969200705E-02,     -6.39%
   -0.4031666666666666287710541E+01,    0.5426386868142472896803241E-01,    0.5795644605277160826828364E-01,   -0.3692577371346879300251231E-02,     -6.37%
   -0.4030000000000000248689958E+01,    0.5431554618406123774443373E-01,    0.5800161244482595485072451E-01,   -0.3686066260764717106290789E-02,     -6.36%
   -0.4028333333333333321490954E+01,    0.5436747977527666558783537E-01,    0.5804683057049231376112175E-01,   -0.3679350795215648173286382E-02,     -6.34%
   -0.4026666666666666394291951E+01,    0.5441966802829897864590691E-01,    0.5809210050707949712922584E-01,   -0.3672432478780518483318929E-02,     -6.32%
   -0.4025000000000000355271368E+01,    0.5447210951635615694410575E-01,    0.5813742233203734316449030E-01,   -0.3665312815681186220384546E-02,     -6.30%
   -0.4023333333333333428072365E+01,    0.5452480281267622908014658E-01,    0.5818279612295705616187291E-01,   -0.3657993310280827081726329E-02,     -6.29%
   -0.4021666666666666500873362E+01,    0.5457774649048718895727461E-01,    0.5822822195757136609639559E-01,   -0.3650475467084177139120982E-02,     -6.27%
   -0.4019999999999999573674359E+01,    0.5463093912301698190647770E-01,    0.5827369991375493801788465E-01,   -0.3642760790737956111406959E-02,     -6.25%
   -0.4018333333333333534653775E+01,    0.5468437928349362264768274E-01,    0.5831923006952462185115138E-01,   -0.3634850786030999203468639E-02,     -6.23%
   -0.4016666666666666607454772E+01,    0.5473806554514512590081665E-01,    0.5836481250303983403515673E-01,   -0.3626746957894708134340078E-02,     -6.21%
   -0.4014999999999999680255769E+01,    0.5479199648119947863023071E-01,    0.5841044729260276568982846E-01,   -0.3618450811403287059597744E-02,     -6.19%
   -0.4013333333333333641235185E+01,    0.5484617066488462616691280E-01,    0.5845613451665868792739289E-01,   -0.3609963851774061760480095E-02,     -6.18%
   -0.4011666666666666714036182E+01,    0.5490058666942863180304713E-01,    0.5850187425379640288047867E-01,   -0.3601287584367771077431541E-02,     -6.16%
   -0.4009999999999999786837179E+01,    0.5495524306805946862519718E-01,    0.5854766658274834778552531E-01,   -0.3592423514688879160328128E-02,     -6.14%
   -0.4008333333333332859638176E+01,    0.5501013843400509584213864E-01,    0.5859351158239103213309917E-01,   -0.3583373148385936290960530E-02,     -6.12%
   -0.4006666666666666820617593E+01,    0.5506527134049351429601060E-01,    0.5863940933174528746807397E-01,   -0.3574137991251773172063366E-02,     -6.10%
   -0.4004999999999999893418590E+01,    0.5512064036075274564563387E-01,    0.5868535990997665596768940E-01,   -0.3564719549223910322055531E-02,     -6.07%
   -0.4003333333333332966219587E+01,    0.5517624406801077685535972E-01,    0.5873136339639560554726216E-01,   -0.3555119328384828691902442E-02,     -6.05%
   -0.4001666666666666927199003E+01,    0.5523208103549555325617604E-01,    0.5877741987045782823262385E-01,   -0.3545338834962274976447816E-02,     -6.03%
   -0.4000000000000000000000000E+01,    0.5528814983643513120137314E-01,    0.5882352941176470506601248E-01,   -0.3535379575329573864639343E-02,     -6.01%
   -0.3998333333333333072800997E+01,    0.5534444904405749071640841E-01,    0.5886969210006343100616277E-01,   -0.3525243056005940289754363E-02,     -5.99%
   -0.3996666666666666589691204E+01,    0.5540097723159058407116362E-01,    0.5891590801524744513972820E-01,   -0.3514930783656861068564581E-02,     -5.97%
   -0.3995000000000000106581410E+01,    0.5545773297226243986335348E-01,    0.5896217723735665966477981E-01,   -0.3504444265094219801426334E-02,     -5.94%
   -0.3993333333333333179382407E+01,    0.5551471483930103811843537E-01,    0.5900849984657790398001609E-01,   -0.3493785007276865861580717E-02,     -5.92%
   -0.3991666666666666696272614E+01,    0.5557192140593437273965449E-01,    0.5905487592324506346264101E-01,   -0.3482954517310690722986521E-02,     -5.90%
   -0.3990000000000000213162821E+01,    0.5562935124539044456914993E-01,    0.5910130554783954437425564E-01,   -0.3471954302449099805105703E-02,     -5.87%
   -0.3988333333333333285963818E+01,    0.5568700293089724751016689E-01,    0.5914778880099053059993253E-01,   -0.3460785870093283089765634E-02,     -5.85%
   -0.3986666666666666358764815E+01,    0.5574487503568276158816275E-01,    0.5919432576347526120397191E-01,   -0.3449450727792499615809163E-02,     -5.83%
   -0.3985000000000000319744231E+01,    0.5580296613297497376748879E-01,    0.5924091651621941206906641E-01,   -0.3437950383244438301577617E-02,     -5.80%
   -0.3983333333333333392545228E+01,    0.5586127479600190570696583E-01,    0.5928756114029743590210231E-01,   -0.3426286344295530195136479E-02,     -5.78%
   -0.3981666666666666465346225E+01,    0.5591979959799152355426344E-01,    0.5933425971693273570650717E-01,   -0.3414460118941212152243736E-02,     -5.75%
   -0.3979999999999999982236432E+01,    0.5597853911217183509041462E-01,    0.5938101232749815050482312E-01,   -0.3402473215326315414408498E-02,     -5.73%
   -0.3978333333333333499126638E+01,    0.5603749191177082727977066E-01,    0.5942781905351623289446295E-01,   -0.3390327141745405614692288E-02,     -5.70%
   -0.3976666666666666571927635E+01,    0.5609665657001648708668284E-01,    0.5947467997665949884789072E-01,   -0.3378023406643011761207873E-02,     -5.68%
   -0.3975000000000000088817842E+01,    0.5615603166013682229218418E-01,    0.5952159517875078853510473E-01,   -0.3365563518613966242920554E-02,     -5.65%
   -0.3973333333333333605708049E+01,    0.5621561575535980598283814E-01,    0.5956856474176365490169616E-01,   -0.3352948986403848918858017E-02,     -5.63%
   -0.3971666666666666678509046E+01,    0.5627540742891346675635944E-01,    0.5961558874782257877456004E-01,   -0.3340181318909112018200602E-02,     -5.60%
   -0.3969999999999999751310042E+01,    0.5633540525402576382152375E-01,    0.5966266727920338519552956E-01,   -0.3327262025177621374005810E-02,     -5.58%
   -0.3968333333333333268200249E+01,    0.5639560780392467720378846E-01,    0.5970980041833350016045046E-01,   -0.3314192614408822956661993E-02,     -5.55%
   -0.3966666666666666785090456E+01,    0.5645601365183822856197438E-01,    0.5975698824779230450277012E-01,   -0.3300974595954075940795747E-02,     -5.52%
   -0.3964999999999999857891453E+01,    0.5651662137099442567711449E-01,    0.5980423085031151553270234E-01,   -0.3287609479317089855587852E-02,     -5.50%
   -0.3963333333333333374781660E+01,    0.5657742953462120000240887E-01,    0.5985152830877536050957488E-01,   -0.3274098774154160507166011E-02,     -5.47%
   -0.3961666666666666891671866E+01,    0.5663843671594660789114783E-01,    0.5989888070622110399776616E-01,   -0.3260443990274496106618329E-02,     -5.44%
   -0.3959999999999999964472863E+01,    0.5669964148819862242989487E-01,    0.5994628812583924909462851E-01,   -0.3246646637640626664733645E-02,     -5.42%
   -0.3958333333333333037273860E+01,    0.5676104242460523752189516E-01,    0.5999375065097386355850162E-01,   -0.3232708226368626036606457E-02,     -5.39%
   -0.3956666666666666998253277E+01,    0.5682263809839439849813658E-01,    0.6004126836512294757008945E-01,   -0.3218630266728549071952870E-02,     -5.36%
   -0.3955000000000000071054274E+01,    0.5688442708279418946748507E-01,    0.6008884135193884312720058E-01,   -0.3204414269144653659715516E-02,     -5.33%
   -0.3953333333333333143855270E+01,    0.5694640795103253494424678E-01,    0.6013646969522837976152019E-01,   -0.3190061744195844817273411E-02,     -5.30%
   -0.3951666666666666660745477E+01,    0.5700857927633743577056080E-01,    0.6018415347895336026118329E-01,   -0.3175574202615924490622490E-02,     -5.28%
   -0.3950000000000000177635684E+01,    0.5707093963193689278856624E-01,    0.6023189278723084516542485E-01,   -0.3160953155293952376858613E-02,     -5.25%
   -0.3948333333333333250436681E+01,    0.5713348759105892765708390E-01,    0.6027968770433349970927495E-01,   -0.3146200113274572052191047E-02,     -5.22%
   -0.3946666666666666767326888E+01,    0.5719622172693148570710164E-01,    0.6032753831468988525710273E-01,   -0.3131316587758399550001087E-02,     -5.19%
   -0.3945000000000000284217094E+01,    0.5725914061278257471965247E-01,    0.6037544470288487563625068E-01,   -0.3116304090102300916598210E-02,     -5.16%
   -0.3943333333333333357018091E+01,    0.5732224282184021635355720E-01,    0.6042340695365993469279076E-01,   -0.3101164131819718339233560E-02,     -5.13%
   -0.3941666666666666429819088E+01,    0.5738552692733236981759148E-01,    0.6047142515191345629732567E-01,   -0.3085898224581086479734182E-02,     -5.10%
   -0.3939999999999999946709295E+01,    0.5744899150248704289278834E-01,    0.6051949938270109741189628E-01,   -0.3070507880214054519107947E-02,     -5.07%
   -0.3938333333333333463599502E+01,    0.5751263512053220172681733E-01,    0.6056762973123618054582806E-01,   -0.3054994610703978819010729E-02,     -5.04%
   -0.3936666666666666536400498E+01,    0.5757645635469590267296880E-01,    0.6061581628288997825038109E-01,   -0.3039359928194075577412292E-02,     -5.01%
   -0.3935000000000000053290705E+01,    0.5764045377820605636776108E-01,    0.6066405912319201149118797E-01,   -0.3023605344985955123426891E-02,     -4.98%
   -0.3933333333333333570180912E+01,    0.5770462596429071222559060E-01,    0.6071235833783053537082708E-01,   -0.3007732373539823145236483E-02,     -4.95%
   -0.3931666666666666642981909E+01,    0.5776897148617784333302083E-01,    0.6076071401265274035674580E-01,   -0.2991742526474897023724964E-02,     -4.92%
   -0.3929999999999999715782906E+01,    0.5783348891709547828776650E-01,    0.6080912623366516167600082E-01,   -0.2975637316569683388234324E-02,     -4.89%
   -0.3928333333333333232673112E+01,    0.5789817683027152772634594E-01,    0.6085759508703397768769605E-01,   -0.2959418256762449961350114E-02,     -4.86%
   -0.3926666666666666749563319E+01,    0.5796303379893405494094338E-01,    0.6090612065908543315551071E-01,   -0.2943086860151378214567330E-02,     -4.83%
   -0.3924999999999999822364316E+01,    0.5802805839631106077369793E-01,    0.6095470303630614455903114E-01,   -0.2926644639995083785333208E-02,     -4.80%
   -0.3923333333333333339254523E+01,    0.5809324919563046973891574E-01,    0.6100334230534341234397644E-01,   -0.2910093109712942605060704E-02,     -4.77%
   -0.3921666666666666856144730E+01,    0.5815860477012031737320541E-01,    0.6105203855300563031693883E-01,   -0.2893433782885312943733425E-02,     -4.74%
   -0.3919999999999999928945726E+01,    0.5822412369300862533538776E-01,    0.6110079186626259095671543E-01,   -0.2876668173253965621327666E-02,     -4.71%
   -0.3918333333333333001746723E+01,    0.5828980453752335977313237E-01,    0.6114960233224584623679121E-01,   -0.2859797794722486463658839E-02,     -4.68%
   -0.3916666666666666962726140E+01,    0.5835564587689243132295758E-01,    0.6119847003824904069224644E-01,   -0.2842824161356609369288861E-02,     -4.65%
   -0.3915000000000000035527137E+01,    0.5842164628434397960488056E-01,    0.6124739507172836244786041E-01,   -0.2825748787384382842979846E-02,     -4.61%
   -0.3913333333333333108328134E+01,    0.5848780433310592913320747E-01,    0.6129637752030273056824683E-01,   -0.2808573187196801435039362E-02,     -4.58%
   -0.3911666666666666625218340E+01,    0.5855411859640624605560788E-01,    0.6134541747175425996374543E-01,   -0.2791298875348013908137546E-02,     -4.55%
   -0.3910000000000000142108547E+01,    0.5862058764747295896979651E-01,    0.6139451501402864996848052E-01,   -0.2773927366555690998684014E-02,     -4.52%
   -0.3908333333333333214909544E+01,    0.5868721005953404790123074E-01,    0.6144367023523538556828427E-01,   -0.2756460175701337667053537E-02,     -4.49%
   -0.3906666666666666731799751E+01,    0.5875398440581749981426185E-01,    0.6149288322364824393995164E-01,   -0.2738898817830744125689790E-02,     -4.45%
   -0.3905000000000000248689958E+01,    0.5882090925955132248992285E-01,    0.6154215406770558588478437E-01,   -0.2721244808154263394861516E-02,     -4.42%
   -0.3903333333333333321490954E+01,    0.5888798319396351677035284E-01,    0.6159148285601074440664959E-01,   -0.2703499662047227636296753E-02,     -4.39%
   -0.3901666666666666394291951E+01,    0.5895520478228206268100919E-01,    0.6164086967733231614552381E-01,   -0.2685664895050253464514611E-02,     -4.36%
   -0.3899999999999999911182158E+01,    0.5902257259773491249177368E-01,    0.6169031462060456383333928E-01,   -0.2667742022869651341565600E-02,     -4.32%
   -0.3898333333333333428072365E+01,    0.5909008521355012255593664E-01,    0.6173981777492784650540614E-01,   -0.2649732561377723949469498E-02,     -4.29%
   -0.3896666666666666500873362E+01,    0.5915774120295567983784935E-01,    0.6178937922956882766722941E-01,   -0.2631638026613147829380068E-02,     -4.26%
   -0.3895000000000000017763568E+01,    0.5922553913917952272960576E-01,    0.6183899907396098877265800E-01,   -0.2613459934781466043052234E-02,     -4.23%
   -0.3893333333333333534653775E+01,    0.5929347759544967289002670E-01,    0.6188867739770488596295905E-01,   -0.2595199802255213072932349E-02,     -4.19%
   -0.3891666666666666607454772E+01,    0.5936155514499417279461468E-01,    0.6193841429056858027824006E-01,   -0.2576859145574407483625379E-02,     -4.16%
   -0.3889999999999999680255769E+01,    0.5942977036104094695767586E-01,    0.6198820984248797072435622E-01,   -0.2558439481447023766680360E-02,     -4.13%
   -0.3888333333333333641235185E+01,    0.5949812181681800316024322E-01,    0.6203806414356709958424219E-01,   -0.2539942326749096423998964E-02,     -4.09%
   -0.3886666666666666714036182E+01,    0.5956660808555335612224368E-01,    0.6208797728407870059053053E-01,   -0.2521369198525344468286846E-02,     -4.06%
   -0.3884999999999999786837179E+01,    0.5963522774047498586913463E-01,    0.6213794935446439321458101E-01,   -0.2502721613989407345446381E-02,     -4.03%
   -0.3883333333333333303727386E+01,    0.5970397935481088630416124E-01,    0.6218798044533504348896358E-01,   -0.2484001090524157184802334E-02,     -3.99%
   -0.3881666666666666820617593E+01,    0.5977286150178903745278092E-01,    0.6223807064747129830228900E-01,   -0.2465209145682260849508083E-02,     -3.96%
   -0.3879999999999999893418590E+01,    0.5984187275463746791270836E-01,    0.6228822005182379356602596E-01,   -0.2446347297186325653317596E-02,     -3.93%
   -0.3878333333333333410308796E+01,    0.5991101168658413689271924E-01,    0.6233842874951362605928651E-01,   -0.2427417062929489166567265E-02,     -3.89%
   -0.3876666666666666927199003E+01,    0.5998027687085703829605876E-01,    0.6238869683183265180126398E-01,   -0.2408419960975613505205217E-02,     -3.86%
   -0.3875000000000000000000000E+01,    0.6004966688068418684265382E-01,    0.6243902439024390238486717E-01,   -0.2389357509559715542213354E-02,     -3.83%
   -0.3873333333333333072800997E+01,    0.6011918028929356949685570E-01,    0.6248941151638194579920338E-01,   -0.2370231227088376302347683E-02,     -3.79%
   -0.3871666666666666589691204E+01,    0.6018881566991315240633398E-01,    0.6253985830205327500763701E-01,   -0.2351042632140122601303034E-02,     -3.76%
   -0.3870000000000000106581410E+01,    0.6025857159577094335212166E-01,    0.6259036483923664795359088E-01,   -0.2331793243465704601469213E-02,     -3.73%
   -0.3868333333333333179382407E+01,    0.6032844664009497093193346E-01,    0.6264093122008351777196822E-01,   -0.2312484579988546840034758E-02,     -3.69%
   -0.3866666666666666696272614E+01,    0.6039843937611315966007552E-01,    0.6269155753691836585606012E-01,   -0.2293118160805206195984596E-02,     -3.66%
   -0.3865000000000000213162821E+01,    0.6046854837705354507315647E-01,    0.6274224388223907655781630E-01,   -0.2273695505185531484659833E-02,     -3.62%
   -0.3863333333333333285963818E+01,    0.6053877221614414882999711E-01,    0.6279299034871738127705498E-01,   -0.2254218132573232447057876E-02,     -3.59%
   -0.3861666666666666358764815E+01,    0.6060910946661292320047920E-01,    0.6284379702919916377279463E-01,   -0.2234687562586240572315432E-02,     -3.56%
   -0.3860000000000000319744231E+01,    0.6067955870168781351559062E-01,    0.6289466401670480710794919E-01,   -0.2215105315016993592358574E-02,     -3.52%
   -0.3858333333333333392545228E+01,    0.6075011849459691776198511E-01,    0.6294559140442979039420379E-01,   -0.2195472909832872632218681E-02,     -3.49%
   -0.3856666666666666465346225E+01,    0.6082078741856815351507493E-01,    0.6299657928574478593652941E-01,   -0.2175791867176632421454485E-02,     -3.45%
   -0.3854999999999999982236432E+01,    0.6089156404682954937257477E-01,    0.6304762775419621434469519E-01,   -0.2156063707366664972120418E-02,     -3.42%
   -0.3853333333333333499126638E+01,    0.6096244695260907148215423E-01,    0.6309873690350660535575145E-01,   -0.2136289950897533873597212E-02,     -3.39%
   -0.3851666666666666571927635E+01,    0.6103343470913474150263411E-01,    0.6314990682757497253430046E-01,   -0.2116472118440231031666343E-02,     -3.35%
   -0.3850000000000000088817842E+01,    0.6110452588963451170389618E-01,    0.6320113762047716021719168E-01,   -0.2096611730842648513295501E-02,     -3.32%
   -0.3848333333333333605708049E+01,    0.6117571906733642456144295E-01,    0.6325242937646632923609502E-01,   -0.2076710309129904674652067E-02,     -3.28%
   -0.3846666666666666678509046E+01,    0.6124701281546846703962572E-01,    0.6330378218997324835104479E-01,   -0.2056769374504781311419066E-02,     -3.25%
   -0.3844999999999999751310042E+01,    0.6131840570725860528611406E-01,    0.6335519615560671058407394E-01,   -0.2036790448348105297959876E-02,     -3.21%
   -0.3843333333333333268200249E+01,    0.6138989631593480544857755E-01,    0.6340667136815393567506050E-01,   -0.2016775052219130226482946E-02,     -3.18%
   -0.3841666666666666785090456E+01,    0.6146148321472512388030651E-01,    0.6345820792258098641536179E-01,   -0.1996724707855862535055280E-02,     -3.15%
   -0.3839999999999999857891453E+01,    0.6153316497685751285118272E-01,    0.6350980591403312947029747E-01,   -0.1976640937175616619114749E-02,     -3.11%
   -0.3838333333333333374781660E+01,    0.6160494017555998708113307E-01,    0.6356146543783521007942028E-01,   -0.1956525262275222998287205E-02,     -3.08%
   -0.3836666666666666891671866E+01,    0.6167680738406051965672106E-01,    0.6361318658949208226793814E-01,   -0.1936379205431562611217089E-02,     -3.04%
   -0.3834999999999999964472863E+01,    0.6174876517558714611455528E-01,    0.6366496946468902518034838E-01,   -0.1916204289101879065793099E-02,     -3.01%
   -0.3833333333333333037273860E+01,    0.6182081212336781178562362E-01,    0.6371681415929204839176947E-01,   -0.1896002035924236606145854E-02,     -2.98%
   -0.3831666666666666998253277E+01,    0.6189294680063048281759563E-01,    0.6376872076934834987493872E-01,   -0.1875773968717867057343085E-02,     -2.94%
   -0.3830000000000000071054274E+01,    0.6196516778060322250265557E-01,    0.6382068939108680172278554E-01,   -0.1855521610483579220129968E-02,     -2.91%
   -0.3828333333333333143855270E+01,    0.6203747363651402474404861E-01,    0.6387272012091815831524855E-01,   -0.1835246484404133571199935E-02,     -2.87%
   -0.3826666666666666660745477E+01,    0.6210986294159080017829311E-01,    0.6392481305543559755300009E-01,   -0.1814950113844797374706985E-02,     -2.84%
   -0.3825000000000000177635684E+01,    0.6218233426906161209757329E-01,    0.6397696829141508167992924E-01,   -0.1794634022353469582355956E-02,     -2.81%
   -0.3823333333333333250436681E+01,    0.6225488619215444746624044E-01,    0.6402918592581578749456384E-01,   -0.1774299733661340028323394E-02,     -2.77%
   -0.3821666666666666767326888E+01,    0.6232751728409727937085805E-01,    0.6408146605578042553919005E-01,   -0.1753948771683146168332001E-02,     -2.74%
   -0.3820000000000000284217094E+01,    0.6240022611811808783688349E-01,    0.6413380877863573970021349E-01,   -0.1733582660517651863330002E-02,     -2.70%
   -0.3818333333333333357018091E+01,    0.6247301126744492227871319E-01,    0.6418621419189288190843001E-01,   -0.1713202924447959629716820E-02,     -2.67%
   -0.3816666666666666429819088E+01,    0.6254587130530574190512283E-01,    0.6423868239324780071708432E-01,   -0.1692811087942058811961488E-02,     -2.64%
   -0.3814999999999999946709295E+01,    0.6261880480492849898599417E-01,    0.6429121348058164375771639E-01,   -0.1672408675653144771722225E-02,     -2.60%
   -0.3813333333333333463599502E+01,    0.6269181033954122905793582E-01,    0.6434380755196120182937136E-01,   -0.1651997212419972771435539E-02,     -2.57%
   -0.3811666666666666536400498E+01,    0.6276488648237193990198080E-01,    0.6439646470563929747665810E-01,   -0.1631578223267357574677305E-02,     -2.53%
   -0.3810000000000000053290705E+01,    0.6283803180664858378801085E-01,    0.6444918504005517356780786E-01,   -0.1611153233406589779797002E-02,     -2.50%
   -0.3808333333333333570180912E+01,    0.6291124488559916849705900E-01,    0.6450196865383495126167190E-01,   -0.1590723768235782764612907E-02,     -2.47%
   -0.3806666666666666642981909E+01,    0.6298452429245172956573384E-01,    0.6455481564579203246356798E-01,   -0.1570291353340302897834135E-02,     -2.43%
   -0.3804999999999999715782906E+01,    0.6305786860043421926391716E-01,    0.6460772611492746064776327E-01,   -0.1549857514493241383846112E-02,     -2.40%
   -0.3803333333333333232673112E+01,    0.6313127638277458986149071E-01,    0.6466070016043037882447209E-01,   -0.1529423777655788962981376E-02,     -2.37%
   -0.3801666666666666749563319E+01,    0.6320474621270090465063873E-01,    0.6471373788167847362906571E-01,   -0.1508991668977568978426973E-02,     -2.33%
   -0.3799999999999999822364316E+01,    0.6327827666344112977903080E-01,    0.6476683937823835002234318E-01,   -0.1488562714797220243312381E-02,     -2.30%
   -0.3798333333333333339254523E+01,    0.6335186630822324527212430E-01,    0.6482000474986590599080216E-01,   -0.1468138441642660718677860E-02,     -2.26%
   -0.3796666666666666856144730E+01,    0.6342551372027524503316442E-01,    0.6487323409650685990257557E-01,   -0.1447720376231614869411146E-02,     -2.23%
   -0.3794999999999999928945726E+01,    0.6349921747282516459875978E-01,    0.6492652751829711132991463E-01,   -0.1427310045471946731154844E-02,     -2.20%
   -0.3793333333333333001746723E+01,    0.6357297613910097011657996E-01,    0.6497988511556312962724746E-01,   -0.1406908976462159510667504E-02,     -2.17%
   -0.3791666666666666962726140E+01,    0.6364678829233059997871891E-01,    0.6503330698882239802038896E-01,   -0.1386518696491798041670052E-02,     -2.13%
   -0.3790000000000000035527137E+01,    0.6372065250574214523293648E-01,    0.6508679323878391320690184E-01,   -0.1366140733041767973965364E-02,     -2.10%
   -0.3788333333333333108328134E+01,    0.6379456735256354427132663E-01,    0.6514034396634850454521626E-01,   -0.1345776613784960273889624E-02,     -2.07%
   -0.3786666666666666625218340E+01,    0.6386853140602277711934676E-01,    0.6519395927260926426605181E-01,   -0.1325427866586487146705053E-02,     -2.03%
   -0.3785000000000000142108547E+01,    0.6394254323934783768024204E-01,    0.6524763925885206095056645E-01,   -0.1305096019504223270324417E-02,     -2.00%
   -0.3783333333333333214909544E+01,    0.6401660142576677536840890E-01,    0.6530138402655590035283950E-01,   -0.1284782600789124984430600E-02,     -1.97%
   -0.3781666666666666731799751E+01,    0.6409070453850751469815350E-01,    0.6535519367739332785571804E-01,   -0.1264489138885813157564542E-02,     -1.93%
   -0.3780000000000000248689958E+01,    0.6416485115079809120608445E-01,    0.6540906831323094194896584E-01,   -0.1244217162432850742881385E-02,     -1.90%
   -0.3778333333333333321490954E+01,    0.6423903983586649879544694E-01,    0.6546300803612976892953412E-01,   -0.1223968200263270134087179E-02,     -1.87%
   -0.3776666666666666394291951E+01,    0.6431326916694071749169836E-01,    0.6551701294834566535740805E-01,   -0.1203743781404947865709687E-02,     -1.84%
   -0.3774999999999999911182158E+01,    0.6438753771724868568693267E-01,    0.6557108315232983153375557E-01,   -0.1183545435081145846822892E-02,     -1.80%
   -0.3773333333333333428072365E+01,    0.6446184406001849442890972E-01,    0.6562521875072917232341041E-01,   -0.1163374690710677894500691E-02,     -1.77%
   -0.3771666666666666500873362E+01,    0.6453618676847808210972346E-01,    0.6567941984638679675523321E-01,   -0.1143233077908714645509747E-02,     -1.74%
   -0.3770000000000000017763568E+01,    0.6461056441585544263261909E-01,    0.6573368654234235108901885E-01,   -0.1123122126486908456399760E-02,     -1.71%
   -0.3768333333333333534653775E+01,    0.6468497557537858377862960E-01,    0.6578801894183260168258442E-01,   -0.1103043366454017903954821E-02,     -1.68%
   -0.3766666666666666607454772E+01,    0.6475941882027548557321239E-01,    0.6584241714829175418088880E-01,   -0.1082998328016268607676409E-02,     -1.64%
   -0.3764999999999999680255769E+01,    0.6483389272377414191961265E-01,    0.6589688126535192536081809E-01,   -0.1062988541577783441205440E-02,     -1.61%
   -0.3763333333333333641235185E+01,    0.6490839585910253284328775E-01,    0.6595141139684355946481986E-01,   -0.1043015537741026621532114E-02,     -1.58%
   -0.3761666666666666714036182E+01,    0.6498292679948870775863412E-01,    0.6600600764679598331241550E-01,   -0.1023080847307275553781380E-02,     -1.55%
   -0.3759999999999999786837179E+01,    0.6505748411816060505774573E-01,    0.6606067011943769773374413E-01,   -0.1003186001277092675998404E-02,     -1.52%
   -0.3758333333333333303727386E+01,    0.6513206638834621864386776E-01,    0.6611539891919689104771152E-01,   -0.9833325308506724038437596E-03,     -1.49%
   -0.3756666666666666820617593E+01,    0.6520667218327355629803321E-01,    0.6617019415070188315119992E-01,   -0.9635219674283268531667090E-03,     -1.46%
   -0.3754999999999999893418590E+01,    0.6528130007617061192348729E-01,    0.6622505591878159736385356E-01,   -0.9437558426109854403662780E-03,     -1.43%
   -0.3753333333333333410308796E+01,    0.6535594864026539330126298E-01,    0.6627998432846592125056162E-01,   -0.9240356882005279492986460E-03,     -1.39%
   -0.3751666666666666927199003E+01,    0.6543061644878585270124205E-01,    0.6633497948498626173297055E-01,   -0.9043630362004090317284977E-03,     -1.36%
   -0.3750000000000000000000000E+01,    0.6550530207496002566003312E-01,    0.6639004149377593366754269E-01,   -0.8847394188159080075095630E-03,     -1.33%
   -0.3748333333333333072800997E+01,    0.6558000409201589220309359E-01,    0.6644517046047057617919052E-01,   -0.8651663684546839760969306E-03,     -1.30%
   -0.3746666666666666589691204E+01,    0.6565472107318140460030520E-01,    0.6650036649090866613942552E-01,   -0.8456454177272615391203203E-03,     -1.27%
   -0.3745000000000000106581410E+01,    0.6572945159168459838827658E-01,    0.6655562969113196225556806E-01,   -0.8261780994473638672914717E-03,     -1.24%
   -0.3743333333333333179382407E+01,    0.6580419422075346747025293E-01,    0.6661096016738594915995719E-01,   -0.8067659466324816897042638E-03,     -1.21%
   -0.3741666666666666696272614E+01,    0.6587894753361597799390381E-01,    0.6666635802612025374358495E-01,   -0.7874104925042757496811419E-03,     -1.18%
   -0.3740000000000000213162821E+01,    0.6595371010350013774026223E-01,    0.6672182337398915863424520E-01,   -0.7681132704890208939829677E-03,     -1.15%
   -0.3738333333333333285963818E+01,    0.6602848050363396836814900E-01,    0.6677735631785206016353129E-01,   -0.7488758142180917953822927E-03,     -1.12%
   -0.3736666666666666358764815E+01,    0.6610325730724543602523369E-01,    0.6683295696477384306710690E-01,   -0.7296996575284070418732085E-03,     -1.09%
   -0.3735000000000000319744231E+01,    0.6617803908756247910361026E-01,    0.6688862542202540784064269E-01,   -0.7105863344629287370324278E-03,     -1.06%
   -0.3733333333333333392545228E+01,    0.6625282441781320252882637E-01,    0.6694436179708419809575304E-01,   -0.6915373792709955669266719E-03,     -1.03%
   -0.3731666666666666465346225E+01,    0.6632761187122553081518816E-01,    0.6700016619763449199354000E-01,   -0.6725543264089611783518308E-03,     -1.00%
   -0.3729999999999999982236432E+01,    0.6640240002102745786594085E-01,    0.6705603873156797123389339E-01,   -0.6536387105405133679525420E-03,     -0.97%
   -0.3728333333333333499126638E+01,    0.6647718744044694982875399E-01,    0.6711197950698420677806411E-01,   -0.6347920665372569493101196E-03,     -0.95%
   -0.3726666666666666571927635E+01,    0.6655197270271206999581182E-01,    0.6716798863219108906008614E-01,   -0.6160159294790190642743255E-03,     -0.92%
   -0.3725000000000000088817842E+01,    0.6662675438105078451478391E-01,    0.6722406621570521656483521E-01,   -0.5973118346544320500512981E-03,     -0.89%
   -0.3723333333333333605708049E+01,    0.6670153104869103177776424E-01,    0.6728021236625253420626791E-01,   -0.5786813175615024285036725E-03,     -0.86%
   -0.3721666666666666678509046E+01,    0.6677630127886090283251264E-01,    0.6733642719276866639432910E-01,   -0.5601259139077635618164663E-03,     -0.83%
   -0.3719999999999999751310042E+01,    0.6685106364478832219333526E-01,    0.6739271080439940275752519E-01,   -0.5416471596110805641899333E-03,     -0.80%
   -0.3718333333333333268200249E+01,    0.6692581671970128376347731E-01,    0.6744906331050119774328522E-01,   -0.5232465907999139798079113E-03,     -0.78%
   -0.3716666666666666785090456E+01,    0.6700055907682778144618396E-01,    0.6750548482064167021832191E-01,   -0.5049257438138887721379433E-03,     -0.75%
   -0.3714999999999999857891453E+01,    0.6707528928939587853363946E-01,    0.6756197544460003368005374E-01,   -0.4866861552041551464142799E-03,     -0.72%
   -0.3713333333333333374781660E+01,    0.6715000593063345790678653E-01,    0.6761853529236751259023919E-01,   -0.4685293617340546834526549E-03,     -0.69%
   -0.3711666666666666891671866E+01,    0.6722470757376856898002160E-01,    0.6767516447414798075321585E-01,   -0.4504569003794117731942492E-03,     -0.67%
   -0.3709999999999999964472863E+01,    0.6729939279202926116774108E-01,    0.6773186310035830826059566E-01,   -0.4324703083290470928545801E-03,     -0.64%
   -0.3708333333333333037273860E+01,    0.6737406015864341735088772E-01,    0.6778863128162881945826257E-01,   -0.4145711229854021073748527E-03,     -0.61%
   -0.3706666666666666998253277E+01,    0.6744870824683903143270669E-01,    0.6784546912880384805788481E-01,   -0.3967608819648166251781163E-03,     -0.58%
   -0.3705000000000000071054274E+01,    0.6752333562984420833874566E-01,    0.6790237675294229224842724E-01,   -0.3790411230980839096815771E-03,     -0.56%
   -0.3703333333333333143855270E+01,    0.6759794088088688646109858E-01,    0.6795935426531785061854407E-01,   -0.3614133844309641574454872E-03,     -0.53%
   -0.3701666666666666660745477E+01,    0.6767252257319501806964723E-01,    0.6801640177741972992375707E-01,   -0.3438792042247118541098416E-03,     -0.51%
   -0.3700000000000000177635684E+01,    0.6774707927999661094542461E-01,    0.6807351940095301978672637E-01,   -0.3264401209564088413017657E-03,     -0.48%
   -0.3698333333333333250436681E+01,    0.6782160957451970062503932E-01,    0.6813070724783926168655057E-01,   -0.3090976733195610615112514E-03,     -0.45%
   -0.3696666666666666767326888E+01,    0.6789611202999225325616095E-01,    0.6818796543021680978124976E-01,   -0.2918534002245565250888149E-03,     -0.43%
   -0.3695000000000000284217094E+01,    0.6797058521964224886424688E-01,    0.6824529406044144153042907E-01,   -0.2747088407991926661821935E-03,     -0.40%
   -0.3693333333333333357018091E+01,    0.6804502771669772298590573E-01,    0.6830269325108677402891288E-01,   -0.2576655343890510430071572E-03,     -0.38%
   -0.3691666666666666429819088E+01,    0.6811943809438662789101926E-01,    0.6836016311494477748489373E-01,   -0.2407250205581495938744752E-03,     -0.35%
   -0.3689999999999999946709295E+01,    0.6819381492593691584946924E-01,    0.6841770376502624706471778E-01,   -0.2238888390893312152485350E-03,     -0.33%
   -0.3688333333333333463599502E+01,    0.6826815678457667790901553E-01,    0.6847531531456133024882149E-01,   -0.2071585299846523398059617E-03,     -0.30%
   -0.3686666666666666536400498E+01,    0.6834246224353388021732769E-01,    0.6853299787700002643209274E-01,   -0.1905356334661462147650468E-03,     -0.28%
   -0.3685000000000000053290705E+01,    0.6841672987603646116649969E-01,    0.6859075156601258937971721E-01,   -0.1740216899761282132175211E-03,     -0.25%
   -0.3683333333333333570180912E+01,    0.6849095825531242853756453E-01,    0.6864857649549015172762978E-01,   -0.1576182401777231900652509E-03,     -0.23%
   -0.3681666666666666642981909E+01,    0.6856514595458983174491863E-01,    0.6870647277954516907172433E-01,   -0.1413268249553373268057044E-03,     -0.21%
   -0.3679999999999999715782906E+01,    0.6863929154709663693623156E-01,    0.6876444053251183630148802E-01,   -0.1251489854151993652564556E-03,     -0.18%
   -0.3678333333333333232673112E+01,    0.6871339360606079638138510E-01,    0.6882247986894671210045260E-01,   -0.1090862628859157190674978E-03,     -0.16%
   -0.3676666666666666749563319E+01,    0.6878745070471029010583663E-01,    0.6888059090362916303540430E-01,   -0.9314019891887292956766942E-04,     -0.14%
   -0.3674999999999999822364316E+01,    0.6886146141627323691292162E-01,    0.6893877375156190479010831E-01,   -0.7731233528866787718669684E-04,     -0.11%
   -0.3673333333333333339254523E+01,    0.6893542431397750580579498E-01,    0.6899702852797140462115522E-01,   -0.6160421399389881536023950E-04,     -0.09%
   -0.3671666666666666856144730E+01,    0.6900933797105113232106532E-01,    0.6905535534830849198062452E-01,   -0.4601737725735965955919937E-04,     -0.07%
   -0.3669999999999999928945726E+01,    0.6908320096072211036197785E-01,    0.6911375432824887199423358E-01,   -0.3055336752676163225572736E-04,     -0.04%
   -0.3668333333333333001746723E+01,    0.6915701185621843383177776E-01,    0.6917222558369350016160837E-01,   -0.1521372747506632983061081E-04,     -0.02%
   -0.3666666666666666962726140E+01,    0.6923076923076805500034681E-01,    0.6923076923076922073452266E-01,   -0.1165734175856414367444813E-14,      0.00%
   -0.3665000000000000035527137E+01,    0.6930447198403691388968184E-01,    0.6928938538582928019504692E-01,    0.1508659820763369463492154E-04,      0.02%
   -0.3663333333333333108328134E+01,    0.6937812032142814944180031E-01,    0.6934807416545371583360691E-01,    0.3004615597443360819340796E-04,      0.04%
   -0.3661666666666666625218340E+01,    0.6945171477478685739814779E-01,    0.6940683568644999412722285E-01,    0.4487908833686327092493684E-04,      0.06%
   -0.3660000000000000142108547E+01,    0.6952525587595613509872550E-01,    0.6946567006585344095093149E-01,    0.5958581010269414779401131E-04,      0.09%
   -0.3658333333333333214909544E+01,    0.6959874415677909376132249E-01,    0.6952457742092786607823740E-01,    0.7416673585122768308508512E-04,      0.11%
   -0.3656666666666666731799751E+01,    0.6967218014909876133700095E-01,    0.6958355786916589624802043E-01,    0.8862227993286508898052034E-04,      0.13%
   -0.3655000000000000248689958E+01,    0.6974556438475823516576213E-01,    0.6964261152828968293171386E-01,    0.1029528564685522340482748E-03,      0.15%
   -0.3653333333333333321490954E+01,    0.6981889739560062646539507E-01,    0.6970173851625134642251425E-01,    0.1171588793492800428808209E-03,      0.17%
   -0.3651666666666666394291951E+01,    0.6989217971346900482032538E-01,    0.6976093895123343380237912E-01,    0.1312407622355710179462562E-03,      0.19%
   -0.3649999999999999911182158E+01,    0.6996541187020639818161527E-01,    0.6982021295164950180911489E-01,    0.1451989185568963725003755E-03,      0.21%
   -0.3648333333333333428072365E+01,    0.7003859439765597327820501E-01,    0.6987956063614469970346477E-01,    0.1590337615112735747402439E-03,      0.23%
   -0.3646666666666666500873362E+01,    0.7011172782766075806115680E-01,    0.6993898212359617172495518E-01,    0.1727457040645863362016144E-03,      0.25%
   -0.3645000000000000017763568E+01,    0.7018481269206384987047187E-01,    0.6999847753311365383677156E-01,    0.1863351589501960337003084E-03,      0.27%
   -0.3643333333333333534653775E+01,    0.7025784952270829053500023E-01,    0.7005804698403998720390717E-01,    0.1998025386683033310930568E-03,      0.29%
   -0.3641666666666666607454772E+01,    0.7033083885143726066146996E-01,    0.7011769059595167330467547E-01,    0.2131482554855873567944968E-03,      0.30%
   -0.3639999999999999680255769E+01,    0.7040378121009374656757984E-01,    0.7017740848865934577549552E-01,    0.2263727214344007920843183E-03,      0.32%
   -0.3638333333333333641235185E+01,    0.7047667713052083171554330E-01,    0.7023720078220828388904096E-01,    0.2394763483125478265023389E-03,      0.34%
   -0.3636666666666666714036182E+01,    0.7054952714456166895651279E-01,    0.7029706759687912032141810E-01,    0.2524595476825486350946903E-03,      0.36%
   -0.3634999999999999786837179E+01,    0.7062233178405931399712614E-01,    0.7035700905318814646349779E-01,    0.2653227308711675336283520E-03,      0.38%
   -0.3633333333333333303727386E+01,    0.7069509158085678091065773E-01,    0.7041702527188796467694232E-01,    0.2780663089688162337154154E-03,      0.39%
   -0.3631666666666666820617593E+01,    0.7076780706679723642604785E-01,    0.7047711637396801565014215E-01,    0.2906906928292207759056964E-03,      0.41%
   -0.3629999999999999893418590E+01,    0.7084047877372370849435868E-01,    0.7053728248065514738751602E-01,    0.3031962930685611068426510E-03,      0.43%
   -0.3628333333333333410308796E+01,    0.7091310723347930833337927E-01,    0.7059752371341405929872082E-01,    0.3155835200652490346584500E-03,      0.45%
   -0.3626666666666666927199003E+01,    0.7098569297790709164974743E-01,    0.7065784019394791282131507E-01,    0.3278527839591788284323570E-03,      0.46%
   -0.3625000000000000000000000E+01,    0.7105823653885018353904002E-01,    0.7071823204419890041005914E-01,    0.3400044946512831289808787E-03,      0.48%
   -0.3623333333333333072800997E+01,    0.7113073844815163970789484E-01,    0.7077869938634868962612501E-01,    0.3520390618029500817698363E-03,      0.50%
   -0.3621666666666666589691204E+01,    0.7120319923765452974073753E-01,    0.7083924234281903375975986E-01,    0.3639568948354959809776688E-03,      0.51%
   -0.3620000000000000106581410E+01,    0.7127561943920193709978150E-01,    0.7089986103627236857516181E-01,    0.3757584029295685246196967E-03,      0.53%
   -0.3618333333333333179382407E+01,    0.7134799958463694524724019E-01,    0.7096055558961225639968973E-01,    0.3874439950246888475504647E-03,      0.55%
   -0.3616666666666666696272614E+01,    0.7142034020580267927869045E-01,    0.7102132612598394123537560E-01,    0.3990140798187380433148519E-03,      0.56%
   -0.3615000000000000213162821E+01,    0.7149264183454212551183105E-01,    0.7108217276877501489273925E-01,    0.4104690657671106190917953E-03,      0.58%
   -0.3613333333333333285963818E+01,    0.7156490500269846455339007E-01,    0.7114309564161586107999824E-01,    0.4218093610826034733918277E-03,      0.59%
   -0.3611666666666666358764815E+01,    0.7163713024211475211000533E-01,    0.7120409486838022439236795E-01,    0.4330353737345277176373770E-03,      0.61%
   -0.3610000000000000319744231E+01,    0.7170931808463396062158779E-01,    0.7126517057318576542357391E-01,    0.4441475114481951980138774E-03,      0.62%
   -0.3608333333333333392545228E+01,    0.7178146906209935396159239E-01,    0.7132632288039467138851535E-01,    0.4551461817046825730770365E-03,      0.64%
   -0.3606666666666666465346225E+01,    0.7185358370635390456993008E-01,    0.7138755191461414184583845E-01,    0.4660317917397627240916336E-03,      0.65%
   -0.3604999999999999982236432E+01,    0.7192566254924070978660211E-01,    0.7144885780069698544281209E-01,    0.4768047485437243437900179E-03,      0.67%
   -0.3603333333333333499126638E+01,    0.7199770612260283919603410E-01,    0.7151024066374216114905238E-01,    0.4874654588606780469817181E-03,      0.68%
   -0.3601666666666666571927635E+01,    0.7206971495828343177159070E-01,    0.7157170062909537500139834E-01,    0.4980143291880567701923610E-03,      0.70%
   -0.3600000000000000088817842E+01,    0.7214168958812548770875850E-01,    0.7163323782234956582648522E-01,    0.5084517657759218822732805E-03,      0.71%
   -0.3598333333333333605708049E+01,    0.7221363054397213210311435E-01,    0.7169485236934558525234706E-01,    0.5187781746265468507672836E-03,      0.72%
   -0.3596666666666666678509046E+01,    0.7228553835766646229465948E-01,    0.7175654439617265567541438E-01,    0.5289939614938066192451060E-03,      0.74%
   -0.3594999999999999751310042E+01,    0.7235741356105154786781952E-01,    0.7181831402916902251654108E-01,    0.5390995318825253512784457E-03,      0.75%
   -0.3593333333333333268200249E+01,    0.7242925668597043065144447E-01,    0.7188016139492238443242655E-01,    0.5490952910480462190179196E-03,      0.76%
   -0.3591666666666666785090456E+01,    0.7250106826426623574111119E-01,    0.7194208662027067047173290E-01,    0.5589816439955652693782895E-03,      0.78%
   -0.3589999999999999857891453E+01,    0.7257284882778204659903309E-01,    0.7200408983230247028650695E-01,    0.5687589954795763125261487E-03,      0.79%
   -0.3588333333333333374781660E+01,    0.7264459890836089117627239E-01,    0.7206617115835760312148039E-01,    0.5784277500032880547919945E-03,      0.80%
   -0.3586666666666666891671866E+01,    0.7271631903784590844619373E-01,    0.7212833072602774231452116E-01,    0.5879883118181661316725695E-03,      0.82%
   -0.3584999999999999964472863E+01,    0.7278800974808016799322274E-01,    0.7219056866315701204150912E-01,    0.5974410849231559517136247E-03,      0.83%
   -0.3583333333333333037273860E+01,    0.7285967157090678103514847E-01,    0.7225288509784245916112155E-01,    0.6067864730643218740269162E-03,      0.84%
   -0.3581666666666666998253277E+01,    0.7293130503816872001188187E-01,    0.7231528015843473322643575E-01,    0.6160248797339867854461204E-03,      0.85%
   -0.3580000000000000071054274E+01,    0.7300291068170919328572666E-01,    0.7237775397353869710759255E-01,    0.6251567081704961781341012E-03,      0.86%
   -0.3578333333333333143855270E+01,    0.7307448903337121492995720E-01,    0.7244030667201384332543057E-01,    0.6341823613573716045266337E-03,      0.88%
   -0.3576666666666666660745477E+01,    0.7314604062499786840678695E-01,    0.7250293838297501569645220E-01,    0.6431022420228527103347460E-03,      0.89%
   -0.3575000000000000177635684E+01,    0.7321756598843223717842932E-01,    0.7256564923579300607769937E-01,    0.6519167526392311007299440E-03,      0.90%
   -0.3573333333333333250436681E+01,    0.7328906565551744634046116E-01,    0.7262843936009502621153899E-01,    0.6606262954224201289221696E-03,      0.91%
   -0.3571666666666666767326888E+01,    0.7336054015809652384394468E-01,    0.7269130888576540161505335E-01,    0.6692312723311222288913314E-03,      0.92%
   -0.3570000000000000284217094E+01,    0.7343199002801255315109330E-01,    0.7275425794294609893597681E-01,    0.6777320850664542151164937E-03,      0.93%
   -0.3568333333333333357018091E+01,    0.7350341579710867323527168E-01,    0.7281728666203737820872277E-01,    0.6861291350712950265489098E-03,      0.94%
   -0.3566666666666666429819088E+01,    0.7357481799722789816975421E-01,    0.7288039517369827857695697E-01,    0.6944228235296195927972462E-03,      0.95%
   -0.3564999999999999946709295E+01,    0.7364619716021335305011775E-01,    0.7294358360884732606077563E-01,    0.7026135513660269893421173E-03,      0.96%
   -0.3563333333333333463599502E+01,    0.7371755381790806582742448E-01,    0.7300685209866307479043002E-01,    0.7107017192449910369944632E-03,      0.97%
   -0.3561666666666666536400498E+01,    0.7378888850215521710840250E-01,    0.7307020077458473150677776E-01,    0.7186877275704856016247390E-03,      0.98%
   -0.3560000000000000053290705E+01,    0.7386020174479777933296276E-01,    0.7313362976831265516164393E-01,    0.7265719764851241713188301E-03,      0.99%
   -0.3558333333333333570180912E+01,    0.7393149407767887759668213E-01,    0.7319713921180913407393831E-01,    0.7343548658697435227438177E-03,      1.00%
   -0.3556666666666666642981909E+01,    0.7400276603264162311734964E-01,    0.7326072923729883001886520E-01,    0.7420367953427930984844352E-03,      1.01%
   -0.3554999999999999715782906E+01,    0.7407401814152908547939091E-01,    0.7332439997726944436173824E-01,    0.7496181642596411176526772E-03,      1.02%
   -0.3553333333333333232673112E+01,    0.7414525093618427875608035E-01,    0.7338815156447231480285609E-01,    0.7570993717119639532242559E-03,      1.03%
   -0.3551666666666666749563319E+01,    0.7421646494845035579857040E-01,    0.7345198413192302600016603E-01,    0.7644808165273297984043666E-03,      1.04%
   -0.3549999999999999822364316E+01,    0.7428766071017040006907450E-01,    0.7351589781290204794750309E-01,    0.7717628972683521215714109E-03,      1.05%
   -0.3548333333333333339254523E+01,    0.7435883875318745339644266E-01,    0.7357989274095524945273894E-01,    0.7789460122322039437037233E-03,      1.06%
   -0.3546666666666666856144730E+01,    0.7442999960934461312067612E-01,    0.7364396904989460590496009E-01,    0.7860305594500072157160275E-03,      1.07%
   -0.3544999999999999928945726E+01,    0.7450114381048497658177610E-01,    0.7370812687379879601934363E-01,    0.7930169366861805624324688E-03,      1.08%
   -0.3543333333333333001746723E+01,    0.7457227188845162724195603E-01,    0.7377236634701374307088173E-01,    0.7999055414378841710743018E-03,      1.08%
   -0.3541666666666666962726140E+01,    0.7464338437508759305227812E-01,    0.7383668760415329490598424E-01,    0.8066967709342981462938837E-03,      1.09%
   -0.3540000000000000035527137E+01,    0.7471448180223601298610703E-01,    0.7390109078009990395408124E-01,    0.8133910221361090320257858E-03,      1.10%
   -0.3538333333333333108328134E+01,    0.7478556470173997050565617E-01,    0.7396557601000508519462073E-01,    0.8199886917348853110354412E-03,      1.11%
   -0.3536666666666666625218340E+01,    0.7485663360544250743977557E-01,    0.7403014342929011004645901E-01,    0.8264901761523973933165621E-03,      1.12%
   -0.3535000000000000142108547E+01,    0.7492768904518672112846644E-01,    0.7409479317364670025725104E-01,    0.8328958715400208712154040E-03,      1.12%
   -0.3533333333333333214909544E+01,    0.7499873155281569503394223E-01,    0.7415952537903758301496282E-01,    0.8392061737781120189794137E-03,      1.13%
   -0.3531666666666666731799751E+01,    0.7506976166017251261841636E-01,    0.7422434018169705993717145E-01,    0.8454214784754526812449171E-03,      1.14%
   -0.3530000000000000248689958E+01,    0.7514077989910025734410226E-01,    0.7428923771813175647160676E-01,    0.8515421809685008724954969E-03,      1.15%
   -0.3528333333333333321490954E+01,    0.7521178680144201267321336E-01,    0.7435421812512121864102710E-01,    0.8575686763207940321862566E-03,      1.15%
   -0.3526666666666666394291951E+01,    0.7528278289904083431238746E-01,    0.7441928153971841264358034E-01,    0.8635013593224216688071238E-03,      1.16%
   -0.3524999999999999911182158E+01,    0.7535376872373984735720143E-01,    0.7448442809925050200892116E-01,    0.8693406244893453482802670E-03,      1.17%
   -0.3523333333333333428072365E+01,    0.7542474480738210751429307E-01,    0.7454965794131948597645021E-01,    0.8750868660626215378428583E-03,      1.17%
   -0.3521666666666666500873362E+01,    0.7549571168181067049030020E-01,    0.7461497120380271297346297E-01,    0.8807404780079575168372230E-03,      1.18%
   -0.3520000000000000017763568E+01,    0.7556666987886868913637528E-01,    0.7468036802485363001569141E-01,    0.8863018540150591206838726E-03,      1.19%
   -0.3518333333333333534653775E+01,    0.7563761993039917752579271E-01,    0.7474584854290233781881625E-01,    0.8917713874968397069764592E-03,      1.19%
   -0.3516666666666666607454772E+01,    0.7570856236824524687634153E-01,    0.7481141289665635407679645E-01,    0.8971494715888927995450786E-03,      1.20%
   -0.3514999999999999680255769E+01,    0.7577949772424999452802297E-01,    0.7487706122510105755107901E-01,    0.9024364991489369769439577E-03,      1.21%
   -0.3513333333333333641235185E+01,    0.7585042653025642067632361E-01,    0.7494279366750046522671624E-01,    0.9076328627559554496073702E-03,      1.21%
   -0.3511666666666666714036182E+01,    0.7592134931810773368354717E-01,    0.7500861036339796783511957E-01,    0.9127389547097658484275939E-03,      1.22%
   -0.3509999999999999786837179E+01,    0.7599226661964691986739240E-01,    0.7507451145261673230990596E-01,    0.9177551670301875574864425E-03,      1.22%
   -0.3508333333333333303727386E+01,    0.7606317896671709044564835E-01,    0.7514049707526052057637855E-01,    0.9226818914565698692697993E-03,      1.23%
   -0.3506666666666666820617593E+01,    0.7613408689116131500274065E-01,    0.7520656737171430017419027E-01,    0.9275195194470148285503797E-03,      1.23%
   -0.3504999999999999893418590E+01,    0.7620499092482271863424614E-01,    0.7527272248264493814673415E-01,    0.9322684421777804875119955E-03,      1.24%
   -0.3503333333333333410308796E+01,    0.7627589159954431541343922E-01,    0.7533896254900171451929225E-01,    0.9369290505426008941469718E-03,      1.24%
   -0.3501666666666666927199003E+01,    0.7634678944716921655810893E-01,    0.7540528771201714108851633E-01,    0.9415017351520754695926030E-03,      1.25%
   -0.3500000000000000000000000E+01,    0.7641768499954053328604431E-01,    0.7547169811320754428951574E-01,    0.9459868863329889965285702E-03,      1.25%
   -0.3498333333333333072800997E+01,    0.7648857878850132130388317E-01,    0.7553819389437368969630882E-01,    0.9503848941276316075743580E-03,      1.26%
   -0.3496666666666666589691204E+01,    0.7655947134589465019605115E-01,    0.7560477519760148978900105E-01,    0.9546961482931604070500953E-03,      1.26%
   -0.3495000000000000106581410E+01,    0.7663036320356360342476165E-01,    0.7567144216526264233202426E-01,    0.9589210383009610927373956E-03,      1.27%
   -0.3493333333333333179382407E+01,    0.7670125489335129220780374E-01,    0.7573819494001536589689039E-01,    0.9630599533359263109133508E-03,      1.27%
   -0.3491666666666666696272614E+01,    0.7677214694710078612960302E-01,    0.7580503366480487170697700E-01,    0.9671132822959144226260264E-03,      1.28%
   -0.3490000000000000213162821E+01,    0.7684303989665512701900951E-01,    0.7587195848286430732709817E-01,    0.9710814137908196919113379E-03,      1.28%
   -0.3488333333333333285963818E+01,    0.7691393427385745384938787E-01,    0.7593896953771520075271440E-01,    0.9749647361422530966734712E-03,      1.28%
   -0.3486666666666666358764815E+01,    0.7698483061055083620516371E-01,    0.7600606697316818205489852E-01,    0.9787636373826541502651821E-03,      1.29%
   -0.3485000000000000319744231E+01,    0.7705572943857828815961142E-01,    0.7607325093332369114751401E-01,    0.9824785052545970120974062E-03,      1.29%
   -0.3483333333333333392545228E+01,    0.7712663128978299031945909E-01,    0.7614052156257269943218091E-01,    0.9861097272102908872781768E-03,      1.30%
   -0.3481666666666666465346225E+01,    0.7719753669600798451355672E-01,    0.7620787900559726490978818E-01,    0.9896576904107196037685412E-03,      1.30%
   -0.3479999999999999982236432E+01,    0.7726844618909632644854213E-01,    0.7627532340737123994767188E-01,    0.9931227817250865008702476E-03,      1.30%
   -0.3478333333333333499126638E+01,    0.7733936030089111346441655E-01,    0.7634285491316104843573243E-01,    0.9965053877300650286841233E-03,      1.31%
   -0.3476666666666666571927635E+01,    0.7741027956323544290118122E-01,    0.7641047366852628253131030E-01,    0.9998058947091603698709150E-03,      1.31%
   -0.3475000000000000088817842E+01,    0.7748120450797238434326175E-01,    0.7647817981932029940406181E-01,    0.1003024688652084939199938E-02,      1.31%
   -0.3473333333333333605708049E+01,    0.7755213566694499349729597E-01,    0.7654597351169110941437879E-01,    0.1006162155253884082917182E-02,      1.31%
   -0.3471666666666666678509046E+01,    0.7762307357199640933664853E-01,    0.7661385489208193122490087E-01,    0.1009218679914478111747655E-02,      1.32%
   -0.3469999999999999751310042E+01,    0.7769401875496968756795724E-01,    0.7668182410723187181211813E-01,    0.1012194647737815755839108E-02,      1.32%
   -0.3468333333333333268200249E+01,    0.7776497174770788389785992E-01,    0.7674988130417662035576143E-01,    0.1015090443531263542098486E-02,      1.32%
   -0.3466666666666666785090456E+01,    0.7783593308205409566635780E-01,    0.7681802663024922539491968E-01,    0.1017906451804870271438119E-02,      1.33%
   -0.3464999999999999857891453E+01,    0.7790690328985143409123992E-01,    0.7688626023308070545070336E-01,    0.1020643056770728640536561E-02,      1.33%
   -0.3463333333333333374781660E+01,    0.7797788290294292712356850E-01,    0.7695458226060071516005934E-01,    0.1023300642342211963509158E-02,      1.33%
   -0.3461666666666666891671866E+01,    0.7804887245317168598113255E-01,    0.7702299286103830855410024E-01,    0.1025879592133377427032315E-02,      1.33%
   -0.3459999999999999964472863E+01,    0.7811987247238082188172115E-01,    0.7709149218292268845864612E-01,    0.1028380289458133423075026E-02,      1.33%
   -0.3458333333333333037273860E+01,    0.7819088349241337665418428E-01,    0.7716008037508373385016114E-01,    0.1030803117329642804023138E-02,      1.34%
   -0.3456666666666666998253277E+01,    0.7826190604511240600515976E-01,    0.7722875758665279088965860E-01,    0.1033148458459615115501151E-02,      1.34%
   -0.3455000000000000071054274E+01,    0.7833294066232103503022444E-01,    0.7729752396706351946775726E-01,    0.1035416695257515562467177E-02,      1.34%
   -0.3453333333333333143855270E+01,    0.7840398787588237494716736E-01,    0.7736637966605232341610332E-01,    0.1037608209830051531064044E-02,      1.34%
   -0.3451666666666666660745477E+01,    0.7847504821763941207368731E-01,    0.7743532483365923868579017E-01,    0.1039723383980173387897139E-02,      1.34%
   -0.3450000000000000177635684E+01,    0.7854612221943529926093674E-01,    0.7750435962022862723674876E-01,    0.1041762599206672024187981E-02,      1.34%
   -0.3448333333333333250436681E+01,    0.7861721041311313384891690E-01,    0.7757348417640987092713800E-01,    0.1043726236703262921778901E-02,      1.35%
   -0.3446666666666666767326888E+01,    0.7868831333051592991090217E-01,    0.7764269865315798213600829E-01,    0.1045614677357947774893887E-02,      1.35%
   -0.3445000000000000284217094E+01,    0.7875943150348682642025722E-01,    0.7771200320173451969729683E-01,    0.1047428301752306722960384E-02,      1.35%
   -0.3443333333333333357018091E+01,    0.7883056546386887908361985E-01,    0.7778139797370815788912779E-01,    0.1049167490160721194492055E-02,      1.35%
   -0.3441666666666666429819088E+01,    0.7890171574350518524099130E-01,    0.7785088312095540807877825E-01,    0.1050832622549777162213047E-02,      1.35%
   -0.3439999999999999946709295E+01,    0.7897288287423878672122157E-01,    0.7792045879566139587879547E-01,    0.1052424078577390842426098E-02,      1.35%
   -0.3438333333333333463599502E+01,    0.7904406738791279474209972E-01,    0.7799012515032054115859950E-01,    0.1053942237592253583500224E-02,      1.35%
   -0.3436666666666666536400498E+01,    0.7911526981637030664362698E-01,    0.7805988233773736295617596E-01,    0.1055387478632943687451018E-02,      1.35%
   -0.3435000000000000053290705E+01,    0.7918649069145437813244115E-01,    0.7812973051102703458958842E-01,    0.1056760180427343542852725E-02,      1.35%
   -0.3433333333333333570180912E+01,    0.7925773054500807879296786E-01,    0.7819966982361628571318590E-01,    0.1058060721391793079781962E-02,      1.35%
   -0.3431666666666666642981909E+01,    0.7932898990887454759857178E-01,    0.7826970042924408232920541E-01,    0.1059289479630465269366368E-02,      1.35%
   -0.3429999999999999715782906E+01,    0.7940026931489679862252729E-01,    0.7833982248196227904379896E-01,    0.1060446832934519578728327E-02,      1.35%
   -0.3428333333333333232673112E+01,    0.7947156929491795696041123E-01,    0.7841003613613638234536296E-01,    0.1061533158781574615048271E-02,      1.35%
   -0.3426666666666666749563319E+01,    0.7954289038078107831886143E-01,    0.7848034154644639714959453E-01,    0.1062548834334681169266901E-02,      1.35%
   -0.3424999999999999822364316E+01,    0.7961423310432928779345474E-01,    0.7855073886788749293330625E-01,    0.1063494236441794860148491E-02,      1.35%
   -0.3423333333333333339254523E+01,    0.7968559799740559945746554E-01,    0.7862122825577058660151408E-01,    0.1064369741635012855951459E-02,      1.35%
   -0.3421666666666666856144730E+01,    0.7975698559185313840647069E-01,    0.7869180986572334168815956E-01,    0.1065175726129796718311127E-02,      1.35%
   -0.3419999999999999928945726E+01,    0.7982839641951500198047142E-01,    0.7876248385369082061213675E-01,    0.1065912565824181368334678E-02,      1.35%
   -0.3418333333333333001746723E+01,    0.7989983101223423200831775E-01,    0.7883325037593608142216794E-01,    0.1066580636298150586149802E-02,      1.35%
   -0.3416666666666666962726140E+01,    0.7997128990185389807443528E-01,    0.7890410958904109373079905E-01,    0.1067180312812804343636230E-02,      1.35%
   -0.3415000000000000035527137E+01,    0.8004277362021711139661306E-01,    0.7897506164990750199272895E-01,    0.1067711970309609403884110E-02,      1.35%
   -0.3413333333333333108328134E+01,    0.8011428269916699707042795E-01,    0.7904610671575723612747311E-01,    0.1068175983409760942954847E-02,      1.35%
   -0.3411666666666666625218340E+01,    0.8018581767054655529136653E-01,    0.7911724494413334418663197E-01,    0.1068572726413211104734557E-02,      1.35%
   -0.3410000000000000142108547E+01,    0.8025737906619889727721784E-01,    0.7918847649290074175443266E-01,    0.1068902573298155522785180E-02,      1.35%
   -0.3408333333333333214909544E+01,    0.8032896741796713424577092E-01,    0.7925980152024703073720957E-01,    0.1069165897720103508561351E-02,      1.35%
   -0.3406666666666666731799751E+01,    0.8040058325769430802587578E-01,    0.7933122018468306835270454E-01,    0.1069363073011239673171247E-02,      1.35%
   -0.3405000000000000248689958E+01,    0.8047222711722350207974586E-01,    0.7940273264504396633078898E-01,    0.1069494472179535748956880E-02,      1.35%
   -0.3403333333333333321490954E+01,    0.8054389952839785538074580E-01,    0.7947433906048968765833962E-01,    0.1069560467908167722406176E-02,      1.35%
   -0.3401666666666666394291951E+01,    0.8061560102306039587993780E-01,    0.7954603959050583761314357E-01,    0.1069561432554558266794231E-02,      1.34%
   -0.3399999999999999911182158E+01,    0.8068733213305416540617188E-01,    0.7961783439490446867559115E-01,    0.1069497738149696730580729E-02,      1.34%
   -0.3398333333333333428072365E+01,    0.8075909339022233068838830E-01,    0.7968972363382482992921751E-01,    0.1069369756397500759170782E-02,      1.34%
   -0.3396666666666666500873362E+01,    0.8083088532640794743322488E-01,    0.7976170746773418585018334E-01,    0.1069177858673761583041539E-02,      1.34%
   -0.3395000000000000017763568E+01,    0.8090270847345407134731943E-01,    0.7983378605742842692993833E-01,    0.1068922416025644417381102E-02,      1.34%
   -0.3393333333333333534653775E+01,    0.8097456336320377201509757E-01,    0.7990595956403306887594340E-01,    0.1068603799170703139154170E-02,      1.34%
   -0.3391666666666666607454772E+01,    0.8104645052750018840992396E-01,    0.7997822814900387711212204E-01,    0.1068222378496311297801924E-02,      1.34%
   -0.3389999999999999680255769E+01,    0.8111837049818640399401204E-01,    0.8005059197412767169055314E-01,    0.1067778524058732303458896E-02,      1.33%
   -0.3388333333333333641235185E+01,    0.8119032380710539120727276E-01,    0.8012305120152303505864921E-01,    0.1067272605582356148623546E-02,      1.33%
   -0.3386666666666666714036182E+01,    0.8126231098610035841200983E-01,    0.8019560599364136677102977E-01,    0.1066704992458991640980059E-02,      1.33%
   -0.3384999999999999786837179E+01,    0.8133433256701434743707324E-01,    0.8026825651326734145651898E-01,    0.1066076053747005980554263E-02,      1.33%
   -0.3383333333333333303727386E+01,    0.8140638908169038623352520E-01,    0.8034100292351982475214101E-01,    0.1065386158170561481384198E-02,      1.33%
   -0.3381666666666666820617593E+01,    0.8147848106197162765251818E-01,    0.8041384538785273372596407E-01,    0.1064635674118893926554108E-02,      1.32%
   -0.3379999999999999893418590E+01,    0.8155060903970112740068998E-01,    0.8048678407005570301091524E-01,    0.1063824969645424389774746E-02,      1.32%
   -0.3378333333333333410308796E+01,    0.8162277354672192730689062E-01,    0.8055981913425495910541230E-01,    0.1062954412466968201478323E-02,      1.32%
   -0.3376666666666666927199003E+01,    0.8169497511487716634448475E-01,    0.8063295074491406977390540E-01,    0.1062024369963096570579353E-02,      1.32%
   -0.3375000000000000000000000E+01,    0.8176721427600994185347361E-01,    0.8070617906683480446972112E-01,    0.1061035209175137383752485E-02,      1.31%
   -0.3373333333333333072800997E+01,    0.8183949156196326790713158E-01,    0.8077950426515782822445289E-01,    0.1059987296805439682678696E-02,      1.31%
   -0.3371666666666666589691204E+01,    0.8191180750458025572324772E-01,    0.8085292650536357594859282E-01,    0.1058880999216679774654892E-02,      1.31%
   -0.3370000000000000106581410E+01,    0.8198416263570397488624764E-01,    0.8092644595327305734322465E-01,    0.1057716682430917543022986E-02,      1.31%
   -0.3368333333333333179382407E+01,    0.8205655748717756436949600E-01,    0.8100006277504866181171650E-01,    0.1056494712128902557779497E-02,      1.30%
   -0.3366666666666666696272614E+01,    0.8212899259084402436847938E-01,    0.8107377713719483847132352E-01,    0.1055215453649185897155860E-02,      1.30%
   -0.3365000000000000213162821E+01,    0.8220146847854646610098683E-01,    0.8114758920655915086506127E-01,    0.1053879271987315235925564E-02,      1.30%
   -0.3363333333333333285963818E+01,    0.8227398568212798690701959E-01,    0.8122149915033287370658144E-01,    0.1052486531795113200438152E-02,      1.30%
   -0.3361666666666666358764815E+01,    0.8234654473343169800436669E-01,    0.8129550713605188105859156E-01,    0.1051037597379816945775133E-02,      1.29%
   -0.3360000000000000319744231E+01,    0.8241914616430057183293911E-01,    0.8136961333159743736676006E-01,    0.1049532832703134466179051E-02,      1.29%
   -0.3358333333333333392545228E+01,    0.8249179050657781675504054E-01,    0.8144381790519712727149937E-01,    0.1047972601380689483541175E-02,      1.29%
   -0.3356666666666666465346225E+01,    0.8256447829210643296615757E-01,    0.8151812102542550786399289E-01,    0.1046357266680925102164679E-02,      1.28%
   -0.3354999999999999982236432E+01,    0.8263721005272954556186704E-01,    0.8159252286120501074240252E-01,    0.1044687191524534819464520E-02,      1.28%
   -0.3353333333333333499126638E+01,    0.8270998632029018249323116E-01,    0.8166702358180674692356149E-01,    0.1042962738483435569669666E-02,      1.28%
   -0.3351666666666666571927635E+01,    0.8278280762663148273361458E-01,    0.8174162335685146441033311E-01,    0.1041184269780018323281467E-02,      1.27%
   -0.3350000000000000088817842E+01,    0.8285567450359650198965511E-01,    0.8181632235631008942533526E-01,    0.1039352147286412564319846E-02,      1.27%
   -0.3348333333333333605708049E+01,    0.8292858748302830984577838E-01,    0.8189112075050480887838944E-01,    0.1037466732523500967388941E-02,      1.27%
   -0.3346666666666666678509046E+01,    0.8300154709677003139756124E-01,    0.8196601871010986140042576E-01,    0.1035528386660169997135483E-02,      1.26%
   -0.3344999999999999751310042E+01,    0.8307455387666470847385369E-01,    0.8204101640615225898844898E-01,    0.1033537470512449485404716E-02,      1.26%
   -0.3343333333333333268200249E+01,    0.8314760835455543841465698E-01,    0.8211611401001270293953382E-01,    0.1031494344542735475123152E-02,      1.26%
   -0.3341666666666666785090456E+01,    0.8322071106228527692660890E-01,    0.8219131169342640264030564E-01,    0.1029399368858874286303262E-02,      1.25%
   -0.3339999999999999857891453E+01,    0.8329386253169733522749851E-01,    0.8226660962848399150093570E-01,    0.1027252903213343726562812E-02,      1.25%
   -0.3338333333333333374781660E+01,    0.8336706329463466902396362E-01,    0.8234200798763223472231942E-01,    0.1025055307002434301644200E-02,      1.24%
   -0.3336666666666666891671866E+01,    0.8344031388294040341158109E-01,    0.8241750694367494523007167E-01,    0.1022806939265458181509416E-02,      1.24%
   -0.3334999999999999964472863E+01,    0.8351361482845759409698871E-01,    0.8249310666977389960852207E-01,    0.1020508158683694488466642E-02,      1.24%
   -0.3333333333333333037273860E+01,    0.8358696666302932454239993E-01,    0.8256880733944955974568103E-01,    0.1018159323579764796718905E-02,      1.23%
   -0.3331666666666666998253277E+01,    0.8366036991849862269887694E-01,    0.8264460912658191937829599E-01,    0.1015760791916703320580950E-02,      1.23%
   -0.3330000000000000071054274E+01,    0.8373382512670868305093563E-01,    0.8272051220541157268151267E-01,    0.1013312921297110369422967E-02,      1.22%
   -0.3328333333333333143855270E+01,    0.8380733281950249191627478E-01,    0.8279651675054031101375074E-01,    0.1010816068962180902524040E-02,      1.22%
   -0.3326666666666666660745477E+01,    0.8388089352872317439047123E-01,    0.8287262293693209436185043E-01,    0.1008270591791080028620797E-02,      1.22%
   -0.3325000000000000177635684E+01,    0.8395450778621378618016280E-01,    0.8294883093991393951949220E-01,    0.1005676846299846660670596E-02,      1.21%
   -0.3323333333333333250436681E+01,    0.8402817612381743850313853E-01,    0.8302514093517673887667740E-01,    0.1003035188640699626461128E-02,      1.21%
   -0.3321666666666666767326888E+01,    0.8410189907337718706603624E-01,    0.8310155309877610696478456E-01,    0.1000345974601080101251682E-02,      1.20%
   -0.3320000000000000284217094E+01,    0.8417567716673612920885716E-01,    0.8317806760713333802392810E-01,    0.9976095596027911849290604E-03,      1.20%
   -0.3318333333333333357018091E+01,    0.8424951093573733451602692E-01,    0.8325468463703616928128781E-01,    0.9948262987011652347391077E-03,      1.19%
   -0.3316666666666666429819088E+01,    0.8432340091222391420533455E-01,    0.8333140436563969688510412E-01,    0.9919965465842173202304366E-03,      1.19%
   -0.3314999999999999946709295E+01,    0.8439734762803888235005445E-01,    0.8340822697046723632752219E-01,    0.9891206575716460225322635E-03,      1.19%
   -0.3313333333333333463599502E+01,    0.8447135161502539180133908E-01,    0.8348515262941125225637506E-01,    0.9861989856141395449640186E-03,      1.18%
   -0.3311666666666666536400498E+01,    0.8454541340502649826582626E-01,    0.8356218152073421889802773E-01,    0.9832318842922793677985283E-03,      1.18%
   -0.3310000000000000053290705E+01,    0.8461953352988525745015380E-01,    0.8363931382306938333570656E-01,    0.9802197068158741144472401E-03,      1.17%
   -0.3308333333333333570180912E+01,    0.8469371252144482220547417E-01,    0.8371654971542186185473611E-01,    0.9771628060229603507380602E-03,      1.17%
   -0.3306666666666666642981909E+01,    0.8476795091154819272727394E-01,    0.8379388937716933383192952E-01,    0.9740615343788588953444219E-03,      1.16%
   -0.3304999999999999715782906E+01,    0.8484224923203850798891779E-01,    0.8387133298806302705852289E-01,    0.9709162439754809303948946E-03,      1.16%
   -0.3303333333333333232673112E+01,    0.8491660801475879594146789E-01,    0.8394888072822856428523153E-01,    0.9677272865302316562363671E-03,      1.15%
   -0.3301666666666666749563319E+01,    0.8499102779155215392492551E-01,    0.8402653277816692078960870E-01,    0.9644950133852331353168097E-03,      1.15%
   -0.3299999999999999822364316E+01,    0.8506550909426173479044309E-01,    0.8410428931875527092110190E-01,    0.9612197755064638693411894E-03,      1.14%
   -0.3298333333333333339254523E+01,    0.8514005245473052485571941E-01,    0.8418215053124783464610914E-01,    0.9579019234826902096102685E-03,      1.14%
   -0.3296666666666666856144730E+01,    0.8521465840480163533854352E-01,    0.8426011659727689062648892E-01,    0.9545418075247447120545985E-03,      1.13%
   -0.3294999999999999928945726E+01,    0.8528932747631820521228008E-01,    0.8433818769885363664240430E-01,    0.9511397774645685698757802E-03,      1.13%
   -0.3293333333333333001746723E+01,    0.8536406020112323467241566E-01,    0.8441636401836900838180355E-01,    0.9476961827542262906121096E-03,      1.12%
   -0.3291666666666666962726140E+01,    0.8543885711105980718116371E-01,    0.8449464573859467864114237E-01,    0.9442113724651285400213396E-03,      1.12%
   -0.3290000000000000035527137E+01,    0.8551371873797107558967667E-01,    0.8457303304268401489274254E-01,    0.9406856952870606969341338E-03,      1.11%
   -0.3288333333333333108328134E+01,    0.8558864561370006784901676E-01,    0.8465152611417281480754582E-01,    0.9371194995272530414709422E-03,      1.11%
   -0.3286666666666666625218340E+01,    0.8566363827008986742139740E-01,    0.8473012513698037484477510E-01,    0.9335131331094925766223014E-03,      1.10%
   -0.3285000000000000142108547E+01,    0.8573869723898357164681983E-01,    0.8480883029541035067477850E-01,    0.9298669435732209720413266E-03,      1.10%
   -0.3283333333333333214909544E+01,    0.8581382305222426398749747E-01,    0.8488764177415172862417592E-01,    0.9261812780725353633215491E-03,      1.09%
   -0.3281666666666666731799751E+01,    0.8588901624165501402785594E-01,    0.8496655975827957507640065E-01,    0.9224564833754389514552940E-03,      1.09%
   -0.3280000000000000248689958E+01,    0.8596427733911889135232087E-01,    0.8504558443325621608366305E-01,    0.9186929058626752686578243E-03,      1.08%
   -0.3278333333333333321490954E+01,    0.8603960687645900717868130E-01,    0.8512471598493197288970435E-01,    0.9148908915270342889769495E-03,      1.07%
   -0.3276666666666666394291951E+01,    0.8611500538551843109136286E-01,    0.8520395459954616113051884E-01,    0.9110507859722699608440166E-03,      1.07%
   -0.3274999999999999911182158E+01,    0.8619047339814026043036677E-01,    0.8528330046372795125719790E-01,    0.9071729344123091731688646E-03,      1.06%
   -0.3273333333333333428072365E+01,    0.8626601144616752314675523E-01,    0.8536275376449743712559126E-01,    0.9032576816700860211639679E-03,      1.06%
   -0.3271666666666666500873362E+01,    0.8634162006144337209168071E-01,    0.8544231468926648254136325E-01,    0.8993053721768895503174690E-03,      1.05%
   -0.3270000000000000017763568E+01,    0.8641729977581080746062980E-01,    0.8552198342583960943841248E-01,    0.8953163499711980222173224E-03,      1.05%
   -0.3268333333333333534653775E+01,    0.8649305112111299598254277E-01,    0.8560176016241506646853310E-01,    0.8912909586979295140096724E-03,      1.04%
   -0.3266666666666666607454772E+01,    0.8656887462919295173069401E-01,    0.8568164508758567554647101E-01,    0.8872295416072761842229966E-03,      1.04%
   -0.3264999999999999680255769E+01,    0.8664477083189379980066036E-01,    0.8576163839033981717285826E-01,    0.8831324415539826278020996E-03,      1.03%
   -0.3263333333333333641235185E+01,    0.8672074026105859589907965E-01,    0.8584174026006230473484493E-01,    0.8790000009962911642347194E-03,      1.02%
   -0.3261666666666666714036182E+01,    0.8679678344853045124374091E-01,    0.8592195088653552248469936E-01,    0.8748325619949287590415565E-03,      1.02%
   -0.3259999999999999786837179E+01,    0.8687290092615239378570635E-01,    0.8600227045994014718477416E-01,    0.8706304662122466009321897E-03,      1.01%
   -0.3258333333333333303727386E+01,    0.8694909322576756249834062E-01,    0.8608269917085623057495525E-01,    0.8663940549113319233853758E-03,      1.01%
   -0.3256666666666666820617593E+01,    0.8702536087921901308828154E-01,    0.8616323721026412918444493E-01,    0.8621236689548839038366168E-03,      1.00%
   -0.3254999999999999893418590E+01,    0.8710170441834981513995473E-01,    0.8624388476954555904363531E-01,    0.8578196488042560963194205E-03,      0.99%
   -0.3253333333333333410308796E+01,    0.8717812437500307987114923E-01,    0.8632464204048433120686212E-01,    0.8534823345187486642871022E-03,      0.99%
   -0.3251666666666666927199003E+01,    0.8725462128102184911071504E-01,    0.8640550921526755911994400E-01,    0.8491120657542899907710421E-03,      0.98%
   -0.3250000000000000000000000E+01,    0.8733119566824924795422902E-01,    0.8648648648648649128745092E-01,    0.8447091817627566667781025E-03,      0.98%
   -0.3248333333333333072800997E+01,    0.8740784806852837374169241E-01,    0.8656757404713749659563859E-01,    0.8402740213908771460538105E-03,      0.97%
   -0.3246666666666666589691204E+01,    0.8748457901370219891301616E-01,    0.8664877209062306351317062E-01,    0.8358069230791353998455406E-03,      0.96%
   -0.3245000000000000106581410E+01,    0.8756138903561391795271618E-01,    0.8673008081075279929184063E-01,    0.8313082248611186608755474E-03,      0.96%
   -0.3243333333333333179382407E+01,    0.8763827866610657268964246E-01,    0.8681150040174434590056762E-01,    0.8267782643622267890748390E-03,      0.95%
   -0.3241666666666666696272614E+01,    0.8771524843702321883043282E-01,    0.8689303105822436534833031E-01,    0.8222173787988534821025155E-03,      0.95%
   -0.3240000000000000213162821E+01,    0.8779229888020698147066412E-01,    0.8697467297522959439604051E-01,    0.8176259049773870746236071E-03,      0.94%
   -0.3238333333333333285963818E+01,    0.8786943052750093019476196E-01,    0.8705642634820781600168971E-01,    0.8130041792931141930722561E-03,      0.93%
   -0.3236666666666666358764815E+01,    0.8794664391074814846493979E-01,    0.8713829137301870586540531E-01,    0.8083525377294425995344795E-03,      0.93%
   -0.3235000000000000319744231E+01,    0.8802393956179166423225979E-01,    0.8722026824593497040805090E-01,    0.8036713158566938242088895E-03,      0.92%
   -0.3233333333333333392545228E+01,    0.8810131801247464422566225E-01,    0.8730235716364341536088745E-01,    0.7989608488312288647748005E-03,      0.92%
   -0.3231666666666666465346225E+01,    0.8817877979464013027399716E-01,    0.8738455832324568128832709E-01,    0.7942214713944489856700670E-03,      0.91%
   -0.3229999999999999982236432E+01,    0.8825632544013117808390234E-01,    0.8746687192225943707768465E-01,    0.7894535178717410062176896E-03,      0.90%
   -0.3228333333333333499126638E+01,    0.8833395548079089887316684E-01,    0.8754929815861937913989976E-01,    0.7846573221715197332670755E-03,      0.90%
   -0.3226666666666666571927635E+01,    0.8841167044846240385957969E-01,    0.8763183723067816122132001E-01,    0.7798332177842426382596841E-03,      0.89%
   -0.3225000000000000088817842E+01,    0.8848947087498870711641530E-01,    0.8771448933720739360442309E-01,    0.7749815377813135119922094E-03,      0.88%
   -0.3223333333333333605708049E+01,    0.8856735729221290598367489E-01,    0.8779725467739872557526581E-01,    0.7701026148141804084090722E-03,      0.88%
   -0.3221666666666666678509046E+01,    0.8864533023197815331251093E-01,    0.8788013345086488625756971E-01,    0.7651967811132670549412182E-03,      0.87%
   -0.3219999999999999751310042E+01,    0.8872339022612744929841000E-01,    0.8796312585764048952441385E-01,    0.7602643684869597739961478E-03,      0.86%
   -0.3218333333333333268200249E+01,    0.8880153780650390515916115E-01,    0.8804623209818329687692540E-01,    0.7553057083206082822357530E-03,      0.86%
   -0.3216666666666666785090456E+01,    0.8887977350495057660140219E-01,    0.8812945237337511950048707E-01,    0.7503211315754571009151164E-03,      0.85%
   -0.3214999999999999857891453E+01,    0.8895809785331060259849778E-01,    0.8821278688452285909882278E-01,    0.7453109687877434996750026E-03,      0.84%
   -0.3213333333333333374781660E+01,    0.8903651138342699722372231E-01,    0.8829623583335949321693192E-01,    0.7402755500675040067903865E-03,      0.84%
   -0.3211666666666666891671866E+01,    0.8911501462714288557265263E-01,    0.8837979942204521321968969E-01,    0.7352152050976723529629453E-03,      0.83%
   -0.3209999999999999964472863E+01,    0.8919360811630135110750217E-01,    0.8846347785316831247026670E-01,    0.7301302631330386372354724E-03,      0.83%
   -0.3208333333333333037273860E+01,    0.8927229238274547729048436E-01,    0.8854727132974636594209272E-01,    0.7250210529991113483916365E-03,      0.82%
   -0.3206666666666666998253277E+01,    0.8935106795831825043929797E-01,    0.8863118005522704900833730E-01,    0.7198879030912014309606661E-03,      0.81%
   -0.3205000000000000071054274E+01,    0.8942993537486292054961012E-01,    0.8871520423348953909847836E-01,    0.7147311413733814511317632E-03,      0.81%
   -0.3203333333333333143855270E+01,    0.8950889516422246006133179E-01,    0.8879934406884515407654135E-01,    0.7095510953773059847904392E-03,      0.80%
   -0.3201666666666666660745477E+01,    0.8958794785823996631446420E-01,    0.8888359976603861511978977E-01,    0.7043480922013511946744302E-03,      0.79%
   -0.3200000000000000177635684E+01,    0.8966709398875849501564517E-01,    0.8896797153024910143059856E-01,    0.6991224585093935850466096E-03,      0.79%
   -0.3198333333333333250436681E+01,    0.8974633408762119901602716E-01,    0.8905245956709124943717626E-01,    0.6938745205299495788509034E-03,      0.78%
   -0.3196666666666666767326888E+01,    0.8982566868667110626667238E-01,    0.8913706408261619362765060E-01,    0.6886046040549126390217793E-03,      0.77%
   -0.3195000000000000284217094E+01,    0.8990509831775130022979425E-01,    0.8922178528331262126194190E-01,    0.6833130344386789678523542E-03,      0.77%
   -0.3193333333333333357018091E+01,    0.8998462351270490600096963E-01,    0.8930662337610789647257548E-01,    0.6780001365970095283941532E-03,      0.76%
   -0.3191666666666666429819088E+01,    0.9006424480337493765347290E-01,    0.8939157856836904558761603E-01,    0.6726662350058920658568695E-03,      0.75%
   -0.3189999999999999946709295E+01,    0.9014396272160450640509310E-01,    0.8947665106790382572032883E-01,    0.6673116537006806847642792E-03,      0.75%
   -0.3188333333333333463599502E+01,    0.9022377779923670959583148E-01,    0.8956184108296187662556775E-01,    0.6619367162748329702637307E-03,      0.74%
   -0.3186666666666666536400498E+01,    0.9030369056811463068790147E-01,    0.8964714882223569214492187E-01,    0.6565417458789385429795971E-03,      0.73%
   -0.3185000000000000053290705E+01,    0.9038370156008132538794086E-01,    0.8973257449486168879637660E-01,    0.6511270652196365915642673E-03,      0.73%
   -0.3183333333333333570180912E+01,    0.9046381130697989103595091E-01,    0.8981811831042138538627739E-01,    0.6456929965585056496735206E-03,      0.72%
   -0.3181666666666666642981909E+01,    0.9054402034065341109414504E-01,    0.8990378047894241608783972E-01,    0.6402398617109950063053248E-03,      0.71%
   -0.3179999999999999715782906E+01,    0.9062432919294496902473668E-01,    0.8998956121089955739744681E-01,    0.6347679820454116272898659E-03,      0.71%
   -0.3178333333333333232673112E+01,    0.9070473839569764828993925E-01,    0.9007546071721585223546214E-01,    0.6292776784817960544771154E-03,      0.70%
   -0.3176666666666666749563319E+01,    0.9078524848075446296302715E-01,    0.9016147920926378955819303E-01,    0.6237692714906734048341264E-03,      0.69%
   -0.3174999999999999822364316E+01,    0.9086585997995860752851627E-01,    0.9024761689886626192524943E-01,    0.6182430810923456032668355E-03,      0.69%
   -0.3173333333333333339254523E+01,    0.9094657342515309605968099E-01,    0.9033387399829770347814417E-01,    0.6126994268553925815368189E-03,      0.68%
   -0.3171666666666666856144730E+01,    0.9102738934818099814094694E-01,    0.9042025072028520016331754E-01,    0.6071386278957979776293996E-03,      0.67%
   -0.3169999999999999928945726E+01,    0.9110830828088543886789097E-01,    0.9050674727800957219958633E-01,    0.6015610028758666683046386E-03,      0.66%
   -0.3168333333333333001746723E+01,    0.9118933075510951558051431E-01,    0.9059336388510649817895626E-01,    0.5959668700030174015580542E-03,      0.66%
   -0.3166666666666666962726140E+01,    0.9127045730269620071872794E-01,    0.9068010075566748651176852E-01,    0.5903565470287142069594211E-03,      0.65%
   -0.3165000000000000035527137E+01,    0.9135168845548871652262335E-01,    0.9076695810424131871663178E-01,    0.5847303512473978059915680E-03,      0.64%
   -0.3163333333333333108328134E+01,    0.9143302474533004930989932E-01,    0.9085393614583471555423699E-01,    0.5790885994953337556623296E-03,      0.64%
   -0.3161666666666666625218340E+01,    0.9151446670406331029834490E-01,    0.9094103509591373868392594E-01,    0.5734316081495716144189601E-03,      0.63%
   -0.3160000000000000142108547E+01,    0.9159601486353156907238571E-01,    0.9102825517040488700892809E-01,    0.5677596931266820634576220E-03,      0.62%
   -0.3158333333333333214909544E+01,    0.9167766975557793684981078E-01,    0.9111559658569612363265833E-01,    0.5620731698818132171524553E-03,      0.62%
   -0.3156666666666666731799751E+01,    0.9175943191204544158168233E-01,    0.9120305955863799995952945E-01,    0.5563723534074416221528736E-03,      0.61%
   -0.3155000000000000248689958E+01,    0.9184130186477720836357719E-01,    0.9129064430654484918470359E-01,    0.5506575582323591788735939E-03,      0.60%
   -0.3153333333333333321490954E+01,    0.9192328014561636229107222E-01,    0.9137835104719591039490467E-01,    0.5449290984204518961675490E-03,      0.60%
   -0.3151666666666666394291951E+01,    0.9200536728640588968186620E-01,    0.9146617999883635552471617E-01,    0.5391872875695341571500308E-03,      0.59%
   -0.3149999999999999911182158E+01,    0.9208756381898891563153597E-01,    0.9155413138017853835748383E-01,    0.5334324388103772740521435E-03,      0.58%
   -0.3148333333333333428072365E+01,    0.9216987027520852360229497E-01,    0.9164220541040307699276468E-01,    0.5276648648054466095302928E-03,      0.58%
   -0.3146666666666666500873362E+01,    0.9225228718690776930078101E-01,    0.9173040230915999182492726E-01,    0.5218848777477774758537521E-03,      0.57%
   -0.3145000000000000017763568E+01,    0.9233481508592979170035875E-01,    0.9181872229656987127732748E-01,    0.5160927893599204230312694E-03,      0.56%
   -0.3143333333333333534653775E+01,    0.9241745450411759099651476E-01,    0.9190716559322499590312106E-01,    0.5102889108925950933937088E-03,      0.56%
   -0.3141666666666666607454772E+01,    0.9250020597331434779597714E-01,    0.9199573242019050411943937E-01,    0.5044735531238436765377742E-03,      0.55%
   -0.3139999999999999680255769E+01,    0.9258307002536307617202027E-01,    0.9208442299900550243041408E-01,    0.4986470263575737416061884E-03,      0.54%
   -0.3138333333333333641235185E+01,    0.9266604719210684570906977E-01,    0.9217323755168420340577740E-01,    0.4928096404226423032923776E-03,      0.53%
   -0.3136666666666666714036182E+01,    0.9274913800538876762491469E-01,    0.9226217630071728570406719E-01,    0.4869617046714819208474978E-03,      0.53%
   -0.3134999999999999786837179E+01,    0.9283234299705196701513188E-01,    0.9235123946907274061768334E-01,    0.4811035279792263974485422E-03,      0.52%
   -0.3133333333333333303727386E+01,    0.9291566269893943019742011E-01,    0.9244042728019720434051720E-01,    0.4752354187422258569029054E-03,      0.51%
   -0.3131666666666666820617593E+01,    0.9299909764289431002293185E-01,    0.9252973995801719309106659E-01,    0.4693576848771169318652596E-03,      0.51%
   -0.3129999999999999893418590E+01,    0.9308264836075966219830491E-01,    0.9261917772694014394652129E-01,    0.4634706338195182517836201E-03,      0.50%
   -0.3128333333333333410308796E+01,    0.9316631538437852855238930E-01,    0.9270874081185559445472677E-01,    0.4575745725229340976625281E-03,      0.49%
   -0.3126666666666666927199003E+01,    0.9325009924559406193633748E-01,    0.9279842943813643163508686E-01,    0.4516698074576303012506173E-03,      0.49%
   -0.3125000000000000000000000E+01,    0.9333400047624934581236289E-01,    0.9288824383164005771273963E-01,    0.4457566446092880996232566E-03,      0.48%
   -0.3123333333333333072800997E+01,    0.9341801960818740813152772E-01,    0.9297818421870950034158199E-01,    0.4398353894779077899457320E-03,      0.47%
   -0.3121666666666666589691204E+01,    0.9350215717325134623383320E-01,    0.9306825082617461997180897E-01,    0.4339063470767262620242377E-03,      0.47%
   -0.3120000000000000106581410E+01,    0.9358641370328424358149277E-01,    0.9315844388135340048417987E-01,    0.4279698219308430973129020E-03,      0.46%
   -0.3118333333333333179382407E+01,    0.9367078973012919751450767E-01,    0.9324876361205303165746727E-01,    0.4220261180761658570403938E-03,      0.45%
   -0.3116666666666666696272614E+01,    0.9375528578562924986172789E-01,    0.9333921024657107490263286E-01,    0.4160755390581749590950267E-03,      0.45%
   -0.3115000000000000213162821E+01,    0.9383990240162753959651809E-01,    0.9342978401369679553045700E-01,    0.4101183879307440660610951E-03,      0.44%
   -0.3113333333333333285963818E+01,    0.9392464010996710854772829E-01,    0.9352048514271225909677554E-01,    0.4041549672548494509527472E-03,      0.43%
   -0.3111666666666666358764815E+01,    0.9400949944249105405535971E-01,    0.9361131386339353877001912E-01,    0.3981855790975152853405916E-03,      0.43%
   -0.3110000000000000319744231E+01,    0.9409448093104243182605018E-01,    0.9370227040601192269875241E-01,    0.3922105250305091272977620E-03,      0.42%
   -0.3108333333333333392545228E+01,    0.9417958510746436695537653E-01,    0.9379335500133526015709151E-01,    0.3862301061291067982850223E-03,      0.41%
   -0.3106666666666666465346225E+01,    0.9426481250359991514997660E-01,    0.9388456788062891911206265E-01,    0.3802446229709960379139488E-03,      0.41%
   -0.3104999999999999982236432E+01,    0.9435016365129213211648818E-01,    0.9397590927565718788017080E-01,    0.3742543756349442363173807E-03,      0.40%
   -0.3103333333333333499126638E+01,    0.9443563908238415682827593E-01,    0.9406737941868449637272676E-01,    0.3682596636996604555491786E-03,      0.39%
   -0.3101666666666666571927635E+01,    0.9452123932871904499197768E-01,    0.9415897854247656795223520E-01,    0.3622607862424770397424822E-03,      0.38%
   -0.3100000000000000088817842E+01,    0.9460696492213983843644343E-01,    0.9425070688030158516657053E-01,    0.3562580418382532698728937E-03,      0.38%
   -0.3098333333333333605708049E+01,    0.9469281639448970389061344E-01,    0.9434256466593164691669671E-01,    0.3502517285580569739167345E-03,      0.37%
   -0.3096666666666666678509046E+01,    0.9477879427761162767218650E-01,    0.9443455213364378153517720E-01,    0.3442421439678461370093032E-03,      0.36%
   -0.3094999999999999751310042E+01,    0.9486489910334876263231507E-01,    0.9452666951822120966486551E-01,    0.3382295851275529674495601E-03,      0.36%
   -0.3093333333333333268200249E+01,    0.9495113140354415059984916E-01,    0.9461891705495467652653474E-01,    0.3322143485894740733144204E-03,      0.35%
   -0.3091666666666666785090456E+01,    0.9503749171004088891479000E-01,    0.9471129497964363153084122E-01,    0.3261967303972573839487836E-03,      0.34%
   -0.3089999999999999857891453E+01,    0.9512398055468204716156322E-01,    0.9480380352859757442374189E-01,    0.3201770260844727378213292E-03,      0.34%
   -0.3088333333333333374781660E+01,    0.9521059846931070880238224E-01,    0.9489644293863706836500427E-01,    0.3141555306736404373779692E-03,      0.33%
   -0.3086666666666666891671866E+01,    0.9529734598576999893282391E-01,    0.9498921344709522485150188E-01,    0.3081325386747740813220275E-03,      0.32%
   -0.3084999999999999964472863E+01,    0.9538422363590295938173824E-01,    0.9508211529181889720696574E-01,    0.3021083440840621747724981E-03,      0.32%
   -0.3083333333333333037273860E+01,    0.9547123195155267361133866E-01,    0.9517514871116987407173582E-01,    0.2960832403827995396028427E-03,      0.31%
   -0.3081666666666666998253277E+01,    0.9555837146456216957268737E-01,    0.9526831394402614228145154E-01,    0.2900575205360272912358255E-03,      0.30%
   -0.3080000000000000071054274E+01,    0.9564564270677464175030025E-01,    0.9536161122978334403477163E-01,    0.2840314769912977155286171E-03,      0.30%
   -0.3078333333333333143855270E+01,    0.9573304621003311809523950E-01,    0.9545504080835572058294503E-01,    0.2780054016773975122944762E-03,      0.29%
   -0.3076666666666666660745477E+01,    0.9582058250618065431414294E-01,    0.9554860292017763878646974E-01,    0.2719795860030155276731989E-03,      0.28%
   -0.3075000000000000177635684E+01,    0.9590825212706033386922400E-01,    0.9564229780620478460484435E-01,    0.2659543208555492643796470E-03,      0.28%
   -0.3073333333333333250436681E+01,    0.9599605560451529573384732E-01,    0.9573612570791546760862190E-01,    0.2599298965998281252254287E-03,      0.27%
   -0.3071666666666666767326888E+01,    0.9608399347038854010349951E-01,    0.9583008686731180059137358E-01,    0.2539066030767395121259256E-03,      0.26%
   -0.3070000000000000284217094E+01,    0.9617206625652321982933302E-01,    0.9592418152692111510404516E-01,    0.2478847296021047252878589E-03,      0.26%
   -0.3068333333333333357018091E+01,    0.9626027449476239061798566E-01,    0.9601840992979721045585961E-01,    0.2418645649651801621260461E-03,      0.25%
   -0.3066666666666666429819088E+01,    0.9634861871694913593167087E-01,    0.9611277231952157495964428E-01,    0.2358463974275609720265834E-03,      0.25%
   -0.3064999999999999946709295E+01,    0.9643709945492651147702645E-01,    0.9620726894020477371061162E-01,    0.2298305147217377664148330E-03,      0.24%
   -0.3063333333333333463599502E+01,    0.9652571724053762847184146E-01,    0.9630190003648771146504970E-01,    0.2238172040499170067917589E-03,      0.23%
   -0.3061666666666666536400498E+01,    0.9661447260562558425611712E-01,    0.9639666585354293715237617E-01,    0.2178067520826471037409533E-03,      0.23%
   -0.3060000000000000053290705E+01,    0.9670336608203337902534003E-01,    0.9649156663707592063161655E-01,    0.2117994449574583937234706E-03,      0.22%
   -0.3058333333333333570180912E+01,    0.9679239820160419338623825E-01,    0.9658660263332638495903382E-01,    0.2057955682778084272044339E-03,      0.21%
   -0.3056666666666666642981909E+01,    0.9688156949618108304544961E-01,    0.9668177408906969416690913E-01,    0.1997954071113888785404811E-03,      0.21%
   -0.3054999999999999715782906E+01,    0.9697088049760707595403630E-01,    0.9677708125161801899771774E-01,    0.1937992459890569563185636E-03,      0.20%
   -0.3053333333333333232673112E+01,    0.9706033173772529720757518E-01,    0.9687252436882169692733413E-01,    0.1878073689036002802410508E-03,      0.19%
   -0.3051666666666666749563319E+01,    0.9714992374837884414606748E-01,    0.9696810368907068933275184E-01,    0.1818200593081548133156389E-03,      0.19%
   -0.3049999999999999822364316E+01,    0.9723965706141074472057539E-01,    0.9706381946129581661519836E-01,    0.1758376001149281053770324E-03,      0.18%
   -0.3048333333333333339254523E+01,    0.9732953220866415178225139E-01,    0.9715967193496993781209881E-01,    0.1698602736942139701525889E-03,      0.17%
   -0.3046666666666666856144730E+01,    0.9741954972198203777100645E-01,    0.9725566136010960205382503E-01,    0.1638883618724357171814177E-03,      0.17%
   -0.3044999999999999928945726E+01,    0.9750971013320761104914425E-01,    0.9735178798727613103114464E-01,    0.1579221459314800179996041E-03,      0.16%
   -0.3043333333333333001746723E+01,    0.9760001397418387181215138E-01,    0.9744805206757699289621399E-01,    0.1519619066068789159373864E-03,      0.16%
   -0.3041666666666666962726140E+01,    0.9769046177675390352224127E-01,    0.9754445385266721779693455E-01,    0.1460079240866857253067224E-03,      0.15%
   -0.3040000000000000035527137E+01,    0.9778105407276088678614201E-01,    0.9764099359475081341130931E-01,    0.1400604780100733748327002E-03,      0.14%
   -0.3038333333333333108328134E+01,    0.9787179139404778016597675E-01,    0.9773767154658193068161864E-01,    0.1341198474658494843581025E-03,      0.14%
   -0.3036666666666666625218340E+01,    0.9796267427245769487953453E-01,    0.9783448796146626547098890E-01,    0.1281863109914294085456277E-03,      0.13%
   -0.3035000000000000142108547E+01,    0.9805370323983372826681659E-01,    0.9793144309326255736447564E-01,    0.1222601465711709023409526E-03,      0.12%
   -0.3033333333333333214909544E+01,    0.9814487882801896379003637E-01,    0.9802853719638383866996634E-01,    0.1163416316351251200700290E-03,      0.12%
   -0.3031666666666666731799751E+01,    0.9823620156885645715583166E-01,    0.9812577052579876668580994E-01,    0.1104310430576904700217256E-03,      0.11%
   -0.3030000000000000248689958E+01,    0.9832767199418936121535495E-01,    0.9822314333703306699074886E-01,    0.1045286571562942246060857E-03,      0.11%
   -0.3028333333333333321490954E+01,    0.9841929063586070391966842E-01,    0.9832065588617089346712419E-01,    0.9863474968981045254423634E-04,      0.10%
   -0.3026666666666666394291951E+01,    0.9851105802571354097540990E-01,    0.9841830842985620220186860E-01,    0.9274959585733877354130072E-04,      0.09%
   -0.3024999999999999911182158E+01,    0.9860297469559101135594403E-01,    0.9851610122529401436519692E-01,    0.8687347029699699074711816E-04,      0.09%
   -0.3023333333333333428072365E+01,    0.9869504117733617076790864E-01,    0.9861403453025205378956741E-01,    0.8100664708411697834122833E-04,      0.08%
   -0.3021666666666666500873362E+01,    0.9878725800279206104015373E-01,    0.9871210860306189882606986E-01,    0.7514939973016221408386173E-04,      0.08%
   -0.3020000000000000017763568E+01,    0.9887962570380182114604395E-01,    0.9881032370262045338993318E-01,    0.6930200118136775611077383E-04,      0.07%
   -0.3018333333333333534653775E+01,    0.9897214481220849291442931E-01,    0.9890868008839139025045739E-01,    0.6346472381710266397192299E-04,      0.06%
   -0.3016666666666666607454772E+01,    0.9906481585985524307425010E-01,    0.9900717802040649717643106E-01,    0.5763783944874589781903751E-04,      0.06%
   -0.3014999999999999680255769E+01,    0.9915763937858505794320507E-01,    0.9910581775926702308154859E-01,    0.5182161931803486165648565E-04,      0.05%
   -0.3013333333333333641235185E+01,    0.9925061590024099322793205E-01,    0.9920459956614520458106909E-01,    0.4601633409578864686295674E-04,      0.05%
   -0.3011666666666666714036182E+01,    0.9934374595666625729073473E-01,    0.9930352370278565377059721E-01,    0.4022225388060352013752663E-04,      0.04%
   -0.3009999999999999786837179E+01,    0.9943703007970386420488751E-01,    0.9940259043150666273813698E-01,    0.3443964819720146675052774E-04,      0.03%
   -0.3008333333333333303727386E+01,    0.9953046880119684192145257E-01,    0.9950180001520166073181173E-01,    0.2866878599518118964084579E-04,      0.03%
   -0.3006666666666666820617593E+01,    0.9962406265298834329158240E-01,    0.9960115271734076847209849E-01,    0.2290993564757481948390705E-04,      0.02%
   -0.3004999999999999893418590E+01,    0.9971781216692143789970260E-01,    0.9970064880197207490830635E-01,    0.1716336494936299139624225E-04,      0.02%
   -0.3003333333333333410308796E+01,    0.9981171787483919533023879E-01,    0.9980028853372306663072067E-01,    0.1142934111612869951812854E-04,      0.01%
   -0.3001666666666666927199003E+01,    0.9990578030858469904540442E-01,    0.9990007217780212667168627E-01,    0.5708130782572373718153358E-05,      0.01%
   -0.3000000000000000000000000E+01,    0.1000000000000010186296251E+00,    0.1000000000000000055511151E+00,    0.1013078509970455343136564E-14,      0.00%
   -0.2998333333333333516890207E+01,    0.1000943774677572062348219E+00,    0.1001000722666910563996012E+00,   -0.5694798933850164779357783E-05,     -0.01%
   -0.2996666666666666589691204E+01,    0.1001889131778261055050194E+00,    0.1002002892448349558041087E+00,   -0.1137606700885029908931756E-04,     -0.01%
   -0.2995000000000000106581410E+01,    0.1002836075830064455072232E+00,    0.1003006512019779111755113E+00,   -0.1704361897146566828809000E-04,     -0.02%
   -0.2993333333333333179382407E+01,    0.1003784611360970940863169E+00,    0.1004011584062543260831291E+00,   -0.2269727015723199681218603E-04,     -0.02%
   -0.2991666666666666696272614E+01,    0.1004734742898966970425789E+00,    0.1005018111263880076222677E+00,   -0.2833683649131057968872938E-04,     -0.03%
   -0.2990000000000000213162821E+01,    0.1005686474972041638542564E+00,    0.1006026096316938317487555E+00,   -0.3396213448966789449912085E-04,     -0.03%
   -0.2988333333333333285963818E+01,    0.1006639812108182097105669E+00,    0.1007035541920791726910878E+00,   -0.3957298126096298052090106E-04,     -0.04%
   -0.2986666666666666802854024E+01,    0.1007594758835376885786062E+00,    0.1008046450780451797069048E+00,   -0.4516919450749112829868182E-04,     -0.04%
   -0.2984999999999999875655021E+01,    0.1008551319681612878920163E+00,    0.1009058825606885950731950E+00,   -0.5075059252730718117874176E-04,     -0.05%
   -0.2983333333333333392545228E+01,    0.1009509499174878199845296E+00,    0.1010072669117028226759558E+00,   -0.5631699421500269142626394E-04,     -0.06%
   -0.2981666666666666465346225E+01,    0.1010469301843160833120905E+00,    0.1011087984033797460003967E+00,   -0.6186821906366268830623767E-04,     -0.06%
   -0.2979999999999999982236432E+01,    0.1011430732214448485750680E+00,    0.1012104773086109910096297E+00,   -0.6740408716614243456177746E-04,     -0.07%
   -0.2978333333333333499126638E+01,    0.1012393794816728864738309E+00,    0.1013123039008895359680551E+00,   -0.7292441921664949422421387E-04,     -0.07%
   -0.2976666666666666571927635E+01,    0.1013358494177990509754750E+00,    0.1014142784543111963646567E+00,   -0.7842903651214538918168273E-04,     -0.08%
   -0.2975000000000000088817842E+01,    0.1014324834826219740024911E+00,    0.1015164012435759016694803E+00,   -0.8391776095392766698921605E-04,     -0.08%
   -0.2973333333333333161618839E+01,    0.1015292821289406066664895E+00,    0.1016186725439895965905635E+00,   -0.8939041504898992407390779E-04,     -0.09%
   -0.2971666666666666678509046E+01,    0.1016262458095535947677490E+00,    0.1017210926314653235413843E+00,   -0.9484682191172877363527505E-04,     -0.09%
   -0.2970000000000000195399252E+01,    0.1017233749772597645177896E+00,    0.1018236617825249989977010E+00,   -0.1002868052652344799113848E-03,     -0.10%
   -0.2968333333333333268200249E+01,    0.1018206700848579560059193E+00,    0.1019263802743008845430595E+00,   -0.1057101894429285371401761E-03,     -0.10%
   -0.2966666666666666785090456E+01,    0.1019181315851468844213557E+00,    0.1020292483845368913808471E+00,   -0.1111167993900069594914726E-03,     -0.11%
   -0.2964999999999999857891453E+01,    0.1020157599309253482200432E+00,    0.1021322663915904399578594E+00,   -0.1165064606650917378161125E-03,     -0.11%
   -0.2963333333333333374781660E+01,    0.1021135555749921319801388E+00,    0.1022354345744336395762630E+00,   -0.1218789994415075961242678E-03,     -0.12%
   -0.2961666666666666447582656E+01,    0.1022115189701460341575867E+00,    0.1023387532126551063837994E+00,   -0.1272342425090722262126519E-03,     -0.12%
   -0.2959999999999999964472863E+01,    0.1023096505691857699416047E+00,    0.1024422225864612401302622E+00,   -0.1325720172754701886574935E-03,     -0.13%
   -0.2958333333333333481363070E+01,    0.1024079508249101794215008E+00,    0.1025458429766779311353986E+00,   -0.1378921517677517138977805E-03,     -0.13%
   -0.2956666666666666554164067E+01,    0.1025064201901180471754316E+00,    0.1026496146647520729677794E+00,   -0.1431944746340257923478134E-03,     -0.14%
   -0.2955000000000000071054274E+01,    0.1026050591176081300259781E+00,    0.1027535379327529502235805E+00,   -0.1484788151448201976023711E-03,     -0.14%
   -0.2953333333333333143855270E+01,    0.1027038680601792125512972E+00,    0.1028576130633740148834221E+00,   -0.1537450031948023321248797E-03,     -0.15%
   -0.2951666666666666660745477E+01,    0.1028028474706301070851211E+00,    0.1029618403399342324577859E+00,   -0.1589928693041253726647710E-03,     -0.15%
   -0.2950000000000000177635684E+01,    0.1029019978017595149388796E+00,    0.1030662200463797889549156E+00,   -0.1642222446202740160359212E-03,     -0.16%
   -0.2948333333333333250436681E+01,    0.1030013195063663455908198E+00,    0.1031707524672855619263245E+00,   -0.1694329609192163355047001E-03,     -0.16%
   -0.2946666666666666767326888E+01,    0.1031008130372492309634325E+00,    0.1032754378878566331456668E+00,   -0.1746248506074021822342957E-03,     -0.17%
   -0.2944999999999999840127884E+01,    0.1032004788472070944127523E+00,    0.1033802765939300372100007E+00,   -0.1797977467229427972483791E-03,     -0.17%
   -0.2943333333333333357018091E+01,    0.1033003173890386094946336E+00,    0.1034852688719760660518432E+00,   -0.1849514829374565572095435E-03,     -0.18%
   -0.2941666666666666873908298E+01,    0.1034003291155425885428087E+00,    0.1035904150091001146849479E+00,   -0.1900858935575261421391247E-03,     -0.18%
   -0.2939999999999999946709295E+01,    0.1035005144795178716465855E+00,    0.1036957152930440967386616E+00,   -0.1952008135262250920760607E-03,     -0.19%
   -0.2938333333333333463599502E+01,    0.1036008739337631462396061E+00,    0.1038011700121879710145834E+00,   -0.2002960784248247749772531E-03,     -0.19%
   -0.2936666666666666536400498E+01,    0.1037014079310772662889661E+00,    0.1039067794555515733545548E+00,   -0.2053715244743070655886186E-03,     -0.20%
   -0.2935000000000000053290705E+01,    0.1038021169242589608616711E+00,    0.1040125439127958656415629E+00,   -0.2104269885369047798917563E-03,     -0.20%
   -0.2933333333333333126091702E+01,    0.1039030013661070700470290E+00,    0.1041184636742249064456090E+00,   -0.2154623081178363985799251E-03,     -0.21%
   -0.2931666666666666642981909E+01,    0.1040040617094203090342575E+00,    0.1042245390307870722690353E+00,   -0.2204773213667632347778635E-03,     -0.21%
   -0.2930000000000000159872116E+01,    0.1041052984069974901570887E+00,    0.1043307702740769171700919E+00,   -0.2254718670794270130031123E-03,     -0.22%
   -0.2928333333333333232673112E+01,    0.1042067119116374257492552E+00,    0.1044371576963367964641094E+00,   -0.2304457846993707148541830E-03,     -0.22%
   -0.2926666666666666749563319E+01,    0.1043083026761388448777623E+00,    0.1045437015904581712355537E+00,   -0.2353989143193263577913399E-03,     -0.23%
   -0.2924999999999999822364316E+01,    0.1044100711533005876319180E+00,    0.1046504022499836622506209E+00,   -0.2403310966830746187028467E-03,     -0.23%
   -0.2923333333333333339254523E+01,    0.1045120177959213553231521E+00,    0.1047572599691082573247769E+00,   -0.2452421731869020016247873E-03,     -0.23%
   -0.2921666666666666856144730E+01,    0.1046141430567999602851970E+00,    0.1048642750426811987018993E+00,   -0.2501319858812384167023879E-03,     -0.24%
   -0.2919999999999999928945726E+01,    0.1047164473887352426073605E+00,    0.1049714477662076067554509E+00,   -0.2550003774723641480903780E-03,     -0.24%
   -0.2918333333333333445835933E+01,    0.1048189312445259036010725E+00,    0.1050787784358498261338966E+00,   -0.2598471913239225328240423E-03,     -0.25%
   -0.2916666666666666518636930E+01,    0.1049215950769707694778532E+00,    0.1051862673484295213066630E+00,   -0.2646722714587518288098522E-03,     -0.25%
   -0.2915000000000000035527137E+01,    0.1050244393388686248158592E+00,    0.1052939148014288422983142E+00,   -0.2694754625602174824550161E-03,     -0.26%
   -0.2913333333333333552417344E+01,    0.1051274644830181986820961E+00,    0.1054017210929924092122079E+00,   -0.2742566099742105301118045E-03,     -0.26%
   -0.2911666666666666625218340E+01,    0.1052306709622183311658716E+00,    0.1055096865219288804205178E+00,   -0.2790155597105492546461392E-03,     -0.26%
   -0.2910000000000000142108547E+01,    0.1053340592292677790897670E+00,    0.1056178113877124097319538E+00,   -0.2837521584446306421867234E-03,     -0.27%
   -0.2908333333333333214909544E+01,    0.1054376297369653547875146E+00,    0.1057260959904846586709937E+00,   -0.2884662535193038834790968E-03,     -0.27%
   -0.2906666666666666731799751E+01,    0.1055413829381097873261197E+00,    0.1058345406310560871121496E+00,   -0.2931576929462997860298401E-03,     -0.28%
   -0.2904999999999999804600748E+01,    0.1056453192854998751615270E+00,    0.1059431456109079100480486E+00,   -0.2978263254080348865215910E-03,     -0.28%
   -0.2903333333333333321490954E+01,    0.1057494392319344167496808E+00,    0.1060519112321935963905162E+00,   -0.3024720002591796408353275E-03,     -0.29%
   -0.2901666666666666838381161E+01,    0.1058537432302121689131624E+00,    0.1061608377977406036940522E+00,   -0.3070945675284347808897678E-03,     -0.29%
   -0.2899999999999999911182158E+01,    0.1059582317331319717412796E+00,    0.1062699256110520712459433E+00,   -0.3116938779200995046636535E-03,     -0.29%
   -0.2898333333333333428072365E+01,    0.1060629051934925265454623E+00,    0.1063791749763084715230121E+00,   -0.3162697828159449775498047E-03,     -0.30%
   -0.2896666666666666500873362E+01,    0.1061677640640926595372306E+00,    0.1064885861983693171595178E+00,   -0.3208221342766576222871322E-03,     -0.30%
   -0.2895000000000000017763568E+01,    0.1062728087977311275391656E+00,    0.1065981595827748124039047E+00,   -0.3253507850436848647390775E-03,     -0.31%
   -0.2893333333333333534653775E+01,    0.1063780398472067428849996E+00,    0.1067078954357476017200668E+00,   -0.3298555885408588350671266E-03,     -0.31%
   -0.2891666666666666607454772E+01,    0.1064834576653182623973137E+00,    0.1068177940641945322663986E+00,   -0.3343363988762698690848651E-03,     -0.31%
   -0.2890000000000000124344979E+01,    0.1065890627048644567764768E+00,    0.1069278557757081249413034E+00,   -0.3387930708436681648265676E-03,     -0.32%
   -0.2888333333333333197145976E+01,    0.1066948554186441799895846E+00,    0.1070380808785685866624249E+00,   -0.3432254599244066728402913E-03,     -0.32%
   -0.2886666666666666714036182E+01,    0.1068008362594561333480669E+00,    0.1071484696817452259010039E+00,   -0.3476334222890925529370065E-03,     -0.32%
   -0.2884999999999999786837179E+01,    0.1069070056800991430634440E+00,    0.1072590224948985065944740E+00,   -0.3520168147993635310299965E-03,     -0.33%
   -0.2883333333333333303727386E+01,    0.1070133641333719104471456E+00,    0.1073697396283813942918783E+00,   -0.3563754950094838447327561E-03,     -0.33%
   -0.2881666666666666820617593E+01,    0.1071199120720733310996309E+00,    0.1074806213932414239442537E+00,   -0.3607093211680928446227767E-03,     -0.34%
   -0.2879999999999999893418590E+01,    0.1072266499490021479656932E+00,    0.1075916681012222403390766E+00,   -0.3650181522200923733834088E-03,     -0.34%
   -0.2878333333333333410308796E+01,    0.1073335782169570901123379E+00,    0.1077028800647653189459518E+00,   -0.3693018478082288336139527E-03,     -0.34%
   -0.2876666666666666483109793E+01,    0.1074406973287369976288730E+00,    0.1078142575970118810513299E+00,   -0.3735602682748834224568668E-03,     -0.35%
   -0.2875000000000000000000000E+01,    0.1075480077371405995823039E+00,    0.1079258010118043786818021E+00,   -0.3777932746637790994981287E-03,     -0.35%
   -0.2873333333333333516890207E+01,    0.1076555098949667499397265E+00,    0.1080375106236885346389087E+00,   -0.3820007287217846991822512E-03,     -0.35%
   -0.2871666666666666589691204E+01,    0.1077632042550141638903582E+00,    0.1081493867479149106891612E+00,   -0.3861824929007467988029134E-03,     -0.36%
   -0.2870000000000000106581410E+01,    0.1078710912700816676457194E+00,    0.1082614297004406145319422E+00,   -0.3903384303589468862227818E-03,     -0.36%
   -0.2868333333333333179382407E+01,    0.1079791713929680319061788E+00,    0.1083736397979313259565259E+00,   -0.3944684049632940503471445E-03,     -0.36%
   -0.2866666666666666696272614E+01,    0.1080874450764719857387419E+00,    0.1084860173577627678875857E+00,   -0.3985722812907821488437321E-03,     -0.37%
   -0.2865000000000000213162821E+01,    0.1081959127733923553549289E+00,    0.1085985626980226909088501E+00,   -0.4026499246303355539211566E-03,     -0.37%
   -0.2863333333333333285963818E+01,    0.1083045749365279392106842E+00,    0.1087112761375125108420647E+00,   -0.4067012009845716313805042E-03,     -0.37%
   -0.2861666666666666802854024E+01,    0.1084134320186775357619524E+00,    0.1088241579957491822483462E+00,   -0.4107259770716464863937745E-03,     -0.38%
   -0.2859999999999999875655021E+01,    0.1085224844726398463201633E+00,    0.1089372085929670302961725E+00,   -0.4147241203271839760091666E-03,     -0.38%
   -0.2858333333333333392545228E+01,    0.1086317327512136693412614E+00,    0.1090504282501192634402543E+00,   -0.4186954989055940989928217E-03,     -0.38%
   -0.2856666666666666465346225E+01,    0.1087411773071978726701303E+00,    0.1091638172888802216231596E+00,   -0.4226399816823489530293045E-03,     -0.39%
   -0.2854999999999999982236432E+01,    0.1088508185933911714959876E+00,    0.1092773760316467224207315E+00,   -0.4265574382555509247438863E-03,     -0.39%
   -0.2853333333333333499126638E+01,    0.1089606570625922948858388E+00,    0.1093911048015402120991979E+00,   -0.4304477389479172133590623E-03,     -0.39%
   -0.2851666666666666571927635E+01,    0.1090706931676001800735065E+00,    0.1095050039224084170719209E+00,   -0.4343107548082369984143725E-03,     -0.40%
   -0.2850000000000000088817842E+01,    0.1091809273612134173481181E+00,    0.1096190737188270647450850E+00,   -0.4381463576136473969668828E-03,     -0.40%
   -0.2848333333333333161618839E+01,    0.1092913600962309439434961E+00,    0.1097333145161020068192315E+00,   -0.4419544198710628757353902E-03,     -0.40%
   -0.2846666666666666678509046E+01,    0.1094019918254514334154948E+00,    0.1098477266402706764569785E+00,   -0.4457348148192430414837872E-03,     -0.41%
   -0.2845000000000000195399252E+01,    0.1095128230016737119756343E+00,    0.1099623104181041977067679E+00,   -0.4494874164304857311336150E-03,     -0.41%
   -0.2843333333333333268200249E+01,    0.1096238540776966058354347E+00,    0.1100770661771091202263406E+00,   -0.4532120994125143909059261E-03,     -0.41%
   -0.2841666666666666785090456E+01,    0.1097350855063188163063259E+00,    0.1101919942455291817617891E+00,   -0.4569087392103654554631476E-03,     -0.41%
   -0.2839999999999999857891453E+01,    0.1098465177403391973554037E+00,    0.1103070949523473343045765E+00,   -0.4605772120081369491728651E-03,     -0.42%
   -0.2838333333333333374781660E+01,    0.1099581512325564364163100E+00,    0.1104223686272873816704987E+00,   -0.4642173947309452541887254E-03,     -0.42%
   -0.2836666666666666447582656E+01,    0.1100699864357694152117162E+00,    0.1105378156008160195344914E+00,   -0.4678291650466043227751811E-03,     -0.42%
   -0.2834999999999999964472863E+01,    0.1101820238027768766864156E+00,    0.1106534362041445285207431E+00,   -0.4714124013676518343274324E-03,     -0.43%
   -0.2833333333333333481363070E+01,    0.1102942637863775221518381E+00,    0.1107692307692307587263514E+00,   -0.4749669828532365745132893E-03,     -0.43%
   -0.2831666666666666554164067E+01,    0.1104067068393703027195940E+00,    0.1108851996287809893448895E+00,   -0.4784927894106866252954546E-03,     -0.43%
   -0.2830000000000000071054274E+01,    0.1105193534145538641899620E+00,    0.1110013431162517050232452E+00,   -0.4819897016978408332832373E-03,     -0.43%
   -0.2828333333333333143855270E+01,    0.1106322039647270327744621E+00,    0.1111176615658515803852779E+00,   -0.4854576011245476108157959E-03,     -0.44%
   -0.2826666666666666660745477E+01,    0.1107452589426885652956756E+00,    0.1112341553125432702664455E+00,   -0.4888963698547049707698875E-03,     -0.44%
   -0.2825000000000000177635684E+01,    0.1108585188012372602095468E+00,    0.1113508246920453803596729E+00,   -0.4923058908081201501261148E-03,     -0.44%
   -0.2823333333333333250436681E+01,    0.1109719839931719437275959E+00,    0.1114676700408343407167067E+00,   -0.4956860476623969891107890E-03,     -0.44%
   -0.2821666666666666767326888E+01,    0.1110856549712913171612527E+00,    0.1115846916961461959827417E+00,   -0.4990367248548788214890237E-03,     -0.45%
   -0.2819999999999999840127884E+01,    0.1111995321883942344776131E+00,    0.1117018899959787425757440E+00,   -0.5023578075845080981309820E-03,     -0.45%
   -0.2818333333333333357018091E+01,    0.1113136160972794247436823E+00,    0.1118192652790931107542605E+00,   -0.5056491818136860105781238E-03,     -0.45%
   -0.2816666666666666873908298E+01,    0.1114279071507456586598295E+00,    0.1119368178850159989412560E+00,   -0.5089107342703402814265701E-03,     -0.45%
   -0.2814999999999999946709295E+01,    0.1115424058015917901931502E+00,    0.1120545481540413945698020E+00,   -0.5121423524496043766518483E-03,     -0.46%
   -0.2813333333333333463599502E+01,    0.1116571125026164928994987E+00,    0.1121724564272324892177934E+00,   -0.5153439246159963182947195E-03,     -0.46%
   -0.2811666666666666536400498E+01,    0.1117720277066186901349099E+00,    0.1122905430464237186427567E+00,   -0.5185153398050285078468846E-03,     -0.46%
   -0.2810000000000000053290705E+01,    0.1118871518663970415774500E+00,    0.1124088083542226362832039E+00,   -0.5216564878255947057539288E-03,     -0.46%
   -0.2808333333333333126091702E+01,    0.1120024854347503873164271E+00,    0.1125272526940118561489257E+00,   -0.5247672592614688324985650E-03,     -0.47%
   -0.2806666666666666642981909E+01,    0.1121180288644774841744223E+00,    0.1126458764099508846889819E+00,   -0.5278475454734005145596143E-03,     -0.47%
   -0.2805000000000000159872116E+01,    0.1122337826083770889740165E+00,    0.1127646798469783134821753E+00,   -0.5308972386012245081587935E-03,     -0.47%
   -0.2803333333333333232673112E+01,    0.1123497471192480834378813E+00,    0.1128836633508135678383155E+00,   -0.5339162315654844004342294E-03,     -0.47%
   -0.2801666666666666749563319E+01,    0.1124659228498891133662951E+00,    0.1130028272679589051996629E+00,   -0.5369044180697918333677876E-03,     -0.48%
   -0.2799999999999999822364316E+01,    0.1125823102530990743597172E+00,    0.1131221719457013580312221E+00,   -0.5398616926022836715048925E-03,     -0.48%
   -0.2798333333333333339254523E+01,    0.1126989097816766954851531E+00,    0.1132416977321148154889130E+00,   -0.5427879504381200037599342E-03,     -0.48%
   -0.2796666666666666856144730E+01,    0.1128157218884207335651837E+00,    0.1133614049760618414097735E+00,   -0.5456830876411078445897829E-03,     -0.48%
   -0.2794999999999999928945726E+01,    0.1129327470261300425669049E+00,    0.1134812940271958114912820E+00,   -0.5485470010657689243771529E-03,     -0.48%
   -0.2793333333333333445835933E+01,    0.1130499856476033099239586E+00,    0.1136013652359626480148336E+00,   -0.5513795883593380908749282E-03,     -0.49%
   -0.2791666666666666518636930E+01,    0.1131674382056394312368042E+00,    0.1137216189536031651918790E+00,   -0.5541807479637339550748720E-03,     -0.49%
   -0.2790000000000000035527137E+01,    0.1132851051530370939390835E+00,    0.1138420555321546789873111E+00,   -0.5569503791175850482275678E-03,     -0.49%
   -0.2788333333333333552417344E+01,    0.1134029869425950826089533E+00,    0.1139626753244532969544522E+00,   -0.5596883818582143454989364E-03,     -0.49%
   -0.2786666666666666625218340E+01,    0.1135210840271122512135094E+00,    0.1140834786841358194919849E+00,   -0.5623946570235682784755227E-03,     -0.49%
   -0.2785000000000000142108547E+01,    0.1136393968593873010641815E+00,    0.1142044659656415855897293E+00,   -0.5650691062542845255478596E-03,     -0.49%
   -0.2783333333333333214909544E+01,    0.1137579258922190861280654E+00,    0.1143256375242148042969959E+00,   -0.5677116319957181689304093E-03,     -0.50%
   -0.2781666666666666731799751E+01,    0.1138766715784063215943789E+00,    0.1144469937159063033238482E+00,   -0.5703221374999817294693116E-03,     -0.50%
   -0.2779999999999999804600748E+01,    0.1139956343707478059190663E+00,    0.1145685348975757494871530E+00,   -0.5729005268279435680867095E-03,     -0.50%
   -0.2778333333333333321490954E+01,    0.1141148147220423791914357E+00,    0.1146902614268933834340558E+00,   -0.5754467048510042426201494E-03,     -0.50%
   -0.2776666666666666838381161E+01,    0.1142342130850887010895534E+00,    0.1148121736623424898882107E+00,   -0.5779605772537887986572969E-03,     -0.50%
   -0.2774999999999999911182158E+01,    0.1143538299126857227250298E+00,    0.1149342719632210491065294E+00,   -0.5804420505353263814996012E-03,     -0.51%
   -0.2773333333333333428072365E+01,    0.1144736656576320343869924E+00,    0.1150565566896438879362918E+00,   -0.5828910320118535492994738E-03,     -0.51%
   -0.2771666666666666500873362E+01,    0.1145937207727265733092636E+00,    0.1151790282025449002611950E+00,   -0.5853074298183269519313399E-03,     -0.51%
   -0.2770000000000000017763568E+01,    0.1147139957107680408032735E+00,    0.1153016868636788094804047E+00,   -0.5876911529107686771311592E-03,     -0.51%
   -0.2768333333333333534653775E+01,    0.1148344909245552353249664E+00,    0.1154245330356235416102706E+00,   -0.5900421110683062853041747E-03,     -0.51%
   -0.2766666666666666607454772E+01,    0.1149552068668869553302869E+00,    0.1155475670817820155189537E+00,   -0.5923602148950601886667755E-03,     -0.51%
   -0.2765000000000000124344979E+01,    0.1150761439905619298862405E+00,    0.1156707893663843356168996E+00,   -0.5946453758224057306591703E-03,     -0.51%
   -0.2763333333333333197145976E+01,    0.1151973027483790268377106E+00,    0.1157942002544899429139491E+00,   -0.5968975061109160762384818E-03,     -0.52%
   -0.2761666666666666714036182E+01,    0.1153186835931369474961272E+00,    0.1159178001119894746429040E+00,   -0.5991165188525271467767652E-03,     -0.52%
   -0.2759999999999999786837179E+01,    0.1154402869776345458285860E+00,    0.1160415893056071373612426E+00,   -0.6013023279725915326565655E-03,     -0.52%
   -0.2758333333333333303727386E+01,    0.1155621133546705092687290E+00,    0.1161655682029025526968979E+00,   -0.6034548482320434281689359E-03,     -0.52%
   -0.2756666666666666820617593E+01,    0.1156841631770436917836520E+00,    0.1162897371722728945275804E+00,   -0.6055739952292027439284539E-03,     -0.52%
   -0.2754999999999999893418590E+01,    0.1158064368975528640737238E+00,    0.1164140965829552204491293E+00,   -0.6076596854023563754054749E-03,     -0.52%
   -0.2753333333333333410308796E+01,    0.1159289349689967690837378E+00,    0.1165386468050282481323521E+00,   -0.6097118360314790486143011E-03,     -0.52%
   -0.2751666666666666483109793E+01,    0.1160516578441742469030018E+00,    0.1166633882094147006691642E+00,   -0.6117303652404537661624317E-03,     -0.52%
   -0.2750000000000000000000000E+01,    0.1161746059758840265985214E+00,    0.1167883211678832078295187E+00,   -0.6137151919991812309973511E-03,     -0.53%
   -0.2748333333333333516890207E+01,    0.1162977798169249205040288E+00,    0.1169134460530507763076358E+00,   -0.6156662361258558036070099E-03,     -0.53%
   -0.2746666666666666589691204E+01,    0.1164211798200957131976807E+00,    0.1170387632383845522010546E+00,   -0.6175834182888390033738801E-03,     -0.53%
   -0.2745000000000000106581410E+01,    0.1165448064381951337464827E+00,    0.1171642730982041524789850E+00,   -0.6194666600090187325022839E-03,     -0.53%
   -0.2743333333333333179382407E+01,    0.1166686601240220638731060E+00,    0.1172899760076838160394175E+00,   -0.6213158836617521663114871E-03,     -0.53%
   -0.2741666666666666696272614E+01,    0.1167927413303751632556171E+00,    0.1174158723428543465994167E+00,   -0.6231310124791833437996047E-03,     -0.53%
   -0.2740000000000000213162821E+01,    0.1169170505100532997388996E+00,    0.1175419624806055690635631E+00,   -0.6249119705522693246635413E-03,     -0.53%
   -0.2738333333333333285963818E+01,    0.1170415881158552717788979E+00,    0.1176682467986882724142461E+00,   -0.6266586828330006353482418E-03,     -0.53%
   -0.2736666666666666802854024E+01,    0.1171663546005797390536785E+00,    0.1177947256757163468909866E+00,   -0.6283710751366078373081336E-03,     -0.53%
   -0.2734999999999999875655021E+01,    0.1172913504170256249192761E+00,    0.1179213994911691709699397E+00,   -0.6300490741435460506636446E-03,     -0.53%
   -0.2733333333333333392545228E+01,    0.1174165760179916168093328E+00,    0.1180482686253935126208248E+00,   -0.6316926074018958114919542E-03,     -0.54%
   -0.2731666666666666465346225E+01,    0.1175420318562765409353688E+00,    0.1181753334596058885308523E+00,   -0.6333016033293475954835117E-03,     -0.54%
   -0.2729999999999999982236432E+01,    0.1176677183846791263643894E+00,    0.1183025943758946735284709E+00,   -0.6348759912155471640815563E-03,     -0.54%
   -0.2728333333333333499126638E+01,    0.1177936360559982270634904E+00,    0.1184300517572223071516291E+00,   -0.6364157012240800881386349E-03,     -0.54%
   -0.2726666666666666571927635E+01,    0.1179197853230325998552530E+00,    0.1185577059874276389939141E+00,   -0.6379206643950391386610477E-03,     -0.54%
   -0.2725000000000000088817842E+01,    0.1180461666385809876844704E+00,    0.1186855574512276495502405E+00,   -0.6393908126466618657701702E-03,     -0.54%
   -0.2723333333333333161618839E+01,    0.1181727804554422028848748E+00,    0.1188136065342203090411388E+00,   -0.6408260787781061562640161E-03,     -0.54%
   -0.2721666666666666678509046E+01,    0.1182996272264150300346230E+00,    0.1189418536228862566250797E+00,   -0.6422263964712265904566380E-03,     -0.54%
   -0.2720000000000000195399252E+01,    0.1184267074042982120785084E+00,    0.1190702991045913122780675E+00,   -0.6435917002931001995591487E-03,     -0.54%
   -0.2718333333333333268200249E+01,    0.1185540214418906307392021E+00,    0.1191989433675886972396896E+00,   -0.6449219256980665004874709E-03,     -0.54%
   -0.2716666666666666785090456E+01,    0.1186815697919909595725585E+00,    0.1193277868010209213922579E+00,   -0.6462170090299618196993947E-03,     -0.54%
   -0.2714999999999999857891453E+01,    0.1188093529073980386678855E+00,    0.1194568297949225033072196E+00,   -0.6474768875244646393340986E-03,     -0.54%
   -0.2713333333333333374781660E+01,    0.1189373712409105970921885E+00,    0.1195860727402218576242987E+00,   -0.6487014993112605321101682E-03,     -0.54%
   -0.2711666666666666447582656E+01,    0.1190656252453274749347756E+00,    0.1197155160287437236643626E+00,   -0.6498907834162487295870392E-03,     -0.54%
   -0.2709999999999999964472863E+01,    0.1191941153734474290182277E+00,    0.1198451600532112332198054E+00,   -0.6510446797638042015776705E-03,     -0.54%
   -0.2708333333333333481363070E+01,    0.1193228420780692161651260E+00,    0.1199750052072484640675043E+00,   -0.6521631291792479023783358E-03,     -0.54%
   -0.2706666666666666554164067E+01,    0.1194518058119916764647783E+00,    0.1201050518853824244924766E+00,   -0.6532460733907480276982938E-03,     -0.54%
   -0.2705000000000000071054274E+01,    0.1195810070280135112286146E+00,    0.1202353004830453014895042E+00,   -0.6542934550317902608895793E-03,     -0.54%
   -0.2703333333333333143855270E+01,    0.1197104461789336021793062E+00,    0.1203657513965770836650293E+00,   -0.6553052176434814857231004E-03,     -0.54%
   -0.2701666666666666660745477E+01,    0.1198401237175506089949195E+00,    0.1204964050232273514717818E+00,   -0.6562813056767424768622732E-03,     -0.54%
   -0.2700000000000000177635684E+01,    0.1199700400966634133981259E+00,    0.1206272617611580111329772E+00,   -0.6572216644945977348513111E-03,     -0.54%
   -0.2698333333333333250436681E+01,    0.1201001957690707860892942E+00,    0.1207583220094453207993368E+00,   -0.6581262403745347100425533E-03,     -0.54%
   -0.2696666666666666767326888E+01,    0.1202305911875714561354300E+00,    0.1208895861680821803840757E+00,   -0.6589949805107242486457153E-03,     -0.55%
   -0.2694999999999999840127884E+01,    0.1203612268049642497480534E+00,    0.1210210546379806573202842E+00,   -0.6598278330164075722308326E-03,     -0.55%
   -0.2693333333333333357018091E+01,    0.1204921030740478682385941E+00,    0.1211527278209739572067960E+00,   -0.6606247469260889682018956E-03,     -0.55%
   -0.2691666666666666873908298E+01,    0.1206232204476212072075114E+00,    0.1212846061198190467100844E+00,   -0.6613856721978395025729469E-03,     -0.55%
   -0.2689999999999999946709295E+01,    0.1207545793784830234773864E+00,    0.1214166899381989017658867E+00,   -0.6621105597158782885003347E-03,     -0.55%
   -0.2688333333333333463599502E+01,    0.1208861803194320044818610E+00,    0.1215489796807245892473759E+00,   -0.6627993612925847655148459E-03,     -0.55%
   -0.2686666666666666536400498E+01,    0.1210180237232670596991824E+00,    0.1216814757529379453782070E+00,   -0.6634520296708856790246500E-03,     -0.55%
   -0.2685000000000000053290705E+01,    0.1211501100427868904407802E+00,    0.1218141785613136435229009E+00,   -0.6640685185267530821207060E-03,     -0.55%
   -0.2683333333333333126091702E+01,    0.1212824397307902951625991E+00,    0.1219470885132617754553763E+00,   -0.6646487824714802927772439E-03,     -0.55%
   -0.2681666666666666642981909E+01,    0.1214150132400760445650079E+00,    0.1220802060171298913937576E+00,   -0.6651927770538468287497835E-03,     -0.54%
   -0.2680000000000000159872116E+01,    0.1215478310234429093483755E+00,    0.1222135314822056922912097E+00,   -0.6657004587627829428342352E-03,     -0.54%
   -0.2678333333333333232673112E+01,    0.1216808935336897573575854E+00,    0.1223470653187192225264113E+00,   -0.6661717850294651688258796E-03,     -0.54%
   -0.2676666666666666749563319E+01,    0.1218142012236152621484919E+00,    0.1224808079378450625940289E+00,   -0.6666067142298004455369664E-03,     -0.54%
   -0.2674999999999999822364316E+01,    0.1219477545460182915659786E+00,    0.1226147597517051324178539E+00,   -0.6670052056868408518752744E-03,     -0.54%
   -0.2673333333333333339254523E+01,    0.1220815539536975330436874E+00,    0.1227489211733705787299442E+00,   -0.6673672196730456862567848E-03,     -0.54%
   -0.2671666666666666856144730E+01,    0.1222155998994518127931386E+00,    0.1228832926168645506281862E+00,   -0.6676927174127378350476647E-03,     -0.54%
   -0.2669999999999999928945726E+01,    0.1223498928360799847814278E+00,    0.1230178744971644477779193E+00,   -0.6679816610844629964915953E-03,     -0.54%
   -0.2668333333333333445835933E+01,    0.1224844332163806948088336E+00,    0.1231526672302041547357732E+00,   -0.6682340138234599269395630E-03,     -0.54%
   -0.2666666666666666518636930E+01,    0.1226192214931528384758153E+00,    0.1232876712328767193627144E+00,   -0.6684497397238808868991100E-03,     -0.54%
   -0.2665000000000000035527137E+01,    0.1227542581191951448493782E+00,    0.1234228869230365593923082E+00,   -0.6686288038414145429300106E-03,     -0.54%
   -0.2663333333333333552417344E+01,    0.1228895435473063846298913E+00,    0.1235583147195020159436751E+00,   -0.6687711721956313137837924E-03,     -0.54%
   -0.2661666666666666625218340E+01,    0.1230250782302853562732992E+00,    0.1236939550420576711120546E+00,   -0.6688768117723148387554488E-03,     -0.54%
   -0.2660000000000000142108547E+01,    0.1231608626209308582355462E+00,    0.1238298083114567071927326E+00,   -0.6689456905258489571863834E-03,     -0.54%
   -0.2658333333333333214909544E+01,    0.1232968971720416612170013E+00,    0.1239658749494236544830272E+00,   -0.6689777773819932660259724E-03,     -0.54%
   -0.2656666666666666731799751E+01,    0.1234331823364165220402455E+00,    0.1241021553786563619281580E+00,   -0.6689730422398398879124670E-03,     -0.54%
   -0.2654999999999999804600748E+01,    0.1235697185668542807945869E+00,    0.1242386500228288698233214E+00,   -0.6689314559745890287345560E-03,     -0.54%
   -0.2653333333333333321490954E+01,    0.1237065063161536387914552E+00,    0.1243753593065935469930139E+00,   -0.6688529904399082015586941E-03,     -0.54%
   -0.2651666666666666838381161E+01,    0.1238435460371133944867950E+00,    0.1245122836555837830818660E+00,   -0.6687376184703885950710855E-03,     -0.54%
   -0.2649999999999999911182158E+01,    0.1239808381825324157254897E+00,    0.1246494234964163200229947E+00,   -0.6685853138839042975050120E-03,     -0.54%
   -0.2648333333333333428072365E+01,    0.1241183832052093483078181E+00,    0.1247867792566936667730815E+00,   -0.6683960514843184652633568E-03,     -0.54%
   -0.2646666666666666500873362E+01,    0.1242561815579431155898149E+00,    0.1249243513650067499698437E+00,   -0.6681698070636343800288159E-03,     -0.53%
   -0.2645000000000000017763568E+01,    0.1243942336935323911273343E+00,    0.1250621402509371760114476E+00,   -0.6679065574047848841132691E-03,     -0.53%
   -0.2643333333333333534653775E+01,    0.1245325400647759594985331E+00,    0.1252001463450599372251304E+00,   -0.6676062802839777265972998E-03,     -0.53%
   -0.2641666666666666607454772E+01,    0.1246711011244727024260825E+00,    0.1253383700789457710911279E+00,   -0.6672689544730686650453322E-03,     -0.53%
   -0.2640000000000000124344979E+01,    0.1248099173254213212214125E+00,    0.1254768118851636027333285E+00,   -0.6668945597422815119159623E-03,     -0.53%
   -0.2638333333333333197145976E+01,    0.1249489891204206004626798E+00,    0.1256154721972832788434715E+00,   -0.6664830768626783807917491E-03,     -0.53%
   -0.2636666666666666714036182E+01,    0.1250883169622692692168897E+00,    0.1257543514498778158827719E+00,   -0.6660344876085466658821588E-03,     -0.53%
   -0.2634999999999999786837179E+01,    0.1252279013037662924734406E+00,    0.1258934500785260646171793E+00,   -0.6655487747597721437387008E-03,     -0.53%
   -0.2633333333333333303727386E+01,    0.1253677425977102466436719E+00,    0.1260327685198151526080323E+00,   -0.6650259221049059643604551E-03,     -0.53%
   -0.2631666666666666820617593E+01,    0.1255078412969000134502551E+00,    0.1261723072113431765028935E+00,   -0.6644659144431630526383969E-03,     -0.53%
   -0.2629999999999999893418590E+01,    0.1256481978541343635935590E+00,    0.1263120665917215335039003E+00,   -0.6638687375871699103413448E-03,     -0.53%
   -0.2628333333333333410308796E+01,    0.1257888127222120677739525E+00,    0.1264520471005775026362983E+00,   -0.6632343783654348623457508E-03,     -0.52%
   -0.2626666666666666483109793E+01,    0.1259296863539319522029558E+00,    0.1265922491785569647948506E+00,   -0.6625628246250125918948015E-03,     -0.52%
   -0.2625000000000000000000000E+01,    0.1260708192020926765586353E+00,    0.1267326732673267342121903E+00,   -0.6618540652340576535550554E-03,     -0.52%
   -0.2623333333333333516890207E+01,    0.1262122117194931503192379E+00,    0.1268733198095772229940792E+00,   -0.6611080900840726748413090E-03,     -0.52%
   -0.2621666666666666589691204E+01,    0.1263538643589321164295569E+00,    0.1270141892490250778990912E+00,   -0.6603248900929614695343162E-03,     -0.52%
   -0.2620000000000000106581410E+01,    0.1264957775732083455899613E+00,    0.1271552820304155395625401E+00,   -0.6595044572071939725788070E-03,     -0.52%
   -0.2618333333333333179382407E+01,    0.1266379518151206362563954E+00,    0.1272965985995252735651917E+00,   -0.6586467844046373087962820E-03,     -0.52%
   -0.2616666666666666696272614E+01,    0.1267803875374677036180771E+00,    0.1274381394031647019016162E+00,   -0.6577518656969982835391875E-03,     -0.52%
   -0.2615000000000000213162821E+01,    0.1269230851930483738865263E+00,    0.1275799048891808895600519E+00,   -0.6568196961325156735256314E-03,     -0.51%
   -0.2613333333333333285963818E+01,    0.1270660452346615010288389E+00,    0.1277218955064599037463324E+00,   -0.6558502717984027174935591E-03,     -0.51%
   -0.2611666666666666802854024E+01,    0.1272092681151057447230812E+00,    0.1278641117049293951524191E+00,   -0.6548435898236504293379312E-03,     -0.51%
   -0.2609999999999999875655021E+01,    0.1273527542871800144475003E+00,    0.1280065539355615122918408E+00,   -0.6537996483814978443405153E-03,     -0.51%
   -0.2608333333333333392545228E+01,    0.1274965042036829421245869E+00,    0.1281492226503750941901671E+00,   -0.6527184466921520655802169E-03,     -0.51%
   -0.2606666666666666465346225E+01,    0.1276405183174133817214368E+00,    0.1282921183024386957427510E+00,   -0.6515999850253140213141023E-03,     -0.51%
   -0.2604999999999999982236432E+01,    0.1277847970811701872051458E+00,    0.1284352413458728914275042E+00,   -0.6504442647027042223584203E-03,     -0.51%
   -0.2603333333333333499126638E+01,    0.1279293409477519904982046E+00,    0.1285785922358531341291865E+00,   -0.6492512881011436309819373E-03,     -0.50%
   -0.2601666666666666571927635E+01,    0.1280741503699577288344358E+00,    0.1287221714286123086523617E+00,   -0.6480210586545798179258782E-03,     -0.50%
   -0.2600000000000000088817842E+01,    0.1282192258005860341363302E+00,    0.1288659793814432852343543E+00,   -0.6467535808572510980241077E-03,     -0.50%
   -0.2598333333333333161618839E+01,    0.1283645676924358158821349E+00,    0.1290100165527018616362653E+00,   -0.6454488602660457541304595E-03,     -0.50%
   -0.2596666666666666678509046E+01,    0.1285101764983057892610674E+00,    0.1291542834018090113445965E+00,   -0.6441069035032220835290673E-03,     -0.50%
   -0.2595000000000000195399252E+01,    0.1286560526709947249734967E+00,    0.1292987803892539644401438E+00,   -0.6427277182592394666471591E-03,     -0.50%
   -0.2593333333333333268200249E+01,    0.1288021966633014492309428E+00,    0.1294435079765966223330764E+00,   -0.6413113132951731021336172E-03,     -0.50%
   -0.2591666666666666785090456E+01,    0.1289486089280247049781991E+00,    0.1295884666264702500537709E+00,   -0.6398576984455450755717720E-03,     -0.49%
   -0.2589999999999999857891453E+01,    0.1290952899179633461823613E+00,    0.1297336568025843073215242E+00,   -0.6383668846209611391628869E-03,     -0.49%
   -0.2588333333333333374781660E+01,    0.1292422400859160325214958E+00,    0.1298790789697270020575104E+00,   -0.6368388838109695360145679E-03,     -0.49%
   -0.2586666666666666447582656E+01,    0.1293894598846816457182740E+00,    0.1300247335937680659423421E+00,   -0.6352737090864202240680925E-03,     -0.49%
   -0.2584999999999999964472863E+01,    0.1295369497670589009619135E+00,    0.1301706211416614467069053E+00,   -0.6336713746025457449917440E-03,     -0.49%
   -0.2583333333333333481363070E+01,    0.1296847101858466244639345E+00,    0.1303167420814479449120427E+00,   -0.6320318956013204481081402E-03,     -0.48%
   -0.2581666666666666554164067E+01,    0.1298327415938435591691302E+00,    0.1304630968822581560395690E+00,   -0.6303552884145968704387997E-03,     -0.48%
   -0.2580000000000000071054274E+01,    0.1299810444438485590445964E+00,    0.1306096860143148019606230E+00,   -0.6286415704662429160265447E-03,     -0.48%
   -0.2578333333333333143855270E+01,    0.1301296191886603392795507E+00,    0.1307565099489359783380138E+00,   -0.6268907602756390584630708E-03,     -0.48%
   -0.2576666666666666660745477E+01,    0.1302784662810776705743621E+00,    0.1309035691585373195611197E+00,   -0.6251028774596489867576565E-03,     -0.48%
   -0.2575000000000000177635684E+01,    0.1304275861738993513849749E+00,    0.1310508641166352461482347E+00,   -0.6232779427358947632598074E-03,     -0.48%
   -0.2573333333333333250436681E+01,    0.1305769793199242079229094E+00,    0.1311983952978495182595253E+00,   -0.6214159779253103366158939E-03,     -0.47%
   -0.2571666666666666767326888E+01,    0.1307266461719510108885345E+00,    0.1313461631779058169655627E+00,   -0.6195170059548060770282518E-03,     -0.47%
   -0.2569999999999999840127884E+01,    0.1308765871827784754710677E+00,    0.1314941682336388528717919E+00,   -0.6175810508603774007241327E-03,     -0.47%
   -0.2568333333333333357018091E+01,    0.1310268028052054556376049E+00,    0.1316424109429948086091855E+00,   -0.6156081377893529715805698E-03,     -0.47%
   -0.2566666666666666873908298E+01,    0.1311772934920306665773637E+00,    0.1317908917850343919475620E+00,   -0.6135982930037253701982536E-03,     -0.47%
   -0.2564999999999999946709295E+01,    0.1313280596960529622574398E+00,    0.1319396112399354725752687E+00,   -0.6115515438825103178288600E-03,     -0.46%
   -0.2563333333333333463599502E+01,    0.1314791018700710301114754E+00,    0.1320885697889958299011681E+00,   -0.6094679189247997896927700E-03,     -0.46%
   -0.2561666666666666536400498E+01,    0.1316304204668838073732928E+00,    0.1322377679146361229012285E+00,   -0.6073474477523155279357070E-03,     -0.46%
   -0.2560000000000000053290705E+01,    0.1317820159392898982098075E+00,    0.1323872061004024436314808E+00,   -0.6051901611125454216733033E-03,     -0.46%
   -0.2558333333333333126091702E+01,    0.1319338887400882120992662E+00,    0.1325368848309694536080627E+00,   -0.6029960908812415087965064E-03,     -0.45%
   -0.2556666666666666642981909E+01,    0.1320860393220774364753112E+00,    0.1326868045921428818090249E+00,   -0.6007652700654453337136829E-03,     -0.45%
   -0.2555000000000000159872116E+01,    0.1322384681380563975494624E+00,    0.1328369658708625500320721E+00,   -0.5984977328061524826097184E-03,     -0.45%
   -0.2553333333333333232673112E+01,    0.1323911756408238937776645E+00,    0.1329873691552051206965501E+00,   -0.5961935143812269188856590E-03,     -0.45%
   -0.2551666666666666749563319E+01,    0.1325441622831786958602862E+00,    0.1331380149343869834233089E+00,   -0.5938526512082875630227363E-03,     -0.45%
   -0.2549999999999999822364316E+01,    0.1326974285179195744976965E+00,    0.1332889036987670861034161E+00,   -0.5914751808475116057195464E-03,     -0.44%
   -0.2548333333333333339254523E+01,    0.1328509747978453003902644E+00,    0.1334400359398496827001424E+00,   -0.5890611420043823098779967E-03,     -0.44%
   -0.2546666666666666856144730E+01,    0.1330048015757546442383585E+00,    0.1335914121502873586067039E+00,   -0.5866105745327143683454096E-03,     -0.44%
   -0.2544999999999999928945726E+01,    0.1331589093044464600090748E+00,    0.1337430328238838339593997E+00,   -0.5841235194373739503248544E-03,     -0.44%
   -0.2543333333333333445835933E+01,    0.1333132984367194628916309E+00,    0.1338948984555967114395969E+00,   -0.5816000188772485479660190E-03,     -0.43%
   -0.2541666666666666518636930E+01,    0.1334679694253724513419712E+00,    0.1340470095415406126537761E+00,   -0.5790401161681613118048517E-03,     -0.43%
   -0.2540000000000000035527137E+01,    0.1336229227232041960604647E+00,    0.1341993665789897594020630E+00,   -0.5764438557855633415982766E-03,     -0.43%
   -0.2538333333333333552417344E+01,    0.1337781587830135232586315E+00,    0.1343519700663810545471222E+00,   -0.5738112833675312884906816E-03,     -0.43%
   -0.2536666666666666625218340E+01,    0.1339336780575991481256892E+00,    0.1345048205033170241051721E+00,   -0.5711424457178759794828693E-03,     -0.42%
   -0.2535000000000000142108547E+01,    0.1340894809997598968731580E+00,    0.1346579183905685372923955E+00,   -0.5684373908086404192374630E-03,     -0.42%
   -0.2533333333333333214909544E+01,    0.1342455680622945402014068E+00,    0.1348112642300778873938327E+00,   -0.5656961677833471924259356E-03,     -0.42%
   -0.2531666666666666731799751E+01,    0.1344019396980018488108044E+00,    0.1349648585249615673209433E+00,   -0.5629188269597185101389414E-03,     -0.42%
   -0.2529999999999999804600748E+01,    0.1345585963596806489128710E+00,    0.1351187017795133227249238E+00,   -0.5601054198326738120528034E-03,     -0.41%
   -0.2528333333333333321490954E+01,    0.1347155385001296001856730E+00,    0.1352727944992069830654202E+00,   -0.5572559990773828797472333E-03,     -0.41%
   -0.2526666666666666838381161E+01,    0.1348727665721476121074573E+00,    0.1354271371906994592126949E+00,   -0.5543706185518471052375844E-03,     -0.41%
   -0.2524999999999999911182158E+01,    0.1350302810285334831341686E+00,    0.1355817303618337410497929E+00,   -0.5514493333002579156243428E-03,     -0.41%
   -0.2523333333333333428072365E+01,    0.1351880823220858729438731E+00,    0.1357365745216416730301034E+00,   -0.5484921995558000862303061E-03,     -0.40%
   -0.2521666666666666500873362E+01,    0.1353461709056036355036667E+00,    0.1358916701803471183129801E+00,   -0.5454992747434828093133774E-03,     -0.40%
   -0.2520000000000000017763568E+01,    0.1355045472318855692694939E+00,    0.1360470178493687343213026E+00,   -0.5424706174831650518086690E-03,     -0.40%
   -0.2518333333333333534653775E+01,    0.1356632117537303616749966E+00,    0.1362026180413230813659453E+00,   -0.5394062875927196909486838E-03,     -0.40%
   -0.2516666666666666607454772E+01,    0.1358221649239368944428463E+00,    0.1363584712700276480035200E+00,   -0.5363063460907535606736474E-03,     -0.39%
   -0.2515000000000000124344979E+01,    0.1359814071953039105178362E+00,    0.1365145780505035710827855E+00,   -0.5331708551996605649492267E-03,     -0.39%
   -0.2513333333333333197145976E+01,    0.1361409390206302361114865E+00,    0.1366709388989789386581464E+00,   -0.5299998783487025466598652E-03,     -0.39%
   -0.2511666666666666714036182E+01,    0.1363007608527145864130148E+00,    0.1368275543328915655472144E+00,   -0.5267934801769791341996552E-03,     -0.39%
   -0.2509999999999999786837179E+01,    0.1364608731443557598783656E+00,    0.1369844248708922129775800E+00,   -0.5235517265364530992144410E-03,     -0.38%
   -0.2508333333333333303727386E+01,    0.1366212763483525272079078E+00,    0.1371415510328473086332224E+00,   -0.5202746844947814253146134E-03,     -0.38%
   -0.2506666666666666820617593E+01,    0.1367819709175037146131615E+00,    0.1372989333398423050791592E+00,   -0.5169624223385904659977541E-03,     -0.38%
   -0.2504999999999999893418590E+01,    0.1369429573046080927944956E+00,    0.1374565723141845108301595E+00,   -0.5136150095764180356638917E-03,     -0.37%
   -0.2503333333333333410308796E+01,    0.1371042359624643769411279E+00,    0.1376144684794060046861830E+00,   -0.5102325169416277450551434E-03,     -0.37%
   -0.2501666666666666483109793E+01,    0.1372658073438714487757295E+00,    0.1377726223602669941570298E+00,   -0.5068150163955453813002805E-03,     -0.37%
   -0.2500000000000000000000000E+01,    0.1374276719016279957319426E+00,    0.1379310344827586187754775E+00,   -0.5033625811306230435349107E-03,     -0.36%
   -0.2498333333333333516890207E+01,    0.1375898300885328717768630E+00,    0.1380897053741060864773260E+00,   -0.4998752855732147004630406E-03,     -0.36%
   -0.2496666666666666589691204E+01,    0.1377522823573848476108594E+00,    0.1382486355627718099814416E+00,   -0.4963532053869623705821823E-03,     -0.36%
   -0.2495000000000000106581410E+01,    0.1379150291609826661787253E+00,    0.1384078255784582101028946E+00,   -0.4927964174755439241693011E-03,     -0.36%
   -0.2493333333333333179382407E+01,    0.1380780709521251259364050E+00,    0.1385672759521111574443353E+00,   -0.4892049999860315079303064E-03,     -0.35%
   -0.2491666666666666696272614E+01,    0.1382414081836109975842675E+00,    0.1387269872159227757091315E+00,   -0.4855790323117781248640767E-03,     -0.35%
   -0.2490000000000000213162821E+01,    0.1384050413082390518226816E+00,    0.1388869599033346613481399E+00,   -0.4819185950956095254582578E-03,     -0.35%
   -0.2488333333333333285963818E+01,    0.1385689707788081703743188E+00,    0.1390471945490409921841746E+00,   -0.4782237702328218098557500E-03,     -0.34%
   -0.2486666666666666802854024E+01,    0.1387331970481169574060942E+00,    0.1392076916889914417474472E+00,   -0.4744946408744843413529679E-03,     -0.34%
   -0.2484999999999999875655021E+01,    0.1388977205689643779074061E+00,    0.1393684518603946487225187E+00,   -0.4707312914302708151126353E-03,     -0.34%
   -0.2483333333333333392545228E+01,    0.1390625417941490915563207E+00,    0.1395294756017208537279828E+00,   -0.4669338075717621716620442E-03,     -0.33%
   -0.2481666666666666465346225E+01,    0.1392276611764699800755096E+00,    0.1396907634527055630524472E+00,   -0.4631022762355829769376214E-03,     -0.33%
   -0.2479999999999999982236432E+01,    0.1393930791687257031430391E+00,    0.1398523159543521854342174E+00,   -0.4592367856264822911782630E-03,     -0.33%
   -0.2478333333333333499126638E+01,    0.1395587962237150592148538E+00,    0.1400141336489355292638237E+00,   -0.4553374252204700489699007E-03,     -0.33%
   -0.2476666666666666571927635E+01,    0.1397248127942369577692006E+00,    0.1401762170800048001861882E+00,   -0.4514042857678424169876052E-03,     -0.32%
   -0.2475000000000000088817842E+01,    0.1398911293330901139952971E+00,    0.1403385667923866264583665E+00,   -0.4474374592965124630694618E-03,     -0.32%
   -0.2473333333333333161618839E+01,    0.1400577462930732153267854E+00,    0.1405011833321885283965003E+00,   -0.4434370391153130697148299E-03,     -0.32%
   -0.2471666666666666678509046E+01,    0.1402246641269851157307613E+00,    0.1406640672468017494445292E+00,   -0.4394031198166337137678283E-03,     -0.31%
   -0.2470000000000000195399252E+01,    0.1403918832876246414187449E+00,    0.1408272190849046978655679E+00,   -0.4353357972800564468229823E-03,     -0.31%
   -0.2468333333333333268200249E+01,    0.1405594042277905353355294E+00,    0.1409906393964660831219504E+00,   -0.4312351686755477864210206E-03,     -0.31%
   -0.2466666666666666785090456E+01,    0.1407272274002815404259081E+00,    0.1411543287327478024550942E+00,   -0.4271013324662620291860549E-03,     -0.30%
   -0.2464999999999999857891453E+01,    0.1408953532578965106569768E+00,    0.1413182876463086046214812E+00,   -0.4229343884120939645043791E-03,     -0.30%
   -0.2463333333333333374781660E+01,    0.1410637822534341334623775E+00,    0.1414825166910068932057953E+00,   -0.4187344375727597434178051E-03,     -0.30%
   -0.2461666666666666447582656E+01,    0.1412325148396932628092060E+00,    0.1416470164220042515790254E+00,   -0.4145015823109887698194598E-03,     -0.29%
   -0.2459999999999999964472863E+01,    0.1414015514694726693978311E+00,    0.1418117873957683572339050E+00,   -0.4102359262956878360739665E-03,     -0.29%
   -0.2458333333333333481363070E+01,    0.1415708925955711516841973E+00,    0.1419768301700763957207130E+00,   -0.4059375745052440365157054E-03,     -0.29%
   -0.2456666666666666554164067E+01,    0.1417405386707874526130979E+00,    0.1421421453040183635607718E+00,   -0.4016066332309109476739195E-03,     -0.28%
   -0.2455000000000000071054274E+01,    0.1419104901479203151293262E+00,    0.1423077333580000103374630E+00,   -0.3972432100796952081367408E-03,     -0.28%
   -0.2453333333333333143855270E+01,    0.1420807474797686764667048E+00,    0.1424735948937463636543299E+00,   -0.3928474139776871876250652E-03,     -0.28%
   -0.2451666666666666660745477E+01,    0.1422513111191311407921489E+00,    0.1426397304743048377595471E+00,   -0.3884193551736969673982003E-03,     -0.27%
   -0.2450000000000000177635684E+01,    0.1424221815188065343171786E+00,    0.1428061406640485364594184E+00,   -0.3839591452420021422398122E-03,     -0.27%
   -0.2448333333333333250436681E+01,    0.1425933591315937387644652E+00,    0.1429728260286795560318751E+00,   -0.3794668970858172674098796E-03,     -0.27%
   -0.2446666666666666767326888E+01,    0.1427648444102914138120752E+00,    0.1431397871352320938509450E+00,   -0.3749427249406800388698002E-03,     -0.26%
   -0.2444999999999999840127884E+01,    0.1429366378076984689382556E+00,    0.1433070245520760011004313E+00,   -0.3703867443775321621757257E-03,     -0.26%
   -0.2443333333333333357018091E+01,    0.1431087397766135360654971E+00,    0.1434745388489197248649276E+00,   -0.3657990723061887994305152E-03,     -0.25%
   -0.2441666666666666873908298E+01,    0.1432811507698354414053199E+00,    0.1436423305968139163546482E+00,   -0.3611798269784749493283016E-03,     -0.25%
   -0.2439999999999999946709295E+01,    0.1434538712401630666803953E+00,    0.1438104003681546227966237E+00,   -0.3565291279915561162283666E-03,     -0.25%
   -0.2438333333333333463599502E+01,    0.1436269016403950438132142E+00,    0.1439787487366864515703213E+00,   -0.3518470962914077571070948E-03,     -0.24%
   -0.2436666666666666536400498E+01,    0.1438002424233303100375991E+00,    0.1441473762775061506768992E+00,   -0.3471338541758406393000769E-03,     -0.24%
   -0.2435000000000000053290705E+01,    0.1439738940417674972760409E+00,    0.1443162835670655785857974E+00,   -0.3423895252980813097565260E-03,     -0.24%
   -0.2433333333333333126091702E+01,    0.1441478569485055150067865E+00,    0.1444854711831754789930216E+00,   -0.3376142346699639862350750E-03,     -0.23%
   -0.2431666666666666642981909E+01,    0.1443221315963430506634779E+00,    0.1446549397050083951565824E+00,   -0.3328081086653444931044987E-03,     -0.23%
   -0.2430000000000000159872116E+01,    0.1444967184380788471909085E+00,    0.1448246897131022781213261E+00,   -0.3279712750234309304175895E-03,     -0.23%
   -0.2428333333333333232673112E+01,    0.1446716179265119250896277E+00,    0.1449947217893637618768565E+00,   -0.3231038628518367872288763E-03,     -0.22%
   -0.2426666666666666749563319E+01,    0.1448468305144407497486725E+00,    0.1451650365170714107598826E+00,   -0.3182060026306610112101225E-03,     -0.22%
   -0.2424999999999999822364316E+01,    0.1450223566546643694241681E+00,    0.1453356344808792999234726E+00,   -0.3132778262149304993045007E-03,     -0.22%
   -0.2423333333333333339254523E+01,    0.1451981967999813605274539E+00,    0.1455065162668201517170985E+00,   -0.3083194668387911896445530E-03,     -0.21%
   -0.2421666666666666856144730E+01,    0.1453743514031906047812015E+00,    0.1456776824623089161558909E+00,   -0.3033310591183113746893696E-03,     -0.21%
   -0.2419999999999999928945726E+01,    0.1455508209170909283969308E+00,    0.1458491336561460738341367E+00,   -0.2983127390551454372058515E-03,     -0.20%
   -0.2418333333333333445835933E+01,    0.1457276057944809632971328E+00,    0.1460208704385209388387779E+00,   -0.2932646440399755416450489E-03,     -0.20%
   -0.2416666666666666518636930E+01,    0.1459047064881596467156299E+00,    0.1461928934010152392186654E+00,   -0.2881869128555925030354956E-03,     -0.20%
   -0.2415000000000000035527137E+01,    0.1460821234509256660860643E+00,    0.1463652031366063088757556E+00,   -0.2830796856806427896913192E-03,     -0.19%
   -0.2413333333333333552417344E+01,    0.1462598571355778476199561E+00,    0.1465378002396706957899397E+00,   -0.2779431040928481699836539E-03,     -0.19%
   -0.2411666666666666625218340E+01,    0.1464379079949149897732497E+00,    0.1467106853059875481992691E+00,   -0.2727773110725584260194410E-03,     -0.19%
   -0.2410000000000000142108547E+01,    0.1466162764817358077351628E+00,    0.1468838589327418620023025E+00,   -0.2675824510060542671396888E-03,     -0.18%
   -0.2408333333333333214909544E+01,    0.1467949630488391277172155E+00,    0.1470573217185282277608138E+00,   -0.2623586696891000435982733E-03,     -0.18%
   -0.2406666666666666731799751E+01,    0.1469739681490236649086256E+00,    0.1472310742633538560575346E+00,   -0.2571061143301911489089662E-03,     -0.17%
   -0.2404999999999999804600748E+01,    0.1471532922350883565432156E+00,    0.1474051171686425465434667E+00,   -0.2518249335541900002510829E-03,     -0.17%
   -0.2403333333333333321490954E+01,    0.1473329357598317790323250E+00,    0.1475794510372375745177465E+00,   -0.2465152774057954854214358E-03,     -0.17%
   -0.2401666666666666838381161E+01,    0.1475128991760528140986253E+00,    0.1477540764734056877305335E+00,   -0.2411772973528736319082100E-03,     -0.16%
   -0.2399999999999999911182158E+01,    0.1476931829365503434647877E+00,    0.1479289940828402427630550E+00,   -0.2358111462898992982673008E-03,     -0.16%
   -0.2398333333333333428072365E+01,    0.1478737874941229712977275E+00,    0.1481042044726646744745580E+00,   -0.2304169785417031768304241E-03,     -0.16%
   -0.2396666666666666500873362E+01,    0.1480547133015696070756917E+00,    0.1482797082514362707605926E+00,   -0.2249949498666636849009137E-03,     -0.15%
   -0.2395000000000000017763568E+01,    0.1482359608116889937434735E+00,    0.1484555060291492534219060E+00,   -0.2195452174602596784325215E-03,     -0.15%
   -0.2393333333333333534653775E+01,    0.1484175304772797909791393E+00,    0.1486315984172386084338768E+00,   -0.2140679399588174547375274E-03,     -0.14%
   -0.2391666666666666607454772E+01,    0.1485994227511410470388142E+00,    0.1488079860285835276378918E+00,   -0.2085632774424805990776122E-03,     -0.14%
   -0.2390000000000000124344979E+01,    0.1487816380860712550671110E+00,    0.1489846694775107671659953E+00,   -0.2030313914395120988842791E-03,     -0.14%
   -0.2388333333333333197145976E+01,    0.1489641769348694355645790E+00,    0.1491616493797983111768701E+00,   -0.1974724449288756122911082E-03,     -0.13%
   -0.2386666666666666714036182E+01,    0.1491470397503341649425579E+00,    0.1493389263526788135472145E+00,   -0.1918866023446486046566406E-03,     -0.13%
   -0.2384999999999999786837179E+01,    0.1493302269852644359460214E+00,    0.1495165010148432616077230E+00,   -0.1862740295788256617015577E-03,     -0.12%
   -0.2383333333333333303727386E+01,    0.1495137390924588249863092E+00,    0.1496943739864443345677358E+00,   -0.1806348939855095814266406E-03,     -0.12%
   -0.2381666666666666820617593E+01,    0.1496975765247162137860926E+00,    0.1498725458891001227623718E+00,   -0.1749693643839089762792582E-03,     -0.12%
   -0.2379999999999999893418590E+01,    0.1498817397348354285568917E+00,    0.1500510173458976248550556E+00,   -0.1692776110621962981639399E-03,     -0.11%
   -0.2378333333333333410308796E+01,    0.1500662291756151289767729E+00,    0.1502297889813961062621672E+00,   -0.1635598057809772853943286E-03,     -0.11%
   -0.2376666666666666483109793E+01,    0.1502510452998542522795589E+00,    0.1504088614216311514670821E+00,   -0.1578161217768991875232132E-03,     -0.10%
   -0.2375000000000000000000000E+01,    0.1504361885603514026321648E+00,    0.1505882352941176338667617E+00,   -0.1520467337662312345969440E-03,     -0.10%
   -0.2373333333333333516890207E+01,    0.1506216594099054895128376E+00,    0.1507679112278538513525206E+00,   -0.1462518179483618396830025E-03,     -0.10%
   -0.2371666666666666589691204E+01,    0.1508074583013152558663705E+00,    0.1509478898533248014679486E+00,   -0.1404315520095456015781110E-03,     -0.09%
   -0.2370000000000000106581410E+01,    0.1509935856873794723931326E+00,    0.1511281718025057063670147E+00,   -0.1345861151262339738821083E-03,     -0.09%
   -0.2368333333333333179382407E+01,    0.1511800420208969653046438E+00,    0.1513087577088660096169548E+00,   -0.1287156879690443123109844E-03,     -0.09%
   -0.2366666666666666696272614E+01,    0.1513668277546664497901219E+00,    0.1514896482073725125783170E+00,   -0.1228204527060627881951405E-03,     -0.08%
   -0.2365000000000000213162821E+01,    0.1515539433414866965499357E+00,    0.1516708439344933434522744E+00,   -0.1169005930066469023387299E-03,     -0.08%
   -0.2363333333333333285963818E+01,    0.1517413892341565873067566E+00,    0.1518523455282015099943038E+00,   -0.1109562940449226875472277E-03,     -0.07%
   -0.2361666666666666802854024E+01,    0.1519291658854748094942266E+00,    0.1520341536279783134499866E+00,   -0.1049877425035039557599248E-03,     -0.07%
   -0.2359999999999999875655021E+01,    0.1521172737482402448350172E+00,    0.1522162688748173453578971E+00,   -0.9899512657710052287995950E-04,     -0.07%
   -0.2358333333333333392545228E+01,    0.1523057132752515252516190E+00,    0.1523986919112277627075258E+00,   -0.9297863597623745590681210E-04,     -0.06%
   -0.2356666666666666465346225E+01,    0.1524944849193075879778547E+00,    0.1525814233812382569865918E+00,   -0.8693846193066900873702707E-04,     -0.06%
   -0.2354999999999999982236432E+01,    0.1526835891332070926917908E+00,    0.1527644639304004958724192E+00,   -0.8087479719340318062847928E-04,     -0.05%
   -0.2353333333333333499126638E+01,    0.1528730263697488933605229E+00,    0.1529478142057929812569483E+00,   -0.7478783604408789642548072E-04,     -0.05%
   -0.2351666666666666571927635E+01,    0.1530627970817317606844199E+00,    0.1531314748560245186936868E+00,   -0.6867777429275800926689044E-04,     -0.04%
   -0.2350000000000000088817842E+01,    0.1532529017219544653638508E+00,    0.1533154465312379921559938E+00,   -0.6254480928352679214299314E-04,     -0.04%
   -0.2348333333333333161618839E+01,    0.1534433407432157780991844E+00,    0.1534997298831142498176661E+00,   -0.5638913989847171848168728E-04,     -0.04%
   -0.2346666666666666678509046E+01,    0.1536341145983144695907896E+00,    0.1536843255648752681885583E+00,   -0.5021096656079859776866670E-04,     -0.03%
   -0.2345000000000000195399252E+01,    0.1538252237400493382946109E+00,    0.1538692342312885374955300E+00,   -0.4401049123919920091907443E-04,     -0.03%
   -0.2343333333333333268200249E+01,    0.1540166686212192104221685E+00,    0.1540544565386702535736418E+00,   -0.3778791745104315147329999E-04,     -0.02%
   -0.2341666666666666785090456E+01,    0.1542084496946228011626800E+00,    0.1542399931448891758911657E+00,   -0.3154345026637472848562993E-04,     -0.02%
   -0.2339999999999999857891453E+01,    0.1544005674130589089720900E+00,    0.1544258447093705688413223E+00,   -0.2527729631165986923235778E-04,     -0.02%
   -0.2338333333333333374781660E+01,    0.1545930222293263045507672E+00,    0.1546120118930995324113553E+00,   -0.1898966377322786058812198E-04,     -0.01%
   -0.2336666666666666447582656E+01,    0.1547858145962238418658075E+00,    0.1547984953586251377632976E+00,   -0.1268076240129589749017214E-04,     -0.01%
   -0.2334999999999999964472863E+01,    0.1549789449665501805952772E+00,    0.1549852957700638411697724E+00,   -0.6350803513660574495247602E-05,      0.00%
   -0.2333333333333333481363070E+01,    0.1551724137931041747062721E+00,    0.1551724137931034253057305E+00,    0.7494005416219806647859514E-15,      0.00%
   -0.2331666666666666554164067E+01,    0.1553662215307988203605305E+00,    0.1553598500950068850290364E+00,    0.6371435791935331494073580E-05,      0.00%
   -0.2330000000000000071054274E+01,    0.1555603686430368504112209E+00,    0.1555476053446157025383911E+00,    0.1276329842114787282980615E-04,      0.01%
   -0.2328333333333333143855270E+01,    0.1557548555953259250550502E+00,    0.1557356802123542605098550E+00,    0.1917538297166454519526724E-04,      0.01%
   -0.2326666666666666660745477E+01,    0.1559496828531781453808236E+00,    0.1559240753702330617436189E+00,    0.2560748294508363720467514E-04,      0.02%
   -0.2325000000000000177635684E+01,    0.1561448508821058900331025E+00,    0.1561127914918528369891959E+00,    0.3205939025305304390656147E-04,      0.02%
   -0.2323333333333333250436681E+01,    0.1563403601476214821452970E+00,    0.1563018292524083474592800E+00,    0.3853089521313468601704244E-04,      0.02%
   -0.2321666666666666767326888E+01,    0.1565362111152369950506369E+00,    0.1564911893286919097878496E+00,    0.4502178654508526278732461E-04,      0.03%
   -0.2319999999999999840127884E+01,    0.1567324042504649739271372E+00,    0.1566808723990975316109342E+00,    0.5153185136744231620298251E-04,      0.03%
   -0.2318333333333333357018091E+01,    0.1569289400188174088413007E+00,    0.1568708791436244365247177E+00,    0.5806087519297231658299552E-04,      0.04%
   -0.2316666666666666873908298E+01,    0.1571258188858067339488400E+00,    0.1570612102438811441551536E+00,    0.6460864192558979368641303E-04,      0.04%
   -0.2314999999999999946709295E+01,    0.1573230413169452446275898E+00,    0.1572518663830891338939466E+00,    0.7117493385611073364316326E-04,      0.05%
   -0.2313333333333333463599502E+01,    0.1575206077777450974775064E+00,    0.1574428482460866474124117E+00,    0.7775953165845006509471204E-04,      0.05%
   -0.2311666666666666536400498E+01,    0.1577185187337186156320001E+00,    0.1576341565193327409755142E+00,    0.8436221438587465648595298E-04,      0.05%
   -0.2310000000000000053290705E+01,    0.1579167746503780112021786E+00,    0.1578257918909108103999728E+00,    0.9098275946720080220586624E-04,      0.06%
   -0.2308333333333333126091702E+01,    0.1581153759932357460993302E+00,    0.1580177550505327821461776E+00,    0.9762094270296395315256177E-04,      0.06%
   -0.2306666666666666642981909E+01,    0.1583143232278038381455332E+00,    0.1582100466895426660318691E+00,    0.1042765382611721136640881E-03,      0.07%
   -0.2305000000000000159872116E+01,    0.1585136168195946659853490E+00,    0.1584026675009206908129045E+00,    0.1109493186739751724445568E-03,      0.07%
   -0.2303333333333333232673112E+01,    0.1587132572341205249966123E+00,    0.1585956181792870789415417E+00,    0.1176390548334460550705671E-03,      0.07%
   -0.2301666666666666749563319E+01,    0.1589132449368936828015819E+00,    0.1587888994209057103024207E+00,    0.1243455159879724991611738E-03,      0.08%
   -0.2299999999999999822364316E+01,    0.1591135803934263792669412E+00,    0.1589825119236884243267838E+00,    0.1310684697379549401574650E-03,      0.08%
   -0.2298333333333333339254523E+01,    0.1593142640692308542593736E+00,    0.1591764563871984894394274E+00,    0.1378076820323648199462241E-03,      0.09%
   -0.2296666666666666856144730E+01,    0.1595152964298194031567135E+00,    0.1593707335126549051729228E+00,    0.1445629171644979837907385E-03,      0.09%
   -0.2294999999999999928945726E+01,    0.1597166779407043768479468E+00,    0.1595653440029360103924461E+00,    0.1513339377683664555007681E-03,      0.09%
   -0.2293333333333333445835933E+01,    0.1599184090673979041774544E+00,    0.1597602885625834245875154E+00,    0.1581205048144795899389692E-03,      0.10%
   -0.2291666666666666518636930E+01,    0.1601204902754123915453732E+00,    0.1599555678978061834527580E+00,    0.1649223776062080926152476E-03,      0.10%
   -0.2290000000000000035527137E+01,    0.1603229220302599955516598E+00,    0.1601511827164843471127398E+00,    0.1717393137756484389200295E-03,      0.11%
   -0.2288333333333333552417344E+01,    0.1605257047974529838185731E+00,    0.1603471337281732744806106E+00,    0.1785710692797093379624584E-03,      0.11%
   -0.2286666666666666625218340E+01,    0.1607288390425037905018257E+00,    0.1605434216441073425052366E+00,    0.1854173983964479965891314E-03,      0.12%
   -0.2285000000000000142108547E+01,    0.1609323252309244889346473E+00,    0.1607400471772038319517861E+00,    0.1922780537206569828612146E-03,      0.12%
   -0.2283333333333333214909544E+01,    0.1611361638282274577615993E+00,    0.1609370110420671462492237E+00,    0.1991527861603115123756425E-03,      0.12%
   -0.2281666666666666731799751E+01,    0.1613403552999248535826382E+00,    0.1611343139549925029818667E+00,    0.2060413449323506007715423E-03,      0.13%
   -0.2279999999999999804600748E+01,    0.1615449001115291105534766E+00,    0.1613319566339700694701520E+00,    0.2129434775590410833245869E-03,      0.13%
   -0.2278333333333333321490954E+01,    0.1617497987285523852740710E+00,    0.1615299397986888207956468E+00,    0.2198589298635644784241094E-03,      0.14%
   -0.2276666666666666838381161E+01,    0.1619550516165069176111047E+00,    0.1617282641705406198706640E+00,    0.2267874459662977404406092E-03,      0.14%
   -0.2274999999999999911182158E+01,    0.1621606592409051694758659E+00,    0.1619269304726242419967264E+00,    0.2337287682809274791395637E-03,      0.14%
   -0.2273333333333333428072365E+01,    0.1623666220672591864460088E+00,    0.1621259394297490108449722E+00,    0.2406826375101756010366216E-03,      0.15%
   -0.2271666666666666500873362E+01,    0.1625729405610813194105191E+00,    0.1623252917684393781261321E+00,    0.2476487926419412843870305E-03,      0.15%
   -0.2270000000000000017763568E+01,    0.1627796151878838637472313E+00,    0.1625249882169383652819050E+00,    0.2546269709454984653262954E-03,      0.16%
   -0.2268333333333333534653775E+01,    0.1629866464131790593228288E+00,    0.1627250295052119211103303E+00,    0.2616169079671382124985257E-03,      0.16%
   -0.2266666666666666607454772E+01,    0.1631940347024792015151462E+00,    0.1629254163649529463242516E+00,    0.2686183375262551908946307E-03,      0.16%
   -0.2265000000000000124344979E+01,    0.1634017805212965301908667E+00,    0.1631261495295849572872982E+00,    0.2756309917115729035685945E-03,      0.17%
   -0.2263333333333333197145976E+01,    0.1636098843351433684834006E+00,    0.1633272297342666101727104E+00,    0.2826546008767583106902066E-03,      0.17%
   -0.2261666666666666714036182E+01,    0.1638183466095318452371288E+00,    0.1635286577158953091881699E+00,    0.2896888936365360489588738E-03,      0.18%
   -0.2259999999999999786837179E+01,    0.1640271678099744778744906E+00,    0.1637304342131115642011707E+00,    0.2967335968629136733198948E-03,      0.18%
   -0.2258333333333333303727386E+01,    0.1642363484019832564619890E+00,    0.1639325599663027654973035E+00,    0.3037884356804909646854185E-03,      0.19%
   -0.2256666666666666820617593E+01,    0.1644458888510706151553364E+00,    0.1641350357176074858944759E+00,    0.3108531334631292608605690E-03,      0.19%
   -0.2254999999999999893418590E+01,    0.1646557896227488215767920E+00,    0.1643378622109194220346495E+00,    0.3179274118293995421424825E-03,      0.19%
   -0.2253333333333333410308796E+01,    0.1648660511825300600818878E+00,    0.1645410401918913911867293E+00,    0.3250109906386688951585029E-03,      0.20%
   -0.2251666666666666483109793E+01,    0.1650766739959267370707607E+00,    0.1647445704079396056052076E+00,    0.3321035879871314655531478E-03,      0.20%
   -0.2250000000000000000000000E+01,    0.1652876585284509258766406E+00,    0.1649484536082474195328729E+00,    0.3392049202035063437676854E-03,      0.21%
   -0.2248333333333333516890207E+01,    0.1654990052456150328996642E+00,    0.1651526905437697978484834E+00,    0.3463147018452350511807936E-03,      0.21%
   -0.2246666666666666589691204E+01,    0.1657107146129313812732420E+00,    0.1653572819672372296029295E+00,    0.3534326456941516703125217E-03,      0.21%
   -0.2245000000000000106581410E+01,    0.1659227870959121275973303E+00,    0.1655622286331596137998190E+00,    0.3605584627525137975112557E-03,      0.22%
   -0.2243333333333333179382407E+01,    0.1661352231600695117386124E+00,    0.1657675312978308668210303E+00,    0.3676918622386449175820644E-03,      0.22%
   -0.2241666666666666696272614E+01,    0.1663480232709158845860742E+00,    0.1659731907193324196292394E+00,    0.3748325515834649568347459E-03,      0.23%
   -0.2240000000000000213162821E+01,    0.1665611878939635137619746E+00,    0.1661792076575378807046235E+00,    0.3819802364256330573510922E-03,      0.23%
   -0.2238333333333333285963818E+01,    0.1667747174947246668885725E+00,    0.1663855828741168385587201E+00,    0.3891346206078283298523957E-03,      0.23%
   -0.2236666666666666802854024E+01,    0.1669886125387115560769757E+00,    0.1665923171325389695596186E+00,    0.3962954061725865173571037E-03,      0.24%
   -0.2234999999999999875655021E+01,    0.1672028734914365599717456E+00,    0.1667994111980784788240584E+00,    0.4034622933580811476872441E-03,      0.24%
   -0.2233333333333333392545228E+01,    0.1674175008184118074172630E+00,    0.1670068658378177917089857E+00,    0.4106349805940157082773112E-03,      0.25%
   -0.2231666666666666465346225E+01,    0.1676324949851497048136650E+00,    0.1672146818206520779703794E+00,    0.4178131644976268432856159E-03,      0.25%
   -0.2229999999999999982236432E+01,    0.1678478564571624087609081E+00,    0.1674228599172931097882611E+00,    0.4249965398692989726470159E-03,      0.25%
   -0.2228333333333333499126638E+01,    0.1680635856999622146368267E+00,    0.1676314009002737304143693E+00,    0.4321847996884842224574186E-03,      0.26%
   -0.2226666666666666571927635E+01,    0.1682796831790614733304068E+00,    0.1678403055439517954638973E+00,    0.4393776351096778665095144E-03,      0.26%
   -0.2225000000000000088817842E+01,    0.1684961493599723414416047E+00,    0.1680495746245142252295324E+00,    0.4465747354581162120723548E-03,      0.27%
   -0.2223333333333333161618839E+01,    0.1687129847082072253705576E+00,    0.1682592089199815565958573E+00,    0.4537757882256687747002388E-03,      0.27%
   -0.2221666666666666678509046E+01,    0.1689301896892782262060706E+00,    0.1684692092102116622864827E+00,    0.4609804790665639195879066E-03,      0.27%
   -0.2220000000000000195399252E+01,    0.1691477647686976670815540E+00,    0.1686795762769043582895989E+00,    0.4681884917933087919550417E-03,      0.28%
   -0.2218333333333333268200249E+01,    0.1693657104119779266415691E+00,    0.1688903109036053729052895E+00,    0.4753995083725537362795421E-03,      0.28%
   -0.2216666666666666785090456E+01,    0.1695840270846311059749212E+00,    0.1691014138757104268151465E+00,    0.4826132089206791597746360E-03,      0.29%
   -0.2214999999999999857891453E+01,    0.1698027152521696669928986E+00,    0.1693128859804697849966715E+00,    0.4898292716998819962270773E-03,      0.29%
   -0.2213333333333333374781660E+01,    0.1700217753801056830287308E+00,    0.1695247280069919482148322E+00,    0.4970473731137348138986454E-03,      0.29%
   -0.2211666666666666447582656E+01,    0.1702412079339515604825550E+00,    0.1697369407462484824922200E+00,    0.5042671877030779903350322E-03,      0.30%
   -0.2209999999999999964472863E+01,    0.1704610133792195392210544E+00,    0.1699495249910776550894553E+00,    0.5114883881418841315991131E-03,      0.30%
   -0.2208333333333333481363070E+01,    0.1706811921814218035997612E+00,    0.1701624815361890419307400E+00,    0.5187106452327616690212153E-03,      0.30%
   -0.2206666666666666554164067E+01,    0.1709017448060707877743880E+00,    0.1703758111781676631846238E+00,    0.5259336279031245897641611E-03,      0.31%
   -0.2205000000000000071054274E+01,    0.1711226717186785650781644E+00,    0.1705895147154780078224690E+00,    0.5331570032005572556954576E-03,      0.31%
   -0.2203333333333333143855270E+01,    0.1713439733847575974223787E+00,    0.1708035929484685855328507E+00,    0.5403804362890118895279556E-03,      0.32%
   -0.2201666666666666660745477E+01,    0.1715656502698199581402605E+00,    0.1710180466793758402577197E+00,    0.5476035904441178825408088E-03,      0.32%
   -0.2200000000000000177635684E+01,    0.1717877028393780536319468E+00,    0.1712328767123287576179536E+00,    0.5548261270492960139932848E-03,      0.32%
   -0.2198333333333333250436681E+01,    0.1720101315589441792752723E+00,    0.1714480838533528339606704E+00,    0.5620477055913453146018810E-03,      0.33%
   -0.2196666666666666767326888E+01,    0.1722329368940304361590421E+00,    0.1716636689103743784734490E+00,    0.5692679836560576855930549E-03,      0.33%
   -0.2194999999999999840127884E+01,    0.1724561193101492861945445E+00,    0.1718796326932249540764275E+00,    0.5764866169243321181170359E-03,      0.34%
   -0.2193333333333333357018091E+01,    0.1726796792728129137373116E+00,    0.1720959760136452909584648E+00,    0.5837032591676227788468623E-03,      0.34%
   -0.2191666666666666873908298E+01,    0.1729036172475335031428756E+00,    0.1723126996852899772694201E+00,    0.5909175622435258734554964E-03,      0.34%
   -0.2189999999999999946709295E+01,    0.1731279336998235163225246E+00,    0.1725298045237314836786169E+00,    0.5981291760920326439077144E-03,      0.35%
   -0.2188333333333333463599502E+01,    0.1733526290951950266094883E+00,    0.1727472913464643544667609E+00,    0.6053377487306721427273715E-03,      0.35%
   -0.2186666666666666536400498E+01,    0.1735777038991604404039037E+00,    0.1729651609729098149514925E+00,    0.6125429262506254524112137E-03,      0.35%
   -0.2185000000000000053290705E+01,    0.1738031585772319420613030E+00,    0.1731834142244197127791239E+00,    0.6197443528122292821791461E-03,      0.36%
   -0.2183333333333333126091702E+01,    0.1740289935949218824706719E+00,    0.1734020519242811253501912E+00,    0.6269416706407571204806572E-03,      0.36%
   -0.2181666666666666642981909E+01,    0.1742552094177425014986937E+00,    0.1736210748977203011111925E+00,    0.6341345200222003875012433E-03,      0.37%
   -0.2180000000000000159872116E+01,    0.1744818065112059002341738E+00,    0.1738404839719073502468660E+00,    0.6413225392985499873077515E-03,      0.37%
   -0.2178333333333333232673112E+01,    0.1747087853408246516107027E+00,    0.1740602799759603525053819E+00,    0.6485053648642991053208107E-03,      0.37%
   -0.2176666666666666749563319E+01,    0.1749361463721107734503590E+00,    0.1742804637409494927791087E+00,    0.6556826311612806712503243E-03,      0.38%
   -0.2174999999999999822364316E+01,    0.1751638900705767831755821E+00,    0.1745010360999018628191948E+00,    0.6628539706749203563873607E-03,      0.38%
   -0.2173333333333333339254523E+01,    0.1753920169017346153417236E+00,    0.1747219978878051804827010E+00,    0.6700190139294348590226491E-03,      0.38%
   -0.2171666666666666856144730E+01,    0.1756205273310967873712229E+00,    0.1749433499416126192027576E+00,    0.6771773894841681684653167E-03,      0.39%
   -0.2169999999999999928945726E+01,    0.1758494218241755946419147E+00,    0.1751650931002469990804826E+00,    0.6843287239285955614320756E-03,      0.39%
   -0.2168333333333333445835933E+01,    0.1760787008464830827314529E+00,    0.1753872282046047836878699E+00,    0.6914726418782990435829561E-03,      0.39%
   -0.2166666666666666518636930E+01,    0.1763083648635317968178526E+00,    0.1756097560975609928046737E+00,    0.6986087659708040131789630E-03,      0.40%
   -0.2165000000000000035527137E+01,    0.1765384143408337269676167E+00,    0.1758326776239730326878430E+00,    0.7057367168606942797737247E-03,      0.40%
   -0.2163333333333333552417344E+01,    0.1767688497439012795808821E+00,    0.1760559936306853590082255E+00,    0.7128561132159205726566142E-03,      0.40%
   -0.2161666666666666625218340E+01,    0.1769996715382468333022103E+00,    0.1762797049665338067203635E+00,    0.7199665717130265818468615E-03,      0.41%
   -0.2160000000000000142108547E+01,    0.1772308801893825169759822E+00,    0.1765038124823496146209578E+00,    0.7270677070329023550243619E-03,      0.41%
   -0.2158333333333333214909544E+01,    0.1774624761628206259800322E+00,    0.1767283170309643103301767E+00,    0.7341591318563156498555600E-03,      0.42%
   -0.2156666666666666731799751E+01,    0.1776944599240734001810438E+00,    0.1769532194672135128055146E+00,    0.7412404568598873755291834E-03,      0.42%
   -0.2154999999999999804600748E+01,    0.1779268319386531627124270E+00,    0.1771785206479418728342523E+00,    0.7483112907112898781747390E-03,      0.42%
   -0.2153333333333333321490954E+01,    0.1781595926720721811964410E+00,    0.1774042214320068755473159E+00,    0.7553712400653056491250936E-03,      0.43%
   -0.2151666666666666838381161E+01,    0.1783927425898426399886176E+00,    0.1776303226802836421338583E+00,    0.7624199095589978547593546E-03,      0.43%
   -0.2149999999999999911182158E+01,    0.1786262821574769732446697E+00,    0.1778568252556692041999042E+00,    0.7694569018077690447654504E-03,      0.43%
   -0.2148333333333333428072365E+01,    0.1788602118404872542978268E+00,    0.1780837300230865560823901E+00,    0.7764818174006982154367051E-03,      0.44%
   -0.2146666666666666500873362E+01,    0.1790945321043859450593771E+00,    0.1783110378494896508527745E+00,    0.7834942548962942066026471E-03,      0.44%
   -0.2145000000000000017763568E+01,    0.1793292434146851466181261E+00,    0.1785387496038671473197468E+00,    0.7904938108179992983792772E-03,      0.44%
   -0.2143333333333333534653775E+01,    0.1795643462368972098630593E+00,    0.1787668661572472672549594E+00,    0.7974800796499426080998774E-03,      0.45%
   -0.2141666666666666607454772E+01,    0.1797998410365344579275870E+00,    0.1789953883827020975072486E+00,    0.8044526538323604203384320E-03,      0.45%
   -0.2140000000000000124344979E+01,    0.1800357282791090196560901E+00,    0.1792243171553516423166741E+00,    0.8114111237573773394160526E-03,      0.45%
   -0.2138333333333333197145976E+01,    0.1802720084301333014487057E+00,    0.1794536533523687360514032E+00,    0.8183550777645653973024764E-03,      0.46%
   -0.2136666666666666714036182E+01,    0.1805086819551194599053900E+00,    0.1796833978529830400105993E+00,    0.8252841021364198947907198E-03,      0.46%
   -0.2134999999999999786837179E+01,    0.1807457493195798736707047E+00,    0.1799135515384857886278525E+00,    0.8321977810940850428522708E-03,      0.46%
   -0.2133333333333333303727386E+01,    0.1809832109890266993446062E+00,    0.1801441152922337862740676E+00,    0.8390956967929130705385887E-03,      0.47%
   -0.2131666666666666820617593E+01,    0.1812210674289722878160802E+00,    0.1803750899996542644831976E+00,    0.8459774293180233328826034E-03,      0.47%
   -0.2129999999999999893418590E+01,    0.1814593191049289067073857E+00,    0.1806064765482490452885855E+00,    0.8528425566798614188002148E-03,      0.47%
   -0.2128333333333333410308796E+01,    0.1816979664824087403740549E+00,    0.1808382758275988155816094E+00,    0.8596906548099247924454858E-03,      0.48%
   -0.2126666666666666483109793E+01,    0.1819370100269242229718003E+00,    0.1810704887293680398485662E+00,    0.8665212975561831232340637E-03,      0.48%
   -0.2125000000000000000000000E+01,    0.1821764502039874000782760E+00,    0.1813031161473087904401069E+00,    0.8733340566786096381690641E-03,      0.48%
   -0.2123333333333333516890207E+01,    0.1824162874791107058491946E+00,    0.1815361589772656047969690E+00,    0.8801285018451010522255729E-03,      0.48%
   -0.2121666666666666589691204E+01,    0.1826565223178063801512394E+00,    0.1817696181171798153197727E+00,    0.8869042006265648314666805E-03,      0.49%
   -0.2120000000000000106581410E+01,    0.1828971551855866906066694E+00,    0.1820034944670937404609390E+00,    0.8936607184929501457304468E-03,      0.49%
   -0.2118333333333333179382407E+01,    0.1831381865479639048377436E+00,    0.1822377889291555974615733E+00,    0.9003976188083073761703190E-03,      0.49%
   -0.2116666666666666696272614E+01,    0.1833796168704502071999940E+00,    0.1824725024076232771097494E+00,    0.9071144628269300902445593E-03,      0.50%
   -0.2115000000000000213162821E+01,    0.1836214466185579485824064E+00,    0.1827076358088695062775741E+00,    0.9138108096884423048322788E-03,      0.50%
   -0.2113333333333333285963818E+01,    0.1838636762577995076295423E+00,    0.1829431900413858169685000E+00,    0.9204862164136906610423239E-03,      0.50%
   -0.2111666666666666802854024E+01,    0.1841063062536869021634800E+00,    0.1831791660157869872094238E+00,    0.9271402378999149540561575E-03,      0.51%
   -0.2109999999999999875655021E+01,    0.1843493370717325940955078E+00,    0.1834155646448157594985418E+00,    0.9337724269168345969660550E-03,      0.51%
   -0.2108333333333333392545228E+01,    0.1845927691774487955367334E+00,    0.1836523868433470596528423E+00,    0.9403823341017358838911377E-03,      0.51%
   -0.2106666666666666465346225E+01,    0.1848366030363477741094158E+00,    0.1838896335283925764780832E+00,    0.9469695079551976313325667E-03,      0.51%
   -0.2104999999999999982236432E+01,    0.1850808391139417696802383E+00,    0.1841273056191050361274364E+00,    0.9535334948367335528018884E-03,      0.52%
   -0.2103333333333333499126638E+01,    0.1853254778757430498714598E+00,    0.1843654040367829205493422E+00,    0.9600738389601293221176093E-03,      0.52%
   -0.2101666666666666571927635E+01,    0.1855705197872639933276417E+00,    0.1846039297048747418461545E+00,    0.9665900823892514814872357E-03,      0.52%
   -0.2100000000000000088817842E+01,    0.1858159653140167566487406E+00,    0.1848428835489833721439368E+00,    0.9730817650333845048038484E-03,      0.53%
   -0.2098333333333333161618839E+01,    0.1860618149215136907237422E+00,    0.1850822664968708453070434E+00,    0.9795484246428454166988331E-03,      0.53%
   -0.2096666666666666678509046E+01,    0.1863080690752669243970274E+00,    0.1853220794784624925188865E+00,    0.9859895968044318781409174E-03,      0.53%
   -0.2095000000000000195399252E+01,    0.1865547282407888363131576E+00,    0.1855623234258515774630638E+00,    0.9924048149372588500938264E-03,      0.53%
   -0.2093333333333333268200249E+01,    0.1868017928835917218499674E+00,    0.1858029992733038204821838E+00,    0.9987936102879013677835474E-03,      0.54%
   -0.2091666666666666785090456E+01,    0.1870492634691877653629888E+00,    0.1860441079572615341586328E+00,    0.1005155511926231204355986E-02,      0.54%
   -0.2089999999999999857891453E+01,    0.1872971404630893454967833E+00,    0.1862856504163484527847316E+00,    0.1011490046740892712051618E-02,      0.54%
   -0.2088333333333333374781660E+01,    0.1875454243308085910957317E+00,    0.1865276275913739234546540E+00,    0.1017796739434667641077681E-02,      0.55%
   -0.2086666666666666447582656E+01,    0.1877941155378579085599711E+00,    0.1867700404253376522678565E+00,    0.1024075112520256292114595E-02,      0.55%
   -0.2084999999999999964472863E+01,    0.1880432145497494544894579E+00,    0.1870128898634338399098453E+00,    0.1030324686315614579612543E-02,      0.55%
   -0.2083333333333333481363070E+01,    0.1882927218319955242620267E+00,    0.1872561768530559001000313E+00,    0.1036544978939624161995425E-02,      0.55%
   -0.2081666666666666554164067E+01,    0.1885426378501084687666633E+00,    0.1874999023438008727282522E+00,    0.1042735506307596038411134E-02,      0.56%
   -0.2080000000000000071054274E+01,    0.1887929630696004446033243E+00,    0.1877440672874736982134181E+00,    0.1048895782126746389906202E-02,      0.56%
   -0.2078333333333333143855270E+01,    0.1890436979559838581721465E+00,    0.1879886726380920747292436E+00,    0.1055025317891783442902920E-02,      0.56%
   -0.2076666666666666660745477E+01,    0.1892948429747707828063596E+00,    0.1882337193518903717404100E+00,    0.1061123622880411065949602E-02,      0.56%
   -0.2075000000000000177635684E+01,    0.1895463985914735971505252E+00,    0.1884792083873247370284787E+00,    0.1067190204148860122046472E-02,      0.57%
   -0.2073333333333333250436681E+01,    0.1897983652716046798492044E+00,    0.1887251407050771490059304E+00,    0.1073224566527530843274008E-02,      0.57%
   -0.2071666666666666767326888E+01,    0.1900507434806761042356271E+00,    0.1889715172680597743415376E+00,    0.1079226212616329894089517E-02,      0.57%
   -0.2069999999999999840127884E+01,    0.1903035336842003044655058E+00,    0.1892183390414199084528235E+00,    0.1085194642780396012682331E-02,      0.57%
   -0.2068333333333333357018091E+01,    0.1905567363476894093832215E+00,    0.1894656069925440000645267E+00,    0.1091129355145409318694760E-02,      0.58%
   -0.2066666666666666873908298E+01,    0.1908103519366557698777598E+00,    0.1897133220910623696564556E+00,    0.1097029845593400221304137E-02,      0.58%
   -0.2064999999999999946709295E+01,    0.1910643809166116535713797E+00,    0.1899614853088536503555872E+00,    0.1102895607758003215792542E-02,      0.58%
   -0.2063333333333333463599502E+01,    0.1913188237530692448196135E+00,    0.1902100976200489790279846E+00,    0.1108726133020265791628844E-02,      0.58%
   -0.2061666666666666536400498E+01,    0.1915736809115409777781736E+00,    0.1904591600010369645268327E+00,    0.1114520910504013251340893E-02,      0.59%
   -0.2060000000000000053290705E+01,    0.1918289528575389812914409E+00,    0.1907086734304676289841751E+00,    0.1120279427071352307265784E-02,      0.59%
   -0.2058333333333333126091702E+01,    0.1920846400565756062484013E+00,    0.1909586388892572927922231E+00,    0.1126001167318313456178203E-02,      0.59%
   -0.2056666666666666642981909E+01,    0.1923407429741630370045868E+00,    0.1912090573605926824285461E+00,    0.1131685613570354576040700E-02,      0.59%
   -0.2055000000000000159872116E+01,    0.1925972620758135689378321E+00,    0.1914599298299357044150781E+00,    0.1137332245877864522753953E-02,      0.59%
   -0.2053333333333333232673112E+01,    0.1928541978270395806926985E+00,    0.1917112572850278029434890E+00,    0.1142940542011777749209500E-02,      0.60%
   -0.2051666666666666749563319E+01,    0.1931115506933531733579912E+00,    0.1919630407158941509671024E+00,    0.1148509977459022390888776E-02,      0.60%
   -0.2049999999999999822364316E+01,    0.1933693211402667255782717E+00,    0.1922152811148486462045071E+00,    0.1154040025418079373764613E-02,      0.60%
   -0.2048333333333333339254523E+01,    0.1936275096332924494646477E+00,    0.1924679794764977969201425E+00,    0.1159530156794652544505198E-02,      0.60%
   -0.2046666666666666856144730E+01,    0.1938861166379425848838025E+00,    0.1927211367977455513944562E+00,    0.1164979840197033489346268E-02,      0.60%
   -0.2044999999999999928945726E+01,    0.1941451426197296215026000E+00,    0.1929747540777977943271537E+00,    0.1170388541931827175446301E-02,      0.61%
   -0.2043333333333333445835933E+01,    0.1944045880441655493875430E+00,    0.1932288323181662881289355E+00,    0.1175755725999261258607476E-02,      0.61%
   -0.2041666666666666518636930E+01,    0.1946644533767628582054954E+00,    0.1934833725226738632141377E+00,    0.1181080854088994991357708E-02,      0.61%
   -0.2040000000000000035527137E+01,    0.1949247390830335657785355E+00,    0.1937383756974581650034395E+00,    0.1186363385575400775096000E-02,      0.61%
   -0.2038333333333333552417344E+01,    0.1951854456284901617735272E+00,    0.1939938428509765944163235E+00,    0.1191602777513567357203783E-02,      0.61%
   -0.2036666666666666625218340E+01,    0.1954465734786448583015783E+00,    0.1942497749940106377408711E+00,    0.1196798484634220560707263E-02,      0.62%
   -0.2035000000000000142108547E+01,    0.1957081230990098674737965E+00,    0.1945061731396700022145296E+00,    0.1201949959339865259266844E-02,      0.62%
   -0.2033333333333333214909544E+01,    0.1959700949550975956903187E+00,    0.1947630383033975565165719E+00,    0.1207056651700039173746859E-02,      0.62%
   -0.2031666666666666731799751E+01,    0.1962324895124200607732234E+00,    0.1950203715029732443042576E+00,    0.1212118009446816468965835E-02,      0.62%
   -0.2029999999999999804600748E+01,    0.1964953072364898356561014E+00,    0.1952781737585190524608691E+00,    0.1217133477970783195232229E-02,      0.62%
   -0.2028333333333333321490954E+01,    0.1967585485928189104054553E+00,    0.1955364460925028691207217E+00,    0.1222102500316041284733615E-02,      0.62%
   -0.2026666666666666838381161E+01,    0.1970222140469197469325735E+00,    0.1957951895297434241616230E+00,    0.1227024517176322770950492E-02,      0.63%
   -0.2024999999999999911182158E+01,    0.1972863040643046128597149E+00,    0.1960544050974145358079426E+00,    0.1231898966890077051772323E-02,      0.63%
   -0.2023333333333333428072365E+01,    0.1975508191104856092756847E+00,    0.1963140938250492184558027E+00,    0.1236725285436390819882035E-02,      0.63%
   -0.2021666666666666500873362E+01,    0.1978157596509751703361957E+00,    0.1965742567445446786766894E+00,    0.1241502906430491659506288E-02,      0.63%
   -0.2020000000000000017763568E+01,    0.1980811261512854803967798E+00,    0.1968348948901661177313116E+00,    0.1246231261119362665468202E-02,      0.63%
   -0.2018333333333333534653775E+01,    0.1983469190769288348352717E+00,    0.1970960092985516998176365E+00,    0.1250909778377135017635169E-02,      0.63%
   -0.2016666666666666607454772E+01,    0.1986131388934175567850815E+00,    0.1973576010087166321405050E+00,    0.1255537884700924644576503E-02,      0.64%
   -0.2015000000000000124344979E+01,    0.1988797860662638028461657E+00,    0.1976196710620574947814276E+00,    0.1260115004206308064738096E-02,      0.64%
   -0.2013333333333333197145976E+01,    0.1991468610609799516630858E+00,    0.1978822205023570146575906E+00,    0.1264640558622937005495146E-02,      0.64%
   -0.2011666666666666714036182E+01,    0.1994143643430781875913738E+00,    0.1981452503757879790580176E+00,    0.1269113967290208533356122E-02,      0.64%
   -0.2009999999999999786837179E+01,    0.1996822963780708615200155E+00,    0.1984087617309180928693024E+00,    0.1273534647152768650713028E-02,      0.64%
   -0.2008333333333333303727386E+01,    0.1999506576314701300489673E+00,    0.1986727556187138643561951E+00,    0.1277902012756265692772217E-02,      0.64%
   -0.2006666666666666820617593E+01,    0.2002194485687882885560640E+00,    0.1989372330925455734096374E+00,    0.1282215476242715146426576E-02,      0.64%
   -0.2004999999999999893418590E+01,    0.2004886696555377989525937E+00,    0.1992021952081912128385000E+00,    0.1286474447346586114093725E-02,      0.65%
   -0.2003333333333333410308796E+01,    0.2007583213572306790606348E+00,    0.1994676430238407904838027E+00,    0.1290678333389888576832050E-02,      0.65%
   -0.2001666666666666483109793E+01,    0.2010284041393793352803243E+00,    0.1997335776001012419555991E+00,    0.1294826539278093324725205E-02,      0.65%
   -0.2000000000000000000000000E+01,    0.2012989184674958964560432E+00,    0.2000000000000000111022302E+00,    0.1298918467495885353812923E-02,      0.65%
   -0.1998333333333333516890207E+01,    0.2015698648070927967435040E+00,    0.2002669112889901292806627E+00,    0.1302953518102667462841282E-02,      0.65%
   -0.1996666666666666589691204E+01,    0.2018412436236823592761169E+00,    0.2005343125349542676705283E+00,    0.1306931088728091605588588E-02,      0.65%
   -0.1995000000000000106581410E+01,    0.2021130553827765463648092E+00,    0.2008022048082087895881642E+00,    0.1310850574567756776644956E-02,      0.65%
   -0.1993333333333333179382407E+01,    0.2023853005498879586987471E+00,    0.2010705891815086632234966E+00,    0.1314711368379295475250501E-02,      0.65%
   -0.1991666666666666696272614E+01,    0.2026579795905286418555846E+00,    0.2013394667300513474206269E+00,    0.1318512860477294434957685E-02,      0.65%
   -0.1990000000000000213162821E+01,    0.2029310929702109467243076E+00,    0.2016088385314812048143551E+00,    0.1322254438729741909952509E-02,      0.66%
   -0.1988333333333333285963818E+01,    0.2032046411544472519494775E+00,    0.2018787056658941370113070E+00,    0.1325935488553114938170552E-02,      0.66%
   -0.1986666666666666802854024E+01,    0.2034786246087496031087483E+00,    0.2021490692158413038370668E+00,    0.1329555392908299271681472E-02,      0.66%
   -0.1984999999999999875655021E+01,    0.2037530437986304343578325E+00,    0.2024199302663340360730615E+00,    0.1333113532296398284771044E-02,      0.66%
   -0.1983333333333333392545228E+01,    0.2040278991896019022966868E+00,    0.2026912899048476934815710E+00,    0.1336609284754208815115817E-02,      0.66%
   -0.1981666666666666465346225E+01,    0.2043031912471764688365994E+00,    0.2029631492213262722312805E+00,    0.1340042025850196605318843E-02,      0.66%
   -0.1979999999999999982236432E+01,    0.2045789204368661240440730E+00,    0.2032355093081863184334424E+00,    0.1343411128679805610630638E-02,      0.66%
   -0.1978333333333333499126638E+01,    0.2048550872241833298303959E+00,    0.2035083712603216465897304E+00,    0.1346715963861683240665457E-02,      0.66%
   -0.1976666666666666571927635E+01,    0.2051316920746403815734027E+00,    0.2037817361751073919062804E+00,    0.1349955899532989667122251E-02,      0.66%
   -0.1975000000000000088817842E+01,    0.2054087354537494358730498E+00,    0.2040556051524040348521538E+00,    0.1353130301345401020896020E-02,      0.66%
   -0.1973333333333333161618839E+01,    0.2056862178270227603515963E+00,    0.2043299792945621196071926E+00,    0.1356238532460640744403690E-02,      0.66%
   -0.1971666666666666678509046E+01,    0.2059641396599727058980278E+00,    0.2046048597064261120870299E+00,    0.1359279953546593810997933E-02,      0.66%
   -0.1970000000000000195399252E+01,    0.2062425014181115123790278E+00,    0.2048802474953389518574909E+00,    0.1362253922772560521536889E-02,      0.66%
   -0.1968333333333333268200249E+01,    0.2065213035669514751724307E+00,    0.2051561437711460489374815E+00,    0.1365159795805426234949209E-02,      0.67%
   -0.1966666666666666785090456E+01,    0.2068005465720047231226175E+00,    0.2054325496461994748909063E+00,    0.1367996925805248231711175E-02,      0.67%
   -0.1964999999999999857891453E+01,    0.2070802308987838014076033E+00,    0.2057094662353625147410696E+00,    0.1370764663421286666533661E-02,      0.67%
   -0.1963333333333333374781660E+01,    0.2073603570128006445827396E+00,    0.2059868946560133307066565E+00,    0.1373462356787313876083090E-02,      0.67%
   -0.1961666666666666447582656E+01,    0.2076409253795677700704658E+00,    0.2062648360280497916718900E+00,    0.1376089351517978398575792E-02,      0.67%
   -0.1959999999999999964472863E+01,    0.2079219364645973344707386E+00,    0.2065432914738929426334835E+00,    0.1378644990704391837255116E-02,      0.67%
   -0.1958333333333333481363070E+01,    0.2082033907334015776502412E+00,    0.2068222621184919174375239E+00,    0.1381128614909660212717313E-02,      0.67%
   -0.1956666666666666554164067E+01,    0.2084852886514929615202618E+00,    0.2071017490893276025154535E+00,    0.1383539562165359004808352E-02,      0.67%
   -0.1955000000000000071054274E+01,    0.2087676306843835316584546E+00,    0.2073817535164168557315634E+00,    0.1385877167966675926891185E-02,      0.67%
   -0.1953333333333333143855270E+01,    0.2090504172975856667093808E+00,    0.2076622765323168917639407E+00,    0.1388140765268774945440100E-02,      0.67%
   -0.1951666666666666660745477E+01,    0.2093336489566116620508751E+00,    0.2079433192721290568627523E+00,    0.1390329684482605188122761E-02,      0.67%
   -0.1950000000000000177635684E+01,    0.2096173261269736465273184E+00,    0.2082248828735033807646460E+00,    0.1392443253470265762672398E-02,      0.67%
   -0.1948333333333333250436681E+01,    0.2099014492741840542944232E+00,    0.2085069684766422959398824E+00,    0.1394480797541758354540775E-02,      0.67%
   -0.1946666666666666767326888E+01,    0.2101860188637550419521460E+00,    0.2087895772243049397065562E+00,    0.1396441639450102245589846E-02,      0.67%
   -0.1944999999999999840127884E+01,    0.2104710353611989881450484E+00,    0.2090727102618113175669379E+00,    0.1398325099387670578110487E-02,      0.67%
   -0.1943333333333333357018091E+01,    0.2107564992320279939619354E+00,    0.2093563687370460502101821E+00,    0.1400130494981943751753306E-02,      0.67%
   -0.1941666666666666873908298E+01,    0.2110424109417544658029442E+00,    0.2096405538004629254267286E+00,    0.1401857141291540376215607E-02,      0.67%
   -0.1939999999999999946709295E+01,    0.2113287709558906990459093E+00,    0.2099252666050885895998590E+00,    0.1403504350802109446050281E-02,      0.67%
   -0.1938333333333333463599502E+01,    0.2116155797399487947796359E+00,    0.2102105083065266000197369E+00,    0.1405071433422194759899071E-02,      0.67%
   -0.1936666666666666536400498E+01,    0.2119028377594413259377149E+00,    0.2104962800629617825087792E+00,    0.1406557696479543428935699E-02,      0.67%
   -0.1935000000000000053290705E+01,    0.2121905454798801715643464E+00,    0.2107825830351638118909108E+00,    0.1407962444716359673435591E-02,      0.67%
   -0.1933333333333333126091702E+01,    0.2124787033667779323486968E+00,    0.2110694183864915973725118E+00,    0.1409284980286334976185003E-02,      0.67%
   -0.1931666666666666642981909E+01,    0.2127673118856465983572690E+00,    0.2113567872828969462783988E+00,    0.1410524602749652078870213E-02,      0.67%
   -0.1930000000000000159872116E+01,    0.2130563715019986037457755E+00,    0.2116446908929289216771963E+00,    0.1411680609069682068579255E-02,      0.67%
   -0.1928333333333333232673112E+01,    0.2133458826813462438920510E+00,    0.2119331303877375338728939E+00,    0.1412752293608710019157115E-02,      0.67%
   -0.1926666666666666749563319E+01,    0.2136358458892017031516275E+00,    0.2122221069410777094521592E+00,    0.1413738948123993699468315E-02,      0.67%
   -0.1924999999999999822364316E+01,    0.2139262615910773879246420E+00,    0.2125116217293133435983776E+00,    0.1414639861764044326264411E-02,      0.67%
   -0.1923333333333333339254523E+01,    0.2142171302524853160331730E+00,    0.2128016759314211026055119E+00,    0.1415454321064213427661116E-02,      0.67%
   -0.1921666666666666856144730E+01,    0.2145084523389379216329331E+00,    0.2130922707289945317032931E+00,    0.1416181609943389929640034E-02,      0.66%
   -0.1919999999999999928945726E+01,    0.2148002283159475556129081E+00,    0.2133834073062478575710799E+00,    0.1416821009699698041828242E-02,      0.66%
   -0.1918333333333333445835933E+01,    0.2150924586490263190619032E+00,    0.2136750868500196520738399E+00,    0.1417371799006666988063330E-02,      0.66%
   -0.1916666666666666518636930E+01,    0.2153851438036865906244799E+00,    0.2139673105497771343763702E+00,    0.1417833253909456248109677E-02,      0.66%
   -0.1915000000000000035527137E+01,    0.2156782842454405546561702E+00,    0.2142600795976195571235223E+00,    0.1418204647820997532647880E-02,      0.66%
   -0.1913333333333333552417344E+01,    0.2159718804398005065348087E+00,    0.2145533951882825085544226E+00,    0.1418485251517997980386099E-02,      0.66%
   -0.1911666666666666625218340E+01,    0.2162659328522788526605325E+00,    0.2148472585191413819494244E+00,    0.1418674333137470711108108E-02,      0.66%
   -0.1910000000000000142108547E+01,    0.2165604419483876108554199E+00,    0.2151416707902153446774207E+00,    0.1418771158172266177999177E-02,      0.66%
   -0.1908333333333333214909544E+01,    0.2168554081936392985419104E+00,    0.2154366332041710851985528E+00,    0.1418774989468213343357661E-02,      0.66%
   -0.1906666666666666731799751E+01,    0.2171508320535459335420825E+00,    0.2157321469663265878224934E+00,    0.1418685087219345719589114E-02,      0.66%
   -0.1904999999999999804600748E+01,    0.2174467139936200887895268E+00,    0.2160282132846550462446089E+00,    0.1418500708965042544917878E-02,      0.66%
   -0.1903333333333333321490954E+01,    0.2177430544793737265951705E+00,    0.2163248333697880831927307E+00,    0.1418221109585643402439814E-02,      0.66%
   -0.1901666666666666838381161E+01,    0.2180398539763193088703019E+00,    0.2166220084350202745859804E+00,    0.1417845541299034284321579E-02,      0.65%
   -0.1899999999999999911182158E+01,    0.2183371129499690477260287E+00,    0.2169197396963123969371168E+00,    0.1417373253656650788911975E-02,      0.65%
   -0.1898333333333333428072365E+01,    0.2186348318658352107846099E+00,    0.2172180283722947857771857E+00,    0.1416803493540425007424233E-02,      0.65%
   -0.1896666666666666500873362E+01,    0.2189330111894300934238800E+00,    0.2175168756842718875699205E+00,    0.1416135505158205853959430E-02,      0.65%
   -0.1895000000000000017763568E+01,    0.2192316513862659355105222E+00,    0.2178162828562249242470017E+00,    0.1415368530041011263520545E-02,      0.65%
   -0.1893333333333333534653775E+01,    0.2195307529218549769112201E+00,    0.2181162511148163618557305E+00,    0.1414501807038615055489572E-02,      0.65%
   -0.1891666666666666607454772E+01,    0.2198303162617095962705349E+00,    0.2184167816893931857169520E+00,    0.1413534572316410553582955E-02,      0.65%
   -0.1890000000000000124344979E+01,    0.2201303418713418669216964E+00,    0.2187178758119900923162504E+00,    0.1412466059351774605445939E-02,      0.65%
   -0.1888333333333333197145976E+01,    0.2204308302162643617982951E+00,    0.2190195347173339857071994E+00,    0.1411295498930376091095695E-02,      0.64%
   -0.1886666666666666714036182E+01,    0.2207317817619890432112584E+00,    0.2193217596428466975577720E+00,    0.1410022119142345653486359E-02,      0.64%
   -0.1884999999999999786837179E+01,    0.2210331969740284008274500E+00,    0.2196245518286489561976538E+00,    0.1408645145379444629796239E-02,      0.64%
   -0.1883333333333333303727386E+01,    0.2213350763178945079800997E+00,    0.2199279125175637172873166E+00,    0.1407163800330790692783012E-02,      0.64%
   -0.1881666666666666820617593E+01,    0.2216374202590997710693443E+00,    0.2202318429551197720428490E+00,    0.1405577303979999026495307E-02,      0.64%
   -0.1879999999999999893418590E+01,    0.2219402292631564854730186E+00,    0.2205363443895554109719370E+00,    0.1403884873601074501081598E-02,      0.64%
   -0.1878333333333333410308796E+01,    0.2222435037955767522799277E+00,    0.2208414180718213104537284E+00,    0.1402085723755441826199331E-02,      0.63%
   -0.1876666666666666483109793E+01,    0.2225472443218730334013600E+00,    0.2211470652555846128084482E+00,    0.1400179066288420592911734E-02,      0.63%
   -0.1875000000000000000000000E+01,    0.2228514513075574854372718E+00,    0.2214532871972318406328384E+00,    0.1398164110325644804433409E-02,      0.63%
   -0.1873333333333333516890207E+01,    0.2231561252181423760099221E+00,    0.2217600851558726438028657E+00,    0.1396040062269732207056450E-02,      0.63%
   -0.1871666666666666589691204E+01,    0.2234612665191400837638724E+00,    0.2220674603933431578983715E+00,    0.1393806125796925865500953E-02,      0.63%
   -0.1870000000000000106581410E+01,    0.2237668756760627652990792E+00,    0.2223754141742088907829356E+00,    0.1391461501853874516143605E-02,      0.63%
   -0.1868333333333333179382407E+01,    0.2240729531544227437489525E+00,    0.2226839477657686638956136E+00,    0.1389005388654079853338885E-02,      0.62%
   -0.1866666666666666696272614E+01,    0.2243794994197321479578733E+00,    0.2229930624380574710752256E+00,    0.1386436981674676882647645E-02,      0.62%
   -0.1865000000000000213162821E+01,    0.2246865149375034398371298E+00,    0.2233027594638500312740348E+00,    0.1383755473653408563095013E-02,      0.62%
   -0.1863333333333333285963818E+01,    0.2249940001732488870089810E+00,    0.2236130401186640082045187E+00,    0.1380960054584878804462278E-02,      0.62%
   -0.1861666666666666802854024E+01,    0.2253019555924805905622321E+00,    0.2239239056807628691636580E+00,    0.1378049911717721398574099E-02,      0.62%
   -0.1859999999999999875655021E+01,    0.2256103816607110124081714E+00,    0.2242353574311597430579468E+00,    0.1375024229551269350224629E-02,      0.61%
   -0.1858333333333333392545228E+01,    0.2259192788434522536356042E+00,    0.2245473966536200571830761E+00,    0.1371882189832196452528024E-02,      0.61%
   -0.1856666666666666465346225E+01,    0.2262286476062167206446674E+00,    0.2248600246346649511597349E+00,    0.1368622971551769484932493E-02,      0.61%
   -0.1854999999999999982236432E+01,    0.2265384884145164867685907E+00,    0.2251732426635743022913516E+00,    0.1365245750942184477239039E-02,      0.61%
   -0.1853333333333333499126638E+01,    0.2268488017338639861630867E+00,    0.2254870520323898896997150E+00,    0.1361749701474096463371666E-02,      0.60%
   -0.1851666666666666571927635E+01,    0.2271595880297715974727168E+00,    0.2258014540359187527496232E+00,    0.1358133993852844723093654E-02,      0.60%
   -0.1850000000000000088817842E+01,    0.2274708477677512830084083E+00,    0.2261164499717354392505086E+00,    0.1354397796015843757899688E-02,      0.60%
   -0.1848333333333333161618839E+01,    0.2277825814133155601926006E+00,    0.2264320411401859745037513E+00,    0.1350540273129585688849374E-02,      0.60%
   -0.1846666666666666678509046E+01,    0.2280947894319765856252502E+00,    0.2267482288443902760377568E+00,    0.1346560587586309587493361E-02,      0.59%
   -0.1845000000000000195399252E+01,    0.2284074722892466546841916E+00,    0.2270650143902452622324262E+00,    0.1342457899001392451765469E-02,      0.59%
   -0.1843333333333333268200249E+01,    0.2287206304506380627472595E+00,    0.2273823990864280719659263E+00,    0.1338231364209990781333204E-02,      0.59%
   -0.1841666666666666785090456E+01,    0.2290342643816629941699858E+00,    0.2277003842443983960830423E+00,    0.1333880137264598086943579E-02,      0.59%
   -0.1839999999999999857891453E+01,    0.2293483745478339108636590E+00,    0.2280189711784020856200073E+00,    0.1329403369431825243651701E-02,      0.58%
   -0.1838333333333333374781660E+01,    0.2296629614146627751392060E+00,    0.2283381612054732889838249E+00,    0.1324800209189486155381132E-02,      0.58%
   -0.1836666666666666447582656E+01,    0.2299780254476621876857934E+00,    0.2286579556454379491547968E+00,    0.1320069802224238530996558E-02,      0.58%
   -0.1834999999999999964472863E+01,    0.2302935671123441385699238E+00,    0.2289783558209160518881475E+00,    0.1315211291428086681776222E-02,      0.57%
   -0.1833333333333333481363070E+01,    0.2306095868742211174584611E+00,    0.2292993630573248176052203E+00,    0.1310223816896299853240748E-02,      0.57%
   -0.1831666666666666554164067E+01,    0.2309260851988052531957862E+00,    0.2296209786828813381731607E+00,    0.1305106515923915022625579E-02,      0.57%
   -0.1830000000000000071054274E+01,    0.2312430625516088689153094E+00,    0.2299432040286049083732678E+00,    0.1299858523003960542041568E-02,      0.57%
   -0.1828333333333333143855270E+01,    0.2315605193981442044837138E+00,    0.2302660404283204675923713E+00,    0.1294478969823736891342492E-02,      0.56%
   -0.1826666666666666660745477E+01,    0.2318784562039234997676829E+00,    0.2305894892186603484240948E+00,    0.1288966985263151343588106E-02,      0.56%
   -0.1825000000000000177635684E+01,    0.2321968734344590779006268E+00,    0.2309135517390676073379296E+00,    0.1283321695391470562697123E-02,      0.56%
   -0.1823333333333333250436681E+01,    0.2325157715552633175271069E+00,    0.2312382293317986059477676E+00,    0.1277542223464711579339337E-02,      0.55%
   -0.1821666666666666767326888E+01,    0.2328351510318482642247773E+00,    0.2315635233419247873687397E+00,    0.1271627689923476856037610E-02,      0.55%
   -0.1819999999999999840127884E+01,    0.2331550123297263521493505E+00,    0.2318894351173360901530174E+00,    0.1265577212390261996333152E-02,      0.55%
   -0.1818333333333333357018091E+01,    0.2334753559144097934119344E+00,    0.2322159660087429189356811E+00,    0.1259389905666874476253270E-02,      0.54%
   -0.1816666666666666873908298E+01,    0.2337961822514107723680610E+00,    0.2325431173696789199922819E+00,    0.1253064881731852375779113E-02,      0.54%
   -0.1814999999999999946709295E+01,    0.2341174918062417509290185E+00,    0.2328708905565032016848903E+00,    0.1246601249738549244128194E-02,      0.54%
   -0.1813333333333333463599502E+01,    0.2344392850444148301836123E+00,    0.2331992869284026104192975E+00,    0.1239998116012219764314750E-02,      0.53%
   -0.1811666666666666536400498E+01,    0.2347615624314423887764036E+00,    0.2335283078473944506914250E+00,    0.1233254584047938084978568E-02,      0.53%
   -0.1810000000000000053290705E+01,    0.2350843244328365277961979E+00,    0.2338579546783284002220427E+00,    0.1226369754508127574155196E-02,      0.52%
   -0.1808333333333333126091702E+01,    0.2354075715141097369098588E+00,    0.2341882287888891189808760E+00,    0.1219342725220617928982847E-02,      0.52%
   -0.1806666666666666642981909E+01,    0.2357313041407742004729187E+00,    0.2345191315495982198324754E+00,    0.1212172591175980640443299E-02,      0.52%
   -0.1805000000000000159872116E+01,    0.2360555227783420750853338E+00,    0.2348506643338167387824456E+00,    0.1204858444525336302888263E-02,      0.51%
   -0.1803333333333333232673112E+01,    0.2363802278923258504139682E+00,    0.2351828285177471611344657E+00,    0.1197399374578689279502441E-02,      0.51%
   -0.1801666666666666749563319E+01,    0.2367054199482375165253245E+00,    0.2355156254804355031584606E+00,    0.1189794467802013366863889E-02,      0.51%
   -0.1799999999999999822364316E+01,    0.2370310994115895908418423E+00,    0.2358490566037736158033766E+00,    0.1182042807815975038465695E-02,      0.50%
   -0.1798333333333333339254523E+01,    0.2373572667478943132302049E+00,    0.2361831232725008222761431E+00,    0.1174143475393490954061804E-02,      0.50%
   -0.1796666666666666856144730E+01,    0.2376839224226638125347932E+00,    0.2365178268742066380880829E+00,    0.1166095548457174446710383E-02,      0.49%
   -0.1794999999999999928945726E+01,    0.2380110669014103841334418E+00,    0.2368531687993320478113901E+00,    0.1157898102078336322051655E-02,      0.49%
   -0.1793333333333333445835933E+01,    0.2383387006496464066707119E+00,    0.2371891504411717810363314E+00,    0.1149550208474625634380573E-02,      0.48%
   -0.1791666666666666518636930E+01,    0.2386668241328841477688627E+00,    0.2375257731958763385282651E+00,    0.1141050937007809240597567E-02,      0.48%
   -0.1790000000000000035527137E+01,    0.2389954378166356807611237E+00,    0.2378630384624532967396959E+00,    0.1132399354182384021427765E-02,      0.48%
   -0.1788333333333333552417344E+01,    0.2393245421664134398032076E+00,    0.2382009476427700278566846E+00,    0.1123594523643411946522974E-02,      0.47%
   -0.1786666666666666625218340E+01,    0.2396541376477297202729488E+00,    0.2385395021415546712439948E+00,    0.1114635506175049028954049E-02,      0.47%
   -0.1785000000000000142108547E+01,    0.2399842247260968175481821E+00,    0.2388787033663981040909619E+00,    0.1105521359698713457220265E-02,      0.46%
   -0.1783333333333333214909544E+01,    0.2403148038670267772065614E+00,    0.2392185527277560230796638E+00,    0.1096251139270754126897600E-02,      0.46%
   -0.1781666666666666731799751E+01,    0.2406458755360320889149506E+00,    0.2395590516389498603189168E+00,    0.1086823897082228596033815E-02,      0.45%
   -0.1779999999999999804600748E+01,    0.2409774401986249647844573E+00,    0.2399002015161693091016559E+00,    0.1077238682455655682801421E-02,      0.45%
   -0.1778333333333333321490954E+01,    0.2413094983203175891706138E+00,    0.2402420037784728512608723E+00,    0.1067494541844737909741525E-02,      0.44%
   -0.1776666666666666838381161E+01,    0.2416420503666223407179814E+00,    0.2405844598477901996602668E+00,    0.1057590518832141057714580E-02,      0.44%
   -0.1774999999999999911182158E+01,    0.2419750968030514592932434E+00,    0.2409275711489233806616994E+00,    0.1047525654128078631543985E-02,      0.43%
   -0.1773333333333333428072365E+01,    0.2423086380951171292519319E+00,    0.2412713391095478998593649E+00,    0.1037298985569229392567081E-02,      0.43%
   -0.1771666666666666500873362E+01,    0.2426426747083317014830328E+00,    0.2416157651602147682368127E+00,    0.1026909548116933246220128E-02,      0.43%
   -0.1770000000000000017763568E+01,    0.2429772071082074713643806E+00,    0.2419608507343511683007620E+00,    0.1016356373856303063618611E-02,      0.42%
   -0.1768333333333333534653775E+01,    0.2433122357602566232515073E+00,    0.2423065972682622581935163E+00,    0.1005638491994365057990990E-02,      0.42%
   -0.1766666666666666607454772E+01,    0.2436477611299915357889745E+00,    0.2426530062011324206938667E+00,    0.9947549288591150951077680E-03,      0.41%
   -0.1765000000000000124344979E+01,    0.2439837836829244210878898E+00,    0.2430000789750256240395743E+00,    0.9837047078987970483154868E-03,      0.40%
   -0.1763333333333333197145976E+01,    0.2443203038845674912593608E+00,    0.2433478170348880031959027E+00,    0.9724868496794880634581659E-03,      0.40%
   -0.1761666666666666714036182E+01,    0.2446573222004331249479492E+00,    0.2436962218285475267887108E+00,    0.9611003718855981592383841E-03,      0.39%
   -0.1759999999999999786837179E+01,    0.2449948390960335342647625E+00,    0.2440452948067161342837750E+00,    0.9495442893173999809874886E-03,      0.39%
   -0.1758333333333333303727386E+01,    0.2453328550368809313209084E+00,    0.2443950374229901245648477E+00,    0.9378176138908067560606696E-03,      0.38%
   -0.1756666666666666820617593E+01,    0.2456713704884876392497972E+00,    0.2447454511338512661566824E+00,    0.9259193546363730931147984E-03,      0.38%
   -0.1754999999999999893418590E+01,    0.2460103859163660366959903E+00,    0.2450965373986679629592089E+00,    0.9138485176980737367813390E-03,      0.37%
   -0.1753333333333333410308796E+01,    0.2463499017860281692371416E+00,    0.2454482976796954207809875E+00,    0.9016041063327484561540359E-03,      0.37%
   -0.1751666666666666483109793E+01,    0.2466899185629864710289638E+00,    0.2458007334420774514516239E+00,    0.8891851209090195773399046E-03,      0.36%
   -0.1750000000000000000000000E+01,    0.2470304367127531541825647E+00,    0.2461538461538461675104372E+00,    0.8765905589069866721274593E-03,      0.36%
   -0.1748333333333333516890207E+01,    0.2473714567008404863202031E+00,    0.2465076372859234810075435E+00,    0.8638194149170053126596258E-03,      0.35%
   -0.1746666666666666589691204E+01,    0.2477129789927607905752893E+00,    0.2468621083121215198374898E+00,    0.8508706806392707377995066E-03,      0.34%
   -0.1745000000000000106581410E+01,    0.2480550040540262235477798E+00,    0.2472172607091426554948299E+00,    0.8377433448835680529498404E-03,      0.34%
   -0.1743333333333333179382407E+01,    0.2483975323501492193933871E+00,    0.2475730959565812239198124E+00,    0.8244363935679954735746833E-03,      0.33%
   -0.1741666666666666696272614E+01,    0.2487405643466418792009165E+00,    0.2479296155369225540532341E+00,    0.8109488097193251476824116E-03,      0.33%
   -0.1740000000000000213162821E+01,    0.2490841005090165816149295E+00,    0.2482868209355446609265528E+00,    0.7972795734719206883767129E-03,      0.32%
   -0.1738333333333333285963818E+01,    0.2494281413027855109909581E+00,    0.2486447136407180791284333E+00,    0.7834276620674318625248134E-03,      0.32%
   -0.1736666666666666802854024E+01,    0.2497726871934610459735637E+00,    0.2490032951436056685157183E+00,    0.7693920498553774578454068E-03,      0.31%
   -0.1734999999999999875655021E+01,    0.2501177386465553986738541E+00,    0.2493625669382640575033605E+00,    0.7551717082913411704936379E-03,      0.30%
   -0.1733333333333333392545228E+01,    0.2504632961275807812029370E+00,    0.2497225305216425883525488E+00,    0.7407656059381928503881909E-03,      0.30%
   -0.1731666666666666465346225E+01,    0.2508093601020496277165250E+00,    0.2500831873935844273937334E+00,    0.7261727084652003227915884E-03,      0.29%
   -0.1729999999999999982236432E+01,    0.2511559310354739560366966E+00,    0.2504445390568258433816595E+00,    0.7113919786481126550370391E-03,      0.28%
   -0.1728333333333333499126638E+01,    0.2515030093933661170524374E+00,    0.2508065870169969846514846E+00,    0.6964223763691324009528216E-03,      0.28%
   -0.1726666666666666571927635E+01,    0.2518505956412386836973383E+00,    0.2511693327826213240072661E+00,    0.6812628586173596900721350E-03,      0.27%
   -0.1725000000000000088817842E+01,    0.2521986902446035072600239E+00,    0.2515327778651155199440836E+00,    0.6659123794879873159402450E-03,      0.26%
   -0.1723333333333333161618839E+01,    0.2525472936689731051629337E+00,    0.2518969237787897497149459E+00,    0.6503698901833554479878785E-03,      0.26%
   -0.1721666666666666678509046E+01,    0.2528964063798596062504487E+00,    0.2522617720408467656412199E+00,    0.6346343390128406092287605E-03,      0.25%
   -0.1720000000000000195399252E+01,    0.2532460288427753059004033E+00,    0.2526273241713823392018412E+00,    0.6187046713929666985620770E-03,      0.24%
   -0.1718333333333333268200249E+01,    0.2535961615232326660240858E+00,    0.2529935816933844283660449E+00,    0.6025798298482376580409436E-03,      0.24%
   -0.1716666666666666785090456E+01,    0.2539468048867437044435746E+00,    0.2533605461327327335041559E+00,    0.5862587540109709394187121E-03,      0.23%
   -0.1714999999999999857891453E+01,    0.2542979593988208275590068E+00,    0.2537282190181986973875894E+00,    0.5697403806221301714174388E-03,      0.22%
   -0.1713333333333333374781660E+01,    0.2546496255249762197259145E+00,    0.2540966018814441729212206E+00,    0.5530236435320468046938913E-03,      0.22%
   -0.1711666666666666447582656E+01,    0.2550018037307222873444346E+00,    0.2544656962570217006991413E+00,    0.5361074737005866452932423E-03,      0.21%
   -0.1709999999999999964472863E+01,    0.2553544944815710482366455E+00,    0.2548355036823730657147280E+00,    0.5189907991979825219175382E-03,      0.20%
   -0.1708333333333333481363070E+01,    0.2557076982430350198249869E+00,    0.2552060256978289642937341E+00,    0.5016725452060555312527867E-03,      0.20%
   -0.1706666666666666554164067E+01,    0.2560614154806263864649907E+00,    0.2555772638466082269381729E+00,    0.4841516340181595268177261E-03,      0.19%
   -0.1705000000000000071054274E+01,    0.2564156466598573325121890E+00,    0.2559492196748164860586883E+00,    0.4664269850408464535007624E-03,      0.18%
   -0.1703333333333333143855270E+01,    0.2567703922462404309001727E+00,    0.2563218947314458984187979E+00,    0.4484975147945324813747447E-03,      0.17%
   -0.1701666666666666660745477E+01,    0.2571256527052874218952638E+00,    0.2566952905683732577557521E+00,    0.4303621369141641395117404E-03,      0.17%
   -0.1700000000000000177635684E+01,    0.2574814285025110449645069E+00,    0.2570694087403598837582308E+00,    0.4120197621511612062761287E-03,      0.16%
   -0.1698333333333333250436681E+01,    0.2578377201034234844634341E+00,    0.2574442508050496236648996E+00,    0.3934692983738607985344515E-03,      0.15%
   -0.1696666666666666767326888E+01,    0.2581945279735367582141237E+00,    0.2578198183229679640859899E+00,    0.3747096505687941281337316E-03,      0.15%
   -0.1694999999999999840127884E+01,    0.2585518525783634946613176E+00,    0.2581961128575209762914255E+00,    0.3557397208425183698921046E-03,      0.14%
   -0.1693333333333333357018091E+01,    0.2589096943834156561159432E+00,    0.2585731359749930957647734E+00,    0.3365584084225603511697500E-03,      0.13%
   -0.1691666666666666873908298E+01,    0.2592680538542055934669861E+00,    0.2589508892445466781140340E+00,    0.3171646096589153529521354E-03,      0.12%
   -0.1689999999999999946709295E+01,    0.2596269314562457131145834E+00,    0.2593293742382200006701964E+00,    0.2975572180257124443869543E-03,      0.11%
   -0.1688333333333333463599502E+01,    0.2599863276550481439031159E+00,    0.2597085925309251530634924E+00,    0.2777351241229908396235260E-03,      0.11%
   -0.1686666666666666536400498E+01,    0.2603462429161252367215695E+00,    0.2600885457004473710895809E+00,    0.2576972156778656319886522E-03,      0.10%
   -0.1685000000000000053290705E+01,    0.2607066777049891759254763E+00,    0.2604692353274423721742892E+00,    0.2374423775468037511870989E-03,      0.09%
   -0.1683333333333333126091702E+01,    0.2610676324871523124038220E+00,    0.2608506629954351341282859E+00,    0.2169694917171782755360709E-03,      0.08%
   -0.1681666666666666642981909E+01,    0.2614291077281267194898362E+00,    0.2612328302908174526564267E+00,    0.1962774373092668334095379E-03,      0.08%
   -0.1680000000000000159872116E+01,    0.2617911038934249701171098E+00,    0.2616157388028463315343686E+00,    0.1753650905786385827411777E-03,      0.07%
   -0.1678333333333333232673112E+01,    0.2621536214485591931300235E+00,    0.2619993901236419286959745E+00,    0.1542313249172644340490024E-03,      0.06%
   -0.1676666666666666749563319E+01,    0.2625166608590416839064119E+00,    0.2623837858481847251646002E+00,    0.1328750108569587418116953E-03,      0.05%
   -0.1674999999999999822364316E+01,    0.2628802225903846823129584E+00,    0.2627689275743143593189188E+00,    0.1112950160703229940395431E-03,      0.04%
   -0.1673333333333333339254523E+01,    0.2632443071081003171940438E+00,    0.2631548169027262962238467E+00,    0.8949020537402097019707981E-04,      0.03%
   -0.1671666666666666856144730E+01,    0.2636089148777010504609564E+00,    0.2635414554369699957625528E+00,    0.6745944073105469840356818E-04,      0.03%
   -0.1669999999999999928945726E+01,    0.2639740463646991774915307E+00,    0.2639288447834464146346534E+00,    0.4520158125276285687732525E-04,      0.02%
   -0.1668333333333333445835933E+01,    0.2643397020346068271301476E+00,    0.2643169865514048422205917E+00,    0.2271548320198490955590387E-04,      0.01%
   -0.1666666666666666518636930E+01,    0.2647058823529364057769442E+00,    0.2647058823529412352471013E+00,   -0.4829470157119430950842798E-14,      0.00%
   -0.1665000000000000035527137E+01,    0.2650725884374333651827271E+00,    0.2650955338029942209843171E+00,   -0.2294536556085580158992343E-04,     -0.01%
   -0.1663333333333333552417344E+01,    0.2654398240147205489947169E+00,    0.2654859425193435429335409E+00,   -0.4611850462299393882403820E-04,     -0.02%
   -0.1661666666666666625218340E+01,    0.2658075934636701664892655E+00,    0.2658771101226062860689581E+00,   -0.6951665893611957969255855E-04,     -0.03%
   -0.1660000000000000142108547E+01,    0.2661759011631461002700405E+00,    0.2662690382362338792354706E+00,   -0.9313707308777896543006136E-04,     -0.03%
   -0.1658333333333333214909544E+01,    0.2665447514920126770299191E+00,    0.2666617284865095416357406E+00,   -0.1169769944968646058214290E-03,     -0.04%
   -0.1656666666666666731799751E+01,    0.2669141488291338348837201E+00,    0.2670551825025444525607554E+00,   -0.1410336734106176770353613E-03,     -0.05%
   -0.1654999999999999804600748E+01,    0.2672840975533738450131693E+00,    0.2674494019162750313434174E+00,   -0.1653043629011863302480378E-03,     -0.06%
   -0.1653333333333333321490954E+01,    0.2676546020435965900219344E+00,    0.2678443883624589405556549E+00,   -0.1897863188623505337204733E-03,     -0.07%
   -0.1651666666666666838381161E+01,    0.2680256666786664521140438E+00,    0.2682401434786722549397098E+00,   -0.2144768000058028256660236E-03,     -0.08%
   -0.1649999999999999911182158E+01,    0.2683972958374474804266185E+00,    0.2686366689053055756275512E+00,   -0.2393730678580952009326666E-03,     -0.09%
   -0.1648333333333333428072365E+01,    0.2687694938988036685856287E+00,    0.2690339662855600888491381E+00,   -0.2644723867564202635094261E-03,     -0.10%
   -0.1646666666666666500873362E+01,    0.2691422652415991767504977E+00,    0.2694320372654444573079502E+00,   -0.2897720238452805574524973E-03,     -0.11%
   -0.1645000000000000017763568E+01,    0.2695156142446981650806492E+00,    0.2698308834937702682665872E+00,   -0.3152692490721031859379764E-03,     -0.12%
   -0.1643333333333333534653775E+01,    0.2698895452869645161797507E+00,    0.2702305066221486473665436E+00,   -0.3409613351841311867929107E-03,     -0.13%
   -0.1641666666666666607454772E+01,    0.2702640627472627232741331E+00,    0.2706309083049860397807151E+00,   -0.3668455577233165065820231E-03,     -0.14%
   -0.1640000000000000124344979E+01,    0.2706391710044566134563127E+00,    0.2710320901994796027878465E+00,   -0.3929191950229893315338359E-03,     -0.14%
   -0.1638333333333333197145976E+01,    0.2710148744374104579080154E+00,    0.2714340539656138751034575E+00,   -0.4191795282034171954421709E-03,     -0.15%
   -0.1636666666666666714036182E+01,    0.2713911774249880837217574E+00,    0.2718368012661553922981739E+00,   -0.4456238411673085764164171E-03,     -0.16%
   -0.1634999999999999786837179E+01,    0.2717680843460540396350211E+00,    0.2722403337666492451063505E+00,   -0.4722494205952054713293364E-03,     -0.17%
   -0.1633333333333333303727386E+01,    0.2721455995794720417180201E+00,    0.2726446531354135283109485E+00,   -0.4990535559414865929284133E-03,     -0.18%
   -0.1631666666666666820617593E+01,    0.2725237275041063611524805E+00,    0.2730497610435354549629494E+00,   -0.5260335394290938104688848E-03,     -0.19%
   -0.1629999999999999893418590E+01,    0.2729024724988211580978259E+00,    0.2734556591648664158888948E+00,   -0.5531866660452577910689342E-03,     -0.20%
   -0.1628333333333333410308796E+01,    0.2732818389424804816911774E+00,    0.2738623491760166506203689E+00,   -0.5805102335361689291914900E-03,     -0.21%
   -0.1626666666666666483109793E+01,    0.2736618312139483810696561E+00,    0.2742698327563509175242018E+00,   -0.6080015424025364545457251E-03,     -0.22%
   -0.1625000000000000000000000E+01,    0.2740424536920890163926856E+00,    0.2746781115879828316650446E+00,   -0.6356578958938152723590065E-03,     -0.23%
   -0.1623333333333333516890207E+01,    0.2744237107557665478196895E+00,    0.2750871873557702018686655E+00,   -0.6634766000036540489759318E-03,     -0.24%
   -0.1621666666666666589691204E+01,    0.2748056067838450244877890E+00,    0.2754970617473095351179779E+00,   -0.6914549634645106301888973E-03,     -0.25%
   -0.1620000000000000106581410E+01,    0.2751881461551885510452564E+00,    0.2759077364529300968598591E+00,   -0.7195902977415458146026594E-03,     -0.26%
   -0.1618333333333333179382407E+01,    0.2755713332486613431626665E+00,    0.2763192131656894701130511E+00,   -0.7478799170281269503846033E-03,     -0.27%
   -0.1616666666666666696272614E+01,    0.2759551724431274499771405E+00,    0.2767314935813667275965599E+00,   -0.7763211382392776194194539E-03,     -0.28%
   -0.1615000000000000213162821E+01,    0.2763396681174508096034970E+00,    0.2771445793984576022594979E+00,   -0.8049112810067926560009255E-03,     -0.29%
   -0.1613333333333333285963818E+01,    0.2767248246504958042457645E+00,    0.2775584723181683810544484E+00,   -0.8336476676725768086839707E-03,     -0.30%
   -0.1611666666666666802854024E+01,    0.2771106464211263720187617E+00,    0.2779731740444092435993184E+00,   -0.8625276232828715805567299E-03,     -0.31%
   -0.1609999999999999875655021E+01,    0.2774971378082066730819122E+00,    0.2783886862837894882183321E+00,   -0.8915484755828151364198675E-03,     -0.32%
   -0.1608333333333333392545228E+01,    0.2778843031906008120834883E+00,    0.2788050107456097603808587E+00,   -0.9207075550089482973703525E-03,     -0.33%
   -0.1606666666666666465346225E+01,    0.2782721469471729491829137E+00,    0.2792221491418573342535581E+00,   -0.9500021946843850706443391E-03,     -0.34%
   -0.1604999999999999982236432E+01,    0.2786606734567870780061583E+00,    0.2796401031871980635834518E+00,   -0.9794297304109855772935589E-03,     -0.35%
   -0.1603333333333333499126638E+01,    0.2790498870983073032014943E+00,    0.2800588745989712191608589E+00,   -0.1008987500663915959364658E-02,     -0.36%
   -0.1601666666666666571927635E+01,    0.2794397922505979514617991E+00,    0.2804784650971819393028284E+00,   -0.1038672846583987841029284E-02,     -0.37%
   -0.1600000000000000088817842E+01,    0.2798303932925229053907401E+00,    0.2808988764044943464703863E+00,   -0.1068483111971441079646183E-02,     -0.38%
   -0.1598333333333333161618839E+01,    0.2802216946029464361700434E+00,    0.2813201102462254410419007E+00,   -0.1098415643279004871857296E-02,     -0.39%
   -0.1596666666666666678509046E+01,    0.2806137005607324819145276E+00,    0.2817421683503369966850016E+00,   -0.1128467789604514770473997E-02,     -0.40%
   -0.1595000000000000195399252E+01,    0.2810064155447452582947676E+00,    0.2821650524474290655518871E+00,   -0.1158636902683807257119497E-02,     -0.41%
   -0.1593333333333333268200249E+01,    0.2813998439338489254701869E+00,    0.2825887642707326508073606E+00,   -0.1188920336883725337173701E-02,     -0.42%
   -0.1591666666666666785090456E+01,    0.2817939901069074215556043E+00,    0.2830133055561014354672977E+00,   -0.1219315449194013911693446E-02,     -0.43%
   -0.1589999999999999857891453E+01,    0.2821888584427851287550482E+00,    0.2834386780420056761720105E+00,   -0.1249819599220547416962290E-02,     -0.44%
   -0.1588333333333333374781660E+01,    0.2825844533203457076275811E+00,    0.2838648834695227662905381E+00,   -0.1280430149177058662957052E-02,     -0.45%
   -0.1586666666666666447582656E+01,    0.2829807791184537624218365E+00,    0.2842919235823310186717094E+00,   -0.1311144463877256249872971E-02,     -0.46%
   -0.1584999999999999964472863E+01,    0.2833778402159731202303306E+00,    0.2847198001267003397707356E+00,   -0.1341959910727219540405031E-02,     -0.47%
   -0.1583333333333333481363070E+01,    0.2837756409917679967236381E+00,    0.2851485148514850687107014E+00,   -0.1372873859717071987063264E-02,     -0.48%
   -0.1581666666666666554164067E+01,    0.2841741858247024410388804E+00,    0.2855780695081155950987295E+00,   -0.1403883683413154059849148E-02,     -0.49%
   -0.1580000000000000071054274E+01,    0.2845734790936405023131783E+00,    0.2860084658505891441748759E+00,   -0.1434986756948641861697524E-02,     -0.50%
   -0.1578333333333333143855270E+01,    0.2849735251774465072394094E+00,    0.2864397056354625603624697E+00,   -0.1466180458016053123060374E-02,     -0.51%
   -0.1576666666666666660745477E+01,    0.2853743284549842829100896E+00,    0.2868717906218424262831945E+00,   -0.1497462166858143373104895E-02,     -0.52%
   -0.1575000000000000177635684E+01,    0.2857758933051181560180964E+00,    0.2873047225713771801736129E+00,   -0.1528829266259024155516499E-02,     -0.53%
   -0.1573333333333333250436681E+01,    0.2861782241067122867228534E+00,    0.2877385032482480120563650E+00,   -0.1560279141535725333511664E-02,     -0.54%
   -0.1571666666666666767326888E+01,    0.2865813252386304466057254E+00,    0.2881731344191589827552491E+00,   -0.1591809180528536149523688E-02,     -0.55%
   -0.1569999999999999840127884E+01,    0.2869852010797370733818923E+00,    0.2886086178533291413117468E+00,   -0.1623416773592067929854466E-02,     -0.56%
   -0.1568333333333333357018091E+01,    0.2873898560088962161884751E+00,    0.2890449553224818113328354E+00,   -0.1655099313585595144360241E-02,     -0.57%
   -0.1566666666666666873908298E+01,    0.2877952944049717576291414E+00,    0.2894821486008362643183034E+00,   -0.1686854195864506689161999E-02,     -0.58%
   -0.1564999999999999946709295E+01,    0.2882015206468281909302220E+00,    0.2899201994650972280531676E+00,   -0.1718678818269037122945520E-02,     -0.59%
   -0.1563333333333333463599502E+01,    0.2886085391133291766507796E+00,    0.2903591096944453942008124E+00,   -0.1750570581116217550032843E-02,     -0.60%
   -0.1561666666666666536400498E+01,    0.2890163541833392635282962E+00,    0.2907988810705276483403736E+00,   -0.1782526887188384812077402E-02,     -0.61%
   -0.1560000000000000053290705E+01,    0.2894249702357223341664394E+00,    0.2912395153774464118257015E+00,   -0.1814545141724077659262093E-02,     -0.62%
   -0.1558333333333333126091702E+01,    0.2898343916493425487246327E+00,    0.2916810144017501493785005E+00,   -0.1846622752407600653867803E-02,     -0.63%
   -0.1556666666666666642981909E+01,    0.2902446228030638453176948E+00,    0.2921233799324221003246294E+00,   -0.1878757129358255006934542E-02,     -0.64%
   -0.1555000000000000159872116E+01,    0.2906556680757505506385030E+00,    0.2925666137608706196537867E+00,   -0.1910945685120069015283661E-02,     -0.65%
   -0.1553333333333333232673112E+01,    0.2910675318462667693353296E+00,    0.2930107176809178537446599E+00,   -0.1943185834651084409330224E-02,     -0.66%
   -0.1551666666666666749563319E+01,    0.2914802184934763840118421E+00,    0.2934556934887887491569813E+00,   -0.1975474995312365145139211E-02,     -0.67%
   -0.1549999999999999822364316E+01,    0.2918937323962438878943715E+00,    0.2939015429831007275573995E+00,   -0.2007810586856839663028040E-02,     -0.68%
   -0.1548333333333333339254523E+01,    0.2923080779334329415419802E+00,    0.2943482679648515287773591E+00,   -0.2040190031418587235378936E-02,     -0.69%
   -0.1546666666666666856144730E+01,    0.2927232594839079826698480E+00,    0.2947958702374088857389722E+00,   -0.2072610753500903069124206E-02,     -0.70%
   -0.1544999999999999928945726E+01,    0.2931392814265330604150961E+00,    0.2952443516064983120017473E+00,   -0.2105070179965251586651220E-02,     -0.71%
   -0.1543333333333333445835933E+01,    0.2935561481401722239148455E+00,    0.2956937138801914444208307E+00,   -0.2137565740019220505985231E-02,     -0.72%
   -0.1541666666666666518636930E+01,    0.2939738640036895778173687E+00,    0.2961439588688946633610044E+00,   -0.2170094865205085543635732E-02,     -0.73%
   -0.1540000000000000035527137E+01,    0.2943924333959491712597867E+00,    0.2965950883853363251319024E+00,   -0.2202654989387153872115732E-02,     -0.74%
   -0.1538333333333333552417344E+01,    0.2948118606958152754238256E+00,    0.2970471042445554932243112E+00,   -0.2235243548740217800485652E-02,     -0.75%
   -0.1536666666666666625218340E+01,    0.2952321502821519949577578E+00,    0.2975000082638891152342353E+00,   -0.2267857981737120276477526E-02,     -0.76%
   -0.1535000000000000142108547E+01,    0.2956533065338232679764019E+00,    0.2979538022629590887646600E+00,   -0.2300495729135820788258115E-02,     -0.77%
   -0.1533333333333333214909544E+01,    0.2960753338296933656614840E+00,    0.2984084880636604930614908E+00,   -0.2333154233967127400006802E-02,     -0.78%
   -0.1531666666666666731799751E+01,    0.2964982365486262816389740E+00,    0.2988640674901478222480478E+00,   -0.2365830941521540609073782E-02,     -0.79%
   -0.1529999999999999804600748E+01,    0.2969220190694861760682954E+00,    0.2993205423688228283829460E+00,   -0.2398523299336652314650564E-02,     -0.80%
   -0.1528333333333333321490954E+01,    0.2973466857711370980865695E+00,    0.2997779145283202550942292E+00,   -0.2431228757183157007659702E-02,     -0.81%
   -0.1526666666666666838381161E+01,    0.2977722410324432633643710E+00,    0.3002361857994955141037963E+00,   -0.2463944767052250739425290E-02,     -0.82%
   -0.1524999999999999911182158E+01,    0.2981986892322687765499722E+00,    0.3006953580154106964172911E+00,   -0.2496668783141919867318848E-02,     -0.83%
   -0.1523333333333333428072365E+01,    0.2986260347494776867804944E+00,    0.3011554330113200839136312E+00,   -0.2529398261842397133136728E-02,     -0.84%
   -0.1521666666666666500873362E+01,    0.2990542819629340431930586E+00,    0.3016164126246576593359805E+00,   -0.2562130661723616142921855E-02,     -0.85%
   -0.1520000000000000017763568E+01,    0.2994834352515021724805422E+00,    0.3020782986950217297028587E+00,   -0.2594863443519557222316507E-02,     -0.86%
   -0.1518333333333333534653775E+01,    0.2999134989940459017354613E+00,    0.3025410930641613260760892E+00,   -0.2627594070115424340627897E-02,     -0.87%
   -0.1516666666666666607454772E+01,    0.3003444775694295576506931E+00,    0.3030047975759616041280253E+00,   -0.2660320006532046477332187E-02,     -0.88%
   -0.1515000000000000124344979E+01,    0.3007763753565172448745102E+00,    0.3034694140764287451084158E+00,   -0.2693038719911500233905599E-02,     -0.89%
   -0.1513333333333333197145976E+01,    0.3012091967341729570328823E+00,    0.3039349444136758005008403E+00,   -0.2725747679502843467957973E-02,     -0.90%
   -0.1511666666666666714036182E+01,    0.3016429460812607432629306E+00,    0.3044013904379067603223064E+00,   -0.2758444356646017059375708E-02,     -0.91%
   -0.1509999999999999786837179E+01,    0.3020776277766449857686837E+00,    0.3048687540014024532908365E+00,   -0.2791126224757467522152865E-02,     -0.92%
   -0.1508333333333333303727386E+01,    0.3025132461991895116426576E+00,    0.3053370369585038934800991E+00,   -0.2823790759314381837441488E-02,     -0.92%
   -0.1506666666666666820617593E+01,    0.3029498057277584810442761E+00,    0.3058062411655974588420293E+00,   -0.2856435437838977797753159E-02,     -0.93%
   -0.1504999999999999893418590E+01,    0.3033873107412162761775676E+00,    0.3062763684810989595064257E+00,   -0.2889057739882683328858093E-02,     -0.94%
   -0.1503333333333333410308796E+01,    0.3038257656184266131127458E+00,    0.3067474207654370399467325E+00,   -0.2921655147010426833986685E-02,     -0.95%
   -0.1501666666666666483109793E+01,    0.3042651747382538740538394E+00,    0.3072193998810379134134507E+00,   -0.2954225142784039359611370E-02,     -0.96%
   -0.1500000000000000000000000E+01,    0.3047055424795620526268181E+00,    0.3076923076923077093880465E+00,   -0.2986765212745656761228474E-02,     -0.97%
   -0.1498333333333333516890207E+01,    0.3051468732212151979688031E+00,    0.3081661460656170969940604E+00,   -0.3019272844401899025257308E-02,     -0.98%
   -0.1496666666666666589691204E+01,    0.3055891713420776367726717E+00,    0.3086409168692837434733178E+00,   -0.3051745527206106700646160E-02,     -0.99%
   -0.1495000000000000106581410E+01,    0.3060324412210133071532425E+00,    0.3091166219735550502178967E+00,   -0.3084180752541743064654156E-02,     -1.00%
   -0.1493333333333333179382407E+01,    0.3064766872368864802922417E+00,    0.3095932632505917214693625E+00,   -0.3116576013705241177120797E-02,     -1.01%
   -0.1491666666666666696272614E+01,    0.3069219137685609832821854E+00,    0.3100708425744493346165598E+00,   -0.3148928805888351334374420E-02,     -1.02%
   -0.1490000000000000213162821E+01,    0.3073681251949010317936484E+00,    0.3105493618210613537833353E+00,   -0.3181236626160321989686963E-02,     -1.02%
   -0.1488333333333333285963818E+01,    0.3078153258947709525195080E+00,    0.3110288228682214217712954E+00,   -0.3213496973450469251787354E-02,     -1.03%
   -0.1486666666666666802854024E+01,    0.3082635202470345725522805E+00,    0.3115092275955640976903283E+00,   -0.3245707348529525138047802E-02,     -1.04%
   -0.1484999999999999875655021E+01,    0.3087127126305562740959942E+00,    0.3119905778845479260574791E+00,   -0.3277865253991651961484877E-02,     -1.05%
   -0.1483333333333333392545228E+01,    0.3091629074241998842431656E+00,    0.3124728756184358968717163E+00,   -0.3309968194236012628550725E-02,     -1.06%
   -0.1481666666666666465346225E+01,    0.3096141090068297851978230E+00,    0.3129561226822774044897812E+00,   -0.3342013675447619291958290E-02,     -1.07%
   -0.1479999999999999982236432E+01,    0.3100663217573098040524826E+00,    0.3134403209628886521898039E+00,   -0.3373999205578848137321302E-02,     -1.08%
   -0.1478333333333333499126638E+01,    0.3105195500545041009665681E+00,    0.3139254723488339449133377E+00,   -0.3405922294329843946769643E-02,     -1.08%
   -0.1476666666666666571927635E+01,    0.3109737982772771136552592E+00,    0.3144115787304060938289751E+00,   -0.3437780453128980173715945E-02,     -1.09%
   -0.1475000000000000088817842E+01,    0.3114290708044925581887696E+00,    0.3148986419996063768067529E+00,   -0.3469571195113818617983270E-02,     -1.10%
   -0.1473333333333333161618839E+01,    0.3118853720150147612599767E+00,    0.3153866640501254980932799E+00,   -0.3501292035110736833303235E-02,     -1.11%
   -0.1471666666666666678509046E+01,    0.3123427062877077164948503E+00,    0.3158756467773225495854206E+00,   -0.3532940489614833090570301E-02,     -1.12%
   -0.1470000000000000195399252E+01,    0.3128010780014355840528140E+00,    0.3163655920782055264162125E+00,   -0.3564514076769942363398513E-02,     -1.13%
   -0.1468333333333333268200249E+01,    0.3132604915350625796044426E+00,    0.3168565018514101772062475E+00,   -0.3596010316347597601804864E-02,     -1.13%
   -0.1466666666666666785090456E+01,    0.3137209512674525302422524E+00,    0.3173483779971790763596573E+00,   -0.3627426729726546117404951E-02,     -1.14%
   -0.1464999999999999857891453E+01,    0.3141824615774699291925742E+00,    0.3178412224173414735162169E+00,   -0.3658760839871544323642638E-02,     -1.15%
   -0.1463333333333333374781660E+01,    0.3146450268439784925256220E+00,    0.3183350370152907005127929E+00,   -0.3690010171312207987170950E-02,     -1.16%
   -0.1461666666666666447582656E+01,    0.3151086514458427134677265E+00,    0.3188298236959639653242959E+00,   -0.3721172250121251856569415E-02,     -1.17%
   -0.1459999999999999964472863E+01,    0.3155733397619263080891017E+00,    0.3193255843658194259582217E+00,   -0.3752244603893117869120033E-02,     -1.18%
   -0.1458333333333333481363070E+01,    0.3160390961710937141049271E+00,    0.3198223209328150407060321E+00,   -0.3783224761721326601104920E-02,     -1.18%
   -0.1456666666666666554164067E+01,    0.3165059250522088141188704E+00,    0.3203200353063861416380576E+00,   -0.3814110254177327519187202E-02,     -1.19%
   -0.1455000000000000071054274E+01,    0.3169738307841358238015061E+00,    0.3208187293974221754311316E+00,   -0.3844898613286351629625415E-02,     -1.20%
   -0.1453333333333333143855270E+01,    0.3174428177457389033122581E+00,    0.3213184051182452205530637E+00,   -0.3875587372506317240805629E-02,     -1.21%
   -0.1451666666666666660745477E+01,    0.3179128903158820462770962E+00,    0.3218190643825856733784008E+00,   -0.3906174066703627101304619E-02,     -1.21%
   -0.1450000000000000177635684E+01,    0.3183840528734293573442926E+00,    0.3223207091055599882167826E+00,   -0.3936656232130630872489974E-02,     -1.22%
   -0.1448333333333333250436681E+01,    0.3188563097972451076955736E+00,    0.3228233412036468630290642E+00,   -0.3967031406401755333490655E-02,     -1.23%
   -0.1446666666666666767326888E+01,    0.3193296654661932354457576E+00,    0.3233269625946629255430764E+00,   -0.3997297128469690097318789E-02,     -1.24%
   -0.1444999999999999840127884E+01,    0.3198041242591380672877222E+00,    0.3238315751977396961258648E+00,   -0.4027450938601628838142688E-02,     -1.24%
   -0.1443333333333333357018091E+01,    0.3202796905549433192916808E+00,    0.3243371809332982191875772E+00,   -0.4057490378354899895896324E-02,     -1.25%
   -0.1441666666666666873908298E+01,    0.3207563687324734846839647E+00,    0.3248437817230255264533412E+00,   -0.4087412990552041769376501E-02,     -1.26%
   -0.1439999999999999946709295E+01,    0.3212341631705925570905436E+00,    0.3253513794898490463225471E+00,   -0.4117216319256489232003560E-02,     -1.27%
   -0.1438333333333333463599502E+01,    0.3217130782481645301373874E+00,    0.3258599761579117348730961E+00,   -0.4146897909747204735708692E-02,     -1.27%
   -0.1436666666666666536400498E+01,    0.3221931183440536750062222E+00,    0.3263695736525469848210435E+00,   -0.4176455308493309814821259E-02,     -1.28%
   -0.1435000000000000053290705E+01,    0.3226742878371239853230179E+00,    0.3268801739002524797683691E+00,   -0.4205886063128494445351180E-02,     -1.29%
   -0.1433333333333333126091702E+01,    0.3231565911062397322695006E+00,    0.3273917788286650476514694E+00,   -0.4235187722425315381968858E-02,     -1.29%
   -0.1431666666666666642981909E+01,    0.3236400325302647984493376E+00,    0.3279043903665333492547518E+00,   -0.4264357836268550805414179E-02,     -1.30%
   -0.1430000000000000159872116E+01,    0.3241246164880632885108014E+00,    0.3284180104436926761479754E+00,   -0.4293393955629387637173977E-02,     -1.31%
   -0.1428333333333333232673112E+01,    0.3246103473584996401690717E+00,    0.3289326409910375281775430E+00,   -0.4322293632537888008471327E-02,     -1.31%
   -0.1426666666666666749563319E+01,    0.3250972295204375694943622E+00,    0.3294482839404943019800953E+00,   -0.4351054420056732485733164E-02,     -1.32%
   -0.1424999999999999822364316E+01,    0.3255852673527415142018526E+00,    0.3299649412249948676745248E+00,   -0.4379673872253353472672188E-02,     -1.33%
   -0.1423333333333333339254523E+01,    0.3260744652342754124063617E+00,    0.3304826147784481471525453E+00,   -0.4408149544172734746183551E-02,     -1.33%
   -0.1421666666666666856144730E+01,    0.3265648275439032577338594E+00,    0.3310013065357126915699837E+00,   -0.4436478991809433836124299E-02,     -1.34%
   -0.1419999999999999928945726E+01,    0.3270563586604893768772229E+00,    0.3315210184325686482154083E+00,   -0.4464659772079271338185436E-02,     -1.35%
   -0.1418333333333333445835933E+01,    0.3275490629628978189735733E+00,    0.3320417524056885616445811E+00,   -0.4492689442790742671007820E-02,     -1.35%
   -0.1416666666666666518636930E+01,    0.3280429448299926886711830E+00,    0.3325635103926097291271446E+00,   -0.4520565562617040455961614E-02,     -1.36%
   -0.1415000000000000035527137E+01,    0.3285380086406380351071732E+00,    0.3330862943317039470692009E+00,   -0.4548285691065911962027712E-02,     -1.37%
   -0.1413333333333333552417344E+01,    0.3290342587736979629298162E+00,    0.3336101061621492558373347E+00,   -0.4575847388451292907518564E-02,     -1.37%
   -0.1411666666666666625218340E+01,    0.3295316996080367988319892E+00,    0.3341349478238997972034952E+00,   -0.4603248215862998371505910E-02,     -1.38%
   -0.1410000000000000142108547E+01,    0.3300303355225182588839061E+00,    0.3346608212576553387229694E+00,   -0.4630485735137079839063290E-02,     -1.38%
   -0.1408333333333333214909544E+01,    0.3305301708960068918230490E+00,    0.3351877284048323524245916E+00,   -0.4657557508825460601542545E-02,     -1.39%
   -0.1406666666666666731799751E+01,    0.3310312101073664692307830E+00,    0.3357156712075319848764821E+00,   -0.4684461100165515645699088E-02,     -1.40%
   -0.1404999999999999804600748E+01,    0.3315334575354614288222876E+00,    0.3362446516085104142312900E+00,   -0.4711194073048985409002398E-02,     -1.40%
   -0.1403333333333333321490954E+01,    0.3320369175591553756454744E+00,    0.3367746715511467092696307E+00,   -0.4737753991991333624156368E-02,     -1.41%
   -0.1401666666666666838381161E+01,    0.3325415945573128029266741E+00,    0.3373057329794120762223031E+00,   -0.4764138422099273295629018E-02,     -1.41%
   -0.1399999999999999911182158E+01,    0.3330474929087978153141592E+00,    0.3378378378378378288360295E+00,   -0.4790344929040013521870378E-02,     -1.42%
   -0.1398333333333333428072365E+01,    0.3335546169924744064338995E+00,    0.3383709880714826923053806E+00,   -0.4816371079008285871481121E-02,     -1.42%
   -0.1396666666666666500873362E+01,    0.3340629711872067364453187E+00,    0.3389051856259014949834807E+00,   -0.4842214438694758538161977E-02,     -1.43%
   -0.1395000000000000017763568E+01,    0.3345725598718589099966891E+00,    0.3394404324471109180016981E+00,   -0.4867872575252008005008975E-02,     -1.43%
   -0.1393333333333333534653775E+01,    0.3350833874252948652028294E+00,    0.3399767304815580759580484E+00,   -0.4893343056263210755219006E-02,     -1.44%
   -0.1391666666666666607454772E+01,    0.3355954582263790952900706E+00,    0.3405140816760859889811286E+00,   -0.4918623449706893691057985E-02,     -1.44%
   -0.1390000000000000124344979E+01,    0.3361087766539753163286264E+00,    0.3410524879778997764390169E+00,   -0.4943711323924460110390555E-02,     -1.45%
   -0.1388333333333333197145976E+01,    0.3366233470869479660336765E+00,    0.3415919513345333502485346E+00,   -0.4968604247585384214858095E-02,     -1.45%
   -0.1386666666666666714036182E+01,    0.3371391739041608714977372E+00,    0.3421324736938142763165160E+00,   -0.4993299789653404818778881E-02,     -1.46%
   -0.1384999999999999786837179E+01,    0.3376562614844784149248369E+00,    0.3426740570038294131371970E+00,   -0.5017795519350998212360082E-02,     -1.46%
   -0.1383333333333333303727386E+01,    0.3381746142067644234074919E+00,    0.3432167032128897177223337E+00,   -0.5042089006125294314841767E-02,     -1.47%
   -0.1381666666666666820617593E+01,    0.3386942364498830571051258E+00,    0.3437604142694947184644150E+00,   -0.5066177819611661359289201E-02,     -1.47%
   -0.1379999999999999893418590E+01,    0.3392151325926987537329182E+00,    0.3443051921222972100444792E+00,   -0.5090059529598456311560994E-02,     -1.48%
   -0.1378333333333333410308796E+01,    0.3397373070140751738499318E+00,    0.3448510387200661719830919E+00,   -0.5113731705990998133160019E-02,     -1.48%
   -0.1376666666666666483109793E+01,    0.3402607640928767551713463E+00,    0.3453979560116515190593134E+00,   -0.5137191918774763887967083E-02,     -1.49%
   -0.1375000000000000000000000E+01,    0.3407855082079673803008291E+00,    0.3459459459459459651498037E+00,   -0.5160437737978584848974606E-02,     -1.49%
   -0.1373333333333333516890207E+01,    0.3413115437382111538866525E+00,    0.3464950104718491630251265E+00,   -0.5183466733638009138473990E-02,     -1.50%
   -0.1371666666666666589691204E+01,    0.3418388750624725691551475E+00,    0.3470451515382295126777024E+00,   -0.5206276475756943522554820E-02,     -1.50%
   -0.1370000000000000106581410E+01,    0.3423675065596152866653767E+00,    0.3475963710938858031163079E+00,   -0.5228864534270516450931154E-02,     -1.50%
   -0.1368333333333333179382407E+01,    0.3428974426085037441325198E+00,    0.3481486710875101309170532E+00,   -0.5251228479006386784533333E-02,     -1.51%
   -0.1366666666666666696272614E+01,    0.3434286875880017131379418E+00,    0.3487020534676482097502515E+00,   -0.5273365879646496612309647E-02,     -1.51%
   -0.1365000000000000213162821E+01,    0.3439612458769734093522175E+00,    0.3492565201826610676860696E+00,   -0.5295274305687658333852141E-02,     -1.52%
   -0.1363333333333333285963818E+01,    0.3444951218542832704905265E+00,    0.3498120731806857452994564E+00,   -0.5316951326402474808929810E-02,     -1.52%
   -0.1361666666666666802854024E+01,    0.3450303198987949571119316E+00,    0.3503687144095946059962898E+00,   -0.5338394510799648884358248E-02,     -1.52%
   -0.1359999999999999875655021E+01,    0.3455668443893730179539148E+00,    0.3509264458169568112744230E+00,   -0.5359601427583793320508221E-02,     -1.53%
   -0.1358333333333333392545228E+01,    0.3461046997048810025532362E+00,    0.3514852693499963542933529E+00,   -0.5380569645115351740116694E-02,     -1.53%
   -0.1356666666666666465346225E+01,    0.3466438902241836261808317E+00,    0.3520451869555524249122413E+00,   -0.5401296731368798731409697E-02,     -1.53%
   -0.1354999999999999982236432E+01,    0.3471844203261444938846125E+00,    0.3526062005800371657038284E+00,   -0.5421780253892671819215821E-02,     -1.54%
   -0.1353333333333333499126638E+01,    0.3477262943896279323574561E+00,    0.3531683121693952043251841E+00,   -0.5442017779767271967727993E-02,     -1.54%
   -0.1351666666666666571927635E+01,    0.3482695167934981572699371E+00,    0.3537315236690606323755048E+00,   -0.5462006875562475105567728E-02,     -1.54%
   -0.1350000000000000088817842E+01,    0.3488140919166191067368743E+00,    0.3542958370239149279434798E+00,   -0.5481745107295821206605524E-02,     -1.55%
   -0.1348333333333333161618839E+01,    0.3493600241378550519399937E+00,    0.3548612541782449336658090E+00,   -0.5501230040389881725815258E-02,     -1.55%
   -0.1346666666666666678509046E+01,    0.3499073178360698199718115E+00,    0.3554277770756982257616130E+00,   -0.5520459239628405789801491E-02,     -1.55%
   -0.1345000000000000195399252E+01,    0.3504559773901277375252050E+00,    0.3559954076592411476021027E+00,   -0.5539430269113410076897708E-02,     -1.56%
   -0.1343333333333333268200249E+01,    0.3510060071788930202707490E+00,    0.3565641478711139567003841E+00,   -0.5558140692220936429635003E-02,     -1.56%
   -0.1341666666666666785090456E+01,    0.3515574115812294397898086E+00,    0.3571339996527863602793218E+00,   -0.5576588071556920489513232E-02,     -1.56%
   -0.1339999999999999857891453E+01,    0.3521101949760014893087146E+00,    0.3577049649449134949286133E+00,   -0.5594769968912005619898764E-02,     -1.56%
   -0.1338333333333333374781660E+01,    0.3526643617420729404088320E+00,    0.3582770456872897968381153E+00,   -0.5612683945216856429283325E-02,     -1.57%
   -0.1336666666666666447582656E+01,    0.3532199162583082308053406E+00,    0.3588502438188045928768588E+00,   -0.5630327560496362071518206E-02,     -1.57%
   -0.1334999999999999964472863E+01,    0.3537768629035711875907566E+00,    0.3594245612773949161145026E+00,   -0.5647698373823728523746013E-02,     -1.57%
   -0.1333333333333333481363070E+01,    0.3543352060567259154133524E+00,    0.3599999999999999311661725E+00,   -0.5664793943274015752820105E-02,     -1.57%
   -0.1331666666666666554164067E+01,    0.3548949500966367409660052E+00,    0.3605765619225141382919730E+00,   -0.5681611825877397325967877E-02,     -1.58%
   -0.1330000000000000071054274E+01,    0.3554560994021676578746849E+00,    0.3611542489797391897177192E+00,   -0.5698149577571531843034336E-02,     -1.58%
   -0.1328333333333333143855270E+01,    0.3560186583521827707876639E+00,    0.3617330631053377598682630E+00,   -0.5714404753154989080599080E-02,     -1.58%
   -0.1326666666666666660745477E+01,    0.3565826313255461843532146E+00,    0.3623130062317836963536877E+00,   -0.5730374906237512000473089E-02,     -1.58%
   -0.1325000000000000177635684E+01,    0.3571480227011220032196093E+00,    0.3628940802903152240688200E+00,   -0.5746057589193220849210775E-02,     -1.58%
   -0.1323333333333333250436681E+01,    0.3577148368577744430574228E+00,    0.3634762872108849296459709E+00,   -0.5761450353110486588548156E-02,     -1.59%
   -0.1321666666666666767326888E+01,    0.3582830781743674419814738E+00,    0.3640596289221104120414907E+00,   -0.5776550747742970060016887E-02,     -1.59%
   -0.1319999999999999840127884E+01,    0.3588527510297652711734884E+00,    0.3646441073512252661892319E+00,   -0.5791356321459995015743516E-02,     -1.59%
   -0.1318333333333333357018091E+01,    0.3594238598028318687482852E+00,    0.3652297244240276241633580E+00,   -0.5805864621195755415072881E-02,     -1.59%
   -0.1316666666666666873908298E+01,    0.3599964088724314503764390E+00,    0.3658164820648307502537477E+00,   -0.5820073192399299877308749E-02,     -1.59%
   -0.1314999999999999946709295E+01,    0.3605704026174282317285247E+00,    0.3664043821964111380395934E+00,   -0.5833979578982906311068746E-02,     -1.59%
   -0.1313333333333333463599502E+01,    0.3611458454166860398970584E+00,    0.3669934267399565519518490E+00,   -0.5847581323270512054790515E-02,     -1.59%
   -0.1311666666666666536400498E+01,    0.3617227416490692570860688E+00,    0.3675836176150154011033067E+00,   -0.5860875965946144017237884E-02,     -1.59%
   -0.1310000000000000053290705E+01,    0.3623010956934418769215256E+00,    0.3681749567394426159161469E+00,   -0.5873861046000738994621315E-02,     -1.60%
   -0.1308333333333333126091702E+01,    0.3628809119286681150740037E+00,    0.3687674460293478007066881E+00,   -0.5886534100679685632684368E-02,     -1.60%
   -0.1306666666666666642981909E+01,    0.3634621947336116876137169E+00,    0.3693610873990413323575410E+00,   -0.5898892665429644743824156E-02,     -1.60%
   -0.1305000000000000159872116E+01,    0.3640449484871370877669960E+00,    0.3699558827609807365455197E+00,   -0.5910934273843648778523630E-02,     -1.60%
   -0.1303333333333333232673112E+01,    0.3646291775681085312044161E+00,    0.3705518340257163423245856E+00,   -0.5922656457607811120169572E-02,     -1.60%
   -0.1301666666666666749563319E+01,    0.3652148863553897895073419E+00,    0.3711489431018360485303731E+00,   -0.5934056746446259023031189E-02,     -1.60%
   -0.1299999999999999822364316E+01,    0.3658020792278452448798021E+00,    0.3717472118959108673408309E+00,   -0.5945132668065622461028852E-02,     -1.60%
   -0.1298333333333333339254523E+01,    0.3663907605643386133920103E+00,    0.3723466423124380808573619E+00,   -0.5955881748099467465351609E-02,     -1.60%
   -0.1296666666666666856144730E+01,    0.3669809347437343882702976E+00,    0.3729472362537863960874063E+00,   -0.5966301510052007817108688E-02,     -1.60%
   -0.1294999999999999928945726E+01,    0.3675726061448966741629363E+00,    0.3735489956201381023248587E+00,   -0.5976389475241428161922386E-02,     -1.60%
   -0.1293333333333333445835933E+01,    0.3681657791466893536735938E+00,    0.3741519223094318946643000E+00,   -0.5986143162742540990706175E-02,     -1.60%
   -0.1291666666666666518636930E+01,    0.3687604581279766979839962E+00,    0.3747560182173064746713465E+00,   -0.5995560089329776687350204E-02,     -1.60%
   -0.1290000000000000035527137E+01,    0.3693566474676227007201135E+00,    0.3753612852370405983393198E+00,   -0.6004637769417897619206315E-02,     -1.60%
   -0.1288333333333333552417344E+01,    0.3699543515444914665302178E+00,    0.3759677252594960106257815E+00,   -0.6013373715004544095563688E-02,     -1.60%
   -0.1286666666666666625218340E+01,    0.3705535747374473776183379E+00,    0.3765753401730572713645984E+00,   -0.6021765435609893746260468E-02,     -1.60%
   -0.1285000000000000142108547E+01,    0.3711543214253540945435361E+00,    0.3771841318635724693564271E+00,   -0.6029810438218374812890943E-02,     -1.60%
   -0.1283333333333333214909544E+01,    0.3717565959870762215544460E+00,    0.3777941022142932148142336E+00,   -0.6037506227216993259787614E-02,     -1.60%
   -0.1281666666666666731799751E+01,    0.3723604028014774192101299E+00,    0.3784052531058136881192411E+00,   -0.6044850304336268909111141E-02,     -1.60%
   -0.1279999999999999804600748E+01,    0.3729657462474221252257678E+00,    0.3790175864160097995991805E+00,   -0.6051840168587674373412710E-02,     -1.60%
   -0.1278333333333333321490954E+01,    0.3735726307037742222050269E+00,    0.3796311040199770170389115E+00,   -0.6058473316202794833884582E-02,     -1.60%
   -0.1276666666666666838381161E+01,    0.3741810605493978703073310E+00,    0.3802458077899690813694633E+00,   -0.6064747240571211062132306E-02,     -1.59%
   -0.1274999999999999911182158E+01,    0.3747910401631574517367085E+00,    0.3808616995953344463998747E+00,   -0.6070659432176994663166170E-02,     -1.59%
   -0.1273333333333333428072365E+01,    0.3754025739239166270522219E+00,    0.3814787813024532736605465E+00,   -0.6076207378536646608324645E-02,     -1.59%
   -0.1271666666666666500873362E+01,    0.3760156662105398894802022E+00,    0.3820970547746742052019897E+00,   -0.6081388564134315721787516E-02,     -1.59%
   -0.1270000000000000017763568E+01,    0.3766303214018910106020144E+00,    0.3827165218722492490144305E+00,   -0.6086200470358238412416085E-02,     -1.59%
   -0.1268333333333333534653775E+01,    0.3772465438768343171105357E+00,    0.3833371844522696636481385E+00,   -0.6090640575435346537602754E-02,     -1.59%
   -0.1266666666666666607454772E+01,    0.3778643380142339691651898E+00,    0.3839590443686006770995789E+00,   -0.6094706354366707934389069E-02,     -1.59%
   -0.1265000000000000124344979E+01,    0.3784837081929538493696441E+00,    0.3845821034718149289410860E+00,   -0.6098395278861079571441906E-02,     -1.59%
   -0.1263333333333333197145976E+01,    0.3791046587918584509502296E+00,    0.3852063636091268561401080E+00,   -0.6101704817268405189878422E-02,     -1.58%
   -0.1261666666666666714036182E+01,    0.3797271941898113234437062E+00,    0.3858318266243251914993095E+00,   -0.6104632434513868055603325E-02,     -1.58%
   -0.1259999999999999786837179E+01,    0.3803513187656770710987075E+00,    0.3864584943577060727193384E+00,   -0.6107175592029001620630879E-02,     -1.58%
   -0.1258333333333333303727386E+01,    0.3809770368983195210077497E+00,    0.3870863686460041530601472E+00,   -0.6109331747684632052397546E-02,     -1.58%
   -0.1256666666666666820617593E+01,    0.3816043529666028888414075E+00,    0.3877154513223250442699452E+00,   -0.6111098355722155428537690E-02,     -1.58%
   -0.1254999999999999893418590E+01,    0.3822332713493913902702559E+00,    0.3883457442160755945792516E+00,   -0.6112472866684204308995731E-02,     -1.57%
   -0.1253333333333333410308796E+01,    0.3828637964255488523868109E+00,    0.3889772491528939446503443E+00,   -0.6113452727345092263533388E-02,     -1.57%
   -0.1251666666666666483109793E+01,    0.3834959325739398239285549E+00,    0.3896099679545801941493721E+00,   -0.6114035380640370220817204E-02,     -1.57%
   -0.1250000000000000000000000E+01,    0.3841296841734277989210966E+00,    0.3902439024390244037832076E+00,   -0.6114218265596604862111008E-02,     -1.57%
   -0.1248333333333333516890207E+01,    0.3847650556028772705907670E+00,    0.3908790544201362626708374E+00,   -0.6113998817258992080070357E-02,     -1.56%
   -0.1246666666666666589691204E+01,    0.3854020512411525656304434E+00,    0.3915154257077729238467612E+00,   -0.6113374466620358216317754E-02,     -1.56%
   -0.1245000000000000106581410E+01,    0.3860406754671171780657346E+00,    0.3921530181076655630079131E+00,   -0.6112342640548384942178473E-02,     -1.56%
   -0.1243333333333333179382407E+01,    0.3866809326596358786787277E+00,    0.3927918334213478801508757E+00,   -0.6110900761712001472147904E-02,     -1.56%
   -0.1241666666666666696272614E+01,    0.3873228271975723280284853E+00,    0.3934318734460807154285078E+00,   -0.6109046248508387400022457E-02,     -1.55%
   -0.1240000000000000213162821E+01,    0.3879663634597907417855822E+00,    0.3940731399747792740306807E+00,   -0.6106776514988532245098440E-02,     -1.55%
   -0.1238333333333333285963818E+01,    0.3886115458251555021540469E+00,    0.3947156347959375755074518E+00,   -0.6104088970782073353404940E-02,     -1.55%
   -0.1236666666666666802854024E+01,    0.3892583786725302141817906E+00,    0.3953593596935525145141810E+00,   -0.6100981021022300332390387E-02,     -1.54%
   -0.1234999999999999875655021E+01,    0.3899068663807794266062956E+00,    0.3960043164470493093354264E+00,   -0.6097450066269882729130813E-02,     -1.54%
   -0.1233333333333333392545228E+01,    0.3905570133287669110089269E+00,    0.3966505068312031201394063E+00,   -0.6093493502436209130479483E-02,     -1.54%
   -0.1231666666666666465346225E+01,    0.3912088238953571606160153E+00,    0.3972979326160635538123245E+00,   -0.6089108720706393196309136E-02,     -1.53%
   -0.1229999999999999982236432E+01,    0.3918623024594138914977748E+00,    0.3979465955668748944340507E+00,   -0.6084293107461002936275918E-02,     -1.53%
   -0.1228333333333333499126638E+01,    0.3925174533998013748359313E+00,    0.3985964974439998864674806E+00,   -0.6079044044198511631549309E-02,     -1.53%
   -0.1226666666666666571927635E+01,    0.3931742810953839928345133E+00,    0.3992476400028391325669475E+00,   -0.6073358907455139732434191E-02,     -1.52%
   -0.1225000000000000088817842E+01,    0.3938327899250252395191296E+00,    0.3999000249937514905873570E+00,   -0.6067235068726251068227384E-02,     -1.52%
   -0.1223333333333333161618839E+01,    0.3944929842675898301607162E+00,    0.4005536541619750812159850E+00,   -0.6060669894385251055268782E-02,     -1.51%
   -0.1221666666666666678509046E+01,    0.3951548685019415918517893E+00,    0.4012085292475445208459917E+00,   -0.6053660745602928994202330E-02,     -1.51%
   -0.1220000000000000195399252E+01,    0.3958184470069444627071675E+00,    0.4018646519852113185855558E+00,   -0.6046204978266855878388242E-02,     -1.50%
   -0.1218333333333333268200249E+01,    0.3964837241614629914643331E+00,    0.4025220241043606095310281E+00,   -0.6038299942897618066695031E-02,     -1.50%
   -0.1216666666666666785090456E+01,    0.3971507043443608386823485E+00,    0.4031806473289281100846893E+00,   -0.6029942984567271402340793E-02,     -1.50%
   -0.1214999999999999857891453E+01,    0.3978193919345026086098471E+00,    0.4038405233773184055401373E+00,   -0.6021131442815796930290162E-02,     -1.49%
   -0.1213333333333333374781660E+01,    0.3984897913107519062947404E+00,    0.4045016539623184637086695E+00,   -0.6011862651566557413929104E-02,     -1.49%
   -0.1211666666666666447582656E+01,    0.3991619068519731694522079E+00,    0.4051640407910153118820062E+00,   -0.6002133939042142429798332E-02,     -1.48%
   -0.1209999999999999964472863E+01,    0.3998357429370302806859172E+00,    0.4058276855647092173917656E+00,   -0.5991942627678936705848400E-02,     -1.48%
   -0.1208333333333333481363070E+01,    0.4005113039447874556664431E+00,    0.4064925899788284779923231E+00,   -0.5981286034041022325880022E-02,     -1.47%
   -0.1206666666666666554164067E+01,    0.4011885942541090210866628E+00,    0.4071587557228425469091349E+00,   -0.5970161468733525822472075E-02,     -1.47%
   -0.1205000000000000071054274E+01,    0.4018676182438586930167901E+00,    0.4078261844801745472643972E+00,   -0.5958566236315854247607149E-02,     -1.46%
   -0.1203333333333333143855270E+01,    0.4025483802929009646831560E+00,    0.4084948779281140640584624E+00,   -0.5946497635213099375306456E-02,     -1.46%
   -0.1201666666666666660745477E+01,    0.4032308847800996076671254E+00,    0.4091648377377276601940537E+00,   -0.5933952957628052526928286E-02,     -1.45%
   -0.1200000000000000177635684E+01,    0.4039151360843188376392732E+00,    0.4098360655737704472123539E+00,   -0.5920929489451609573080759E-02,     -1.44%
   -0.1198333333333333250436681E+01,    0.4046011385844229257813254E+00,    0.4105085630945960462057087E+00,   -0.5907424510173120424383342E-02,     -1.44%
   -0.1196666666666666767326888E+01,    0.4052888966592756991857982E+00,    0.4111823319520652164626995E+00,   -0.5893435292789517276901279E-02,     -1.43%
   -0.1194999999999999840127884E+01,    0.4059784146877416510790226E+00,    0.4118573737914560384254514E+00,   -0.5878959103714387346428794E-02,     -1.43%
   -0.1193333333333333357018091E+01,    0.4066696970486844975312124E+00,    0.4125336902513705439332625E+00,   -0.5863993202686046402050124E-02,     -1.42%
   -0.1191666666666666873908298E+01,    0.4073627481209685097240936E+00,    0.4132112829636431228230720E+00,   -0.5848534842674613098978398E-02,     -1.42%
   -0.1189999999999999946709295E+01,    0.4080575722834579033282409E+00,    0.4138901535532469311284842E+00,   -0.5832581269789027800243275E-02,     -1.41%
   -0.1188333333333333463599502E+01,    0.4087541739150165609473220E+00,    0.4145703036381997996784321E+00,   -0.5816129723183238731110123E-02,     -1.40%
   -0.1186666666666666536400498E+01,    0.4094525573945088647853652E+00,    0.4152517348294699761623860E+00,   -0.5799177434961111377020870E-02,     -1.40%
   -0.1185000000000000053290705E+01,    0.4101527271007986419348867E+00,    0.4159344487308799798164216E+00,   -0.5781721630081337881534864E-02,     -1.39%
   -0.1183333333333333126091702E+01,    0.4108546874127502745999152E+00,    0.4166184469390117883769165E+00,   -0.5763759526261513777001255E-02,     -1.38%
   -0.1181666666666666642981909E+01,    0.4115584427092275343618155E+00,    0.4173037310431086388540223E+00,   -0.5745288333881104492206759E-02,     -1.38%
   -0.1180000000000000159872116E+01,    0.4122639973690949144469187E+00,    0.4179903026249790487511859E+00,   -0.5726305255884134304267263E-02,     -1.37%
   -0.1178333333333333232673112E+01,    0.4129713557712163529700433E+00,    0.4186781632588977841713529E+00,   -0.5706807487681431201309579E-02,     -1.36%
   -0.1176666666666666749563319E+01,    0.4136805222944557325348569E+00,    0.4193673145115068834343219E+00,   -0.5686792217051150899465028E-02,     -1.36%
   -0.1174999999999999822364316E+01,    0.4143915013176776018788416E+00,    0.4200577579417171247833096E+00,   -0.5666256624039522904467958E-02,     -1.35%
   -0.1173333333333333339254523E+01,    0.4151042972197456770722113E+00,    0.4207494951006058858666847E+00,   -0.5645197880860208794473465E-02,     -1.34%
   -0.1171666666666666856144730E+01,    0.4158189143795243403189943E+00,    0.4214425275313183893999280E+00,   -0.5623613151794049080933746E-02,     -1.33%
   -0.1169999999999999928945726E+01,    0.4165353571758776407563118E+00,    0.4221368567689645079354932E+00,   -0.5601499593086867179181354E-02,     -1.33%
   -0.1168333333333333445835933E+01,    0.4172536299876694609878314E+00,    0.4228324843405164012999364E+00,   -0.5578854352846940312105062E-02,     -1.32%
   -0.1166666666666666518636930E+01,    0.4179737371937642387287326E+00,    0.4235294117647059319864411E+00,   -0.5555674570941693257708494E-02,     -1.31%
   -0.1165000000000000035527137E+01,    0.4186956831730259676049855E+00,    0.4242276405519201376570493E+00,   -0.5531957378894170052063828E-02,     -1.30%
   -0.1163333333333333552417344E+01,    0.4194194723043185857314086E+00,    0.4249271722040972032452544E+00,   -0.5507699899778617513845802E-02,     -1.30%
   -0.1161666666666666625218340E+01,    0.4201451089665064753120305E+00,    0.4256280082146205456794519E+00,   -0.5482899248114070367421391E-02,     -1.29%
   -0.1160000000000000142108547E+01,    0.4208725975384534634393674E+00,    0.4263301500682127875840877E+00,   -0.5457552529759324144720267E-02,     -1.28%
   -0.1158333333333333214909544E+01,    0.4216019423990240433397503E+00,    0.4270335992408292313804452E+00,   -0.5431656841805188040694929E-02,     -1.27%
   -0.1156666666666666731799751E+01,    0.4223331479270818755722416E+00,    0.4277383571995494460082909E+00,   -0.5405209272467570436049300E-02,     -1.26%
   -0.1154999999999999804600748E+01,    0.4230662185014915088743237E+00,    0.4284444254024700748928467E+00,   -0.5378206900978566018522997E-02,     -1.26%
   -0.1153333333333333321490954E+01,    0.4238011585011165482939077E+00,    0.4291518052985943132426883E+00,   -0.5350646797477764948780532E-02,     -1.25%
   -0.1151666666666666838381161E+01,    0.4245379723048213760350222E+00,    0.4298604983277231061933321E+00,   -0.5322526022901730158309874E-02,     -1.24%
   -0.1149999999999999911182158E+01,    0.4252766642914703743016958E+00,    0.4305705059203445150828315E+00,   -0.5293841628874140781135793E-02,     -1.23%
   -0.1148333333333333428072365E+01,    0.4260172388399272591641420E+00,    0.4312818294975206967478698E+00,   -0.5264590657593437583727791E-02,     -1.22%
   -0.1146666666666666500873362E+01,    0.4267597003290561907817846E+00,    0.4319944704707781024666247E+00,   -0.5234770141721911684840052E-02,     -1.21%
   -0.1145000000000000017763568E+01,    0.4275040531377215513586521E+00,    0.4327084302419922368088123E+00,   -0.5204377104270685450160272E-02,     -1.20%
   -0.1143333333333333534653775E+01,    0.4282503016447869459426556E+00,    0.4334237102032756361325028E+00,   -0.5173408558488690189847148E-02,     -1.19%
   -0.1141666666666666607454772E+01,    0.4289984502291169787824288E+00,    0.4341403117368627939676173E+00,   -0.5141861507745815185188576E-02,     -1.18%
   -0.1140000000000000124344979E+01,    0.4297485032695755879927901E+00,    0.4348582362149938651540992E+00,   -0.5109732945418277161309106E-02,     -1.18%
   -0.1138333333333333197145976E+01,    0.4305004651450269337331633E+00,    0.4355774849998004238926796E+00,   -0.5077019854773490159516314E-02,     -1.17%
   -0.1136666666666666714036182E+01,    0.4312543402343348986072158E+00,    0.4362980594431867253923940E+00,   -0.5043719208851826785178218E-02,     -1.16%
   -0.1134999999999999786837179E+01,    0.4320101329163639203301273E+00,    0.4370199608867135765422063E+00,   -0.5009827970349656212079026E-02,     -1.15%
   -0.1133333333333333303727386E+01,    0.4327678475699777704832627E+00,    0.4377431906614785983578031E+00,   -0.4975343091500827874540391E-02,     -1.14%
   -0.1131666666666666820617593E+01,    0.4335274885740407202483482E+00,    0.4384677500879979872294712E+00,   -0.4940261513957266981122984E-02,     -1.13%
   -0.1129999999999999893418590E+01,    0.4342890603074170963182610E+00,    0.4391936404760860002127743E+00,   -0.4904580168668903894513278E-02,     -1.12%
   -0.1128333333333333410308796E+01,    0.4350525671489704482297611E+00,    0.4399208631247333856073567E+00,   -0.4868295975762937377595563E-02,     -1.11%
   -0.1126666666666666483109793E+01,    0.4358180134775657688095407E+00,    0.4406494193219875343814351E+00,   -0.4831405844421765571894412E-02,     -1.10%
   -0.1125000000000000000000000E+01,    0.4365854036720661635051499E+00,    0.4413793103448275800815281E+00,   -0.4793906672761416576378224E-02,     -1.09%
   -0.1123333333333333516890207E+01,    0.4373547421113362365652222E+00,    0.4421105374590432735004697E+00,   -0.4755795347707036935247515E-02,     -1.08%
   -0.1121666666666666589691204E+01,    0.4381260331742403701937860E+00,    0.4428431019191098050313826E+00,   -0.4717068744869434837596600E-02,     -1.07%
   -0.1120000000000000106581410E+01,    0.4388992812396421694387527E+00,    0.4435770049680623494658960E+00,   -0.4677723728420180027143260E-02,     -1.05%
   -0.1118333333333333179382407E+01,    0.4396744906864060720153020E+00,    0.4443122478373718875488407E+00,   -0.4637757150965815533538716E-02,     -1.04%
   -0.1116666666666666696272614E+01,    0.4404516658933957384824964E+00,    0.4450488317468166976631494E+00,   -0.4597165853420959180652972E-02,     -1.03%
   -0.1115000000000000213162821E+01,    0.4412308112394758841112719E+00,    0.4457867579043562900054098E+00,   -0.4555946664880405894137994E-02,     -1.02%
   -0.1113333333333333285963818E+01,    0.4420119311035104470164470E+00,    0.4465260275060033423599748E+00,   -0.4514096402492895343527834E-02,     -1.01%
   -0.1111666666666666802854024E+01,    0.4427950298643631432682355E+00,    0.4472666417356927492932073E+00,   -0.4471611871329606024971781E-02,     -1.00%
   -0.1109999999999999875655021E+01,    0.4435801119008985771152709E+00,    0.4480086017651538909944975E+00,   -0.4428489864255313879226605E-02,     -0.99%
   -0.1108333333333333392545228E+01,    0.4443671815919805201389181E+00,    0.4487519087537784612251812E+00,   -0.4384727161797941086263108E-02,     -0.98%
   -0.1106666666666666465346225E+01,    0.4451562433164734100543569E+00,    0.4494965638484897940685414E+00,   -0.4340320532016384014184496E-02,     -0.97%
   -0.1104999999999999982236432E+01,    0.4459473014532408519094986E+00,    0.4502425681836089155218872E+00,   -0.4295266730368063612388596E-02,     -0.95%
   -0.1103333333333333499126638E+01,    0.4467403603811474499529766E+00,    0.4509899228807231486015894E+00,   -0.4249562499575698648612843E-02,     -0.94%
   -0.1101666666666666571927635E+01,    0.4475354244790571422996095E+00,    0.4517386290485506661340764E+00,   -0.4203204569493523834466941E-02,     -0.93%
   -0.1100000000000000088817842E+01,    0.4483324981258339225753673E+00,    0.4524886877828054321248885E+00,   -0.4156189656971509549521215E-02,     -0.92%
   -0.1098333333333333161618839E+01,    0.4491315857003421729842785E+00,    0.4532401001660621986388833E+00,   -0.4108514465720025654604797E-02,     -0.91%
   -0.1096666666666666678509046E+01,    0.4499326915814456651077080E+00,    0.4539928672676187271228798E+00,   -0.4060175686173062015171809E-02,     -0.89%
   -0.1095000000000000195399252E+01,    0.4507358201480085035939283E+00,    0.4547469901433588423955712E+00,   -0.4011169995350338801642920E-02,     -0.88%
   -0.1093333333333333268200249E+01,    0.4515409757788953482027239E+00,    0.4555024698356142098809585E+00,   -0.3961494056718861678234589E-02,     -0.87%
   -0.1091666666666666785090456E+01,    0.4523481628529696374485525E+00,    0.4562593073730236703511309E+00,   -0.3911144520054032902578456E-02,     -0.86%
   -0.1089999999999999857891453E+01,    0.4531573857490959200688962E+00,    0.4570175037703945175593390E+00,   -0.3860118021298597490442717E-02,     -0.84%
   -0.1088333333333333374781660E+01,    0.4539686488461380786674226E+00,    0.4577770600285601121370860E+00,   -0.3808411182422033469663347E-02,     -0.83%
   -0.1086666666666666447582656E+01,    0.4547819565229604399370089E+00,    0.4585379771342396604261182E+00,   -0.3756020611279220489109321E-02,     -0.82%
   -0.1084999999999999964472863E+01,    0.4555973131584267754590201E+00,    0.4593002560598927752621989E+00,   -0.3702942901465999803178875E-02,     -0.81%
   -0.1083333333333333481363070E+01,    0.4564147231314012453928797E+00,    0.4600638977635781445840735E+00,   -0.3649174632176899191193797E-02,     -0.79%
   -0.1081666666666666554164067E+01,    0.4572341908207485650095236E+00,    0.4608289031888080367060923E+00,   -0.3594712368059471696568608E-02,     -0.78%
   -0.1080000000000000071054274E+01,    0.4580557206053320062899559E+00,    0.4615952732644016953678090E+00,   -0.3539552659069689077853127E-02,     -0.77%
   -0.1078333333333333143855270E+01,    0.4588793168640162845051123E+00,    0.4623630089043410107407794E+00,   -0.3483692040324726235667185E-02,     -0.75%
   -0.1076666666666666660745477E+01,    0.4597049839756651157252065E+00,    0.4631321110076210278982956E+00,   -0.3427127031955912173089018E-02,     -0.74%
   -0.1075000000000000177635684E+01,    0.4605327263191427156208135E+00,    0.4639025804581036749318912E+00,   -0.3369854138960959311077659E-02,     -0.73%
   -0.1073333333333333250436681E+01,    0.4613625482733134663959618E+00,    0.4646744181243676052872615E+00,   -0.3311869851054138891299772E-02,     -0.71%
   -0.1071666666666666767326888E+01,    0.4621944542170409175874113E+00,    0.4654476248595575960109727E+00,   -0.3253170642516678423561416E-02,     -0.70%
   -0.1069999999999999840127884E+01,    0.4630284485291900065107029E+00,    0.4662222015012355558205570E+00,   -0.3193752972045549309854096E-02,     -0.69%
   -0.1068333333333333357018091E+01,    0.4638645355886240606579918E+00,    0.4669981488712265371709975E+00,   -0.3133613282602476513005740E-02,     -0.67%
   -0.1066666666666666873908298E+01,    0.4647027197742073512110039E+00,    0.4677754677754677459233790E+00,   -0.3072748001260394712375046E-02,     -0.66%
   -0.1064999999999999946709295E+01,    0.4655430054648044269072216E+00,    0.4685541590038538872775575E+00,   -0.3011153539049460370335964E-02,     -0.64%
   -0.1063333333333333463599502E+01,    0.4663853970392788927945560E+00,    0.4693342233300826782382842E+00,   -0.2948826290803785443728202E-02,     -0.63%
   -0.1061666666666666536400498E+01,    0.4672298988764952420993382E+00,    0.4701156615115003045701769E+00,   -0.2885762635005062470838766E-02,     -0.61%
   -0.1060000000000000053290705E+01,    0.4680765153553171908917818E+00,    0.4708984742889432695278629E+00,   -0.2821958933626078636081047E-02,     -0.60%
   -0.1058333333333333126091702E+01,    0.4689252508546093434205204E+00,    0.4716826623865833512105894E+00,   -0.2757411531974007790068981E-02,     -0.58%
   -0.1056666666666666642981909E+01,    0.4697761097532352492223140E+00,    0.4724682265117671753351658E+00,   -0.2692116758531926112851806E-02,     -0.57%
   -0.1055000000000000159872116E+01,    0.4706290964300592349900398E+00,    0.4732551673548584525441640E+00,   -0.2626070924799217554124198E-02,     -0.55%
   -0.1053333333333333232673112E+01,    0.4714842152639456274165752E+00,    0.4740434855890781062903727E+00,   -0.2559270325132478873797481E-02,     -0.54%
   -0.1051666666666666749563319E+01,    0.4723414706337583646167388E+00,    0.4748331818703415141413871E+00,   -0.2491711236583149524648206E-02,     -0.52%
   -0.1049999999999999822364316E+01,    0.4732008669183616067499543E+00,    0.4756242568370988021975165E+00,   -0.2423389918737195447562272E-02,     -0.51%
   -0.1048333333333333339254523E+01,    0.4740624084966193474421914E+00,    0.4764167111101700324837793E+00,   -0.2354302613550685041587940E-02,     -0.49%
   -0.1046666666666666856144730E+01,    0.4749260997473955248082689E+00,    0.4772105452925829993660045E+00,   -0.2284445545187474557735641E-02,     -0.48%
   -0.1044999999999999928945726E+01,    0.4757919450495550761637276E+00,    0.4780057599694077508090118E+00,   -0.2213814919852674645284196E-02,     -0.46%
   -0.1043333333333333445835933E+01,    0.4766599487819610514449664E+00,    0.4788023557075900549229175E+00,   -0.2142406925629003477951073E-02,     -0.45%
   -0.1041666666666666518636930E+01,    0.4775301153234783879675263E+00,    0.4796003330557869204220367E+00,   -0.2070217732308532454510441E-02,     -0.43%
   -0.1040000000000000035527137E+01,    0.4784024490529705797570159E+00,    0.4803996925441967880132665E+00,   -0.1997243491226208256250629E-02,     -0.42%
   -0.1038333333333333552417344E+01,    0.4792769543493020090174639E+00,    0.4812004346843925528531827E+00,   -0.1923480335090543835718790E-02,     -0.40%
   -0.1036666666666666625218340E+01,    0.4801536355913369469305962E+00,    0.4820025599691518669587253E+00,   -0.1848924377814920028129109E-02,     -0.38%
   -0.1035000000000000142108547E+01,    0.4810324971579390540554755E+00,    0.4828060688722857207721972E+00,   -0.1773571714346666716721757E-02,     -0.37%
   -0.1033333333333333214909544E+01,    0.4819135434279730456630375E+00,    0.4836109618484685790384958E+00,   -0.1697418420495533375458308E-02,     -0.35%
   -0.1031666666666666731799751E+01,    0.4827967787803024157788911E+00,    0.4844172393330650749909694E+00,   -0.1620460552762659212078233E-02,     -0.33%
   -0.1029999999999999804600748E+01,    0.4836822075937918796739723E+00,    0.4852249017419575372045415E+00,   -0.1542694148165657530569206E-02,     -0.32%
   -0.1028333333333333321490954E+01,    0.4845698342473049868850410E+00,    0.4860339494713706298689715E+00,   -0.1464115224065642983930502E-02,     -0.30%
   -0.1026666666666666838381161E+01,    0.4854596631197060085938233E+00,    0.4868443828976976583966518E+00,   -0.1384719777991649802828533E-02,     -0.28%
   -0.1024999999999999911182158E+01,    0.4863516985898593825154990E+00,    0.4876562023773239329393903E+00,   -0.1304503787464550423891296E-02,     -0.27%
   -0.1023333333333333428072365E+01,    0.4872459450366288802314330E+00,    0.4884694082464490771933185E+00,   -0.1223463209820196961885586E-02,     -0.25%
   -0.1021666666666666500873362E+01,    0.4881424068388787174122001E+00,    0.4892840008209098368041623E+00,   -0.1141593982031119391962193E-02,     -0.23%
   -0.1020000000000000017763568E+01,    0.4890410883754728876837703E+00,    0.4900999803960007783487640E+00,   -0.1058892020527890664993720E-02,     -0.22%
   -0.1018333333333333534653775E+01,    0.4899419940252754956944159E+00,    0.4909173472462944332050938E+00,   -0.9753532210189375106779153E-03,     -0.20%
   -0.1016666666666666607454772E+01,    0.4908451281671510346704679E+00,    0.4917361016254609973330503E+00,   -0.8909734583099626625823930E-03,     -0.18%
   -0.1015000000000000124344979E+01,    0.4917504951799631651709888E+00,    0.4925562437660849779419436E+00,   -0.8057485861218127709548753E-03,     -0.16%
   -0.1013333333333333197145976E+01,    0.4926580994425763804223095E+00,    0.4933777738794842271374819E+00,   -0.7196744369078467151723544E-03,     -0.15%
   -0.1011666666666666714036182E+01,    0.4935679453338542854723414E+00,    0.4942006921555249787658681E+00,   -0.6327468216706932935267105E-03,     -0.13%
   -0.1009999999999999786837179E+01,    0.4944800372326615955920204E+00,    0.4950249987624376624140154E+00,   -0.5449615297760668219950730E-03,     -0.11%
   -0.1008333333333333303727386E+01,    0.4953943795178616937846527E+00,    0.4958506938466306079860146E+00,   -0.4563143287689142013618948E-03,     -0.09%
   -0.1006666666666666820617593E+01,    0.4963109765683193508323257E+00,    0.4966777775325046384580219E+00,   -0.3668009641852876256962190E-03,     -0.07%
   -0.1004999999999999893418590E+01,    0.4972298327628985048498578E+00,    0.4975062499222647205421310E+00,   -0.2764171593662156922732720E-03,     -0.06%
   -0.1003333333333333410308796E+01,    0.4981509524804628719074628E+00,    0.4983361110957302830826166E+00,   -0.1851586152674111751537112E-03,     -0.04%
   -0.1001666666666666483109793E+01,    0.4990743400998772227872280E+00,    0.4991673611101483665208889E+00,   -0.9302101027114373366089239E-04,     -0.02%
   -0.1000000000000000000000000E+01,    0.5000000000000051070259133E+00,    0.5000000000000000000000000E+00,    0.5107025913275720085948706E-14,      0.00%
   -0.9983333333333330728009969E+00,    0.5009279334415854822992742E+00,    0.5008340277768117410062132E+00,    0.9390566477374129306099348E-04,      0.02%
   -0.9966666666666670337804135E+00,    0.5018581292128961868215242E+00,    0.5016694444289606646947277E+00,    0.1886847839355221267965135E-03,      0.04%
   -0.9950000000000001065814104E+00,    0.5027905729840791426710211E+00,    0.5025062499214834055294432E+00,    0.2843230625957371415779562E-03,      0.06%
   -0.9933333333333331793824073E+00,    0.5037252504252804907736163E+00,    0.5033444441958794257629961E+00,    0.3808062294010650106201865E-03,      0.08%
   -0.9916666666666662521834041E+00,    0.5046621472066474822781856E+00,    0.5041840271699172815189627E+00,    0.4781200367302007592229529E-03,      0.09%
   -0.9900000000000002131628207E+00,    0.5056012489983262581105805E+00,    0.5050249987374374471826854E+00,    0.5762502608888109278950651E-03,      0.11%
   -0.9883333333333332859638176E+00,    0.5065425414704649575980966E+00,    0.5058673587681568051266368E+00,    0.6751827023081524714598345E-03,      0.13%
   -0.9866666666666663587648145E+00,    0.5074860102932098326888877E+00,    0.5067111071074679173875666E+00,    0.7749031857419153013211144E-03,      0.15%
   -0.9850000000000003197442311E+00,    0.5084316411367074683980150E+00,    0.5075562435762411839235142E+00,    0.8753975604662844745007533E-03,      0.17%
   -0.9833333333333333925452280E+00,    0.5093794196711056709858667E+00,    0.5084027679706255575808882E+00,    0.9766517004801134049785105E-03,      0.19%
   -0.9816666666666664653462249E+00,    0.5103293315665505813782943E+00,    0.5092506800618458173701697E+00,    0.1078651504704764008124585E-02,      0.21%
   -0.9800000000000004263256415E+00,    0.5112813624931891176572663E+00,    0.5100999795960006188977331E+00,    0.1181382897188498759533104E-02,      0.23%
   -0.9783333333333334991266383E+00,    0.5122354981211688640385660E+00,    0.5109506662938618770652965E+00,    0.1284831827306986973269431E-02,      0.25%
   -0.9766666666666665719276352E+00,    0.5131917241206364055372546E+00,    0.5118027398506673764089214E+00,    0.1388984269969029128333204E-02,      0.27%
   -0.9749999999999996447286321E+00,    0.5141500261617386602353008E+00,    0.5126561999359181553970188E+00,    0.1493826225820504838281977E-02,      0.29%
   -0.9733333333333336057080487E+00,    0.5151103899146216580362534E+00,    0.5135110461931713388139542E+00,    0.1599343721450319222299186E-02,      0.31%
   -0.9716666666666666785090456E+00,    0.5160728010494338713343154E+00,    0.5143672782398350795673991E+00,    0.1705522809598791766916293E-02,      0.33%
   -0.9699999999999997513100425E+00,    0.5170372452363213300330358E+00,    0.5152248956669587265366772E+00,    0.1812349569362603496358588E-02,      0.35%
   -0.9683333333333337122894591E+00,    0.5180037081454305081251732E+00,    0.5160838980390243246887394E+00,    0.1919810106406183436433821E-02,      0.37%
   -0.9666666666666667850904560E+00,    0.5189721754469094339157209E+00,    0.5169442848937392254171641E+00,    0.2027890553170208498556804E-02,      0.39%
   -0.9649999999999998578914528E+00,    0.5199426328109044703751351E+00,    0.5178060557418219245207069E+00,    0.2136577069082545854428190E-02,      0.41%
   -0.9633333333333329306924497E+00,    0.5209150659075624245630820E+00,    0.5186692100667933402746712E+00,    0.2245855840769084288410795E-02,      0.43%
   -0.9616666666666668916718663E+00,    0.5218894604070299925169252E+00,    0.5195337473247618742533405E+00,    0.2355713082268118263584711E-02,      0.45%
   -0.9599999999999999644728632E+00,    0.5228658019794547584524480E+00,    0.5203996669442131350891145E+00,    0.2466135035241623363333474E-02,      0.47%
   -0.9583333333333330372738601E+00,    0.5238440762949831963624092E+00,    0.5212669683257920016927756E+00,    0.2577107969191194669633660E-02,      0.49%
   -0.9566666666666669982532767E+00,    0.5248242690237618912618700E+00,    0.5221356508420886832766428E+00,    0.2688618181673207985227236E-02,      0.51%
   -0.9550000000000000710542736E+00,    0.5258063658359385383889162E+00,    0.5230057138374236691547026E+00,    0.2800651998514869234213620E-02,      0.54%
   -0.9533333333333331438552705E+00,    0.5267903524016598337809114E+00,    0.5238771566276282376506401E+00,    0.2913195774031596130271282E-02,      0.56%
   -0.9516666666666671048346871E+00,    0.5277762143910719183637070E+00,    0.5247499784998270744296178E+00,    0.3026235891244843934089204E-02,      0.58%
   -0.9500000000000001776356839E+00,    0.5287639374743229314645987E+00,    0.5256241787122206687854487E+00,    0.3139758762102262679150044E-02,      0.60%
   -0.9483333333333332504366808E+00,    0.5297535073215589029871353E+00,    0.5264997564938627139241589E+00,    0.3253750827696189062976373E-02,      0.62%
   -0.9466666666666663232376777E+00,    0.5307449096029273061247977E+00,    0.5273767110444405048497174E+00,    0.3368198558486801275080325E-02,      0.64%
   -0.9450000000000002842170943E+00,    0.5317381299885741707811349E+00,    0.5282550415340524496699004E+00,    0.3483088454521721111234456E-02,      0.66%
   -0.9433333333333333570180912E+00,    0.5327331541486474142388374E+00,    0.5291347471029872462366939E+00,    0.3598407045660168002143564E-02,      0.68%
   -0.9416666666666664298190881E+00,    0.5337299677532935104906642E+00,    0.5300158268614967305154551E+00,    0.3714140891796779975209120E-02,      0.70%
   -0.9400000000000003907985047E+00,    0.5347285564726587114847689E+00,    0.5308982798895729438015678E+00,    0.3830276583085767683201084E-02,      0.72%
   -0.9383333333333334635995016E+00,    0.5357289059768913785930522E+00,    0.5317821052367243117586781E+00,    0.3946800740167066834374054E-02,      0.74%
   -0.9366666666666665364004984E+00,    0.5367310019361375417190629E+00,    0.5326673019217452731410845E+00,    0.4063700014392268577978484E-02,      0.76%
   -0.9349999999999996092014953E+00,    0.5377348300205444520116771E+00,    0.5335538689324923478096707E+00,    0.4180961088052104202006376E-02,      0.78%
   -0.9333333333333335701809119E+00,    0.5387403759002580283521411E+00,    0.5344418052256530993204819E+00,    0.4298570674604929031659140E-02,      0.80%
   -0.9316666666666666429819088E+00,    0.5397476252454264100677506E+00,    0.5353311097265202045392130E+00,    0.4416515518906205528537612E-02,      0.83%
   -0.9299999999999997157829057E+00,    0.5407565637261961821735667E+00,    0.5362217813287577516945248E+00,    0.4534782397438430479041926E-02,      0.85%
   -0.9283333333333336767623223E+00,    0.5417671770127134855954409E+00,    0.5371138188941719793234597E+00,    0.4653358118541506271981234E-02,      0.87%
   -0.9266666666666667495633192E+00,    0.5427794507751263486383664E+00,    0.5380072212524806829492263E+00,    0.4772229522645665689140060E-02,      0.89%
   -0.9249999999999998223643161E+00,    0.5437933706835814673397067E+00,    0.5389019872010779588222817E+00,    0.4891383482503508517424962E-02,      0.91%
   -0.9233333333333328951653129E+00,    0.5448089224082253156922206E+00,    0.5397981155048013901520676E+00,    0.5010806903423925540153050E-02,      0.93%
   -0.9216666666666668561447295E+00,    0.5458260916192044787109694E+00,    0.5406956048956982341380240E+00,    0.5130486723506244572945434E-02,      0.95%
   -0.9199999999999999289457264E+00,    0.5468448639866666516340388E+00,    0.5415944540727903877552762E+00,    0.5250409913876263878762529E-02,      0.97%
   -0.9183333333333330017467233E+00,    0.5478652251807589745880023E+00,    0.5424946617018361338935506E+00,    0.5370563478922840694451679E-02,      0.99%
   -0.9166666666666669627261399E+00,    0.5488871608716268113425940E+00,    0.5433962264150942189644411E+00,    0.5490934456532592378152913E-02,      1.01%
   -0.9150000000000000355271368E+00,    0.5499106567294187453143195E+00,    0.5442991468110873753971646E+00,    0.5611509918331369917154916E-02,      1.03%
   -0.9133333333333331083281337E+00,    0.5509356984242812504959375E+00,    0.5452034214543606260860997E+00,    0.5732276969920624409837728E-02,      1.05%
   -0.9116666666666670693075503E+00,    0.5519622716263603567909968E+00,    0.5461090488752426974627951E+00,    0.5853222751117659328201626E-02,      1.07%
   -0.9100000000000001421085472E+00,    0.5529903620058042035267931E+00,    0.5470160275696076546125823E+00,    0.5974334436196548914210780E-02,      1.09%
   -0.9083333333333332149095440E+00,    0.5540199552327591536737827E+00,    0.5479243559986303191422508E+00,    0.6095599234128834531531993E-02,      1.11%
   -0.9066666666666662877105409E+00,    0.5550510369773722363362367E+00,    0.5488340325885453507837042E+00,    0.6217004388826885552532531E-02,      1.13%
   -0.9050000000000002486899575E+00,    0.5560835929097897034623088E+00,    0.5497450557304048857076850E+00,    0.6338537179384817754623782E-02,      1.15%
   -0.9033333333333333214909544E+00,    0.5571176087001594723346898E+00,    0.5506574237798349535921716E+00,    0.6460184920324518742518194E-02,      1.17%
   -0.9016666666666663942919513E+00,    0.5581530700186280169461384E+00,    0.5515711350567890081109113E+00,    0.6581934961839008835227105E-02,      1.19%
   -0.9000000000000003552713679E+00,    0.5591899625353417002671108E+00,    0.5524861878453036778680030E+00,    0.6703774690038022399107831E-02,      1.21%
   -0.8983333333333334280723648E+00,    0.5602282719204484395802979E+00,    0.5534025803932539622209674E+00,    0.6825691527194477359330449E-02,      1.23%
   -0.8966666666666665008733617E+00,    0.5612679838440945978561558E+00,    0.5543203109121033200779038E+00,    0.6947672931991277778251970E-02,      1.25%
   -0.8949999999999995736743585E+00,    0.5623090839764273152212581E+00,    0.5552393775766579775421405E+00,    0.7069706399769337679117598E-02,      1.27%
   -0.8933333333333335346537751E+00,    0.5633515579875927326014562E+00,    0.5561597785248170167093917E+00,    0.7191779462775715892064454E-02,      1.29%
   -0.8916666666666666074547720E+00,    0.5643953915477389893240456E+00,    0.5570815118573252400224760E+00,    0.7313879690413749301569624E-02,      1.31%
   -0.8899999999999996802557689E+00,    0.5654405703270124483594827E+00,    0.5580045756375203724886092E+00,    0.7435994689492075870873578E-02,      1.33%
   -0.8883333333333336412351855E+00,    0.5664870799955591396113164E+00,    0.5589289678910831504765611E+00,    0.7558112104475989134755309E-02,      1.35%
   -0.8866666666666667140361824E+00,    0.5675349062235276464960521E+00,    0.5598546866057876325584175E+00,    0.7680219617740013937634558E-02,      1.37%
   -0.8849999999999997868371793E+00,    0.5685840346810638878949362E+00,    0.5607817297312455151470090E+00,    0.7802304949818372747927242E-02,      1.39%
   -0.8833333333333337478165959E+00,    0.5696344510383145598453325E+00,    0.5617100951786547780031356E+00,    0.7924355859659781842196935E-02,      1.41%
   -0.8816666666666668206175927E+00,    0.5706861409654272465630243E+00,    0.5626397808205475525866746E+00,    0.8046360144879693976349699E-02,      1.43%
   -0.8799999999999998934185896E+00,    0.5717390901325486440853751E+00,    0.5635707844905319952033551E+00,    0.8168305642016648882020036E-02,      1.45%
   -0.8783333333333329662195865E+00,    0.5727932842098255594720513E+00,    0.5645031039830400443335634E+00,    0.8290180226785515138487881E-02,      1.47%
   -0.8766666666666669271990031E+00,    0.5738487088674043556935089E+00,    0.5654367370530691827568148E+00,    0.8411971814335172936694107E-02,      1.49%
   -0.8750000000000000000000000E+00,    0.5749053497754329500324388E+00,    0.5663716814159291956798370E+00,    0.8533668359503754352601845E-02,      1.51%
   -0.8733333333333330728009969E+00,    0.5759631926040578164815997E+00,    0.5673079347469808242365730E+00,    0.8655257857076992245026759E-02,      1.53%
   -0.8716666666666670337804135E+00,    0.5770222230234254290337503E+00,    0.5682454946813798590810052E+00,    0.8776728342045569952745154E-02,      1.54%
   -0.8700000000000001065814104E+00,    0.5780824267036835939492789E+00,    0.5691843588138196796677448E+00,    0.8898067889863914281534107E-02,      1.56%
   -0.8683333333333331793824073E+00,    0.5791437893149787852209442E+00,    0.5701245246982695746851277E+00,    0.9019264616709210535816510E-02,      1.58%
   -0.8666666666666662521834041E+00,    0.5802062965274580319530173E+00,    0.5710659898477159490681743E+00,    0.9140306679742082884843057E-02,      1.60%
   -0.8650000000000002131628207E+00,    0.5812699340112672530267446E+00,    0.5720087517339014215878024E+00,    0.9261182277365831438942223E-02,      1.62%
   -0.8633333333333332859638176E+00,    0.5823346874365550318586315E+00,    0.5729528077870652547076702E+00,    0.9381879649489777150961345E-02,      1.64%
   -0.8616666666666663587648145E+00,    0.5834005424734672873299246E+00,    0.5738981553956790104820129E+00,    0.9502387077788276847911675E-02,      1.66%
   -0.8600000000000003197442311E+00,    0.5844674847921507154779874E+00,    0.5748447919061850930333435E+00,    0.9622692885965622444643941E-02,      1.67%
   -0.8583333333333333925452280E+00,    0.5855355000627530115409058E+00,    0.5757927146227357351193632E+00,    0.9742785440017276421542647E-02,      1.69%
   -0.8566666666666664653462249E+00,    0.5866045739554206495114386E+00,    0.5767419208069261005178419E+00,    0.9862653148494548993596709E-02,      1.71%
   -0.8550000000000004263256415E+00,    0.5876746921403002144046468E+00,    0.5776924076775318273035964E+00,    0.9982284462768387101050394E-02,      1.73%
   -0.8533333333333334991266383E+00,    0.5887458402875394014586163E+00,    0.5786441724102457939693522E+00,    0.1010166787729360748926410E-01,      1.75%
   -0.8516666666666665719276352E+00,    0.5898180040672849067107109E+00,    0.5795972121374096674983889E+00,    0.1022079192987523921232196E-01,      1.76%
   -0.8499999999999996447286321E+00,    0.5908911691496833151759915E+00,    0.5805515239477506694854014E+00,    0.1033964520193264569059011E-01,      1.78%
   -0.8483333333333336057080487E+00,    0.5919653212048809898249146E+00,    0.5815071048861132352314485E+00,    0.1045821631876775459346618E-01,      1.80%
   -0.8466666666666666785090456E+00,    0.5930404459030262920293808E+00,    0.5824639519531957798648136E+00,    0.1057649394983051216456715E-01,      1.82%
   -0.8449999999999997513100425E+00,    0.5941165289142652516929388E+00,    0.5834220621052786936999723E+00,    0.1069446680898655799296648E-01,      1.83%
   -0.8433333333333337122894591E+00,    0.5951935559087442317860450E+00,    0.5843814322539588879124040E+00,    0.1081212365478534387364107E-01,      1.85%
   -0.8416666666666667850904560E+00,    0.5962715125566115936806000E+00,    0.5853420592658834520349842E+00,    0.1092945329072814164561578E-01,      1.87%
   -0.8399999999999998578914528E+00,    0.5973503845280132562578501E+00,    0.5863039399624766501162298E+00,    0.1104644456553660614162027E-01,      1.88%
   -0.8383333333333329306924497E+00,    0.5984301574930963596443689E+00,    0.5872670711196739112835985E+00,    0.1116308637342244836077043E-01,      1.90%
   -0.8366666666666668916718663E+00,    0.5995108171220072668106127E+00,    0.5882314494676504912362702E+00,    0.1127936765435677557434246E-01,      1.92%
   -0.8349999999999999644728632E+00,    0.6005923490848941170838771E+00,    0.5891970716905536864516080E+00,    0.1139527739434043063226909E-01,      1.93%
   -0.8333333333333330372738601E+00,    0.6016747390519027183231060E+00,    0.5901639344262297193210998E+00,    0.1151080462567299900200624E-01,      1.95%
   -0.8316666666666669982532767E+00,    0.6027579726931800996325705E+00,    0.5911320342659533988438625E+00,    0.1162593842722670078870806E-01,      1.97%
   -0.8300000000000000710542736E+00,    0.6038420356788739562503565E+00,    0.5921013677541594466546826E+00,    0.1174066792471450959567392E-01,      1.98%
   -0.8283333333333331438552705E+00,    0.6049269136791307621692226E+00,    0.5930719313881672727362115E+00,    0.1185498229096348943301109E-01,      2.00%
   -0.8266666666666671048346871E+00,    0.6060125923640968803596252E+00,    0.5940437216179108581570745E+00,    0.1196887074618602220255070E-01,      2.01%
   -0.8250000000000001776356839E+00,    0.6070990574039201170819524E+00,    0.5950167348456674165646518E+00,    0.1208232255825270051730058E-01,      2.03%
   -0.8233333333333332504366808E+00,    0.6081862944687471683735680E+00,    0.5959909674257826139864846E+00,    0.1219532704296455438708335E-01,      2.05%
   -0.8216666666666663232376777E+00,    0.6092742892287246192495331E+00,    0.5969664156643990082784512E+00,    0.1230787356432561097108191E-01,      2.06%
   -0.8200000000000002842170943E+00,    0.6103630273539989437026065E+00,    0.5979430758191818240376847E+00,    0.1241995153481711966492185E-01,      2.08%
   -0.8183333333333333570180912E+00,    0.6114524945147182810600839E+00,    0.5989209440990481692068670E+00,    0.1253155041567011185321689E-01,      2.09%
   -0.8166666666666664298190881E+00,    0.6125426763810288832701190E+00,    0.5999000166638895903403750E+00,    0.1264265971713929292974399E-01,      2.11%
   -0.8150000000000003907985047E+00,    0.6136335586230768912585631E+00,    0.6008802896242994018294326E+00,    0.1275326899877748942913058E-01,      2.12%
   -0.8133333333333334635995016E+00,    0.6147251269110108884419219E+00,    0.6018617590413010143279848E+00,    0.1286336786970987411393708E-01,      2.14%
   -0.8116666666666665364004984E+00,    0.6158173669149766826791392E+00,    0.6028444209260696018404246E+00,    0.1297294598890708083871459E-01,      2.15%
   -0.8099999999999996092014953E+00,    0.6169102643051215251190911E+00,    0.6038282712396596529913495E+00,    0.1308199306546187212774157E-01,      2.17%
   -0.8083333333333335701809119E+00,    0.6180038047515915566876288E+00,    0.6048133058927295246931521E+00,    0.1319049885886203199447664E-01,      2.18%
   -0.8066666666666666429819088E+00,    0.6190979739245349167120480E+00,    0.6057995207452681052373578E+00,    0.1329845317926681147469026E-01,      2.20%
   -0.8049999999999997157829057E+00,    0.6201927574940980791851075E+00,    0.6067869116063168144492579E+00,    0.1340584588778126473584962E-01,      2.21%
   -0.8033333333333336767623223E+00,    0.6212881411304270740103561E+00,    0.6077754742336962667792477E+00,    0.1351266689673080723110843E-01,      2.22%
   -0.8016666666666667495633192E+00,    0.6223841105036701515373920E+00,    0.6087652043337318241711387E+00,    0.1361890616993832736625336E-01,      2.24%
   -0.7999999999999998223643161E+00,    0.6234806512839736747366715E+00,    0.6097560975609757072390948E+00,    0.1372455372299796749757661E-01,      2.25%
   -0.7983333333333328951653129E+00,    0.6245777491414844506678605E+00,    0.6107481495179333252920628E+00,    0.1382959962355112537579771E-01,      2.26%
   -0.7966666666666668561447295E+00,    0.6256753897463487312791131E+00,    0.6117413557547867197783376E+00,    0.1393403399156201150077550E-01,      2.28%
   -0.7949999999999999289457264E+00,    0.6267735587687149889646321E+00,    0.6127357117691212273768997E+00,    0.1403784699959376158773239E-01,      2.29%
   -0.7933333333333330017467233E+00,    0.6278722418787291426056640E+00,    0.6137312130056465919736297E+00,    0.1414102887308255063203433E-01,      2.30%
   -0.7916666666666669627261399E+00,    0.6289714247465377772172701E+00,    0.6147278548559229616188304E+00,    0.1424356989061481559843969E-01,      2.32%
   -0.7900000000000000355271368E+00,    0.6300710930422886990598386E+00,    0.6157256326580875516185642E+00,    0.1434546038420114744127432E-01,      2.33%
   -0.7883333333333331083281337E+00,    0.6311712324361284931484306E+00,    0.6167245416965750903770527E+00,    0.1444669073955340277137793E-01,      2.34%
   -0.7866666666666670693075503E+00,    0.6322718285982035224535025E+00,    0.6177245772018447045326184E+00,    0.1454725139635881792088412E-01,      2.35%
   -0.7850000000000001421085472E+00,    0.6333728671986614822131401E+00,    0.6187257343501059159152078E+00,    0.1464713284855556629793227E-01,      2.37%
   -0.7833333333333332149095440E+00,    0.6344743339076491794870094E+00,    0.6197280082630401976118151E+00,    0.1474632564460898187519433E-01,      2.38%
   -0.7816666666666662877105409E+00,    0.6355762143953131992901717E+00,    0.6207313940075283031916342E+00,    0.1484482038778489609853750E-01,      2.39%
   -0.7800000000000002486899575E+00,    0.6366784943318000156153857E+00,    0.6217358865953740432175323E+00,    0.1494260773642597239785346E-01,      2.40%
   -0.7783333333333333214909544E+00,    0.6377811593872577677899471E+00,    0.6227414809830319475381089E+00,    0.1503967840422582025183829E-01,      2.42%
   -0.7766666666666663942919513E+00,    0.6388841952318323746951023E+00,    0.6237481720713292654423299E+00,    0.1513602316050310925277245E-01,      2.43%
   -0.7750000000000003552713679E+00,    0.6399875875356705323682149E+00,    0.6247559547051930728400748E+00,    0.1523163283047745952814012E-01,      2.44%
   -0.7733333333333334280723648E+00,    0.6410913219689204911588831E+00,    0.6257648236733784896657085E+00,    0.1532649829554200149317467E-01,      2.45%
   -0.7716666666666665008733617E+00,    0.6421953842017282809706558E+00,    0.6267747737081912351442270E+00,    0.1542061049353704582642877E-01,      2.46%
   -0.7699999999999995736743585E+00,    0.6432997599042409309078039E+00,    0.6277857994852159562171323E+00,    0.1551396041902497469067157E-01,      2.47%
   -0.7683333333333335346537751E+00,    0.6444044347466045818961788E+00,    0.6287978956230425575668619E+00,    0.1560653912356202432931696E-01,      2.48%
   -0.7666666666666666074547720E+00,    0.6455093943989674842853788E+00,    0.6298110566829950851541753E+00,    0.1569833771597239913120347E-01,      2.49%
   -0.7649999999999996802557689E+00,    0.6466146245314761120681624E+00,    0.6308252771688563909080472E+00,    0.1578934736261972116011520E-01,      2.50%
   -0.7633333333333336412351855E+00,    0.6477201108142763841257761E+00,    0.6318405515265967942184488E+00,    0.1587955928767958990732723E-01,      2.51%
   -0.7616666666666667140361824E+00,    0.6488258389175167728524229E+00,    0.6328568741441049638751792E+00,    0.1596896477341180897724371E-01,      2.52%
   -0.7599999999999997868371793E+00,    0.6499317945113433081516519E+00,    0.6338742393509129158246651E+00,    0.1605755516043039232698675E-01,      2.53%
   -0.7583333333333337478165959E+00,    0.6510379632659025750385240E+00,    0.6348926414179266730641871E+00,    0.1614532184797590197433692E-01,      2.54%
   -0.7566666666666668206175927E+00,    0.6521443308513424907957301E+00,    0.6359120745571578137145252E+00,    0.1623225629418467708120488E-01,      2.55%
   -0.7549999999999998934185896E+00,    0.6532508829378094183937264E+00,    0.6369325329214503561559013E+00,    0.1631835001635906223782513E-01,      2.56%
   -0.7533333333333329662195865E+00,    0.6543576051954502759144816E+00,    0.6379540106042135283459515E+00,    0.1640359459123674756853006E-01,      2.57%
   -0.7516666666666669271990031E+00,    0.6554644832944114263284519E+00,    0.6389765016391520946470450E+00,    0.1648798165525933168140682E-01,      2.58%
   -0.7500000000000000000000000E+00,    0.6565715029048407869183279E+00,    0.6400000000000000133226763E+00,    0.1657150290484077359565163E-01,      2.59%
   -0.7483333333333330728009969E+00,    0.6576786496968851647437759E+00,    0.6410244996002500972309690E+00,    0.1665415009663506751280693E-01,      2.60%
   -0.7466666666666670337804135E+00,    0.6587859093406901456191349E+00,    0.6420499942928886705217906E+00,    0.1673591504780147509734434E-01,      2.61%
   -0.7450000000000001065814104E+00,    0.6598932675064044239832128E+00,    0.6430764778701306694230766E+00,    0.1681678963627375456013624E-01,      2.62%
   -0.7433333333333331793824073E+00,    0.6610007098641740297395586E+00,    0.6441039440631509682688716E+00,    0.1689676580102306147068703E-01,      2.62%
   -0.7416666666666662521834041E+00,    0.6621082220841461030147457E+00,    0.6451323865418218117540050E+00,    0.1697583554232429126074067E-01,      2.63%
   -0.7400000000000002131628207E+00,    0.6632157898364665626900205E+00,    0.6461617989144480267427184E+00,    0.1705399092201853594730210E-01,      2.64%
   -0.7383333333333332859638176E+00,    0.6643233987912839921818886E+00,    0.6471921747275051206571561E+00,    0.1713122406377887152473249E-01,      2.65%
   -0.7366666666666663587648145E+00,    0.6654310346187445324162013E+00,    0.6482235074653742712413873E+00,    0.1720752715337026117481400E-01,      2.65%
   -0.7350000000000003197442311E+00,    0.6665386829889939912519026E+00,    0.6492557905500817572175265E+00,    0.1728289243891223403437607E-01,      2.66%
   -0.7333333333333333925452280E+00,    0.6676463295721813961947078E+00,    0.6502890173410403873432983E+00,    0.1735731223114100885140942E-01,      2.67%
   -0.7316666666666664653462249E+00,    0.6687539600384524440812584E+00,    0.6513231811347860444882940E+00,    0.1743077890366639959296435E-01,      2.68%
   -0.7300000000000004263256415E+00,    0.6698615600579534978820107E+00,    0.6523582751647202249145607E+00,    0.1750328489323327296744992E-01,      2.68%
   -0.7283333333333334991266383E+00,    0.6709691153008328079465628E+00,    0.6533942926008540208471231E+00,    0.1757482269997878709943961E-01,      2.69%
   -0.7266666666666665719276352E+00,    0.6720766114372367372453709E+00,    0.6544312265495477731747087E+00,    0.1764538488768896407066222E-01,      2.70%
   -0.7249999999999996447286321E+00,    0.6731840341373122038604038E+00,    0.6554690700532571634440160E+00,    0.1771496408405504041638778E-01,      2.70%
   -0.7233333333333336057080487E+00,    0.6742913690712052376952101E+00,    0.6565078160902769743856311E+00,    0.1778355298092826330957905E-01,      2.71%
   -0.7216666666666666785090456E+00,    0.6753986019090640890993882E+00,    0.6575474575744899574658575E+00,    0.1785114433457413163353067E-01,      2.71%
   -0.7199999999999997513100425E+00,    0.6765057183210352320656966E+00,    0.6585879873551107044349351E+00,    0.1791773096592452763076153E-01,      2.72%
   -0.7183333333333337122894591E+00,    0.6776127039772649185422893E+00,    0.6596293982164350699903821E+00,    0.1798330576082984855190716E-01,      2.73%
   -0.7166666666666667850904560E+00,    0.6787195445479011768341593E+00,    0.6606716828775921479532940E+00,    0.1804786167030902888086530E-01,      2.73%
   -0.7149999999999998578914528E+00,    0.6798262257030902588894605E+00,    0.6617148339922911404187289E+00,    0.1811139171079911847073163E-01,      2.74%
   -0.7133333333333329306924497E+00,    0.6809327331129791938124640E+00,    0.6627588441485761094895679E+00,    0.1817388896440308432289612E-01,      2.74%
   -0.7116666666666668916718663E+00,    0.6820390524477142335513236E+00,    0.6638037058685777314082088E+00,    0.1823534657913650214311474E-01,      2.75%
   -0.7099999999999999644728632E+00,    0.6831451693774436284556373E+00,    0.6648494116082707128256857E+00,    0.1829575776917291562995160E-01,      2.75%
   -0.7083333333333330372738601E+00,    0.6842510695723135194512565E+00,    0.6658959537572256559556649E+00,    0.1835511581508786349559159E-01,      2.76%
   -0.7066666666666669982532767E+00,    0.6853567387024702695086376E+00,    0.6669433246383683622227068E+00,    0.1841341406410190728593079E-01,      2.76%
   -0.7050000000000000710542736E+00,    0.6864621624380620179550760E+00,    0.6679915165077403571558534E+00,    0.1847064593032166079922263E-01,      2.77%
   -0.7033333333333331438552705E+00,    0.6875673264492350167387258E+00,    0.6690405215542555295016314E+00,    0.1852680489497948723709442E-01,      2.77%
   -0.7016666666666671048346871E+00,    0.6886722164061358508746480E+00,    0.6700903318994638757644111E+00,    0.1858188450667197511023687E-01,      2.77%
   -0.7000000000000001776356839E+00,    0.6897768179789121045786260E+00,    0.6711409395973153557690694E+00,    0.1863587838159674880955663E-01,      2.78%
   -0.6983333333333332504366808E+00,    0.6908811168377104738880234E+00,    0.6721923366339223049337193E+00,    0.1868878020378816895430418E-01,      2.78%
   -0.6966666666666663232376777E+00,    0.6919850986526779879071114E+00,    0.6732445149273272866352613E+00,    0.1874058372535070127185008E-01,      2.78%
   -0.6950000000000002842170943E+00,    0.6930887490939605655171363E+00,    0.6742974663272700563965145E+00,    0.1879128276669050912062175E-01,      2.79%
   -0.6933333333333333570180912E+00,    0.6941920538317065680899987E+00,    0.6753511826149597441215633E+00,    0.1884087121674682396843536E-01,      2.79%
   -0.6916666666666664298190881E+00,    0.6952949985360622475738523E+00,    0.6764056555028419293051911E+00,    0.1888934303322031826866123E-01,      2.79%
   -0.6900000000000003907985047E+00,    0.6963975688771739669391536E+00,    0.6774608766343740429149989E+00,    0.1893669224279992402415473E-01,      2.80%
   -0.6883333333333334635995016E+00,    0.6974997505251897544908957E+00,    0.6785168375838014354073380E+00,    0.1898291294138831908355769E-01,      2.80%
   -0.6866666666666665364004984E+00,    0.6986015291502559731995348E+00,    0.6795735298559304471410769E+00,    0.1902799929432552605845785E-01,      2.80%
   -0.6849999999999996092014953E+00,    0.6997028904225194301247370E+00,    0.6806309448859095834194477E+00,    0.1907194553660984670528933E-01,      2.80%
   -0.6833333333333335701809119E+00,    0.7008038200121267102815636E+00,    0.6816890740390075809074233E+00,    0.1911474597311912937414036E-01,      2.80%
   -0.6816666666666666429819088E+00,    0.7019043035892257309527054E+00,    0.6827479086103994676548723E+00,    0.1915639497882626329783307E-01,      2.81%
   -0.6799999999999997157829057E+00,    0.7030043268239626330640135E+00,    0.6838074398249454066700537E+00,    0.1919688699901722639395985E-01,      2.81%
   -0.6783333333333336767623223E+00,    0.7041038753864840016305493E+00,    0.6848676588369804196787527E+00,    0.1923621654950358195179660E-01,      2.81%
   -0.6766666666666667495633192E+00,    0.7052029349469378649573059E+00,    0.6859285567301023345265776E+00,    0.1927437821683553043072834E-01,      2.81%
   -0.6749999999999998223643161E+00,    0.7063014911754705860147396E+00,    0.6869901245169601766704659E+00,    0.1931136665851040934427374E-01,      2.81%
   -0.6733333333333328951653129E+00,    0.7073995297422289718625166E+00,    0.6880523531390480007630117E+00,    0.1934717660318097109950486E-01,      2.81%
   -0.6716666666666668561447295E+00,    0.7084970363173594964933955E+00,    0.6891152334664982781475828E+00,    0.1938180285086121834581263E-01,      2.81%
   -0.6699999999999999289457264E+00,    0.7095939965710099661677646E+00,    0.6901787562978811685354685E+00,    0.1941524027312879763229603E-01,      2.81%
   -0.6683333333333330017467233E+00,    0.7106903961733269659006851E+00,    0.6912429123599995728355339E+00,    0.1944748381332739306515123E-01,      2.81%
   -0.6666666666666669627261399E+00,    0.7117862207944567476403108E+00,    0.6923076923076920685673485E+00,    0.1947852848676467907296228E-01,      2.81%
   -0.6650000000000000355271368E+00,    0.7128814561045474507139375E+00,    0.6933730867236387318541802E+00,    0.1950836938090871885975730E-01,      2.81%
   -0.6633333333333331083281337E+00,    0.7139760877737454380920212E+00,    0.6944390861181628515907960E+00,    0.1953700165558258650122525E-01,      2.81%
   -0.6616666666666670693075503E+00,    0.7150701014721967396781110E+00,    0.6955056809290408592616473E+00,    0.1956442054315588041646379E-01,      2.81%
   -0.6600000000000001421085472E+00,    0.7161634828700497168441075E+00,    0.6965728615213150343166149E+00,    0.1959062134873468252749262E-01,      2.81%
   -0.6583333333333332149095440E+00,    0.7172562176374505105158619E+00,    0.6976406181871034339891935E+00,    0.1961559945034707652666839E-01,      2.81%
   -0.6566666666666662877105409E+00,    0.7183482914445461497976453E+00,    0.6987089411454171505866384E+00,    0.1963935029912899921100689E-01,      2.81%
   -0.6550000000000002486899575E+00,    0.7194396899614831086822164E+00,    0.6997778205419777908247170E+00,    0.1966186941950531785749945E-01,      2.81%
   -0.6533333333333333214909544E+00,    0.7205303988584094154745685E+00,    0.7008472464490406172998860E+00,    0.1968315240936879817468252E-01,      2.81%
   -0.6516666666666663942919513E+00,    0.7216204038054711000782504E+00,    0.7019172088652144703146973E+00,    0.1970319494025662976355306E-01,      2.81%
   -0.6500000000000003552713679E+00,    0.7227096904728145254637184E+00,    0.7029876977152896833089812E+00,    0.1972199275752484215473714E-01,      2.81%
   -0.6483333333333334280723648E+00,    0.7237982445305881640251755E+00,    0.7040587028500686628262883E+00,    0.1973954168051950119888716E-01,      2.80%
   -0.6466666666666665008733617E+00,    0.7248860516489381566884731E+00,    0.7051302140461940259896778E+00,    0.1975583760274413069879529E-01,      2.80%
   -0.6449999999999995736743585E+00,    0.7259730974980111994909748E+00,    0.7062022210059853977170974E+00,    0.1977087649202580177387745E-01,      2.80%
   -0.6433333333333335346537751E+00,    0.7270593677479539884700444E+00,    0.7072747133572757638475537E+00,    0.1978465439067822462249069E-01,      2.80%
   -0.6416666666666666074547720E+00,    0.7281448480689143298860699E+00,    0.7083476806532540415162202E+00,    0.1979716741566028836984970E-01,      2.79%
   -0.6399999999999996802557689E+00,    0.7292295241310386977318103E+00,    0.7094211123723044298827745E+00,    0.1980841175873426784903586E-01,      2.79%
   -0.6383333333333336412351855E+00,    0.7303133816044731219108144E+00,    0.7104949979178547536662336E+00,    0.1981838368661836824458078E-01,      2.79%
   -0.6366666666666667140361824E+00,    0.7313964061593659637949827E+00,    0.7115693266182272491704452E+00,    0.1982707954113871462453744E-01,      2.79%
   -0.6349999999999997868371793E+00,    0.7324785834658636973770740E+00,    0.7126440877264873519081334E+00,    0.1983449573937634546894060E-01,      2.78%
   -0.6333333333333337478165959E+00,    0.7335598991941122415383347E+00,    0.7137192704203010329422341E+00,    0.1984062877381120859610064E-01,      2.78%
   -0.6316666666666668206175927E+00,    0.7346403390142600686729679E+00,    0.7147948638017952438517000E+00,    0.1984547521246482482126794E-01,      2.78%
   -0.6299999999999998934185896E+00,    0.7357198885964532086845225E+00,    0.7158708568974158081843484E+00,    0.1984903169903740050017404E-01,      2.77%
   -0.6283333333333329662195865E+00,    0.7367985336108386906772694E+00,    0.7169472386577953049169309E+00,    0.1985129495304338576033842E-01,      2.77%
   -0.6266666666666669271990031E+00,    0.7378762597275628776216649E+00,    0.7180239979576203968036907E+00,    0.1985226176994248081797423E-01,      2.76%
   -0.6250000000000000000000000E+00,    0.7389530526167739088450048E+00,    0.7191011235955055980184625E+00,    0.1985192902126831082654235E-01,      2.76%
   -0.6233333333333330728009969E+00,    0.7400288979486179252731404E+00,    0.7201786042938650433953285E+00,    0.1985029365475288187781189E-01,      2.76%
   -0.6216666666666670337804135E+00,    0.7411037813932412898765278E+00,    0.7212564286987930284311688E+00,    0.1984735269444826144535909E-01,      2.75%
   -0.6200000000000001065814104E+00,    0.7421776886207922530047654E+00,    0.7223345853799479909795878E+00,    0.1984310324084426202517761E-01,      2.75%
   -0.6183333333333331793824073E+00,    0.7432506053014172886506117E+00,    0.7234130628304340504541869E+00,    0.1983754247098323819642474E-01,      2.74%
   -0.6166666666666662521834041E+00,    0.7443225171052624267176157E+00,    0.7244918494666937602843859E+00,    0.1983066763856866643322974E-01,      2.74%
   -0.6150000000000002131628207E+00,    0.7453934097024750293769557E+00,    0.7255709336283987509474969E+00,    0.1982247607407627842945885E-01,      2.73%
   -0.6133333333333332859638176E+00,    0.7464632687632026808444152E+00,    0.7266503035783490327403911E+00,    0.1981296518485364810402416E-01,      2.73%
   -0.6116666666666663587648145E+00,    0.7475320799575916330681480E+00,    0.7277299475023703001497211E+00,    0.1980213245522133291842692E-01,      2.72%
   -0.6100000000000003197442311E+00,    0.7485998289557886931078201E+00,    0.7288098535092192298279201E+00,    0.1978997544656946327989999E-01,      2.72%
   -0.6083333333333333925452280E+00,    0.7496665014279415562015174E+00,    0.7298900096304931084389978E+00,    0.1977649179744844776251966E-01,      2.71%
   -0.6066666666666664653462249E+00,    0.7507320830441965853196962E+00,    0.7309704038205387943705205E+00,    0.1976167922365779094917571E-01,      2.70%
   -0.6050000000000004263256415E+00,    0.7517965594747001434328126E+00,    0.7320510239563694510067648E+00,    0.1974553551833069242604779E-01,      2.70%
   -0.6033333333333334991266383E+00,    0.7528599163896002588458600E+00,    0.7331318578375867200946914E+00,    0.1972805855201353875116865E-01,      2.69%
   -0.6016666666666665719276352E+00,    0.7539221394590431835069921E+00,    0.7342128931863004526192640E+00,    0.1970924627274273088772816E-01,      2.68%
   -0.5999999999999996447286321E+00,    0.7549832143531761685650849E+00,    0.7352941176470589867975036E+00,    0.1968909670611718176758131E-01,      2.68%
   -0.5983333333333336057080487E+00,    0.7560431267421452439236873E+00,    0.7363755187867802032286590E+00,    0.1966760795536504069502826E-01,      2.67%
   -0.5966666666666666785090456E+00,    0.7571018622960986599323974E+00,    0.7374570840946895744494327E+00,    0.1964477820140908548296466E-01,      2.66%
   -0.5949999999999997513100425E+00,    0.7581594066851825575170665E+00,    0.7385388009822568822215771E+00,    0.1962060570292567529548933E-01,      2.66%
   -0.5933333333333337122894591E+00,    0.7592157455795432996481509E+00,    0.7396206567831430378490154E+00,    0.1959508879640026179913548E-01,      2.65%
   -0.5916666666666667850904560E+00,    0.7602708646493293587198536E+00,    0.7407026387531504552086403E+00,    0.1956822589617890351121332E-01,      2.64%
   -0.5899999999999998578914528E+00,    0.7613247495646864315688163E+00,    0.7417847340701728686696015E+00,    0.1954001549451356289921478E-01,      2.63%
   -0.5883333333333329306924497E+00,    0.7623773859957617693439147E+00,    0.7428669298341552540421162E+00,    0.1951045616160651530179848E-01,      2.63%
   -0.5866666666666668916718663E+00,    0.7634287596127018460379077E+00,    0.7439492130670545266823979E+00,    0.1947954654564731935550981E-01,      2.62%
   -0.5849999999999999644728632E+00,    0.7644788560856544679111835E+00,    0.7450315707128088993371762E+00,    0.1944728537284556857400730E-01,      2.61%
   -0.5833333333333330372738601E+00,    0.7655276610847661089565008E+00,    0.7461139896373059077205880E+00,    0.1941367144746020123591279E-01,      2.60%
   -0.5816666666666669982532767E+00,    0.7665751602801829100997111E+00,    0.7471964566283588737860555E+00,    0.1937870365182403631365560E-01,      2.59%
   -0.5800000000000000710542736E+00,    0.7676213393420532327127148E+00,    0.7482789583956899193140089E+00,    0.1934238094636331339870594E-01,      2.58%
   -0.5783333333333331438552705E+00,    0.7686661839405231066990609E+00,    0.7493614815709115362096782E+00,    0.1930470236961157048938276E-01,      2.58%
   -0.5766666666666671048346871E+00,    0.7697096797457391170738106E+00,    0.7504440127075183708527106E+00,    0.1926566703822074622109994E-01,      2.57%
   -0.5750000000000001776356839E+00,    0.7707518124278492921419570E+00,    0.7515265382808828942273749E+00,    0.1922527414696639791458210E-01,      2.56%
   -0.5733333333333332504366808E+00,    0.7717925676569997728293515E+00,    0.7526090446882527373873017E+00,    0.1918352296874703544204976E-01,      2.55%
   -0.5716666666666663232376777E+00,    0.7728319311033378102848701E+00,    0.7536915182487561315483049E+00,    0.1914041285458167873656521E-01,      2.54%
   -0.5700000000000002842170943E+00,    0.7738698884370094344120616E+00,    0.7547739452034113449840902E+00,    0.1909594323359808942797144E-01,      2.53%
   -0.5683333333333333570180912E+00,    0.7749064253281626735159193E+00,    0.7558563117151430033047177E+00,    0.1905011361301967021120163E-01,      2.52%
   -0.5666666666666664298190881E+00,    0.7759415274469443346561093E+00,    0.7569386038687974105343415E+00,    0.1900292357814692412176782E-01,      2.51%
   -0.5650000000000003907985047E+00,    0.7769751804635001146692730E+00,    0.7580208076711704157091276E+00,    0.1895437279232969896014538E-01,      2.50%
   -0.5633333333333334635995016E+00,    0.7780073700479784859496135E+00,    0.7591029090510369448097094E+00,    0.1890446099694154113990407E-01,      2.49%
   -0.5616666666666665364004984E+00,    0.7790380818705257004452847E+00,    0.7601848938591841964296236E+00,    0.1885318801134150401566103E-01,      2.48%
   -0.5599999999999996092014953E+00,    0.7800673016012886762382550E+00,    0.7612667478684532751387337E+00,    0.1880055373283540109952128E-01,      2.47%
   -0.5583333333333335701809119E+00,    0.7810950149104136652766783E+00,    0.7623484567737834893819127E+00,    0.1874655813663017589476567E-01,      2.46%
   -0.5566666666666666429819088E+00,    0.7821212074680488068878503E+00,    0.7634300061922656421842248E+00,    0.1869120127578316470362552E-01,      2.45%
   -0.5549999999999997157829057E+00,    0.7831458649443405750645297E+00,    0.7645113816631946557222932E+00,    0.1863448328114591934223654E-01,      2.44%
   -0.5533333333333336767623223E+00,    0.7841689730094348886879629E+00,    0.7655925686481334091482154E+00,    0.1857640436130147953974756E-01,      2.43%
   -0.5516666666666667495633192E+00,    0.7851905173334802201523530E+00,    0.7666735525309810173055780E+00,    0.1851696480249920284677501E-01,      2.42%
   -0.5499999999999998223643161E+00,    0.7862104835866228214058538E+00,    0.7677543186180423306907983E+00,    0.1845616496858049071505548E-01,      2.40%
   -0.5483333333333328951653129E+00,    0.7872288574390093884858288E+00,    0.7688348521381086486670142E+00,    0.1839400530090073981881460E-01,      2.39%
   -0.5466666666666668561447295E+00,    0.7882456245607866174296419E+00,    0.7699151382425402090348143E+00,    0.1833048631824640839482754E-01,      2.38%
   -0.5449999999999999289457264E+00,    0.7892607706221023144976812E+00,    0.7709951620053584475655839E+00,    0.1826560861674386693209726E-01,      2.37%
   -0.5433333333333330017467233E+00,    0.7902742812931028426604030E+00,    0.7720749084233374803787342E+00,    0.1819937286976536228166879E-01,      2.36%
   -0.5416666666666669627261399E+00,    0.7912861422439345648882636E+00,    0.7731543624161071326383876E+00,    0.1813177982782743224987598E-01,      2.35%
   -0.5400000000000000355271368E+00,    0.7922963391447453984639537E+00,    0.7742335088262619624543959E+00,    0.1806283031848343600955786E-01,      2.33%
   -0.5383333333333331083281337E+00,    0.7933048576656821504471395E+00,    0.7753123324194699517164509E+00,    0.1799252524621219873068867E-01,      2.32%
   -0.5366666666666670693075503E+00,    0.7943116834768906286967649E+00,    0.7763908178845936314260712E+00,    0.1792086559229699727069374E-01,      2.31%
   -0.5350000000000001421085472E+00,    0.7953168022485190835624280E+00,    0.7774689498338158699652922E+00,    0.1784785241470321359713580E-01,      2.30%
   -0.5333333333333332149095440E+00,    0.7963201996507139890368876E+00,    0.7785467128027682148783128E+00,    0.1777348684794577415857475E-01,      2.28%
   -0.5316666666666662877105409E+00,    0.7973218613536219301352048E+00,    0.7796240912506688935934562E+00,    0.1769777010295303654174859E-01,      2.27%
   -0.5300000000000002486899575E+00,    0.7983217730273898249393483E+00,    0.7807010695604650329926244E+00,    0.1762070346692479194672387E-01,      2.26%
   -0.5283333333333333214909544E+00,    0.7993199203421650356204964E+00,    0.7817776320389846489433694E+00,    0.1754228830318038667712699E-01,      2.24%
   -0.5266666666666663942919513E+00,    0.8003162889680943692383153E+00,    0.7828537629170873035633349E+00,    0.1746252605100706567498037E-01,      2.23%
   -0.5250000000000003552713679E+00,    0.8013108645753239667186563E+00,    0.7839294463498281961832959E+00,    0.1738141822549577053536041E-01,      2.22%
   -0.5233333333333334280723648E+00,    0.8023036328340020784111175E+00,    0.7850046664166280274699261E+00,    0.1729896641737405094119140E-01,      2.20%
   -0.5216666666666665008733617E+00,    0.8032945794142747342192479E+00,    0.7860794071214428635485660E+00,    0.1721517229283187067068184E-01,      2.19%
   -0.5199999999999995736743585E+00,    0.8042836899862889632473184E+00,    0.7871536523929474338245882E+00,    0.1713003759334152942273022E-01,      2.18%
   -0.5183333333333335346537751E+00,    0.8052709502201914615326928E+00,    0.7882273860847212043623244E+00,    0.1704356413547025717036831E-01,      2.16%
   -0.5166666666666666074547720E+00,    0.8062563457861297022688518E+00,    0.7893005919754439991820050E+00,    0.1695575381068570308684684E-01,      2.15%
   -0.5149999999999996802557689E+00,    0.8072398623542504925154617E+00,    0.7903732537690927317797218E+00,    0.1686660858515776073573988E-01,      2.13%
   -0.5133333333333336412351855E+00,    0.8082214855946998621760713E+00,    0.7914453550951491278553362E+00,    0.1677613049955073432073505E-01,      2.12%
   -0.5116666666666667140361824E+00,    0.8092012011776261726225812E+00,    0.7925168795088156636907684E+00,    0.1668432166881050893181282E-01,      2.11%
   -0.5099999999999997868371793E+00,    0.8101789947731755647808427E+00,    0.7935878104912309494167744E+00,    0.1659118428194461536406834E-01,      2.09%
   -0.5083333333333337478165959E+00,    0.8111548520514942905990097E+00,    0.7946581314496989900675317E+00,    0.1649672060179530053147801E-01,      2.08%
   -0.5066666666666668206175927E+00,    0.8121287586827304894043777E+00,    0.7957278257179232205942299E+00,    0.1640093296480726881014789E-01,      2.06%
   -0.5049999999999998934185896E+00,    0.8131007003370305241674032E+00,    0.7967968765562439825700380E+00,    0.1630382378078654159736516E-01,      2.05%
   -0.5033333333333329662195865E+00,    0.8140706626845413129700546E+00,    0.7978652671518871031253184E+00,    0.1620539553265420984473622E-01,      2.03%
   -0.5016666666666669271990031E+00,    0.8150386313954093298050907E+00,    0.7989329806192172478418456E+00,    0.1610565077619208196324507E-01,      2.02%
   -0.5000000000000000000000000E+00,    0.8160045921397823809328997E+00,    0.8000000000000000444089210E+00,    0.1600459213978233652397876E-01,      2.00%
   -0.4983333333333330728009969E+00,    0.8169685305878069403462405E+00,    0.8010663082636666487701405E+00,    0.1590222232414029157610003E-01,      1.99%
   -0.4966666666666670337804135E+00,    0.8179304324096294820378716E+00,    0.8021318883075905237234338E+00,    0.1579854410203895831443788E-01,      1.97%
   -0.4950000000000001065814104E+00,    0.8188902832753975902235766E+00,    0.8031967229573703237477389E+00,    0.1569356031802726647583768E-01,      1.95%
   -0.4933333333333331793824073E+00,    0.8198480688552582940076263E+00,    0.8042607949671147782311209E+00,    0.1558727388814351577650541E-01,      1.94%
   -0.4916666666666662521834041E+00,    0.8208037748193578453381747E+00,    0.8053240870197418965759084E+00,    0.1547968779961594876226627E-01,      1.92%
   -0.4900000000000002131628207E+00,    0.8217573868378430512748878E+00,    0.8063865817272799496606694E+00,    0.1537080511056310161421834E-01,      1.91%
   -0.4883333333333332859638176E+00,    0.8227088905808616070558514E+00,    0.8074482616311801086439459E+00,    0.1526062894968149841190552E-01,      1.89%
   -0.4866666666666663587648145E+00,    0.8236582717185600976961268E+00,    0.8085091092026305270579201E+00,    0.1514916251592957063820677E-01,      1.87%
   -0.4850000000000003197442311E+00,    0.8246055159210847751438678E+00,    0.8095691068428827463776543E+00,    0.1503640907820202876621352E-01,      1.86%
   -0.4833333333333333925452280E+00,    0.8255506088585837787263699E+00,    0.8106282368835847629284785E+00,    0.1492237197499901579789139E-01,      1.84%
   -0.4816666666666664653462249E+00,    0.8264935362012033603917871E+00,    0.8116864815871177585293594E+00,    0.1480705461408560186242767E-01,      1.82%
   -0.4800000000000004263256415E+00,    0.8274342836190899941328780E+00,    0.8127438231469438223442125E+00,    0.1469046047214617178866547E-01,      1.81%
   -0.4783333333333334991266383E+00,    0.8283728367823915972323334E+00,    0.8138002436879617773612949E+00,    0.1457259309442981987103849E-01,      1.79%
   -0.4766666666666665719276352E+00,    0.8293091813612547547052145E+00,    0.8148557252668653383409492E+00,    0.1445345609438941636426534E-01,      1.77%
   -0.4749999999999996447286321E+00,    0.8302433030258258295219775E+00,    0.8159102498725141483504331E+00,    0.1433305315331168117154448E-01,      1.76%
   -0.4733333333333336057080487E+00,    0.8311751874462516287422886E+00,    0.8169637994263097002800578E+00,    0.1421138801994192846223086E-01,      1.74%
   -0.4716666666666666785090456E+00,    0.8321048202926800696488385E+00,    0.8180163557825803621881278E+00,    0.1408846451009970746071076E-01,      1.72%
   -0.4699999999999997513100425E+00,    0.8330321872352575152120835E+00,    0.8190679007289705104710720E+00,    0.1396428650628700474101151E-01,      1.70%
   -0.4683333333333337122894591E+00,    0.8339572739441305504470847E+00,    0.8201184159868414313976359E+00,    0.1383885795728911904944880E-01,      1.69%
   -0.4666666666666667850904560E+00,    0.8348800660894464265027182E+00,    0.8211678832116787729589191E+00,    0.1371218287776765354379904E-01,      1.67%
   -0.4649999999999998578914528E+00,    0.8358005493413523945278598E+00,    0.8222162839935045486328136E+00,    0.1358426534784784589504625E-01,      1.65%
   -0.4633333333333329306924497E+00,    0.8367187093699947064706635E+00,    0.8232635998573013536017129E+00,    0.1345510951269335286895057E-01,      1.63%
   -0.4616666666666668916718663E+00,    0.8376345318455202804130977E+00,    0.8243098122634400226615981E+00,    0.1332471958208025775149963E-01,      1.62%
   -0.4599999999999999644728632E+00,    0.8385480024380770336378532E+00,    0.8253549026081214989858381E+00,    0.1319309982995553465201510E-01,      1.60%
   -0.4583333333333330372738601E+00,    0.8394591068178109960484790E+00,    0.8263988522238164824429418E+00,    0.1306025459399451360553712E-01,      1.58%
   -0.4566666666666669982532767E+00,    0.8403678306548686416377336E+00,    0.8274416423797220643265860E+00,    0.1292618827514657731114767E-01,      1.56%
   -0.4550000000000000710542736E+00,    0.8412741596193981097329129E+00,    0.8284832542822228029777420E+00,    0.1279090533717530675517082E-01,      1.54%
   -0.4533333333333331438552705E+00,    0.8421780793815455412598681E+00,    0.8295236690753576835888339E+00,    0.1265441030618785767103418E-01,      1.53%
   -0.4516666666666671048346871E+00,    0.8430795756114576322559628E+00,    0.8305628678412976251266286E+00,    0.1251670777016000712933419E-01,      1.51%
   -0.4500000000000001776356839E+00,    0.8439786339792821889815855E+00,    0.8316008316008315359724179E+00,    0.1237780237845065300916758E-01,      1.49%
   -0.4483333333333332504366808E+00,    0.8448752401551654633848898E+00,    0.8326375413138559222758772E+00,    0.1223769884130954110901257E-01,      1.47%
   -0.4466666666666663232376777E+00,    0.8457693798092547066147517E+00,    0.8336729778798772638737091E+00,    0.1209640192937744274104261E-01,      1.45%
   -0.4450000000000002842170943E+00,    0.8466610386116960595970227E+00,    0.8347071221385193862118967E+00,    0.1195391647317667338512592E-01,      1.43%
   -0.4433333333333333570180912E+00,    0.8475502022326373285920909E+00,    0.8357399548700424896097161E+00,    0.1181024736259483898237477E-01,      1.41%
   -0.4416666666666664298190881E+00,    0.8484368563422249875927150E+00,    0.8367714567958627336352606E+00,    0.1166539954636225395745441E-01,      1.39%
   -0.4400000000000003907985047E+00,    0.8493209866106060657031662E+00,    0.8378016085790881417594278E+00,    0.1151937803151792394373842E-01,      1.37%
   -0.4383333333333334635995016E+00,    0.8502025787079277030500180E+00,    0.8388303908250595020135165E+00,    0.1137218788286820103650143E-01,      1.36%
   -0.4366666666666665364004984E+00,    0.8510816183043364846483314E+00,    0.8398577840818954864943180E+00,    0.1122383422244099815401341E-01,      1.34%
   -0.4349999999999996092014953E+00,    0.8519580910699796616469825E+00,    0.8408837688410520927462244E+00,    0.1107432222892756890075816E-01,      1.32%
   -0.4333333333333335701809119E+00,    0.8528319826750031529272178E+00,    0.8419083255378856378570163E+00,    0.1092365713711751507020153E-01,      1.30%
   -0.4316666666666666429819088E+00,    0.8537032787895552088386353E+00,    0.8429314345522278539846184E+00,    0.1077184423732735485401690E-01,      1.28%
   -0.4299999999999997157829057E+00,    0.8545719650837821923516913E+00,    0.8439530762089628712629974E+00,    0.1061888887481932108869387E-01,      1.26%
   -0.4283333333333336767623223E+00,    0.8554380272278303554145396E+00,    0.8449732307786191887188920E+00,    0.1046479644921116669564753E-01,      1.24%
   -0.4266666666666667495633192E+00,    0.8563014508918478373544758E+00,    0.8459918784779666411921539E+00,    0.1030957241388119616232188E-01,      1.22%
   -0.4249999999999998223643161E+00,    0.8571622217459808901196538E+00,    0.8470089994706194724827242E+00,    0.1015322227536141763692967E-01,      1.20%
   -0.4233333333333328951653129E+00,    0.8580203254603766538366472E+00,    0.8480245738676518429954854E+00,    0.9995751592724810841161798E-02,      1.18%
   -0.4216666666666668561447295E+00,    0.8588757477051807143197948E+00,    0.8490385817282178892995148E+00,    0.9837165976962825020279979E-02,      1.16%
   -0.4199999999999999289457264E+00,    0.8597284741505426541863244E+00,    0.8500510030601836630737012E+00,    0.9677471090358991112623244E-02,      1.14%
   -0.4183333333333330017467233E+00,    0.8605784904666071710721553E+00,    0.8510618178207619566322251E+00,    0.9516672645845214439930260E-02,      1.12%
   -0.4166666666666669627261399E+00,    0.8614257823235215161261635E+00,    0.8520710059171595629479157E+00,    0.9354776406361953178247859E-02,      1.10%
   -0.4150000000000000355271368E+00,    0.8622703353914334956087373E+00,    0.8530785472072340835936188E+00,    0.9191788184199412015118469E-02,      1.08%
   -0.4133333333333331083281337E+00,    0.8631121353404894724903329E+00,    0.8540844215001519579288924E+00,    0.9027713840337514561440457E-02,      1.06%
   -0.4116666666666670693075503E+00,    0.8639511678408359207637091E+00,    0.8550886085570615913198367E+00,    0.8862559283774329443872375E-02,      1.04%
   -0.4100000000000001421085472E+00,    0.8647874185626205356669516E+00,    0.8560910880917728116301646E+00,    0.8696330470847724036786985E-02,      1.02%
   -0.4083333333333332149095440E+00,    0.8656208731759900132374241E+00,    0.8570918397714423209166057E+00,    0.8529033404547692320818442E-02,      1.00%
   -0.4066666666666662877105409E+00,    0.8664515173510909384901879E+00,    0.8580908432172689170869262E+00,    0.8360674133822021403261715E-02,      0.97%
   -0.4050000000000002486899575E+00,    0.8672793367580702295072115E+00,    0.8590880780051973752975414E+00,    0.8191258752872854209670095E-02,      0.95%
   -0.4033333333333333214909544E+00,    0.8681043170670754705042782E+00,    0.8600835236666316552245348E+00,    0.8020793400443815279743376E-02,      0.93%
   -0.4016666666666663942919513E+00,    0.8689264439482529134295419E+00,    0.8610771596891513279814490E+00,    0.7849284259101585448092919E-02,      0.91%
   -0.4000000000000003552713679E+00,    0.8697457030717494763649711E+00,    0.8620689655172411036687663E+00,    0.7676737554508372696204788E-02,      0.89%
   -0.3983333333333334280723648E+00,    0.8705620801077125214817443E+00,    0.8630589205530289076406802E+00,    0.7503159554683613841064016E-02,      0.87%
   -0.3966666666666665008733617E+00,    0.8713755607262884117503177E+00,    0.8640470041570262882402176E+00,    0.7328556569262123510100082E-02,      0.85%
   -0.3949999999999995736743585E+00,    0.8721861305976248424087771E+00,    0.8650331956488832574336811E+00,    0.7152934948741584975095975E-02,      0.83%
   -0.3933333333333335346537751E+00,    0.8729937753918673992714616E+00,    0.8660174743081481274487032E+00,    0.6976301083719271822758401E-02,      0.81%
   -0.3916666666666666074547720E+00,    0.8737984807791647767771792E+00,    0.8669998193750376724864282E+00,    0.6798661404127104290751049E-02,      0.78%
   -0.3899999999999996802557689E+00,    0.8746002324296623386956639E+00,    0.8679802100512110651919784E+00,    0.6620022378451273503685570E-02,      0.76%
   -0.3883333333333336412351855E+00,    0.8753990160135074471980943E+00,    0.8689586255005561366004940E+00,    0.6440390512951310597600241E-02,      0.74%
   -0.3866666666666667140361824E+00,    0.8761948172008474644556486E+00,    0.8699350448499845178673695E+00,    0.6259772350862946588279101E-02,      0.72%
   -0.3849999999999997868371793E+00,    0.8769876216618294195725980E+00,    0.8709094471902285583553294E+00,    0.6078174471600861217268630E-02,      0.70%
   -0.3833333333333337478165959E+00,    0.8777774150665986763186766E+00,    0.8718818115766526766208244E+00,    0.5895603489945999697852130E-02,      0.68%
   -0.3816666666666668206175927E+00,    0.8785641830853042621995996E+00,    0.8728521170300720388723903E+00,    0.5712066055232223327209340E-02,      0.65%
   -0.3799999999999998934185896E+00,    0.8793479113880920960966137E+00,    0.8738203425375743460534750E+00,    0.5527568850517750043138676E-02,      0.63%
   -0.3783333333333329662195865E+00,    0.8801285856451086520024774E+00,    0.8747864670533548325792594E+00,    0.5342118591753819423217919E-02,      0.61%
   -0.3766666666666669271990031E+00,    0.8809061915265011810660667E+00,    0.8757504694995571492555086E+00,    0.5155722026944031810558045E-02,      0.59%
   -0.3750000000000000000000000E+00,    0.8816807147024169344362576E+00,    0.8767123287671232390039222E+00,    0.4968385935293695432335426E-02,      0.57%
   -0.3733333333333330728009969E+00,    0.8824521408430027191727163E+00,    0.8776720237166486526803055E+00,    0.4780117126354066492410766E-02,      0.54%
   -0.3716666666666670337804135E+00,    0.8832204556184048982458989E+00,    0.8786295331792475238330553E+00,    0.4590922439157374412843637E-02,      0.52%
   -0.3700000000000001065814104E+00,    0.8839856446987712779161939E+00,    0.8795848359574280905803789E+00,    0.4400808741343187335814946E-02,      0.50%
   -0.3683333333333331793824073E+00,    0.8847476937542478880871499E+00,    0.8805379108259691056659335E+00,    0.4209782928278782421216420E-02,      0.48%
   -0.3666666666666662521834041E+00,    0.8855065884549823129745505E+00,    0.8814887365328112345252976E+00,    0.4017851922171078449252946E-02,      0.46%
   -0.3650000000000002131628207E+00,    0.8862623144711208045265494E+00,    0.8824372917999513399323064E+00,    0.3825022671169464594242982E-02,      0.43%
   -0.3633333333333332859638176E+00,    0.8870148574728111690035348E+00,    0.8833835553243489790986587E+00,    0.3631302148462189904876141E-02,      0.41%
   -0.3616666666666663587648145E+00,    0.8877642031301998803982656E+00,    0.8843275057788347881526647E+00,    0.3436697351365092245600863E-02,      0.39%
   -0.3600000000000003197442311E+00,    0.8885103371134330796365930E+00,    0.8852691218130310790712656E+00,    0.3241215300402000565327398E-02,      0.37%
   -0.3583333333333333925452280E+00,    0.8892532450926590170681152E+00,    0.8862083820542802081732248E+00,    0.3044863038378808894890426E-02,      0.34%
   -0.3566666666666664653462249E+00,    0.8899929127380239446409860E+00,    0.8871452651085768303929058E+00,    0.2847647629447114248080197E-02,      0.32%
   -0.3550000000000004263256415E+00,    0.8907293257196744473702665E+00,    0.8880797495615103676058766E+00,    0.2649576158164079764389953E-02,      0.30%
   -0.3533333333333334991266383E+00,    0.8914624697077579984494378E+00,    0.8890118139792168028279207E+00,    0.2450655728541195621517090E-02,      0.28%
   -0.3516666666666665719276352E+00,    0.8921923303724215159604682E+00,    0.8899414369093323617931901E+00,    0.2250893463089154167278139E-02,      0.25%
   -0.3499999999999996447286321E+00,    0.8929188933838114738961167E+00,    0.8908685968819600731194441E+00,    0.2050296501851400776672563E-02,      0.23%
   -0.3483333333333336057080487E+00,    0.8936421444120750123829566E+00,    0.8917932724106408803876889E+00,    0.1848872001434131995267762E-02,      0.21%
   -0.3466666666666666785090456E+00,    0.8943620691273590495029566E+00,    0.8927154419933344131621311E+00,    0.1646627134024636340825509E-02,      0.18%
   -0.3449999999999997513100425E+00,    0.8950786531998106143603877E+00,    0.8936350841134025335676938E+00,    0.1443569086408080792693909E-02,      0.16%
   -0.3433333333333337122894591E+00,    0.8957918822995761809480086E+00,    0.8945521772406045402092900E+00,    0.1239705058971640738718634E-02,      0.14%
   -0.3416666666666667850904560E+00,    0.8965017420968032224593003E+00,    0.8954666998320999216076643E+00,    0.1035042264703300851635959E-02,      0.12%
   -0.3399999999999998578914528E+00,    0.8972082182616383239093238E+00,    0.8963786303334528859920738E+00,    0.8295879281854379172500558E-03,      0.09%
   -0.3383333333333329306924497E+00,    0.8979112964642287364469553E+00,    0.8972879471796497696800543E+00,    0.6233492845789667669009759E-03,      0.07%
   -0.3366666666666668916718663E+00,    0.8986109623747207120203484E+00,    0.8981946287961195540816561E+00,    0.4163335786011579386922676E-03,      0.05%
   -0.3349999999999999644728632E+00,    0.8993072016632617238229841E+00,    0.8990986535997662620900428E+00,    0.2085480634954617329412940E-03,      0.02%
   -0.3333333333333330372738601E+00,    0.8999999999999988009591334E+00,    0.9000000000000001332267630E+00,   -0.1332267629550187848508358E-14,      0.00%
   -0.3316666666666669982532767E+00,    0.9006893454432848278301549E+00,    0.9008986463997836757755522E+00,   -0.2093009564988479453973014E-03,     -0.02%
   -0.3300000000000000710542736E+00,    0.9013752356042830093940665E+00,    0.9017945711966813826521161E+00,   -0.4193355923983732580495598E-03,     -0.05%
   -0.3283333333333331438552705E+00,    0.9020576704823675129318872E+00,    0.9026877527839142212329193E+00,   -0.6300823015467083010321403E-03,     -0.07%
   -0.3266666666666671048346871E+00,    0.9027366500769097301670740E+00,    0.9035781695514233380350788E+00,   -0.8415194745136078680047831E-03,     -0.09%
   -0.3250000000000001776356839E+00,    0.9034121743872819410015040E+00,    0.9044657998869417570020346E+00,   -0.1053625499659816000530554E-02,     -0.12%
   -0.3233333333333332504366808E+00,    0.9040842434128557592032394E+00,    0.9053506221770665218784302E+00,   -0.1266378764210762675190836E-02,     -0.14%
   -0.3216666666666663232376777E+00,    0.9047528571530030205849471E+00,    0.9062326148083446053504986E+00,   -0.1479757655341584765551488E-02,     -0.16%
   -0.3200000000000002842170943E+00,    0.9054180156070948948254795E+00,    0.9071117561683597063648676E+00,   -0.1693740561264811539388120E-02,     -0.19%
   -0.3183333333333333570180912E+00,    0.9060797187745039948936210E+00,    0.9079880246468304827445195E+00,   -0.1908305872326487850898502E-02,     -0.21%
   -0.3166666666666664298190881E+00,    0.9067379666546018235351312E+00,    0.9088613986367080066486324E+00,   -0.2123431982106183113501174E-02,     -0.23%
   -0.3150000000000003907985047E+00,    0.9073927592467596614511649E+00,    0.9097318565352859875972058E+00,   -0.2339097288526326146040901E-02,     -0.26%
   -0.3133333333333334635995016E+00,    0.9080440965503501216105064E+00,    0.9105993767453153253654818E+00,   -0.2555280194965203754975391E-02,     -0.28%
   -0.3116666666666665364004984E+00,    0.9086919785647444847143106E+00,    0.9114639376761214384359278E+00,   -0.2771959111376953721617156E-02,     -0.30%
   -0.3099999999999996092014953E+00,    0.9093364052893146975975469E+00,    0.9123255177447314734351380E+00,   -0.2989112455416775837591103E-02,     -0.33%
   -0.3083333333333335701809119E+00,    0.9099773767234319299390677E+00,    0.9131840953770054003513224E+00,   -0.3206718653573470412254665E-02,     -0.35%
   -0.3066666666666666429819088E+00,    0.9106148928664686836853548E+00,    0.9140396490087748793129663E+00,   -0.3424756142306195627611487E-02,     -0.37%
   -0.3049999999999997157829057E+00,    0.9112489537177965726044704E+00,    0.9148921570869834596351211E+00,   -0.3643203369186887030650723E-02,     -0.40%
   -0.3033333333333336767623223E+00,    0.9118795592767870994421742E+00,    0.9157415980708375480290329E+00,   -0.3862038794050448586858693E-02,     -0.42%
   -0.3016666666666667495633192E+00,    0.9125067095428124330780406E+00,    0.9165879504329604854362401E+00,   -0.4081240890148052358199493E-02,     -0.45%
   -0.2999999999999998223643161E+00,    0.9131304045152440762578294E+00,    0.9174311926605506206655605E+00,   -0.4300788145306544407731053E-02,     -0.47%
   -0.2983333333333328951653129E+00,    0.9137506441934538647942077E+00,    0.9182713032565473776358544E+00,   -0.4520659063093512841646771E-02,     -0.49%
   -0.2966666666666668561447295E+00,    0.9143674285768131904106326E+00,    0.9191082607408010973770729E+00,   -0.4740832163987906966440278E-02,     -0.52%
   -0.2949999999999999289457264E+00,    0.9149807576646946660758886E+00,    0.9199420436512500964809647E+00,   -0.4961285986555430405076095E-02,     -0.54%
   -0.2933333333333330017467233E+00,    0.9155906314564693504465254E+00,    0.9207726305450976145294817E+00,   -0.5181999088628264082956321E-02,     -0.56%
   -0.2916666666666669627261399E+00,    0.9161970499515093013798150E+00,    0.9215999999999998637534304E+00,   -0.5402950048490562373615376E-02,     -0.59%
   -0.2900000000000000355271368E+00,    0.9168000131491863546884247E+00,    0.9224241306152568542486847E+00,   -0.5624117466070499560260032E-02,     -0.61%
   -0.2883333333333331083281337E+00,    0.9173995210488720131181140E+00,    0.9232450010130049955492382E+00,   -0.5845479964132982431124219E-02,     -0.63%
   -0.2866666666666670693075503E+00,    0.9179955736499381124815500E+00,    0.9240625898394183579398486E+00,   -0.6067016189480245458298668E-02,     -0.66%
   -0.2850000000000001421085472E+00,    0.9185881709517568216583072E+00,    0.9248768757659135975046638E+00,   -0.6288704814156775846356595E-02,     -0.68%
   -0.2833333333333332149095440E+00,    0.9191773129536995323718429E+00,    0.9256878374903575457111060E+00,   -0.6510524536658013339263107E-02,     -0.70%
   -0.2816666666666662877105409E+00,    0.9197629996551380804348241E+00,    0.9264954537382806831757875E+00,   -0.6732454083142602740963412E-02,     -0.73%
   -0.2800000000000002486899575E+00,    0.9203452310554439685930106E+00,    0.9272997032640947212556171E+00,   -0.6954472208650752662606465E-02,     -0.75%
   -0.2783333333333333214909544E+00,    0.9209240071539894767482792E+00,    0.9281005648523160678209365E+00,   -0.7176557698326591072657266E-02,     -0.77%
   -0.2766666666666663942919513E+00,    0.9214993279501463296909947E+00,    0.9288980173187876276941211E+00,   -0.7398689368641298003126394E-02,     -0.80%
   -0.2750000000000003552713679E+00,    0.9220711934432855860777067E+00,    0.9296920395119114832738205E+00,   -0.7620846068625897196113783E-02,     -0.82%
   -0.2733333333333334280723648E+00,    0.9226396036327799698995022E+00,    0.9304826103138827964045277E+00,   -0.7843006681102826505025405E-02,     -0.84%
   -0.2716666666666665008733617E+00,    0.9232045585180009839021409E+00,    0.9312697086419242653576589E+00,   -0.8065150123923281455518008E-02,     -0.87%
   -0.2699999999999995736743585E+00,    0.9237660580983200198090799E+00,    0.9320533134495295746191346E+00,   -0.8287255351209554810054669E-02,     -0.89%
   -0.2683333333333335346537751E+00,    0.9243241023731089134329864E+00,    0.9328334037277058454762368E+00,   -0.8509301354596932043250490E-02,     -0.91%
   -0.2666666666666666074547720E+00,    0.9248786913417401667203421E+00,    0.9336099585062240802102451E+00,   -0.8731267164483913489902989E-02,     -0.94%
   -0.2649999999999996802557689E+00,    0.9254298250035843942384872E+00,    0.9343829568548671637984171E+00,   -0.8953131851282769559929875E-02,     -0.96%
   -0.2633333333333336412351855E+00,    0.9259775033580138758892986E+00,    0.9351523778846851930879325E+00,   -0.9174874526671317198633915E-02,     -0.98%
   -0.2616666666666667140361824E+00,    0.9265217264044008915746531E+00,    0.9359182007492544697058179E+00,   -0.9396474344853578131164795E-02,     -1.00%
   -0.2599999999999997868371793E+00,    0.9270624941421166109734031E+00,    0.9366804046459349386566373E+00,   -0.9617910503818327683234202E-02,     -1.03%
   -0.2583333333333337478165959E+00,    0.9275998065705327588759133E+00,    0.9374389688171340662137254E+00,   -0.9839162246601307337812159E-02,     -1.05%
   -0.2566666666666668206175927E+00,    0.9281336636890217262063629E+00,    0.9381938725515744925687045E+00,   -0.1006020886255276636234157E-01,     -1.07%
   -0.2549999999999998934185896E+00,    0.9286640654969549046882094E+00,    0.9389450951855591309680449E+00,   -0.1028102968860422627983553E-01,     -1.09%
   -0.2533333333333329662195865E+00,    0.9291910119937039080895147E+00,    0.9396926161042433722769829E+00,   -0.1050160411053946418746818E-01,     -1.12%
   -0.2516666666666669271990031E+00,    0.9297145031786403501783411E+00,    0.9404364147429080666995560E+00,   -0.1072191156426771652121488E-01,     -1.14%
   -0.2500000000000000000000000E+00,    0.9302345390511368439234730E+00,    0.9411764705882352810561997E+00,   -0.1094193153709843713272676E-01,     -1.16%
   -0.2483333333333330728009969E+00,    0.9307511196105642259368551E+00,    0.9419127631795836119721343E+00,   -0.1116164356901938603527924E-01,     -1.18%
   -0.2466666666666670337804135E+00,    0.9312642448562949981649695E+00,    0.9426452721102682730247579E+00,   -0.1138102725397327485978849E-01,     -1.21%
   -0.2450000000000001065814104E+00,    0.9317739147877001082420634E+00,    0.9433739770288436243816932E+00,   -0.1160006224114351613962981E-01,     -1.23%
   -0.2433333333333331793824073E+00,    0.9322801294041521691369212E+00,    0.9440988576403822607474581E+00,   -0.1181872823623009161053687E-01,     -1.25%
   -0.2416666666666662521834041E+00,    0.9327828887050226835953026E+00,    0.9448198937077620929159139E+00,   -0.1203700500273940932061123E-01,     -1.27%
   -0.2400000000000002131628207E+00,    0.9332821926896828212960600E+00,    0.9455370650529499876313366E+00,   -0.1225487236326716633527667E-01,     -1.30%
   -0.2383333333333332859638176E+00,    0.9337780413575054172525824E+00,    0.9462503515582904034530998E+00,   -0.1247231020078498620051732E-01,     -1.32%
   -0.2366666666666663587648145E+00,    0.9342704347078615301214199E+00,    0.9469597331677908069735849E+00,   -0.1268929845992927685216500E-01,     -1.34%
   -0.2350000000000003197442311E+00,    0.9347593727401229957152395E+00,    0.9476651898884123070843088E+00,   -0.1290581714828931136906931E-01,     -1.36%
   -0.2333333333333333925452280E+00,    0.9352448554536616498467083E+00,    0.9483667017913592900413278E+00,   -0.1312184633769764019461945E-01,     -1.38%
   -0.2316666666666664653462249E+00,    0.9357268828478496613954007E+00,    0.9490642490133687214637348E+00,   -0.1333736616551906006833406E-01,     -1.41%
   -0.2300000000000004263256415E+00,    0.9362054549220578669732618E+00,    0.9497578117580015577559038E+00,   -0.1355235683594369078264208E-01,     -1.43%
   -0.2283333333333334991266383E+00,    0.9366805716756591015936806E+00,    0.9504473702969356008196655E+00,   -0.1376679862127649922598494E-01,     -1.45%
   -0.2266666666666665719276352E+00,    0.9371522331080244239132071E+00,    0.9511329049712546890305020E+00,   -0.1398067186323026511729495E-01,     -1.47%
   -0.2249999999999996447286321E+00,    0.9376204392185261138337182E+00,    0.9518143961927424401281428E+00,   -0.1419395697421632629442456E-01,     -1.49%
   -0.2233333333333336057080487E+00,    0.9380851900065352300117638E+00,    0.9524918244451734405942034E+00,   -0.1440663443863821058243957E-01,     -1.51%
   -0.2216666666666666785090456E+00,    0.9385464854714241633715233E+00,    0.9531651702856054342305470E+00,   -0.1461868481418127085902370E-01,     -1.53%
   -0.2199999999999997513100425E+00,    0.9390043256125646387033612E+00,    0.9538344143456696233585035E+00,   -0.1483008873310498465514229E-01,     -1.55%
   -0.2183333333333337122894591E+00,    0.9394587104293280477307349E+00,    0.9544995373328630794418359E+00,   -0.1504082690353503171110106E-01,     -1.58%
   -0.2166666666666667850904560E+00,    0.9399096399210865593332187E+00,    0.9551605200318387112190521E+00,   -0.1525088011075215188583343E-01,     -1.60%
   -0.2149999999999998578914528E+00,    0.9403571140872117872788749E+00,    0.9558173433056943446572973E+00,   -0.1546022921848255737842237E-01,     -1.62%
   -0.2133333333333329306924497E+00,    0.9408011329270755673803706E+00,    0.9564699880972625800623632E+00,   -0.1566885517018701268199266E-01,     -1.64%
   -0.2116666666666668916718663E+00,    0.9412416964400492913611629E+00,    0.9571184354303974295419266E+00,   -0.1587673899034813818076373E-01,     -1.66%
   -0.2099999999999999644728632E+00,    0.9416788046255052391231288E+00,    0.9577626664112632859371388E+00,   -0.1608386178575804681400996E-01,     -1.68%
   -0.2083333333333330372738601E+00,    0.9421124574828150244343306E+00,    0.9584026622296173414383702E+00,   -0.1629020474680231700403965E-01,     -1.70%
   -0.2066666666666669982532767E+00,    0.9425426550113501500405278E+00,    0.9590384041600954478923313E+00,   -0.1649574914874529785180357E-01,     -1.72%
   -0.2050000000000000710542736E+00,    0.9429693972104828958435974E+00,    0.9596698735634942023509097E+00,   -0.1670047635301130650731238E-01,     -1.74%
   -0.2033333333333331438552705E+00,    0.9433926840795847645892991E+00,    0.9602970518880507011516556E+00,   -0.1690436780846593656235655E-01,     -1.76%
   -0.2016666666666671048346871E+00,    0.9438125156180272590233926E+00,    0.9609199206707219609313597E+00,   -0.1710740505269470190796710E-01,     -1.78%
   -0.2000000000000001776356839E+00,    0.9442288918251826590477549E+00,    0.9615384615384614530597673E+00,   -0.1730956971327879401201244E-01,     -1.80%
   -0.1983333333333332504366808E+00,    0.9446418127004224674081456E+00,    0.9621526562094927514934284E+00,   -0.1751084350907028408528276E-01,     -1.82%
   -0.1966666666666663232376777E+00,    0.9450512782431184088949294E+00,    0.9627624864945819593842202E+00,   -0.1771120825146355048929081E-01,     -1.84%
   -0.1950000000000002842170943E+00,    0.9454572884526422082984709E+00,    0.9633679342983066939964942E+00,   -0.1791064584566448569802333E-01,     -1.86%
   -0.1933333333333333570180912E+00,    0.9458598433283659234760421E+00,    0.9639689816203247385573150E+00,   -0.1810913829195881508127286E-01,     -1.88%
   -0.1916666666666664298190881E+00,    0.9462589428696611681957052E+00,    0.9645656105566348115232245E+00,   -0.1830666768697364332751931E-01,     -1.90%
   -0.1900000000000003907985047E+00,    0.9466545870758994452032198E+00,    0.9651578033008394452707535E+00,   -0.1850321622494000006753367E-01,     -1.92%
   -0.1883333333333334635995016E+00,    0.9470467759464529233781604E+00,    0.9657455421454036459394388E+00,   -0.1869876619895072256127833E-01,     -1.94%
   -0.1866666666666665364004984E+00,    0.9474355094806934385331942E+00,    0.9663288094829066698920883E+00,   -0.1889330000221323135889406E-01,     -1.96%
   -0.1849999999999996092014953E+00,    0.9478207876779924934140809E+00,    0.9669075878072953544872803E+00,   -0.1908680012930286107319944E-01,     -1.97%
   -0.1833333333333335701809119E+00,    0.9482026105377217017888825E+00,    0.9674818597151302324022026E+00,   -0.1927924917740853061332018E-01,     -1.99%
   -0.1816666666666666429819088E+00,    0.9485809780592532325371735E+00,    0.9680516079068304247101651E+00,   -0.1947062984757719217299154E-01,     -2.01%
   -0.1799999999999997157829057E+00,    0.9489558902419586994270162E+00,    0.9686168151879116505753586E+00,   -0.1966092494595295114834244E-01,     -2.03%
   -0.1783333333333336767623223E+00,    0.9493273470852096052041702E+00,    0.9691774644702233487691956E+00,   -0.1985011738501374356502538E-01,     -2.05%
   -0.1766666666666667495633192E+00,    0.9496953485883782297705125E+00,    0.9697335387731793598931063E+00,   -0.2003819018480113012259380E-01,     -2.07%
   -0.1749999999999998223643161E+00,    0.9500598947508360758718027E+00,    0.9702850212249849448653549E+00,   -0.2022512647414886899355224E-01,     -2.08%
   -0.1733333333333328951653129E+00,    0.9504209855719548682984055E+00,    0.9708318950638592514934544E+00,   -0.2041090949190438319504892E-01,     -2.10%
   -0.1716666666666668561447295E+00,    0.9507786210511062208183830E+00,    0.9713741436392531181098775E+00,   -0.2059552258814689729149450E-01,     -2.12%
   -0.1699999999999999289457264E+00,    0.9511328011876624133336122E+00,    0.9719117504130625473379723E+00,   -0.2077894922540013400436010E-01,     -2.14%
   -0.1683333333333330017467233E+00,    0.9514835259809950596121553E+00,    0.9724446989608349634082174E+00,   -0.2096117297983990379606212E-01,     -2.16%
   -0.1666666666666669627261399E+00,    0.9518307954304751072882596E+00,    0.9729729729729728049392179E+00,   -0.2114217754249769765095834E-01,     -2.17%
   -0.1650000000000000355271368E+00,    0.9521746095354755023976168E+00,    0.9734965562559322327373934E+00,   -0.2132194672045673033977664E-01,     -2.19%
   -0.1633333333333331083281337E+00,    0.9525149682953676366636842E+00,    0.9740154327334119566117465E+00,   -0.2150046443804431994806237E-01,     -2.21%
   -0.1616666666666670693075503E+00,    0.9528518717095229018099189E+00,    0.9745295864475418401440265E+00,   -0.2167771473801893833410759E-01,     -2.22%
   -0.1600000000000001421085472E+00,    0.9531853197773134667158956E+00,    0.9750390015600622906077888E+00,   -0.2185368178274882389189315E-01,     -2.24%
   -0.1583333333333332149095440E+00,    0.9535153124981110561719788E+00,    0.9755436623534992079953554E+00,   -0.2202834985538815182337657E-01,     -2.26%
   -0.1566666666666662877105409E+00,    0.9538418498712873949685331E+00,    0.9760435532323310514613013E+00,   -0.2220170336104365649276815E-01,     -2.27%
   -0.1550000000000002486899575E+00,    0.9541649318962139858513183E+00,    0.9765386587241520199853539E+00,   -0.2237372682793803413403566E-01,     -2.29%
   -0.1533333333333333214909544E+00,    0.9544845585722629976999087E+00,    0.9770289634808285716971454E+00,   -0.2254440490856557399723670E-01,     -2.31%
   -0.1516666666666663942919513E+00,    0.9548007298988061553046691E+00,    0.9775144522796452850599280E+00,   -0.2271372238083912975525891E-01,     -2.32%
   -0.1500000000000003552713679E+00,    0.9551134458752148503890567E+00,    0.9779951100244497208535677E+00,   -0.2288166414923487046451100E-01,     -2.34%
   -0.1483333333333334280723648E+00,    0.9554227065008613628549483E+00,    0.9784709217467879582841306E+00,   -0.2304821524592659542918227E-01,     -2.36%
   -0.1466666666666665008733617E+00,    0.9557285117751170844258013E+00,    0.9789418726070310272646680E+00,   -0.2321336083191394283886666E-01,     -2.37%
   -0.1449999999999995736743585E+00,    0.9560308616973540729588876E+00,    0.9794079478954973438931120E+00,   -0.2337708619814327093422435E-01,     -2.39%
   -0.1433333333333335346537751E+00,    0.9563297562669437201776645E+00,    0.9798691330335659310790675E+00,   -0.2353937676662221090140292E-01,     -2.40%
   -0.1416666666666666074547720E+00,    0.9566251954832581949617065E+00,    0.9803254135747838660108755E+00,   -0.2370021809152567104916898E-01,     -2.42%
   -0.1399999999999996802557689E+00,    0.9569171793456691110790757E+00,    0.9807767752059632915262455E+00,   -0.2385959586029418044716977E-01,     -2.43%
   -0.1383333333333336412351855E+00,    0.9572057078535480822978343E+00,    0.9812232037482725433008568E+00,   -0.2401749589472446100302250E-01,     -2.45%
   -0.1366666666666667140361824E+00,    0.9574907810062672774975567E+00,    0.9816646851583207267211151E+00,   -0.2417390415205344922355835E-01,     -2.46%
   -0.1349999999999997868371793E+00,    0.9577723988031980884017003E+00,    0.9821012055292298592590328E+00,   -0.2432880672603177085733250E-01,     -2.48%
   -0.1333333333333337478165959E+00,    0.9580505612437123508229320E+00,    0.9825327510917029050219185E+00,   -0.2448218984799055419898650E-01,     -2.49%
   -0.1316666666666668206175927E+00,    0.9583252683271820115962214E+00,    0.9829593082150822613840546E+00,   -0.2463403988790024978783322E-01,     -2.51%
   -0.1299999999999998934185896E+00,    0.9585965200529787955119332E+00,    0.9833808634083981425888510E+00,   -0.2478434335541934707691780E-01,     -2.52%
   -0.1283333333333329662195865E+00,    0.9588643164204743163381295E+00,    0.9837974033214094138344308E+00,   -0.2493308690093509749630130E-01,     -2.53%
   -0.1266666666666669271990031E+00,    0.9591286574290402988651749E+00,    0.9842089147456365427757419E+00,   -0.2508025731659624391056695E-01,     -2.55%
   -0.1250000000000000000000000E+00,    0.9593895430780489119726440E+00,    0.9846153846153846700417489E+00,   -0.2522584153733575806910494E-01,     -2.56%
   -0.1233333333333330728009969E+00,    0.9596469733668716584062963E+00,    0.9850168000087557995669840E+00,   -0.2536982664188414116068770E-01,     -2.58%
   -0.1216666666666670337804135E+00,    0.9599009482948801519341941E+00,    0.9854131481486548826964622E+00,   -0.2551219985377473076226806E-01,     -2.59%
   -0.1200000000000001065814104E+00,    0.9601514678614464504136095E+00,    0.9858044164037854661941651E+00,   -0.2565294854233901578055566E-01,     -2.60%
   -0.1183333333333331793824073E+00,    0.9603985320659422786349069E+00,    0.9861905922896332388205565E+00,   -0.2579206022369096018564960E-01,     -2.62%
   -0.1166666666666662521834041E+00,    0.9606421409077392503661486E+00,    0.9865716634694438047503695E+00,   -0.2592952256170455438422096E-01,     -2.63%
   -0.1150000000000002131628207E+00,    0.9608822943862092014200016E+00,    0.9869476177551875784033086E+00,   -0.2606532336897837698330704E-01,     -2.64%
   -0.1133333333333332859638176E+00,    0.9611189925007239676091331E+00,    0.9873184431085172407804862E+00,   -0.2619945060779327317135312E-01,     -2.65%
   -0.1116666666666663587648145E+00,    0.9613522352506553847462101E+00,    0.9876841276417120951691686E+00,   -0.2633189239105671042295853E-01,     -2.67%
   -0.1100000000000003197442311E+00,    0.9615820226353749555769923E+00,    0.9880446596186147623086526E+00,   -0.2646263698323980673166034E-01,     -2.68%
   -0.1083333333333333925452280E+00,    0.9618083546542547379587518E+00,    0.9884000274555562182143831E+00,   -0.2659167280130148025563130E-01,     -2.69%
   -0.1066666666666664653462249E+00,    0.9620312313066664566818531E+00,    0.9887502197222710620394537E+00,   -0.2671898841560460535760058E-01,     -2.70%
   -0.1050000000000004263256415E+00,    0.9622506525919816144920560E+00,    0.9890952251428005714828373E+00,   -0.2684457255081895699078132E-01,     -2.71%
   -0.1033333333333334991266383E+00,    0.9624666185095724912912374E+00,    0.9894350325963874315249313E+00,   -0.2696841408681494023369396E-01,     -2.73%
   -0.1016666666666665719276352E+00,    0.9626791290588102567582496E+00,    0.9897696311183572515091100E+00,   -0.2709050205954699475086045E-01,     -2.74%
   -0.9999999999999964472863212E-01,    0.9628881842390670797726671E+00,    0.9900990099009900902160553E+00,   -0.2721082566192301044338819E-01,     -2.75%
   -0.9833333333333360570804871E-01,    0.9630937840497144630802495E+00,    0.9904231582943812117747484E+00,   -0.2732937424466674869449889E-01,     -2.76%
   -0.9666666666666667850904560E-01,    0.9632959284901245755605714E+00,    0.9907420658072897401424939E+00,   -0.2744613731716516458192245E-01,     -2.77%
   -0.9499999999999975131004248E-01,    0.9634946175596689199593925E+00,    0.9910557221079754341985790E+00,   -0.2756110454830651423918653E-01,     -2.78%
   -0.9333333333333371228945907E-01,    0.9636898512577193320893798E+00,    0.9913641170250264700314347E+00,   -0.2767426576730713794205485E-01,     -2.79%
   -0.9166666666666678509045596E-01,    0.9638816295836474257185955E+00,    0.9916672405481716801034509E+00,   -0.2778561096452425438485534E-01,     -2.80%
   -0.8999999999999985789145285E-01,    0.9640699525368251476820092E+00,    0.9919650828290844657431080E+00,   -0.2789513029225931806109884E-01,     -2.81%
   -0.8833333333333293069244974E-01,    0.9642548201166243337922879E+00,    0.9922576341821731649162075E+00,   -0.2800281406554883112391963E-01,     -2.82%
   -0.8666666666666689167186632E-01,    0.9644362323224164867951913E+00,    0.9925448850853587634546216E+00,   -0.2810865276294227665943026E-01,     -2.83%
   -0.8499999999999996447286321E-01,    0.9646141891535735535256890E+00,    0.9928268261808433914339389E+00,   -0.2821263702726983790824988E-01,     -2.84%
   -0.8333333333333303727386010E-01,    0.9647886906094673697964481E+00,    0.9931034482758620551834383E+00,   -0.2831475766639468538699020E-01,     -2.85%
   -0.8166666666666699825327669E-01,    0.9649597366894695493755307E+00,    0.9933747423434262646679827E+00,   -0.2841500565395671529245192E-01,     -2.86%
   -0.8000000000000007105427358E-01,    0.9651273273929520390979064E+00,    0.9936406995230524508144754E+00,   -0.2851337213010041171656894E-01,     -2.87%
   -0.7833333333333314385527046E-01,    0.9652914627192864527316374E+00,    0.9939013111214796136749783E+00,   -0.2860984840219316094334090E-01,     -2.88%
   -0.7666666666666710483468705E-01,    0.9654521426678446260893907E+00,    0.9941565686133724266682066E+00,   -0.2870442594552780057881591E-01,     -2.89%
   -0.7500000000000017763568394E-01,    0.9656093672379983949838334E+00,    0.9944064636420136826799876E+00,   -0.2879709640401528769615425E-01,     -2.90%
   -0.7333333333333325043668083E-01,    0.9657631364291193731830276E+00,    0.9946509880199815301082822E+00,   -0.2888785159086215692525457E-01,     -2.90%
   -0.7166666666666632323767772E-01,    0.9659134502405795075219430E+00,    0.9948901337298156066779597E+00,   -0.2897668348923609915601673E-01,     -2.91%
   -0.7000000000000028421709430E-01,    0.9660603086717504117686417E+00,    0.9951238929246689624008582E+00,   -0.2906358425291855063221647E-01,     -2.92%
   -0.6833333333333335701809119E-01,    0.9662037117220040327580932E+00,    0.9953522579289484362163876E+00,   -0.2914854620694440345829435E-01,     -2.93%
   -0.6666666666666642981908808E-01,    0.9663436593907118732360573E+00,    0.9955752212389380462198574E+00,   -0.2923156184822617298380010E-01,     -2.94%
   -0.6500000000000039079850467E-01,    0.9664801516772459910598059E+00,    0.9957927755234133870843038E+00,   -0.2931262384616739602449798E-01,     -2.94%
   -0.6333333333333346359950156E-01,    0.9666131885809779999974012E+00,    0.9960049136242404843599729E+00,   -0.2939172504326248436257174E-01,     -2.95%
   -0.6166666666666653640049844E-01,    0.9667427701012797358615103E+00,    0.9962116285569597717852730E+00,   -0.2946885845568003592376272E-01,     -2.96%
   -0.5999999999999960920149533E-01,    0.9668688962375229234424978E+00,    0.9964129135113590773897840E+00,   -0.2954401727383615394728622E-01,     -2.97%
   -0.5833333333333357018091192E-01,    0.9669915669890792875307284E+00,    0.9966087618520311774972242E+00,   -0.2961719486295188996649586E-01,     -2.97%
   -0.5666666666666664298190881E-01,    0.9671107823553207749611715E+00,    0.9967991671189182500967263E+00,   -0.2968838476359747513555476E-01,     -2.98%
   -0.5499999999999971578290570E-01,    0.9672265423356191105241919E+00,    0.9969841230278406740694663E+00,   -0.2975758069222156354527442E-01,     -2.98%
   -0.5333333333333367676232228E-01,    0.9673388469293457969655492E+00,    0.9971636234710158364080712E+00,   -0.2982477654167003944252201E-01,     -2.99%
   -0.5166666666666674956331917E-01,    0.9674476961358731141871203E+00,    0.9973376625175573995107925E+00,   -0.2988996638168428532367216E-01,     -3.00%
   -0.4999999999999982236431606E-01,    0.9675530899545721208454552E+00,    0.9975062344139651315799711E+00,   -0.2995314445939301073451588E-01,     -3.00%
   -0.4833333333333289516531295E-01,    0.9676550283848153188870356E+00,    0.9976693335845981946974348E+00,   -0.3001430519978287581039922E-01,     -3.01%
   -0.4666666666666685614472954E-01,    0.9677535114259741000353188E+00,    0.9978269546321344440897860E+00,   -0.3007344320616034405446726E-01,     -3.01%
   -0.4499999999999992894572642E-01,    0.9678485390774201890806694E+00,    0.9979790923380156275612762E+00,   -0.3013055326059543848060684E-01,     -3.02%
   -0.4333333333333300174672331E-01,    0.9679401113385255328580570E+00,    0.9981257416628775969158482E+00,   -0.3018563032435206405779127E-01,     -3.02%
   -0.4166666666666696272613990E-01,    0.9680282282086619671801486E+00,    0.9982668977469669746582781E+00,   -0.3023866953830500747812948E-01,     -3.03%
   -0.4000000000000003552713679E-01,    0.9681128896872008837704016E+00,    0.9984025559105430547290894E+00,   -0.3028966622334217095868780E-01,     -3.03%
   -0.3833333333333310832813368E-01,    0.9681940957735144515083903E+00,    0.9985327116542634939833079E+00,   -0.3033861588074904247491759E-01,     -3.04%
   -0.3666666666666706930755026E-01,    0.9682718464669743951844794E+00,    0.9986573606595577912159456E+00,   -0.3038551419258339603146624E-01,     -3.04%
   -0.3500000000000014210854715E-01,    0.9683461417669521065221261E+00,    0.9987764987889834467083006E+00,   -0.3043035702203134018617448E-01,     -3.05%
   -0.3333333333333321490954404E-01,    0.9684169816728198654232074E+00,    0.9988901220865705754548003E+00,   -0.3047314041375071003159292E-01,     -3.05%
   -0.3166666666666628771054093E-01,    0.9684843661839491746334829E+00,    0.9989982267781475355761245E+00,   -0.3051386059419836094264156E-01,     -3.05%
   -0.3000000000000024868995752E-01,    0.9685482952997117589433174E+00,    0.9991008092716553434797788E+00,   -0.3055251397194358453646146E-01,     -3.06%
   -0.2833333333333332149095440E-01,    0.9686087690194795651876802E+00,    0.9991978661574458797645093E+00,   -0.3058909713796631457682906E-01,     -3.06%
   -0.2666666666666639429195129E-01,    0.9686657873426242071346337E+00,    0.9992893942085627756455324E+00,   -0.3062360686593856851089868E-01,     -3.06%
   -0.2500000000000035527136788E-01,    0.9687193502685176316191473E+00,    0.9993753903810117522610312E+00,   -0.3065604011249412064188391E-01,     -3.07%
   -0.2333333333333342807236477E-01,    0.9687694577965313413869808E+00,    0.9994558518140123082318382E+00,   -0.3068639401748096684485745E-01,     -3.07%
   -0.2166666666666650087336166E-01,    0.9688161099260373942954061E+00,    0.9995307758302353073887048E+00,   -0.3071466590419791309329867E-01,     -3.07%
   -0.1999999999999957367435854E-01,    0.9688593066564074041124854E+00,    0.9996001599360255784887386E+00,   -0.3074085327961817437625314E-01,     -3.08%
   -0.1833333333333353465377513E-01,    0.9688990479870132066508859E+00,    0.9996640018216099710102185E+00,   -0.3076495383459676435933261E-01,     -3.08%
   -0.1666666666666660745477202E-01,    0.9689353339172265267009720E+00,    0.9997222993612885355574349E+00,   -0.3078696544406200885646285E-01,     -3.08%
   -0.1499999999999968025576891E-01,    0.9689681644464190890531086E+00,    0.9997750506136120485223273E+00,   -0.3080688616719295946921875E-01,     -3.08%
   -0.1333333333333364123518550E-01,    0.9689975395739627295199625E+00,    0.9998222538215427723784501E+00,   -0.3082471424758004285848756E-01,     -3.08%
   -0.1166666666666671403618238E-01,    0.9690234592992292839142010E+00,    0.9998639074126021153432475E+00,   -0.3084044811337283142904653E-01,     -3.08%
   -0.9999999999999786837179272E-02,    0.9690459236215904770261886E+00,    0.9999000099990000833827253E+00,   -0.3085408637740960635653664E-01,     -3.09%
   -0.8333333333333747816595860E-02,    0.9690649325404180336462900E+00,    0.9999305603777515205621285E+00,   -0.3086562783733348691583842E-01,     -3.09%
   -0.6666666666666820617592748E-02,    0.9690804860550837895871723E+00,    0.9999555575307763621850654E+00,   -0.3087507147569257259789310E-01,     -3.09%
   -0.4999999999999893418589636E-02,    0.9690925841649593586168976E+00,    0.9999750006249844558325890E+00,   -0.3088241646002509721569140E-01,     -3.09%
   -0.3333333333332966219586524E-02,    0.9691012268694167985927379E+00,    0.9999888890123442841684209E+00,   -0.3088766214292748557568302E-01,     -3.09%
   -0.1666666666666927199003112E-02,    0.9691064141678276122604530E+00,    0.9999972222299382540455781E+00,   -0.3089080806211064178512515E-01,     -3.09%
    0.0000000000000000000000000E+00,    0.9691081460595637464550123E+00,    0.1000000000000000000000000E+01,   -0.3089185394043625354498772E-01,     -3.09%
    0.1666666666666927199003112E-02,    0.9691064225439968149444780E+00,    0.9999972222299382540455781E+00,   -0.3089079968594143910110006E-01,     -3.09%
    0.3333333333332966219586524E-02,    0.9691012436204987645638198E+00,    0.9999888890123442841684209E+00,   -0.3088764539184551960460112E-01,     -3.09%
    0.4999999999999893418589636E-02,    0.9690926092884412090810997E+00,    0.9999750006249844558325890E+00,   -0.3088239133654324675148928E-01,     -3.09%
    0.6666666666666820617592748E-02,    0.9690805195471960953312873E+00,    0.9999555575307763621850654E+00,   -0.3087503798358026685377808E-01,     -3.09%
    0.8333333333333747816595860E-02,    0.9690649743961349260601423E+00,    0.9999305603777515205621285E+00,   -0.3086558598161659450198613E-01,     -3.09%
    0.9999999999999786837179272E-02,    0.9690459738346298701472392E+00,    0.9999000099990000833827253E+00,   -0.3085403616437021323548606E-01,     -3.09%
    0.1166666666666671403618238E-01,    0.9690235178620520972714303E+00,    0.9998639074126021153432475E+00,   -0.3084038955055001807181725E-01,     -3.08%
    0.1333333333333364123518550E-01,    0.9689976064777739983568949E+00,    0.9998222538215427723784501E+00,   -0.3082464734376877402155515E-01,     -3.08%
    0.1499999999999968025576891E-01,    0.9689682396811670761493929E+00,    0.9997750506136120485223273E+00,   -0.3080681093244497237293444E-01,     -3.08%
    0.1666666666666660745477202E-01,    0.9689354174716031664615912E+00,    0.9997222993612885355574349E+00,   -0.3078688188968536909584373E-01,     -3.08%
    0.1833333333333353465377513E-01,    0.9688991398484538830615520E+00,    0.9996640018216099710102185E+00,   -0.3076486197315608794866648E-01,     -3.08%
    0.1999999999999957367435854E-01,    0.9688594068110911727842449E+00,    0.9996001599360255784887386E+00,   -0.3074075312493440570449366E-01,     -3.08%
    0.2166666666666650087336166E-01,    0.9688162183588867604200345E+00,    0.9995307758302353073887048E+00,   -0.3071455747134854696867023E-01,     -3.07%
    0.2333333333333342807236477E-01,    0.9687695744912123707592855E+00,    0.9994558518140123082318382E+00,   -0.3068627732279993747255276E-01,     -3.07%
    0.2500000000000035527136788E-01,    0.9687194752074398396146648E+00,    0.9993753903810117522610312E+00,   -0.3065591517357191264636640E-01,     -3.07%
    0.2666666666666639429195129E-01,    0.9686659205069407807542348E+00,    0.9992893942085627756455324E+00,   -0.3062347370162199489129762E-01,     -3.06%
    0.2833333333333332149095440E-01,    0.9686089103890871410129648E+00,    0.9991978661574458797645093E+00,   -0.3058895576835873875154448E-01,     -3.06%
    0.3000000000000024868995752E-01,    0.9685484448532508672258245E+00,    0.9991008092716553434797788E+00,   -0.3055236441840447625395427E-01,     -3.06%
    0.3166666666666628771054093E-01,    0.9684845238988032400939687E+00,    0.9989982267781475355761245E+00,   -0.3051370287934429548215576E-01,     -3.05%
    0.3333333333333321490954404E-01,    0.9684171475251163174746694E+00,    0.9988901220865705754548003E+00,   -0.3047297456145425798013093E-01,     -3.05%
    0.3500000000000014210854715E-01,    0.9683463157315620462028960E+00,    0.9987764987889834467083006E+00,   -0.3043018305742140050540456E-01,     -3.05%
    0.3666666666666706930755026E-01,    0.9682720285175117069798034E+00,    0.9986573606595577912159456E+00,   -0.3038533214204608423614218E-01,     -3.04%
    0.3833333333333310832813368E-01,    0.9681942858823375797072686E+00,    0.9985327116542634939833079E+00,   -0.3033842577192591427603929E-01,     -3.04%
    0.4000000000000003552713679E-01,    0.9681130878254111671310511E+00,    0.9984025559105430547290894E+00,   -0.3028946808513188759803825E-01,     -3.03%
    0.4166666666666696272613990E-01,    0.9680284343461043050638182E+00,    0.9982668977469669746582781E+00,   -0.3023846340086266959445993E-01,     -3.03%
    0.4333333333333300174672331E-01,    0.9679403254437887182959344E+00,    0.9981257416628775969158482E+00,   -0.3018541621908887861991388E-01,     -3.02%
    0.4499999999999992894572642E-01,    0.9678487611178361316177643E+00,    0.9979790923380156275612762E+00,   -0.3013033122017949594351194E-01,     -3.02%
    0.4666666666666685614472954E-01,    0.9677537413676184918642775E+00,    0.9978269546321344440897860E+00,   -0.3007321326451595222550850E-01,     -3.01%
    0.4833333333333289516531295E-01,    0.9676552661925075238258387E+00,    0.9976693335845981946974348E+00,   -0.3001406739209067087159610E-01,     -3.01%
    0.4999999999999982236431606E-01,    0.9675533355918749522928124E+00,    0.9975062344139651315799711E+00,   -0.2995289882209017928715866E-01,     -3.00%
    0.5166666666666674956331917E-01,    0.9674479495650925020555633E+00,    0.9973376625175573995107925E+00,   -0.2988971295246489745522922E-01,     -3.00%
    0.5333333333333367676232228E-01,    0.9673391081115318979044559E+00,    0.9971636234710158364080712E+00,   -0.2982451535948393850361526E-01,     -2.99%
    0.5499999999999971578290570E-01,    0.9672268112305651976967624E+00,    0.9969841230278406740694663E+00,   -0.2975731179727547637270391E-01,     -2.98%
    0.5666666666666664298190881E-01,    0.9671110589215639041782424E+00,    0.9967991671189182500967263E+00,   -0.2968810819735434591848389E-01,     -2.98%
    0.5833333333333357018091192E-01,    0.9669918511838998531615630E+00,    0.9966087618520311774972242E+00,   -0.2961691066813132433566125E-01,     -2.97%
    0.5999999999999960920149533E-01,    0.9668691880169448804593912E+00,    0.9964129135113590773897840E+00,   -0.2954372549441419693039279E-01,     -2.97%
    0.6166666666666653640049844E-01,    0.9667430694200707108620918E+00,    0.9962116285569597717852730E+00,   -0.2946855913688906092318120E-01,     -2.96%
    0.6333333333333346359950156E-01,    0.9666134953926490691600293E+00,    0.9960049136242404843599729E+00,   -0.2939141823159141519994364E-01,     -2.95%
    0.6500000000000039079850467E-01,    0.9664804659340517911658708E+00,    0.9957927755234133870843038E+00,   -0.2931230958936159591843307E-01,     -2.94%
    0.6666666666666642981908808E-01,    0.9663439810436506016699809E+00,    0.9955752212389380462198574E+00,   -0.2923124019528744454987645E-01,     -2.94%
    0.6833333333333335701809119E-01,    0.9662040407208172254627243E+00,    0.9953522579289484362163876E+00,   -0.2914821720813121075366325E-01,     -2.93%
    0.7000000000000028421709430E-01,    0.9660606449649236093790705E+00,    0.9951238929246689624008582E+00,   -0.2906324795974535302178765E-01,     -2.92%
    0.7166666666666632323767772E-01,    0.9659137937753414782093841E+00,    0.9948901337298156066779597E+00,   -0.2897633995447412846857560E-01,     -2.91%
    0.7333333333333325043668083E-01,    0.9657634871514423346994249E+00,    0.9946509880199815301082822E+00,   -0.2888750086853919540885727E-01,     -2.90%
    0.7500000000000017763568394E-01,    0.9656097250925983477287673E+00,    0.9944064636420136826799876E+00,   -0.2879673854941533495122030E-01,     -2.90%
    0.7666666666666710483468705E-01,    0.9654525075981810200431710E+00,    0.9941565686133724266682066E+00,   -0.2870406101519140662503560E-01,     -2.89%
    0.7833333333333314385527046E-01,    0.9652918346675622984776055E+00,    0.9939013111214796136749783E+00,   -0.2860947645391731519737277E-01,     -2.88%
    0.8000000000000007105427358E-01,    0.9651277063001139078224355E+00,    0.9936406995230524508144754E+00,   -0.2851299322293854299203986E-01,     -2.87%
    0.8166666666666699825327669E-01,    0.9649601224952072398011182E+00,    0.9933747423434262646679827E+00,   -0.2841461984821902486686440E-01,     -2.86%
    0.8333333333333303727386010E-01,    0.9647890832522147963601356E+00,    0.9931034482758620551834383E+00,   -0.2831436502364725882330276E-01,     -2.85%
    0.8499999999999996447286321E-01,    0.9646145885705077471783397E+00,    0.9928268261808433914339389E+00,   -0.2821223761033564425559916E-01,     -2.84%
    0.8666666666666689167186632E-01,    0.9644366384494580390907004E+00,    0.9925448850853587634546216E+00,   -0.2810824663590072436392120E-01,     -2.83%
    0.8833333333333293069244974E-01,    0.9642552328884376189321870E+00,    0.9922576341821731649162075E+00,   -0.2800240129373554598402052E-01,     -2.82%
    0.8999999999999985789145285E-01,    0.9640703718868181004708617E+00,    0.9919650828290844657431080E+00,   -0.2789471094226636527224628E-01,     -2.81%
    0.9166666666666678509045596E-01,    0.9638820554439712084970893E+00,    0.9916672405481716801034509E+00,   -0.2778518510420047160636159E-01,     -2.80%
    0.9333333333333371228945907E-01,    0.9636902835592686678012342E+00,    0.9913641170250264700314347E+00,   -0.2767383346575780223020047E-01,     -2.79%
    0.9499999999999975131004248E-01,    0.9634950562320826472628710E+00,    0.9910557221079754341985790E+00,   -0.2756066587589278693570805E-01,     -2.78%
    0.9666666666666667850904560E-01,    0.9632963734617844275831544E+00,    0.9907420658072897401424939E+00,   -0.2744569234550531255933947E-01,     -2.77%
    0.9833333333333360570804871E-01,    0.9630942352477459555970540E+00,    0.9904231582943812117747484E+00,   -0.2732892304663525617769437E-01,     -2.76%
    0.9999999999999964472863212E-01,    0.9628886415893392891618419E+00,    0.9900990099009900902160553E+00,   -0.2721036831165080105421339E-01,     -2.75%
    0.1016666666666665719276352E+00,    0.9626795924859355979563702E+00,    0.9897696311183572515091100E+00,   -0.2709003863242165355273983E-01,     -2.74%
    0.1033333333333334991266383E+00,    0.9624670879369071618825160E+00,    0.9894350325963874315249313E+00,   -0.2696794465948026964241535E-01,     -2.73%
    0.1050000000000004263256415E+00,    0.9622511279416254836860389E+00,    0.9890952251428005714828373E+00,   -0.2684409720117508779679838E-01,     -2.71%
    0.1066666666666664653462249E+00,    0.9620317124994626212242110E+00,    0.9887502197222710620394537E+00,   -0.2671850722280844081524265E-01,     -2.70%
    0.1083333333333333925452280E+00,    0.9618088416097900772427920E+00,    0.9884000274555562182143831E+00,   -0.2659118584576614097159108E-01,     -2.69%
    0.1100000000000003197442311E+00,    0.9615825152719795765321464E+00,    0.9880446596186147623086526E+00,   -0.2646214434663518577650621E-01,     -2.68%
    0.1116666666666663587648145E+00,    0.9613527334854032879718488E+00,    0.9876841276417120951691686E+00,   -0.2633139415630880719731977E-01,     -2.67%
    0.1133333333333332859638176E+00,    0.9611194962494324922630540E+00,    0.9873184431085172407804862E+00,   -0.2619894685908474851743222E-01,     -2.65%
    0.1150000000000002131628207E+00,    0.9608828035634392472630338E+00,    0.9869476177551875784033086E+00,   -0.2606481419174833114027479E-01,     -2.64%
    0.1166666666666662521834041E+00,    0.9606426554267953887844556E+00,    0.9865716634694438047503695E+00,   -0.2592900804264841596591396E-01,     -2.63%
    0.1183333333333331793824073E+00,    0.9603990518388724195730788E+00,    0.9861905922896332388205565E+00,   -0.2579154045076081924747768E-01,     -2.62%
    0.1200000000000001065814104E+00,    0.9601519927990422864638731E+00,    0.9858044164037854661941651E+00,   -0.2565242360474317973029201E-01,     -2.60%
    0.1216666666666670337804135E+00,    0.9599014783066767142472031E+00,    0.9854131481486548826964622E+00,   -0.2551166984197816844925910E-01,     -2.59%
    0.1233333333333330728009969E+00,    0.9596475083611476497580384E+00,    0.9850168000087557995669840E+00,   -0.2536929164760814980894565E-01,     -2.58%
    0.1250000000000000000000000E+00,    0.9593900829618264847198361E+00,    0.9846153846153846700417489E+00,   -0.2522530165355818532191279E-01,     -2.56%
    0.1266666666666669271990031E+00,    0.9591292021080852769898684E+00,    0.9842089147456365427757419E+00,   -0.2507971263755126578587351E-01,     -2.55%
    0.1283333333333329662195865E+00,    0.9588648657992958623808022E+00,    0.9837974033214094138344308E+00,   -0.2493253752211355145362859E-01,     -2.53%
    0.1299999999999998934185896E+00,    0.9585970740348297436383973E+00,    0.9833808634083981425888510E+00,   -0.2478378937356839895045368E-01,     -2.52%
    0.1316666666666668206175927E+00,    0.9583258268140588675976232E+00,    0.9829593082150822613840546E+00,   -0.2463348140102339378643137E-01,     -2.51%
    0.1333333333333337478165959E+00,    0.9580511241363549590488446E+00,    0.9825327510917029050219185E+00,   -0.2448162695534794597307382E-01,     -2.49%
    0.1349999999999997868371793E+00,    0.9577729660010898538047286E+00,    0.9821012055292298592590328E+00,   -0.2432823952814000545430417E-01,     -2.48%
    0.1366666666666667140361824E+00,    0.9574913524076351656333372E+00,    0.9816646851583207267211151E+00,   -0.2417333275068556108777784E-01,     -2.46%
    0.1383333333333336412351855E+00,    0.9572062833553628413696401E+00,    0.9812232037482725433008568E+00,   -0.2401692039290970193121666E-01,     -2.45%
    0.1399999999999996802557689E+00,    0.9569177588436447168263044E+00,    0.9807767752059632915262455E+00,   -0.2385901636231857469994111E-01,     -2.43%
    0.1416666666666666074547720E+00,    0.9566257788718521837267872E+00,    0.9803254135747838660108755E+00,   -0.2369963470293168228408831E-01,     -2.42%
    0.1433333333333335346537751E+00,    0.9563303434393572999283606E+00,    0.9798691330335659310790675E+00,   -0.2353878959420863115070688E-01,     -2.40%
    0.1449999999999995736743585E+00,    0.9560314525455320122659941E+00,    0.9794079478954973438931120E+00,   -0.2337649534996533162711785E-01,     -2.39%
    0.1466666666666665008733617E+00,    0.9557291061897477124631450E+00,    0.9789418726070310272646680E+00,   -0.2321276641728331480152292E-01,     -2.37%
    0.1483333333333334280723648E+00,    0.9554233043713762363324804E+00,    0.9784709217467879582841306E+00,   -0.2304761737541172195165018E-01,     -2.36%
    0.1500000000000003552713679E+00,    0.9551140470897895307089698E+00,    0.9779951100244497208535677E+00,   -0.2288106293466019014459789E-01,     -2.34%
    0.1516666666666663942919513E+00,    0.9548013343443594314052802E+00,    0.9775144522796452850599280E+00,   -0.2271311793528585365464778E-01,     -2.32%
    0.1533333333333333214909544E+00,    0.9544851661344574411671715E+00,    0.9770289634808285716971454E+00,   -0.2254379734637113052997393E-01,     -2.31%
    0.1550000000000002486899575E+00,    0.9541655424594555068296131E+00,    0.9765386587241520199853539E+00,   -0.2237311626469651315574083E-01,     -2.29%
    0.1566666666666662877105409E+00,    0.9538424633187254642052721E+00,    0.9760435532323310514613013E+00,   -0.2220108991360558725602914E-01,     -2.27%
    0.1583333333333332149095440E+00,    0.9535159287116387050176058E+00,    0.9755436623534992079953554E+00,   -0.2202773364186050297774955E-01,     -2.26%
    0.1600000000000001421085472E+00,    0.9531859386375673981461887E+00,    0.9750390015600622906077888E+00,   -0.2185306292249489246160010E-01,     -2.24%
    0.1616666666666670693075503E+00,    0.9528524930958831573590828E+00,    0.9745295864475418401440265E+00,   -0.2167709335165868278494372E-01,     -2.22%
    0.1633333333333331083281337E+00,    0.9525155920859579294912578E+00,    0.9740154327334119566117465E+00,   -0.2149984064745402712048872E-01,     -2.21%
    0.1650000000000000355271368E+00,    0.9521752356071632172884733E+00,    0.9734965562559322327373934E+00,   -0.2132132064876901544892007E-01,     -2.19%
    0.1666666666666669627261399E+00,    0.9518314236588706345187916E+00,    0.9729729729729728049392179E+00,   -0.2114154931410217042042632E-01,     -2.17%
    0.1683333333333330017467233E+00,    0.9514841562404526831286944E+00,    0.9724446989608349634082174E+00,   -0.2096054272038228027952300E-01,     -2.16%
    0.1699999999999999289457264E+00,    0.9511334333512806438193365E+00,    0.9719117504130625473379723E+00,   -0.2077831706178190351863577E-01,     -2.14%
    0.1716666666666668561447295E+00,    0.9507792549907256862695704E+00,    0.9713741436392531181098775E+00,   -0.2059488864852743184030714E-01,     -2.12%
    0.1733333333333328951653129E+00,    0.9504216211581612006042974E+00,    0.9708318950638592514934544E+00,   -0.2041027390569805088915700E-01,     -2.10%
    0.1749999999999998223643161E+00,    0.9500605318529574683239503E+00,    0.9702850212249849448653549E+00,   -0.2022448937202747654140467E-01,     -2.08%
    0.1766666666666667495633192E+00,    0.9496959870744865472858010E+00,    0.9697335387731793598931063E+00,   -0.2003755169869281260730531E-01,     -2.07%
    0.1783333333333336767623223E+00,    0.9493279868221209394363314E+00,    0.9691774644702233487691956E+00,   -0.1984947764810240933286423E-01,     -2.05%
    0.1799999999999997157829057E+00,    0.9489565310952318144543938E+00,    0.9686168151879116505753586E+00,   -0.1966028409267983612096486E-01,     -2.03%
    0.1816666666666666429819088E+00,    0.9485816198931911191749577E+00,    0.9680516079068304247101651E+00,   -0.1946998801363930553520731E-01,     -2.01%
    0.1833333333333335701809119E+00,    0.9482032532153701342991781E+00,    0.9674818597151302324022026E+00,   -0.1927860649976009810302457E-01,     -1.99%
    0.1849999999999996092014953E+00,    0.9478214310611412507512341E+00,    0.9669075878072953544872803E+00,   -0.1908615674615410373604618E-01,     -1.97%
    0.1866666666666665364004984E+00,    0.9474361534298761933214905E+00,    0.9663288094829066698920883E+00,   -0.1889265605303047657059778E-01,     -1.96%
    0.1883333333333334635995016E+00,    0.9470474203209464647557070E+00,    0.9657455421454036459394388E+00,   -0.1869812182445718118373179E-01,     -1.94%
    0.1900000000000003907985047E+00,    0.9466552317337237898442481E+00,    0.9651578033008394452707535E+00,   -0.1850257156711565542650533E-01,     -1.92%
    0.1916666666666664298190881E+00,    0.9462595876675804484889909E+00,    0.9645656105566348115232245E+00,   -0.1830602288905436303423357E-01,     -1.90%
    0.1933333333333333570180912E+00,    0.9458604881218876103687876E+00,    0.9639689816203247385573150E+00,   -0.1810849349843712818852737E-01,     -1.88%
    0.1950000000000002842170943E+00,    0.9454579330960173333409102E+00,    0.9633679342983066939964942E+00,   -0.1791000120228936065558401E-01,     -1.86%
    0.1966666666666663232376777E+00,    0.9450519225893414532180259E+00,    0.9627624864945819593842202E+00,   -0.1771056390524050616619434E-01,     -1.84%
    0.1983333333333332504366808E+00,    0.9446424566012315837681967E+00,    0.9621526562094927514934284E+00,   -0.1751019960826116772523164E-01,     -1.82%
    0.2000000000000001776356839E+00,    0.9442295351310594497817874E+00,    0.9615384615384614530597673E+00,   -0.1730892640740200327797993E-01,     -1.80%
    0.2016666666666671048346871E+00,    0.9438131581781972201383724E+00,    0.9609199206707219609313597E+00,   -0.1710676249252474079298736E-01,     -1.78%
    0.2033333333333331438552705E+00,    0.9433933257420160645168039E+00,    0.9602970518880507011516556E+00,   -0.1690372614603463663485172E-01,     -1.76%
    0.2050000000000000710542736E+00,    0.9429700378218879297520516E+00,    0.9596698735634942023509097E+00,   -0.1669983574160627259885814E-01,     -1.74%
    0.2066666666666669982532767E+00,    0.9425432944171852067682948E+00,    0.9590384041600954478923313E+00,   -0.1649510974291024112403647E-01,     -1.72%
    0.2083333333333330372738601E+00,    0.9421130955272790652443859E+00,    0.9584026622296173414383702E+00,   -0.1628956670233827619398426E-01,     -1.70%
    0.2099999999999999644728632E+00,    0.9416794411515412299706895E+00,    0.9577626664112632859371388E+00,   -0.1608322525972205596644926E-01,     -1.68%
    0.2116666666666668916718663E+00,    0.9412423312893434257375702E+00,    0.9571184354303974295419266E+00,   -0.1587610414105400380435640E-01,     -1.66%
    0.2133333333333329306924497E+00,    0.9408017659400580434692074E+00,    0.9564699880972625800623632E+00,   -0.1566822215720453659315581E-01,     -1.64%
    0.2149999999999998578914528E+00,    0.9403577451030564748890583E+00,    0.9558173433056943446572973E+00,   -0.1545959820263786976823894E-01,     -1.62%
    0.2166666666666667850904560E+00,    0.9399102687777102227428827E+00,    0.9551605200318387112190521E+00,   -0.1525025125412848847616942E-01,     -1.60%
    0.2183333333333337122894591E+00,    0.9394593369633913448879525E+00,    0.9544995373328630794418359E+00,   -0.1504020036947173455388338E-01,     -1.58%
    0.2199999999999997513100425E+00,    0.9390049496594717881592373E+00,    0.9538344143456696233585035E+00,   -0.1482946468619783519926614E-01,     -1.55%
    0.2216666666666666785090456E+00,    0.9385471068653228332578919E+00,    0.9531651702856054342305470E+00,   -0.1461806342028260097265502E-01,     -1.53%
    0.2233333333333336057080487E+00,    0.9380858085803167600857932E+00,    0.9524918244451734405942034E+00,   -0.1440601586485668050841014E-01,     -1.51%
    0.2249999999999996447286321E+00,    0.9376210548038249603663985E+00,    0.9518143961927424401281428E+00,   -0.1419334138891747976174429E-01,     -1.49%
    0.2266666666666665719276352E+00,    0.9371528455352192699123748E+00,    0.9511329049712546890305020E+00,   -0.1398005943603541911812727E-01,     -1.47%
    0.2283333333333334991266383E+00,    0.9366811807738715245363892E+00,    0.9504473702969356008196655E+00,   -0.1376618952306407628327634E-01,     -1.45%
    0.2300000000000004263256415E+00,    0.9362060605191535600511088E+00,    0.9497578117580015577559038E+00,   -0.1355175123884799770479503E-01,     -1.43%
    0.2316666666666664653462249E+00,    0.9357274847704373232915032E+00,    0.9490642490133687214637348E+00,   -0.1333676424293139817223164E-01,     -1.41%
    0.2333333333333333925452280E+00,    0.9352454535270940949587271E+00,    0.9483667017913592900413278E+00,   -0.1312124826426519508260071E-01,     -1.38%
    0.2350000000000003197442311E+00,    0.9347599667884957108654476E+00,    0.9476651898884123070843088E+00,   -0.1290522309991659621886129E-01,     -1.36%
    0.2366666666666663587648145E+00,    0.9342710245540147839804490E+00,    0.9469597331677908069735849E+00,   -0.1268870861377602299313594E-01,     -1.34%
    0.2383333333333332859638176E+00,    0.9337786268230218178487689E+00,    0.9462503515582904034530998E+00,   -0.1247172473526858560433084E-01,     -1.32%
    0.2400000000000002131628207E+00,    0.9332827735948896474837966E+00,    0.9455370650529499876313366E+00,   -0.1225429145806034014754005E-01,     -1.30%
    0.2416666666666662521834041E+00,    0.9327834648689898866535941E+00,    0.9448198937077620929159139E+00,   -0.1203642883877220626231974E-01,     -1.27%
    0.2433333333333331793824073E+00,    0.9322807006446932609478040E+00,    0.9440988576403822607474581E+00,   -0.1181815699568899979965408E-01,     -1.25%
    0.2450000000000001065814104E+00,    0.9317744809213726053798155E+00,    0.9433739770288436243816932E+00,   -0.1159949610747101900187772E-01,     -1.23%
    0.2466666666666670337804135E+00,    0.9312648056983993116730858E+00,    0.9426452721102682730247579E+00,   -0.1138046641186896135167217E-01,     -1.21%
    0.2483333333333330728009969E+00,    0.9307516749751455487071894E+00,    0.9419127631795836119721343E+00,   -0.1116108820443806326494496E-01,     -1.18%
    0.2500000000000000000000000E+00,    0.9302350887509823751386762E+00,    0.9411764705882352810561997E+00,   -0.1094138183725290591752355E-01,     -1.16%
    0.2516666666666669271990031E+00,    0.9297150470252822929140279E+00,    0.9404364147429080666995560E+00,   -0.1072136771762577378552805E-01,     -1.14%
    0.2533333333333329662195865E+00,    0.9291915497974168047790045E+00,    0.9396926161042433722769829E+00,   -0.1050106630682656749797843E-01,     -1.12%
    0.2549999999999998934185896E+00,    0.9286645970667574134793654E+00,    0.9389450951855591309680449E+00,   -0.1028049811880171748867951E-01,     -1.09%
    0.2566666666666668206175927E+00,    0.9281341888326760658500802E+00,    0.9381938725515744925687045E+00,   -0.1005968371889842671862425E-01,     -1.07%
    0.2583333333333337478165959E+00,    0.9276003250945444866815137E+00,    0.9374389688171340662137254E+00,   -0.9838643722589579532211701E-02,     -1.05%
    0.2599999999999997868371793E+00,    0.9270630058517349558755427E+00,    0.9366804046459349386566373E+00,   -0.9617398794199982781094604E-02,     -1.03%
    0.2616666666666667140361824E+00,    0.9265222311036181990218097E+00,    0.9359182007492544697058179E+00,   -0.9395969645636270684008196E-02,     -1.00%
    0.2633333333333336412351855E+00,    0.9259780008495668290890990E+00,    0.9351523778846851930879325E+00,   -0.9174377035118363998833502E-02,     -0.98%
    0.2649999999999996802557689E+00,    0.9254303150889532370015900E+00,    0.9343829568548671637984171E+00,   -0.8952641765913926796827127E-02,     -0.96%
    0.2666666666666666074547720E+00,    0.9248791738211472601705054E+00,    0.9336099585062240802102451E+00,   -0.8730784685076820039739687E-02,     -0.94%
    0.2683333333333335346537751E+00,    0.9243245770455220666761420E+00,    0.9328334037277058454762368E+00,   -0.8508826682183778800094842E-02,     -0.91%
    0.2699999999999995736743585E+00,    0.9237665247614491592642594E+00,    0.9320533134495295746191346E+00,   -0.8286788688080415354875186E-02,     -0.89%
    0.2716666666666665008733617E+00,    0.9232050169683002627252222E+00,    0.9312697086419242653576589E+00,   -0.8064691673624002632436714E-02,     -0.87%
    0.2733333333333334280723648E+00,    0.9226400536654473238940000E+00,    0.9304826103138827964045277E+00,   -0.7842556648435472510527688E-02,     -0.84%
    0.2750000000000003552713679E+00,    0.9220716348522615124494450E+00,    0.9296920395119114832738205E+00,   -0.7620404659649970824375487E-02,     -0.82%
    0.2766666666666663942919513E+00,    0.9214997605281157744272491E+00,    0.9288980173187876276941211E+00,   -0.7398256790671853266871949E-02,     -0.80%
    0.2783333333333333214909544E+00,    0.9209244306923806133724497E+00,    0.9281005648523160678209365E+00,   -0.7176134159935454448486780E-02,     -0.77%
    0.2800000000000002486899575E+00,    0.9203456453444285312315287E+00,    0.9272997032640947212556171E+00,   -0.6954057919666190024088337E-02,     -0.75%
    0.2816666666666662877105409E+00,    0.9197634044836310307502458E+00,    0.9264954537382806831757875E+00,   -0.6732049254649652425541717E-02,     -0.73%
    0.2833333333333332149095440E+00,    0.9191777081093598367189657E+00,    0.9256878374903575457111060E+00,   -0.6510129380997708992140360E-02,     -0.70%
    0.2850000000000001421085472E+00,    0.9185885562209871180172627E+00,    0.9248768757659135975046638E+00,   -0.6288319544926479487401139E-02,     -0.68%
    0.2866666666666670693075503E+00,    0.9179959488178838222793843E+00,    0.9240625898394183579398486E+00,   -0.6066641021534535660464371E-02,     -0.66%
    0.2883333333333331083281337E+00,    0.9173998858994228955410222E+00,    0.9232450010130049955492382E+00,   -0.5845115113582100008216003E-02,     -0.63%
    0.2900000000000000355271368E+00,    0.9168003674649750633918188E+00,    0.9224241306152568542486847E+00,   -0.5623763150281790856865882E-02,     -0.61%
    0.2916666666666669627261399E+00,    0.9161973935139126057336512E+00,    0.9215999999999998637534304E+00,   -0.5402606486087258019779256E-02,     -0.59%
    0.2933333333333330017467233E+00,    0.9155909640456074694014887E+00,    0.9207726305450976145294817E+00,   -0.5181666499490145127992946E-02,     -0.56%
    0.2949999999999999289457264E+00,    0.9149810790594308240741839E+00,    0.9199420436512500964809647E+00,   -0.4960964591819272406780783E-02,     -0.54%
    0.2966666666666668561447295E+00,    0.9143677385547547276090086E+00,    0.9191082607408010973770729E+00,   -0.4740522186046369768064324E-02,     -0.52%
    0.2983333333333328951653129E+00,    0.9137509425309514599078398E+00,    0.9182713032565473776358544E+00,   -0.4520360725595917728014683E-02,     -0.49%
    0.2999999999999998223643161E+00,    0.9131306909873916355380175E+00,    0.9174311926605506206655605E+00,   -0.4300501673158985127543019E-02,     -0.47%
    0.3016666666666667495633192E+00,    0.9125069839234483115575358E+00,    0.9165879504329604854362401E+00,   -0.4080966509512173878704289E-02,     -0.45%
    0.3033333333333336767623223E+00,    0.9118798213384923245783398E+00,    0.9157415980708375480290329E+00,   -0.3861776732345223450693084E-02,     -0.42%
    0.3049999999999997157829057E+00,    0.9112492032318961765469112E+00,    0.9148921570869834596351211E+00,   -0.3642953855087283088209915E-02,     -0.40%
    0.3066666666666666429819088E+00,    0.9106151296030309261197999E+00,    0.9140396490087748793129663E+00,   -0.3424519405743953193166362E-02,     -0.37%
    0.3083333333333335701809119E+00,    0.9099776004512686311542780E+00,    0.9131840953770054003513224E+00,   -0.3206494925736769197044396E-02,     -0.35%
    0.3099999999999996092014953E+00,    0.9093366157759815715522222E+00,    0.9123255177447314734351380E+00,   -0.2988901968749901882915765E-02,     -0.33%
    0.3116666666666665364004984E+00,    0.9086921755765405839255777E+00,    0.9114639376761214384359278E+00,   -0.2771762099580854510350036E-02,     -0.30%
    0.3133333333333334635995016E+00,    0.9080442798523179481762213E+00,    0.9105993767453153253654818E+00,   -0.2555096892997377189260533E-02,     -0.28%
    0.3150000000000003907985047E+00,    0.9073929286026851670499127E+00,    0.9097318565352859875972058E+00,   -0.2338927932600820547293097E-02,     -0.26%
    0.3166666666666664298190881E+00,    0.9067381218270149645377387E+00,    0.9088613986367080066486324E+00,   -0.2123276809693042110893657E-02,     -0.23%
    0.3183333333333333570180912E+00,    0.9060798595246779552070393E+00,    0.9079880246468304827445195E+00,   -0.1908165122152527537480182E-02,     -0.21%
    0.3200000000000002842170943E+00,    0.9054181416950459748704816E+00,    0.9071117561683597063648676E+00,   -0.1693614473313731494386047E-02,     -0.19%
    0.3216666666666663232376777E+00,    0.9047529683374918585414548E+00,    0.9062326148083446053504986E+00,   -0.1479646470852746809043765E-02,     -0.16%
    0.3233333333333332504366808E+00,    0.9040843394513865538542063E+00,    0.9053506221770665218784302E+00,   -0.1266282725679968024223854E-02,     -0.14%
    0.3250000000000001776356839E+00,    0.9034122550361016745767984E+00,    0.9044657998869417570020346E+00,   -0.1053544850840082425236233E-02,     -0.12%
    0.3266666666666671048346871E+00,    0.9027367150910092785665029E+00,    0.9035781695514233380350788E+00,   -0.8414544604140594685759424E-03,     -0.09%
    0.3283333333333331438552705E+00,    0.9020577196154813126582894E+00,    0.9026877527839142212329193E+00,   -0.6300331684329085746298915E-03,     -0.07%
    0.3300000000000000710542736E+00,    0.9013752686088891685756153E+00,    0.9017945711966813826521161E+00,   -0.4193025877922140765008407E-03,     -0.05%
    0.3316666666666669982532767E+00,    0.9006893620706051262203573E+00,    0.9008986463997836757755522E+00,   -0.2092843291785495551948770E-03,     -0.02%
    0.3333333333333330372738601E+00,    0.9000000000000007993605777E+00,    0.9000000000000001332267630E+00,    0.6661338147750939242541790E-15,      0.00%
    0.3349999999999999644728632E+00,    0.8993071847852771583120557E+00,    0.8990986535997662620900428E+00,    0.2085311855108962220128888E-03,      0.02%
    0.3366666666666668916718663E+00,    0.8986109283699735827966038E+00,    0.8981946287961195540816561E+00,    0.4162995738540287149476171E-03,      0.05%
    0.3383333333333329306924497E+00,    0.8979112450864537020578382E+00,    0.8972879471796497696800543E+00,    0.6232979068039323777838945E-03,      0.07%
    0.3399999999999998578914528E+00,    0.8972081492670825886293073E+00,    0.8963786303334528859920738E+00,    0.8295189336297026372335495E-03,      0.09%
    0.3416666666666667850904560E+00,    0.8965016552442270914013989E+00,    0.8954666998320999216076643E+00,    0.1034955412127169793734538E-02,      0.12%
    0.3433333333333337122894591E+00,    0.8957917773502529490414759E+00,    0.8945521772406045402092900E+00,    0.1239600109648408832185851E-02,      0.14%
    0.3449999999999997513100425E+00,    0.8950785299175260112392039E+00,    0.8936350841134025335676938E+00,    0.1443445804123477671510045E-02,      0.16%
    0.3466666666666666785090456E+00,    0.8943619272784124607511558E+00,    0.8927154419933344131621311E+00,    0.1646485285078047589024663E-02,      0.18%
    0.3483333333333336057080487E+00,    0.8936419837652783693116021E+00,    0.8917932724106408803876889E+00,    0.1848711354637488923913224E-02,      0.21%
    0.3499999999999996447286321E+00,    0.8929187137104901417217206E+00,    0.8908685968819600731194441E+00,    0.2050116828530068602276515E-02,      0.23%
    0.3516666666666665719276352E+00,    0.8921921314464124064258499E+00,    0.8899414369093323617931901E+00,    0.2250694537080044632659792E-02,      0.25%
    0.3533333333333334991266383E+00,    0.8914622513054122343589825E+00,    0.8890118139792168028279207E+00,    0.2450437326195431531061786E-02,      0.28%
    0.3550000000000004263256415E+00,    0.8907290876198555862330863E+00,    0.8880797495615103676058766E+00,    0.2649338058345218627209761E-02,      0.30%
    0.3566666666666664653462249E+00,    0.8899926547221083117378271E+00,    0.8871452651085768303929058E+00,    0.2847389613531481344921303E-02,      0.32%
    0.3583333333333333925452280E+00,    0.8892529669445362605628702E+00,    0.8862083820542802081732248E+00,    0.3044584890256052389645447E-02,      0.34%
    0.3600000000000003197442311E+00,    0.8885100386195053934201837E+00,    0.8852691218130310790712656E+00,    0.3240916806474314348918142E-02,      0.37%
    0.3616666666666663587648145E+00,    0.8877638840793828922670627E+00,    0.8843275057788347881526647E+00,    0.3436378300548104114398029E-02,      0.39%
    0.3633333333333332859638176E+00,    0.8870145176565328304363334E+00,    0.8833835553243489790986587E+00,    0.3630962332183851337674696E-02,      0.41%
    0.3650000000000002131628207E+00,    0.8862619536833221678406858E+00,    0.8824372917999513399323064E+00,    0.3824661883370827908379397E-02,      0.43%
    0.3666666666666662521834041E+00,    0.8855062064921173092812978E+00,    0.8814887365328112345252976E+00,    0.4017469959306074756000271E-02,      0.46%
    0.3683333333333331793824073E+00,    0.8847472904152835493363227E+00,    0.8805379108259691056659335E+00,    0.4209379589314443670389210E-02,      0.48%
    0.3700000000000001065814104E+00,    0.8839852197851869597400309E+00,    0.8795848359574280905803789E+00,    0.4400383827758869159652022E-02,      0.50%
    0.3716666666666670337804135E+00,    0.8832200089341936122266929E+00,    0.8786295331792475238330553E+00,    0.4590475754946088393637638E-02,      0.52%
    0.3733333333333330728009969E+00,    0.8824516721946704667089989E+00,    0.8776720237166486526803055E+00,    0.4779648478021814028693370E-02,      0.54%
    0.3750000000000000000000000E+00,    0.8816802238989821516312873E+00,    0.8767123287671232390039222E+00,    0.4967895131858912627365044E-02,      0.57%
    0.3766666666666669271990031E+00,    0.8809056783794950717947358E+00,    0.8757504694995571492555086E+00,    0.5155208879937922539227202E-02,      0.59%
    0.3783333333333329662195865E+00,    0.8801280499685759650674299E+00,    0.8747864670533548325792594E+00,    0.5341582915221132488170497E-02,      0.61%
    0.3799999999999998934185896E+00,    0.8793473529985897929606153E+00,    0.8738203425375743460534750E+00,    0.5527010461015446907140358E-02,      0.63%
    0.3816666666666668206175927E+00,    0.8785636018019031823200748E+00,    0.8728521170300720388723903E+00,    0.5711484771831143447684553E-02,      0.65%
    0.3833333333333337478165959E+00,    0.8777768107108815387462641E+00,    0.8718818115766526766208244E+00,    0.5894999134228862125439719E-02,      0.68%
    0.3849999999999997868371793E+00,    0.8769869940578917111295709E+00,    0.8709094471902285583553294E+00,    0.6077546867663152774241553E-02,      0.70%
    0.3866666666666667140361824E+00,    0.8761941661752991050704509E+00,    0.8699350448499845178673695E+00,    0.6259121325314587203081373E-02,      0.72%
    0.3883333333333336412351855E+00,    0.8753983413954699033254769E+00,    0.8689586255005561366004940E+00,    0.6439715894913766724982906E-02,      0.74%
    0.3899999999999996802557689E+00,    0.8745995340507702886512220E+00,    0.8679802100512110651919784E+00,    0.6619323999559223459243640E-02,      0.76%
    0.3916666666666666074547720E+00,    0.8737977584735658886927467E+00,    0.8669998193750376724864282E+00,    0.6797939098528216206318575E-02,      0.78%
    0.3933333333333335346537751E+00,    0.8729930289962228862066240E+00,    0.8660174743081481274487032E+00,    0.6975554688074758757920790E-02,      0.81%
    0.3949999999999995736743585E+00,    0.8721853599511074639494268E+00,    0.8650331956488832574336811E+00,    0.7152164302224206515745664E-02,      0.83%
    0.3966666666666665008733617E+00,    0.8713747656705853605885181E+00,    0.8640470041570262882402176E+00,    0.7327761513559072348300560E-02,      0.85%
    0.3983333333333334280723648E+00,    0.8705612604870222037689587E+00,    0.8630589205530289076406802E+00,    0.7502339933993296128278416E-02,      0.87%
    0.4000000000000003552713679E+00,    0.8697448587327846203365311E+00,    0.8620689655172411036687663E+00,    0.7675893215543516667764834E-02,      0.89%
    0.4016666666666663942919513E+00,    0.8689255747402390150924134E+00,    0.8610771596891513279814490E+00,    0.7848415051087687110964453E-02,      0.91%
    0.4033333333333333214909544E+00,    0.8681034228417504605701538E+00,    0.8600835236666316552245348E+00,    0.8019899175118805345618966E-02,      0.93%
    0.4050000000000002486899575E+00,    0.8672784173696850285040227E+00,    0.8590880780051973752975414E+00,    0.8190339364487653206481355E-02,      0.95%
    0.4066666666666662877105409E+00,    0.8664505726564094567621055E+00,    0.8580908432172689170869262E+00,    0.8359729439140539675179298E-02,      0.97%
    0.4083333333333332149095440E+00,    0.8656199030342889289002528E+00,    0.8570918397714423209166057E+00,    0.8528063262846607983647118E-02,      0.99%
    0.4100000000000001421085472E+00,    0.8647864228356898497196426E+00,    0.8560910880917728116301646E+00,    0.8695334743917038089477956E-02,      1.02%
    0.4116666666666670693075503E+00,    0.8639501463929784019768476E+00,    0.8550886085570615913198367E+00,    0.8861537835916810657010956E-02,      1.04%
    0.4133333333333331083281337E+00,    0.8631110880385203243392311E+00,    0.8540844215001519579288924E+00,    0.9026666538368366410338695E-02,      1.06%
    0.4150000000000000355271368E+00,    0.8622692621046814664964586E+00,    0.8530785472072340835936188E+00,    0.9190714897447382902839763E-02,      1.08%
    0.4166666666666669627261399E+00,    0.8614246829238280112051029E+00,    0.8520710059171595629479157E+00,    0.9353677006668448257187265E-02,      1.10%
    0.4183333333333330017467233E+00,    0.8605773648283264742886445E+00,    0.8510618178207619566322251E+00,    0.9515547007564517656419412E-02,      1.12%
    0.4199999999999999289457264E+00,    0.8597273221505418172583290E+00,    0.8500510030601836630737012E+00,    0.9676319090358154184627892E-02,      1.14%
    0.4216666666666668561447295E+00,    0.8588745692228407779822419E+00,    0.8490385817282178892995148E+00,    0.9835987494622888682727080E-02,      1.16%
    0.4233333333333328951653129E+00,    0.8580191203775892061500485E+00,    0.8480245738676518429954854E+00,    0.9994546509937363154563172E-02,      1.18%
    0.4249999999999998223643161E+00,    0.8571609899471530624737170E+00,    0.8470089994706194724827242E+00,    0.1015199047653358999099282E-01,      1.20%
    0.4266666666666667495633192E+00,    0.8563001922638979745983079E+00,    0.8459918784779666411921539E+00,    0.1030831378593133340615395E-01,      1.22%
    0.4283333333333336767623223E+00,    0.8554367416601906803919064E+00,    0.8449732307786191887188920E+00,    0.1046351088157149167301441E-01,      1.24%
    0.4299999999999997157829057E+00,    0.8545706524683970295441782E+00,    0.8439530762089628712629974E+00,    0.1061757625943415828118077E-01,      1.26%
    0.4316666666666666429819088E+00,    0.8537019390208823166332763E+00,    0.8429314345522278539846184E+00,    0.1077050446865446264865795E-01,      1.28%
    0.4333333333333335701809119E+00,    0.8528306156500132795272862E+00,    0.8419083255378856378570163E+00,    0.1092229011212764167026990E-01,      1.30%
    0.4349999999999996092014953E+00,    0.8519566966881557679158732E+00,    0.8408837688410520927462244E+00,    0.1107292784710367516964880E-01,      1.32%
    0.4366666666666665364004984E+00,    0.8510801964676755204664005E+00,    0.8398577840818954864943180E+00,    0.1122241238578003397208249E-01,      1.34%
    0.4383333333333334635995016E+00,    0.8502011293209386089131385E+00,    0.8388303908250595020135165E+00,    0.1137073849587910689962200E-01,      1.36%
    0.4400000000000003907985047E+00,    0.8493195095803109939680553E+00,    0.8378016085790881417594278E+00,    0.1151790100122285220862750E-01,      1.37%
    0.4416666666666664298190881E+00,    0.8484353515781593024769336E+00,    0.8367714567958627336352606E+00,    0.1166389478229656884167298E-01,      1.39%
    0.4433333333333333570180912E+00,    0.8475486696468487179956242E+00,    0.8357399548700424896097161E+00,    0.1180871477680622838590807E-01,      1.41%
    0.4450000000000002842170943E+00,    0.8466594781187454232806999E+00,    0.8347071221385193862118967E+00,    0.1195235598022603706880318E-01,      1.43%
    0.4466666666666663232376777E+00,    0.8457677913262162672225486E+00,    0.8336729778798772638737091E+00,    0.1209481344633900334883947E-01,      1.45%
    0.4483333333333332504366808E+00,    0.8448736236016258782655086E+00,    0.8326375413138559222758772E+00,    0.1223608228776995598963140E-01,      1.47%
    0.4500000000000001776356839E+00,    0.8439769892773411052999677E+00,    0.8316008316008315359724179E+00,    0.1237615767650956932754980E-01,      1.49%
    0.4516666666666671048346871E+00,    0.8430779026857275759709864E+00,    0.8305628678412976251266286E+00,    0.1251503484442995084435779E-01,      1.51%
    0.4533333333333331438552705E+00,    0.8421763781591522501912550E+00,    0.8295236690753576835888339E+00,    0.1265270908379456660242113E-01,      1.53%
    0.4550000000000000710542736E+00,    0.8412724300299795343605069E+00,    0.8284832542822228029777420E+00,    0.1278917574775673138276488E-01,      1.54%
    0.4566666666666669982532767E+00,    0.8403660726305766104360373E+00,    0.8274416423797220643265860E+00,    0.1292443025085454610945135E-01,      1.56%
    0.4583333333333330372738601E+00,    0.8394573202933094391298141E+00,    0.8263988522238164824429418E+00,    0.1305846806949295668687228E-01,      1.58%
    0.4599999999999999644728632E+00,    0.8385461873505433150199906E+00,    0.8253549026081214989858381E+00,    0.1319128474242181603415247E-01,      1.60%
    0.4616666666666668916718663E+00,    0.8376326881346444208631397E+00,    0.8243098122634400226615981E+00,    0.1332287587120439820154161E-01,      1.62%
    0.4633333333333329306924497E+00,    0.8367168369779799386165564E+00,    0.8232635998573013536017129E+00,    0.1345323712067858501484352E-01,      1.63%
    0.4649999999999998578914528E+00,    0.8357986482129138305907645E+00,    0.8222162839935045486328136E+00,    0.1358236421940928195795095E-01,      1.65%
    0.4666666666666667850904560E+00,    0.8348781361718137228322689E+00,    0.8211678832116787729589191E+00,    0.1371025296013494987334980E-01,      1.67%
    0.4683333333333337122894591E+00,    0.8339553151870447988969204E+00,    0.8201184159868414313976359E+00,    0.1383689920020336749928447E-01,      1.69%
    0.4699999999999997513100425E+00,    0.8330301995909739076751066E+00,    0.8190679007289705104710720E+00,    0.1396229886200339720403463E-01,      1.70%
    0.4716666666666666785090456E+00,    0.8321028037159658996557710E+00,    0.8180163557825803621881278E+00,    0.1408644793338553746764319E-01,      1.72%
    0.4733333333333336057080487E+00,    0.8311731418943874016846962E+00,    0.8169637994263097002800578E+00,    0.1420934246807770140463845E-01,      1.74%
    0.4749999999999996447286321E+00,    0.8302412284586049295853627E+00,    0.8159102498725141483504331E+00,    0.1433097858609078123492964E-01,      1.76%
    0.4766666666666665719276352E+00,    0.8293070777409832228244113E+00,    0.8148557252668653383409492E+00,    0.1445135247411788448346215E-01,      1.77%
    0.4783333333333334991266383E+00,    0.8283707040738892413145322E+00,    0.8138002436879617773612949E+00,    0.1457046038592746395323729E-01,      1.79%
    0.4800000000000004263256415E+00,    0.8274321217896885016784836E+00,    0.8127438231469438223442125E+00,    0.1468829864274467933427104E-01,      1.81%
    0.4816666666666664653462249E+00,    0.8264913452207478528066531E+00,    0.8116864815871177585293594E+00,    0.1480486363363009427729367E-01,      1.82%
    0.4833333333333333925452280E+00,    0.8255483886994321451879841E+00,    0.8106282368835847629284785E+00,    0.1492015181584738225950559E-01,      1.84%
    0.4850000000000003197442311E+00,    0.8246032665581080056682595E+00,    0.8095691068428827463776543E+00,    0.1503415971522525929060521E-01,      1.86%
    0.4866666666666663587648145E+00,    0.8236559931291415059817496E+00,    0.8085091092026305270579201E+00,    0.1514688392651097892382950E-01,      1.87%
    0.4883333333333332859638176E+00,    0.8227065827448984958181200E+00,    0.8074482616311801086439459E+00,    0.1525832111371838717417404E-01,      1.89%
    0.4900000000000002131628207E+00,    0.8217550497377447138447337E+00,    0.8063865817272799496606694E+00,    0.1536846801046476418406428E-01,      1.91%
    0.4916666666666662521834041E+00,    0.8208014084400470089519786E+00,    0.8053240870197418965759084E+00,    0.1547732142030511237607016E-01,      1.92%
    0.4933333333333331793824073E+00,    0.8198456731841702316287979E+00,    0.8042607949671147782311209E+00,    0.1558487821705545339767696E-01,      1.94%
    0.4950000000000001065814104E+00,    0.8188878583024806756540670E+00,    0.8031967229573703237477389E+00,    0.1569113534511035190632811E-01,      1.95%
    0.4966666666666670337804135E+00,    0.8179279781273449678735687E+00,    0.8021318883075905237234338E+00,    0.1579608981975444415013499E-01,      1.97%
    0.4983333333333330728009969E+00,    0.8169660469911291800215736E+00,    0.8010663082636666487701405E+00,    0.1589973872746253125143312E-01,      1.98%
    0.5000000000000000000000000E+00,    0.8160020792261981625870249E+00,    0.8000000000000000444089210E+00,    0.1600207922619811817810387E-01,      2.00%
    0.5016666666666669271990031E+00,    0.8150360891649186534380078E+00,    0.7989329806192172478418456E+00,    0.1610310854570140559616220E-01,      2.02%
    0.5033333333333329662195865E+00,    0.8140680911396573904426077E+00,    0.7978652671518871031253184E+00,    0.1620282398777028731728933E-01,      2.03%
    0.5049999999999998934185896E+00,    0.8130980994827790020451630E+00,    0.7967968765562439825700380E+00,    0.1630122292653501947512495E-01,      2.05%
    0.5066666666666668206175927E+00,    0.8121261285266501150914564E+00,    0.7957278257179232205942299E+00,    0.1639830280872689449722657E-01,      2.06%
    0.5083333333333337478165959E+00,    0.8111521926036365792711536E+00,    0.7946581314496989900675317E+00,    0.1649406115393758920362188E-01,      2.08%
    0.5099999999999997868371793E+00,    0.8101763060461051324523396E+00,    0.7935878104912309494167744E+00,    0.1658849555487418303556524E-01,      2.09%
    0.5116666666666667140361824E+00,    0.8091984831864208471685629E+00,    0.7925168795088156636907684E+00,    0.1668160367760518347779453E-01,      2.10%
    0.5133333333333336412351855E+00,    0.8082187383569497951540939E+00,    0.7914453550951491278553362E+00,    0.1677338326180066729875762E-01,      2.12%
    0.5149999999999996802557689E+00,    0.8072370858900590473439252E+00,    0.7903732537690927317797218E+00,    0.1686383212096631556420334E-01,      2.13%
    0.5166666666666666074547720E+00,    0.8062535401181131211600928E+00,    0.7893005919754439991820050E+00,    0.1695294814266912197808779E-01,      2.15%
    0.5183333333333335346537751E+00,    0.8052681153734786434483794E+00,    0.7882273860847212043623244E+00,    0.1704072928875743908605500E-01,      2.16%
    0.5199999999999995736743585E+00,    0.8042808259885222410545680E+00,    0.7871536523929474338245882E+00,    0.1712717359557480722997980E-01,      2.18%
    0.5216666666666665008733617E+00,    0.8032916862956087644676018E+00,    0.7860794071214428635485660E+00,    0.1721227917416590091903572E-01,      2.19%
    0.5233333333333334280723648E+00,    0.8023007106271048405332635E+00,    0.7850046664166280274699261E+00,    0.1729604421047681306333743E-01,      2.20%
    0.5250000000000003552713679E+00,    0.8013079133153765409858238E+00,    0.7839294463498281961832959E+00,    0.1737846696554834480252794E-01,      2.22%
    0.5266666666666663942919513E+00,    0.8003133086927901596041579E+00,    0.7828537629170873035633349E+00,    0.1745954577570285604082301E-01,      2.23%
    0.5283333333333333214909544E+00,    0.7993169110917108799441166E+00,    0.7817776320389846489433694E+00,    0.1753927905272623100074725E-01,      2.24%
    0.5300000000000002486899575E+00,    0.7983187348445048847622729E+00,    0.7807010695604650329926244E+00,    0.1761766528403985176964852E-01,      2.26%
    0.5316666666666662877105409E+00,    0.7973187942835391339713169E+00,    0.7796240912506688935934562E+00,    0.1769470303287024037786068E-01,      2.27%
    0.5333333333333332149095440E+00,    0.7963171037411783670378895E+00,    0.7785467128027682148783128E+00,    0.1777039093841015215957668E-01,      2.28%
    0.5350000000000001421085472E+00,    0.7953136775497889887631686E+00,    0.7774689498338158699652922E+00,    0.1784472771597311879787640E-01,      2.30%
    0.5366666666666670693075503E+00,    0.7943085300417371819037271E+00,    0.7763908178845936314260712E+00,    0.1791771215714355047765594E-01,      2.31%
    0.5383333333333331083281337E+00,    0.7933016755493894622830453E+00,    0.7753123324194699517164509E+00,    0.1798934312991951056659445E-01,      2.32%
    0.5400000000000000355271368E+00,    0.7922931284051106803900666E+00,    0.7742335088262619624543959E+00,    0.1805961957884871793567072E-01,      2.33%
    0.5416666666666669627261399E+00,    0.7912829029412673520482713E+00,    0.7731543624161071326383876E+00,    0.1812854052516021940988367E-01,      2.34%
    0.5433333333333330017467233E+00,    0.7902710134902263261480471E+00,    0.7720749084233374803787342E+00,    0.1819610506688884576931287E-01,      2.36%
    0.5449999999999999289457264E+00,    0.7892574743843521201114299E+00,    0.7709951620053584475655839E+00,    0.1826231237899367254584604E-01,      2.37%
    0.5466666666666668561447295E+00,    0.7882422999560115828288076E+00,    0.7699151382425402090348143E+00,    0.1832716171347137379399328E-01,      2.38%
    0.5483333333333328951653129E+00,    0.7872255045375708970567530E+00,    0.7688348521381086486670142E+00,    0.1839065239946224838973876E-01,      2.39%
    0.5499999999999998223643161E+00,    0.7862071024613953573734193E+00,    0.7677543186180423306907983E+00,    0.1845278384335302668262102E-01,      2.40%
    0.5516666666666667495633192E+00,    0.7851871080598512575576819E+00,    0.7666735525309810173055780E+00,    0.1851355552887024025210394E-01,      2.41%
    0.5533333333333336767623223E+00,    0.7841655356653047803661138E+00,    0.7655925686481334091482154E+00,    0.1857296701717137121789847E-01,      2.43%
    0.5549999999999997157829057E+00,    0.7831423996101225526444978E+00,    0.7645113816631946557222932E+00,    0.1863101794692789692220458E-01,      2.44%
    0.5566666666666666429819088E+00,    0.7821177142266688697702648E+00,    0.7634300061922656421842248E+00,    0.1868770803440322758603997E-01,      2.45%
    0.5583333333333335701809119E+00,    0.7810914938473111357453149E+00,    0.7623484567737834893819127E+00,    0.1874303707352764636340225E-01,      2.46%
    0.5599999999999996092014953E+00,    0.7800637528044153112816161E+00,    0.7612667478684532751387337E+00,    0.1879700493596203614288243E-01,      2.47%
    0.5616666666666665364004984E+00,    0.7790345054303464689127168E+00,    0.7601848938591841964296236E+00,    0.1884961157116227248309315E-01,      2.48%
    0.5633333333333334635995016E+00,    0.7780037660574711244620971E+00,    0.7591029090510369448097094E+00,    0.1890085700643417965238768E-01,      2.49%
    0.5650000000000003907985047E+00,    0.7769715490181554606863301E+00,    0.7580208076711704157091276E+00,    0.1895074134698504497720251E-01,      2.50%
    0.5666666666666664298190881E+00,    0.7759378686447658823865936E+00,    0.7569386038687974105343415E+00,    0.1899926477596847185225215E-01,      2.51%
    0.5683333333333333570180912E+00,    0.7749027392696671290295285E+00,    0.7558563117151430033047177E+00,    0.1904642755452412572481080E-01,      2.52%
    0.5700000000000002842170943E+00,    0.7738661752252261605278250E+00,    0.7547739452034113449840902E+00,    0.1909223002181481554373477E-01,      2.53%
    0.5716666666666663232376777E+00,    0.7728281908438090486157535E+00,    0.7536915182487561315483049E+00,    0.1913667259505291706744856E-01,      2.54%
    0.5733333333333332504366808E+00,    0.7717888004577811988937697E+00,    0.7526090446882527373873017E+00,    0.1917975576952846150646792E-01,      2.55%
    0.5750000000000001776356839E+00,    0.7707480183995086830961441E+00,    0.7515265382808828942273749E+00,    0.1922148011862578886876918E-01,      2.56%
    0.5766666666666671048346871E+00,    0.7697058590013577950017520E+00,    0.7504440127075183708527106E+00,    0.1926184629383942414904141E-01,      2.57%
    0.5783333333333331438552705E+00,    0.7686623365956950504340739E+00,    0.7493614815709115362096782E+00,    0.1930085502478351422439573E-01,      2.58%
    0.5800000000000000710542736E+00,    0.7676174655148852998820530E+00,    0.7482789583956899193140089E+00,    0.1933850711919538056804413E-01,      2.58%
    0.5816666666666669982532767E+00,    0.7665712600912950591691697E+00,    0.7471964566283588737860555E+00,    0.1937480346293618538311421E-01,      2.59%
    0.5833333333333330372738601E+00,    0.7655237346572908441189043E+00,    0.7461139896373059077205880E+00,    0.1940974501998493639831622E-01,      2.60%
    0.5849999999999999644728632E+00,    0.7644749035452379493094099E+00,    0.7450315707128088993371762E+00,    0.1944333283242904997223377E-01,      2.61%
    0.5866666666666668916718663E+00,    0.7634247810875023354526547E+00,    0.7439492130670545266823979E+00,    0.1947556802044780877025687E-01,      2.62%
    0.5883333333333329306924497E+00,    0.7623733816164508514390263E+00,    0.7428669298341552540421162E+00,    0.1950645178229559739691013E-01,      2.63%
    0.5899999999999998578914528E+00,    0.7613207194644485698020731E+00,    0.7417847340701728686696015E+00,    0.1953598539427570113247157E-01,      2.63%
    0.5916666666666667850904560E+00,    0.7602668089638616732983678E+00,    0.7407026387531504552086403E+00,    0.1956417021071121808972748E-01,      2.64%
    0.5933333333333337122894591E+00,    0.7592116644470563446844835E+00,    0.7396206567831430378490154E+00,    0.1959100766391330683546812E-01,      2.65%
    0.5949999999999997513100425E+00,    0.7581553002463993218285054E+00,    0.7385388009822568822215771E+00,    0.1961649926414243960692829E-01,      2.66%
    0.5966666666666666785090456E+00,    0.7570977306942552331747720E+00,    0.7374570840946895744494327E+00,    0.1964064659956565872533929E-01,      2.66%
    0.5983333333333336057080487E+00,    0.7560389701229908165913685E+00,    0.7363755187867802032286590E+00,    0.1966345133621061336270941E-01,      2.67%
    0.5999999999999996447286321E+00,    0.7549790328649723658571702E+00,    0.7352941176470589867975036E+00,    0.1968491521791337905966657E-01,      2.68%
    0.6016666666666665719276352E+00,    0.7539179332525649535057255E+00,    0.7342128931863004526192640E+00,    0.1970504006626450088646152E-01,      2.68%
    0.6033333333333334991266383E+00,    0.7528556856181350953605147E+00,    0.7331318578375867200946914E+00,    0.1972382778054837526582332E-01,      2.69%
    0.6050000000000004263256415E+00,    0.7517923042940489741781107E+00,    0.7320510239563694510067648E+00,    0.1974128033767952317134586E-01,      2.70%
    0.6066666666666664653462249E+00,    0.7507278036126728837373889E+00,    0.7309704038205387943705205E+00,    0.1975739979213408936686847E-01,      2.70%
    0.6083333333333333925452280E+00,    0.7496621979063717855495952E+00,    0.7298900096304931084389978E+00,    0.1977218827587867711059744E-01,      2.71%
    0.6100000000000003197442311E+00,    0.7485955015075123064605123E+00,    0.7288098535092192298279201E+00,    0.1978564799829307663259215E-01,      2.71%
    0.6116666666666663587648145E+00,    0.7475277287484609622936205E+00,    0.7277299475023703001497211E+00,    0.1979778124609066214389941E-01,      2.72%
    0.6133333333333332859638176E+00,    0.7464588939615827145601656E+00,    0.7266503035783490327403911E+00,    0.1980859038323368181977457E-01,      2.73%
    0.6150000000000002131628207E+00,    0.7453890114792440790836281E+00,    0.7255709336283987509474969E+00,    0.1981807785084532813613123E-01,      2.73%
    0.6166666666666662521834041E+00,    0.7443180956338113496428832E+00,    0.7244918494666937602843859E+00,    0.1982624616711758935849730E-01,      2.74%
    0.6183333333333331793824073E+00,    0.7432461607576499318383867E+00,    0.7234130628304340504541869E+00,    0.1983309792721588138419975E-01,      2.74%
    0.6200000000000001065814104E+00,    0.7421732211831260084267115E+00,    0.7223345853799479909795878E+00,    0.1983863580317801744712369E-01,      2.75%
    0.6216666666666670337804135E+00,    0.7410992912426056511421280E+00,    0.7212564286987930284311688E+00,    0.1984286254381262271095920E-01,      2.75%
    0.6233333333333330728009969E+00,    0.7400243852684553758081165E+00,    0.7201786042938650433953285E+00,    0.1984578097459033241278803E-01,      2.76%
    0.6250000000000000000000000E+00,    0.7389485175930403659805279E+00,    0.7191011235955055980184625E+00,    0.1984739399753476796206542E-01,      2.76%
    0.6266666666666669271990031E+00,    0.7378717025487266933936326E+00,    0.7180239979576203968036907E+00,    0.1984770459110629658994185E-01,      2.76%
    0.6283333333333329662195865E+00,    0.7367939544678813179601207E+00,    0.7169472386577953049169309E+00,    0.1984671581008601304318972E-01,      2.77%
    0.6299999999999998934185896E+00,    0.7357152876828689791466331E+00,    0.7158708568974158081843484E+00,    0.1984443078545317096228473E-01,      2.77%
    0.6316666666666668206175927E+00,    0.7346357165260561927766503E+00,    0.7147948638017952438517000E+00,    0.1984085272426094892495030E-01,      2.78%
    0.6333333333333337478165959E+00,    0.7335552553298090305844426E+00,    0.7137192704203010329422341E+00,    0.1983598490950799764220847E-01,      2.78%
    0.6349999999999997868371793E+00,    0.7324739184264940083934903E+00,    0.7126440877264873519081334E+00,    0.1982983070000665648535687E-01,      2.78%
    0.6366666666666667140361824E+00,    0.7313917201484761987373417E+00,    0.7115693266182272491704452E+00,    0.1982239353024894956689650E-01,      2.79%
    0.6383333333333336412351855E+00,    0.7303086748281218953948724E+00,    0.7104949979178547536662336E+00,    0.1981367691026714172863876E-01,      2.79%
    0.6399999999999996802557689E+00,    0.7292247967977977252118649E+00,    0.7094211123723044298827745E+00,    0.1980368442549329532909042E-01,      2.79%
    0.6416666666666666074547720E+00,    0.7281401003898685386772627E+00,    0.7083476806532540415162202E+00,    0.1979241973661449716104244E-01,      2.79%
    0.6433333333333335346537751E+00,    0.7270545999367010736591510E+00,    0.7072747133572757638475537E+00,    0.1977988657942530981159734E-01,      2.80%
    0.6449999999999995736743585E+00,    0.7259683097706619570033126E+00,    0.7062022210059853977170974E+00,    0.1976608876467655928621525E-01,      2.80%
    0.6466666666666665008733617E+00,    0.7248812442241155951094811E+00,    0.7051302140461940259896778E+00,    0.1975103017792156911980328E-01,      2.80%
    0.6483333333333334280723648E+00,    0.7237934176294290589126490E+00,    0.7040587028500686628262883E+00,    0.1973471477936039608636065E-01,      2.80%
    0.6500000000000003552713679E+00,    0.7227048443189680870801794E+00,    0.7029876977152896833089812E+00,    0.1971714660367840377119819E-01,      2.80%
    0.6516666666666663942919513E+00,    0.7216155386250990844132502E+00,    0.7019172088652144703146973E+00,    0.1969832975988461409855290E-01,      2.81%
    0.6533333333333333214909544E+00,    0.7205255148801872344677122E+00,    0.7008472464490406172998860E+00,    0.1967826843114661716782621E-01,      2.81%
    0.6550000000000002486899575E+00,    0.7194347874165992751116505E+00,    0.6997778205419777908247170E+00,    0.1965696687462148428693354E-01,      2.81%
    0.6566666666666662877105409E+00,    0.7183433705667011670570332E+00,    0.6987089411454171505866384E+00,    0.1963442942128401647039482E-01,      2.81%
    0.6583333333333332149095440E+00,    0.7172512786628583159043160E+00,    0.6976406181871034339891935E+00,    0.1961066047575488191512250E-01,      2.81%
    0.6600000000000001421085472E+00,    0.7161585260374370154323742E+00,    0.6965728615213150343166149E+00,    0.1958566451612198111575935E-01,      2.81%
    0.6616666666666670693075503E+00,    0.7150651270228034483977808E+00,    0.6955056809290408592616473E+00,    0.1955944609376258913613356E-01,      2.81%
    0.6633333333333331083281337E+00,    0.7139710959513240196017136E+00,    0.6944390861181628515907960E+00,    0.1953200983316116801091766E-01,      2.81%
    0.6650000000000000355271368E+00,    0.7128764471553635795331161E+00,    0.6933730867236387318541802E+00,    0.1950336043172484767893593E-01,      2.81%
    0.6666666666666669627261399E+00,    0.7117811949672888660600734E+00,    0.6923076923076920685673485E+00,    0.1947350265959679749272482E-01,      2.81%
    0.6683333333333330017467233E+00,    0.7106853537194663950060658E+00,    0.6912429123599995728355339E+00,    0.1944244135946682217053194E-01,      2.81%
    0.6699999999999999289457264E+00,    0.7095889377442606837931294E+00,    0.6901787562978811685354685E+00,    0.1941018144637951525766084E-01,      2.81%
    0.6716666666666668561447295E+00,    0.7084919613740389143785592E+00,    0.6891152334664982781475828E+00,    0.1937672790754063623097636E-01,      2.81%
    0.6733333333333328951653129E+00,    0.7073944389411674915635331E+00,    0.6880523531390480007630117E+00,    0.1934208580211949080052136E-01,      2.81%
    0.6749999999999998223643161E+00,    0.7062963847780110437923895E+00,    0.6869901245169601766704659E+00,    0.1930626026105086712192360E-01,      2.81%
    0.6766666666666667495633192E+00,    0.7051978132169359758663063E+00,    0.6859285567301023345265776E+00,    0.1926925648683364133972873E-01,      2.81%
    0.6783333333333336767623223E+00,    0.7040987385903088036087638E+00,    0.6848676588369804196787527E+00,    0.1923107975332838393001111E-01,      2.81%
    0.6799999999999997157829057E+00,    0.7029991752304955987540325E+00,    0.6838074398249454066700537E+00,    0.1919173540555019208397880E-01,      2.81%
    0.6816666666666666429819088E+00,    0.7018991374698615448579631E+00,    0.6827479086103994676548723E+00,    0.1915122885946207720309076E-01,      2.81%
    0.6833333333333335701809119E+00,    0.7007986396407733797886408E+00,    0.6816890740390075809074233E+00,    0.1910956560176579888121751E-01,      2.80%
    0.6849999999999996092014953E+00,    0.6996976960755972863026386E+00,    0.6806309448859095834194477E+00,    0.1906675118968770288319092E-01,      2.80%
    0.6866666666666665364004984E+00,    0.6985963211066983369335048E+00,    0.6795735298559304471410769E+00,    0.1902279125076788979242792E-01,      2.80%
    0.6883333333333334635995016E+00,    0.6974945290664428254601148E+00,    0.6785168375838014354073380E+00,    0.1897769148264139005277684E-01,      2.80%
    0.6900000000000003907985047E+00,    0.6963923342871971566836464E+00,    0.6774608766343740429149989E+00,    0.1893145765282311376864754E-01,      2.79%
    0.6916666666666664298190881E+00,    0.6952897511013276243829750E+00,    0.6764056555028419293051911E+00,    0.1888409559848569507778393E-01,      2.79%
    0.6933333333333333570180912E+00,    0.6941867938411991900693465E+00,    0.6753511826149597441215633E+00,    0.1883561122623944594778322E-01,      2.79%
    0.6950000000000002842170943E+00,    0.6930834768391785916108461E+00,    0.6742974663272700563965145E+00,    0.1878601051190853521433155E-01,      2.79%
    0.6966666666666663232376777E+00,    0.6919798144276320117640466E+00,    0.6732445149273272866352613E+00,    0.1873529950030472512878532E-01,      2.78%
    0.6983333333333332504366808E+00,    0.6908758209389245230624965E+00,    0.6721923366339223049337193E+00,    0.1868348430500221812877726E-01,      2.78%
    0.7000000000000001776356839E+00,    0.6897715107054227523519785E+00,    0.6711409395973153557690694E+00,    0.1863057110810739658290913E-01,      2.78%
    0.7016666666666671048346871E+00,    0.6886668980594927713667630E+00,    0.6700903318994638757644111E+00,    0.1857656616002889560235189E-01,      2.77%
    0.7033333333333331438552705E+00,    0.6875619973335009849080279E+00,    0.6690405215542555295016314E+00,    0.1852147577924545540639656E-01,      2.77%
    0.7050000000000000710542736E+00,    0.6864568228598121324424142E+00,    0.6679915165077403571558534E+00,    0.1846530635207177528656075E-01,      2.76%
    0.7066666666666669982532767E+00,    0.6853513889707930628603094E+00,    0.6669433246383683622227068E+00,    0.1840806433242470063760265E-01,      2.76%
    0.7083333333333330372738601E+00,    0.6842457099988101809628915E+00,    0.6658959537572256559556649E+00,    0.1834975624158452500722660E-01,      2.76%
    0.7099999999999999644728632E+00,    0.6831398002762284482614064E+00,    0.6648494116082707128256857E+00,    0.1829038866795773543572068E-01,      2.75%
    0.7116666666666668916718663E+00,    0.6820336741354143805793342E+00,    0.6638037058685777314082088E+00,    0.1822996826683664917112537E-01,      2.75%
    0.7133333333333329306924497E+00,    0.6809273459087344937401554E+00,    0.6627588441485761094895679E+00,    0.1816850176015838425058746E-01,      2.74%
    0.7149999999999998578914528E+00,    0.6798208299285537492551157E+00,    0.6617148339922911404187289E+00,    0.1810599593626260883638679E-01,      2.74%
    0.7166666666666667850904560E+00,    0.6787141405272387739699980E+00,    0.6606716828775921479532940E+00,    0.1804245764964662601670398E-01,      2.73%
    0.7183333333333337122894591E+00,    0.6776072920371553065521653E+00,    0.6596293982164350699903821E+00,    0.1797789382072023656178317E-01,      2.73%
    0.7199999999999997513100425E+00,    0.6765002987906704179366102E+00,    0.6585879873551107044349351E+00,    0.1791231143555971350167511E-01,      2.72%
    0.7216666666666666785090456E+00,    0.6753931751201482924784614E+00,    0.6575474575744899574658575E+00,    0.1784571754565833501260386E-01,      2.71%
    0.7233333333333336057080487E+00,    0.6742859353579560011127114E+00,    0.6565078160902769743856311E+00,    0.1777811926767902672708033E-01,      2.71%
    0.7249999999999996447286321E+00,    0.6731785938364600596628406E+00,    0.6554690700532571634440160E+00,    0.1770952378320289621882466E-01,      2.70%
    0.7266666666666665719276352E+00,    0.6720711648880249855508850E+00,    0.6544312265495477731747087E+00,    0.1763993833847721237617634E-01,      2.70%
    0.7283333333333334991266383E+00,    0.6709636628450177386895348E+00,    0.6533942926008540208471231E+00,    0.1756937024416371784241164E-01,      2.69%
    0.7300000000000004263256415E+00,    0.6698561020398042797907578E+00,    0.6523582751647202249145607E+00,    0.1749782687508405487619711E-01,      2.68%
    0.7316666666666664653462249E+00,    0.6687484968047507916111272E+00,    0.6513231811347860444882940E+00,    0.1742531566996474712283316E-01,      2.68%
    0.7333333333333333925452280E+00,    0.6676408614722226797510984E+00,    0.6502890173410403873432983E+00,    0.1735184413118229240780011E-01,      2.67%
    0.7350000000000003197442311E+00,    0.6665332103745862379895470E+00,    0.6492557905500817572175265E+00,    0.1727741982450448077202054E-01,      2.66%
    0.7366666666666663587648145E+00,    0.6654255578442079821499533E+00,    0.6482235074653742712413873E+00,    0.1720205037883371090856599E-01,      2.65%
    0.7383333333333332859638176E+00,    0.6643179182134528737435630E+00,    0.6471921747275051206571561E+00,    0.1712574348594775308640692E-01,      2.65%
    0.7400000000000002131628207E+00,    0.6632103058146874285938566E+00,    0.6461617989144480267427184E+00,    0.1704850690023940185113815E-01,      2.64%
    0.7416666666666662521834041E+00,    0.6621027349802783845689191E+00,    0.6451323865418218117540050E+00,    0.1697034843845657281491413E-01,      2.63%
    0.7433333333333331793824073E+00,    0.6609952200425904811353917E+00,    0.6441039440631509682688716E+00,    0.1689127597943951286652009E-01,      2.62%
    0.7450000000000001065814104E+00,    0.6598877753339900120721495E+00,    0.6430764778701306694230766E+00,    0.1681129746385934264907291E-01,      2.61%
    0.7466666666666670337804135E+00,    0.6587804151868434932026730E+00,    0.6420499942928886705217906E+00,    0.1673042089395482268088244E-01,      2.61%
    0.7483333333333330728009969E+00,    0.6576731539335172183058376E+00,    0.6410244996002500972309690E+00,    0.1664865433326712107486856E-01,      2.60%
    0.7500000000000000000000000E+00,    0.6565660059063760378705865E+00,    0.6400000000000000133226763E+00,    0.1656600590637602454791022E-01,      2.59%
    0.7516666666666669271990031E+00,    0.6554589854377864677204002E+00,    0.6389765016391520946470450E+00,    0.1648248379863437307335516E-01,      2.58%
    0.7533333333333329662195865E+00,    0.6543521068601152457233638E+00,    0.6379540106042135283459515E+00,    0.1639809625590171737741230E-01,      2.57%
    0.7549999999999998934185896E+00,    0.6532453845057272223684208E+00,    0.6369325329214503561559013E+00,    0.1631285158427686621251951E-01,      2.56%
    0.7566666666666668206175927E+00,    0.6521388327069890245013539E+00,    0.6359120745571578137145252E+00,    0.1622675814983121078682871E-01,      2.55%
    0.7583333333333337478165959E+00,    0.6510324657962663907895262E+00,    0.6348926414179266730641871E+00,    0.1613982437833971772533914E-01,      2.54%
    0.7599999999999997868371793E+00,    0.6499262981059259480787205E+00,    0.6338742393509129158246651E+00,    0.1605205875501303225405536E-01,      2.53%
    0.7616666666666667140361824E+00,    0.6488203439683327689024850E+00,    0.6328568741441049638751792E+00,    0.1596346982422780502730575E-01,      2.52%
    0.7633333333333336412351855E+00,    0.6477146177158533690843001E+00,    0.6318405515265967942184488E+00,    0.1587406618925657486585123E-01,      2.51%
    0.7649999999999996802557689E+00,    0.6466091336808542644476461E+00,    0.6308252771688563909080472E+00,    0.1578385651199787353959891E-01,      2.50%
    0.7666666666666666074547720E+00,    0.6455039061957003054814663E+00,    0.6298110566829950851541753E+00,    0.1569284951270522032729104E-01,      2.49%
    0.7683333333333335346537751E+00,    0.6443989495927580080092412E+00,    0.6287978956230425575668619E+00,    0.1560105396971545044237928E-01,      2.48%
    0.7699999999999995736743585E+00,    0.6432942782043938878544509E+00,    0.6277857994852159562171323E+00,    0.1550847871917793163731858E-01,      2.47%
    0.7716666666666665008733617E+00,    0.6421899063629730175506438E+00,    0.6267747737081912351442270E+00,    0.1541513265478178240641682E-01,      2.46%
    0.7733333333333334280723648E+00,    0.6410858484008618018989978E+00,    0.6257648236733784896657085E+00,    0.1532102472748331223328933E-01,      2.45%
    0.7750000000000003552713679E+00,    0.6399821186504265346783882E+00,    0.6247559547051930728400748E+00,    0.1522616394523346183831336E-01,      2.44%
    0.7766666666666663942919513E+00,    0.6388787314440335096676904E+00,    0.6237481720713292654423299E+00,    0.1513055937270424422536053E-01,      2.43%
    0.7783333333333333214909544E+00,    0.6377757011140475773558478E+00,    0.6227414809830319475381089E+00,    0.1503422013101562981773895E-01,      2.41%
    0.7800000000000002486899575E+00,    0.6366730419928352535663407E+00,    0.6217358865953740432175323E+00,    0.1493715539746121034880844E-01,      2.40%
    0.7816666666666662877105409E+00,    0.6355707684127632761672544E+00,    0.6207313940075283031916342E+00,    0.1483937440523497297562017E-01,      2.39%
    0.7833333333333332149095440E+00,    0.6344688947061967176921371E+00,    0.6197280082630401976118151E+00,    0.1474088644315652008032203E-01,      2.38%
    0.7850000000000001421085472E+00,    0.6333674352055017608975618E+00,    0.6187257343501059159152078E+00,    0.1464170085539584498235399E-01,      2.37%
    0.7866666666666670693075503E+00,    0.6322664042430444775177989E+00,    0.6177245772018447045326184E+00,    0.1454182704119977298518052E-01,      2.35%
    0.7883333333333331083281337E+00,    0.6311658161511914943986312E+00,    0.6167245416965750903770527E+00,    0.1444127445461640402157855E-01,      2.34%
    0.7900000000000000355271368E+00,    0.6300656852623078840736071E+00,    0.6157256326580875516185642E+00,    0.1434005260422033245504281E-01,      2.33%
    0.7916666666666669627261399E+00,    0.6289660259087597182769969E+00,    0.6147278548559229616188304E+00,    0.1423817105283675665816645E-01,      2.32%
    0.7933333333333330017467233E+00,    0.6278668524229139569214908E+00,    0.6137312130056465919736297E+00,    0.1413563941726736494786110E-01,      2.30%
    0.7949999999999999289457264E+00,    0.6267681791371353394737298E+00,    0.6127357117691212273768997E+00,    0.1403246736801411209683010E-01,      2.29%
    0.7966666666666668561447295E+00,    0.6256700203837907148241015E+00,    0.6117413557547867197783376E+00,    0.1392866462900399504576399E-01,      2.28%
    0.7983333333333328951653129E+00,    0.6245723904952463767514814E+00,    0.6107481495179333252920628E+00,    0.1382424097731305145941860E-01,      2.26%
    0.7999999999999998223643161E+00,    0.6234753038038669537002079E+00,    0.6097560975609757072390948E+00,    0.1371920624289124646111304E-01,      2.25%
    0.8016666666666667495633192E+00,    0.6223787746420194055829711E+00,    0.6087652043337318241711387E+00,    0.1361357030828758141183243E-01,      2.24%
    0.8033333333333336767623223E+00,    0.6212828173420696931117391E+00,    0.6077754742336962667792477E+00,    0.1350734310837342633249136E-01,      2.22%
    0.8049999999999997157829057E+00,    0.6201874462363842210876896E+00,    0.6067869116063168144492579E+00,    0.1340053463006740663843175E-01,      2.21%
    0.8066666666666666429819088E+00,    0.6190926756573279510220686E+00,    0.6057995207452681052373578E+00,    0.1329315491205984578471089E-01,      2.19%
    0.8083333333333335701809119E+00,    0.6179985199372673987383564E+00,    0.6048133058927295246931521E+00,    0.1318521404453787404520426E-01,      2.18%
    0.8099999999999996092014953E+00,    0.6169049934085694131269406E+00,    0.6038282712396596529913495E+00,    0.1307672216890976013559111E-01,      2.17%
    0.8116666666666665364004984E+00,    0.6158121104035982895652523E+00,    0.6028444209260696018404246E+00,    0.1296768947752868772482771E-01,      2.15%
    0.8133333333333334635995016E+00,    0.6147198852547210989882842E+00,    0.6018617590413010143279848E+00,    0.1285812621342008466029938E-01,      2.14%
    0.8150000000000003907985047E+00,    0.6136283322943035800633993E+00,    0.6008802896242994018294326E+00,    0.1274804267000417823396674E-01,      2.12%
    0.8166666666666664298190881E+00,    0.6125374658547125816809853E+00,    0.5999000166638895903403750E+00,    0.1263744919082299134061032E-01,      2.11%
    0.8183333333333333570180912E+00,    0.6114473002683125102407757E+00,    0.5989209440990481692068670E+00,    0.1252635616926434103390875E-01,      2.09%
    0.8200000000000002842170943E+00,    0.6103578498674704366777632E+00,    0.5979430758191818240376847E+00,    0.1241477404828861264007855E-01,      2.08%
    0.8216666666666663232376777E+00,    0.6092691289845526547708232E+00,    0.5969664156643990082784512E+00,    0.1230271332015364649237199E-01,      2.06%
    0.8233333333333332504366808E+00,    0.6081811519519240150088990E+00,    0.5959909674257826139864846E+00,    0.1219018452614140102241436E-01,      2.05%
    0.8250000000000001776356839E+00,    0.6070939331019512552600759E+00,    0.5950167348456674165646518E+00,    0.1207719825628383869542404E-01,      2.03%
    0.8266666666666671048346871E+00,    0.6060074867670001141917169E+00,    0.5940437216179108581570745E+00,    0.1196376514908925603464240E-01,      2.01%
    0.8283333333333331438552705E+00,    0.6049218272794373296719073E+00,    0.5930719313881672727362115E+00,    0.1184989589127005693569572E-01,      2.00%
    0.8300000000000000710542736E+00,    0.6038369689716278632118929E+00,    0.5921013677541594466546826E+00,    0.1173560121746841655721028E-01,      1.98%
    0.8316666666666669982532767E+00,    0.6027529261759382306351540E+00,    0.5911320342659533988438625E+00,    0.1162089190998483179129153E-01,      1.97%
    0.8333333333333330372738601E+00,    0.6016697132247346146982636E+00,    0.5901639344262297193210998E+00,    0.1150577879850489537716385E-01,      1.95%
    0.8349999999999999644728632E+00,    0.6005873444503824210016774E+00,    0.5891970716905536864516080E+00,    0.1139027275982873455006938E-01,      1.93%
    0.8366666666666668916718663E+00,    0.5995058341852480543465731E+00,    0.5882314494676504912362702E+00,    0.1127438471759756311030287E-01,      1.92%
    0.8383333333333329306924497E+00,    0.5984251967616979195341287E+00,    0.5872670711196739112835985E+00,    0.1115812564202400825053019E-01,      1.90%
    0.8399999999999998578914528E+00,    0.5973454465120973111424973E+00,    0.5863039399624766501162298E+00,    0.1104150654962066102626750E-01,      1.88%
    0.8416666666666667850904560E+00,    0.5962665977688123009059495E+00,    0.5853420592658834520349842E+00,    0.1092453850292884887096534E-01,      1.87%
    0.8433333333333337122894591E+00,    0.5951886648642087385141508E+00,    0.5843814322539588879124040E+00,    0.1080723261024985060174686E-01,      1.85%
    0.8449999999999997513100425E+00,    0.5941116621306540279690012E+00,    0.5834220621052786936999723E+00,    0.1068960002537533426902883E-01,      1.83%
    0.8466666666666666785090456E+00,    0.5930356039005124646479317E+00,    0.5824639519531957798648136E+00,    0.1057165194731668478311803E-01,      1.81%
    0.8483333333333336057080487E+00,    0.5919605045061506753967251E+00,    0.5815071048861132352314485E+00,    0.1045339962003744016527662E-01,      1.80%
    0.8499999999999996447286321E+00,    0.5908863782799350650165593E+00,    0.5805515239477506694854014E+00,    0.1033485433218439553115786E-01,      1.78%
    0.8516666666666665719276352E+00,    0.5898132395542308170632850E+00,    0.5795972121374096674983889E+00,    0.1021602741682114956489613E-01,      1.76%
    0.8533333333333334991266383E+00,    0.5887411026614044473603826E+00,    0.5786441724102457939693522E+00,    0.1009693025115865339103038E-01,      1.74%
    0.8550000000000004263256415E+00,    0.5876699819338216945752151E+00,    0.5776924076775318273035964E+00,    0.9977574256289867271618732E-02,      1.73%
    0.8566666666666664653462249E+00,    0.5865998917038494075981703E+00,    0.5767419208069261005178419E+00,    0.9857970896923307080328414E-02,      1.71%
    0.8583333333333333925452280E+00,    0.5855308463038523258958890E+00,    0.5757927146227357351193632E+00,    0.9738131681116590776525754E-02,      1.69%
    0.8600000000000003197442311E+00,    0.5844628600661970763141539E+00,    0.5748447919061850930333435E+00,    0.9618068160011983280810455E-02,      1.67%
    0.8616666666666663587648145E+00,    0.5833959473232501746764456E+00,    0.5738981553956790104820129E+00,    0.9497791927571164194432640E-02,      1.65%
    0.8633333333333332859638176E+00,    0.5823301224073765824940097E+00,    0.5729528077870652547076702E+00,    0.9377314620311327786339461E-02,      1.64%
    0.8650000000000002131628207E+00,    0.5812653996509427045680241E+00,    0.5720087517339014215878024E+00,    0.9256647917041282980221695E-02,      1.62%
    0.8666666666666662521834041E+00,    0.5802017933863151677442715E+00,    0.5710659898477159490681743E+00,    0.9135803538599218676097280E-02,      1.60%
    0.8683333333333331793824073E+00,    0.5791393179458590445563004E+00,    0.5701245246982695746851277E+00,    0.9014793247589469871172696E-02,      1.58%
    0.8700000000000001065814104E+00,    0.5780779876619406287829861E+00,    0.5691843588138196796677448E+00,    0.8893628848120949115241274E-02,      1.56%
    0.8716666666666670337804135E+00,    0.5770178168669258811362965E+00,    0.5682454946813798590810052E+00,    0.8772322185546022055291360E-02,      1.54%
    0.8733333333333330728009969E+00,    0.5759588198931817615289219E+00,    0.5673079347469808242365730E+00,    0.8650885146200937292348954E-02,      1.52%
    0.8750000000000000000000000E+00,    0.5749010110730728984052007E+00,    0.5663716814159291956798370E+00,    0.8529329657143702725363710E-02,      1.51%
    0.8766666666666669271990031E+00,    0.5738444047389655855440083E+00,    0.5654367370530691827568148E+00,    0.8407667685896402787193438E-02,      1.49%
    0.8783333333333329662195865E+00,    0.5727890152232268938803372E+00,    0.5645031039830400443335634E+00,    0.8285911240186849546773828E-02,      1.47%
    0.8799999999999998934185896E+00,    0.5717348568582212298139211E+00,    0.5635707844905319952033551E+00,    0.8164072367689234610566018E-02,      1.45%
    0.8816666666666668206175927E+00,    0.5706819439763157753020550E+00,    0.5626397808205475525866746E+00,    0.8042163155768222715380489E-02,      1.43%
    0.8833333333333337478165959E+00,    0.5696302909098757139005897E+00,    0.5617100951786547780031356E+00,    0.7920195731220935897454183E-02,      1.41%
    0.8849999999999997868371793E+00,    0.5685799119912683385891228E+00,    0.5607817297312455151470090E+00,    0.7798182260022823442113804E-02,      1.39%
    0.8866666666666667140361824E+00,    0.5675308215528581667896901E+00,    0.5598546866057876325584175E+00,    0.7676134947070534231272632E-02,      1.37%
    0.8883333333333336412351855E+00,    0.5664830339270117143257721E+00,    0.5589289678910831504765611E+00,    0.7554066035928563849211059E-02,      1.35%
    0.8899999999999996802557689E+00,    0.5654365634460958300877564E+00,    0.5580045756375203724886092E+00,    0.7431987808575457599147285E-02,      1.33%
    0.8916666666666666074547720E+00,    0.5643914244424750314976791E+00,    0.5570815118573252400224760E+00,    0.7309912585149791475203074E-02,      1.31%
    0.8933333333333335346537751E+00,    0.5633476312485161674459277E+00,    0.5561597785248170167093917E+00,    0.7187852723699150736536012E-02,      1.29%
    0.8949999999999995736743585E+00,    0.5623051981965857537559828E+00,    0.5552393775766579775421405E+00,    0.7065820619927776213842208E-02,      1.27%
    0.8966666666666665008733617E+00,    0.5612641396190484188721825E+00,    0.5543203109121033200779038E+00,    0.6943828706945098794278692E-02,      1.25%
    0.8983333333333334280723648E+00,    0.5602244698482711227072173E+00,    0.5534025803932539622209674E+00,    0.6821889455017160486249850E-02,      1.23%
    0.9000000000000003552713679E+00,    0.5591862032166196039284500E+00,    0.5524861878453036778680030E+00,    0.6700015371315926060447055E-02,      1.21%
    0.9016666666666663942919513E+00,    0.5581493540564604893816636E+00,    0.5515711350567890081109113E+00,    0.6578218999671481270752338E-02,      1.19%
    0.9033333333333333214909544E+00,    0.5571139367001586295558013E+00,    0.5506574237798349535921716E+00,    0.6456512920323675963629739E-02,      1.17%
    0.9050000000000002486899575E+00,    0.5560799654800805402743435E+00,    0.5497450557304048857076850E+00,    0.6334909749675654566658523E-02,      1.15%
    0.9066666666666662877105409E+00,    0.5550474547285930704276780E+00,    0.5488340325885453507837042E+00,    0.6213422140047719643973778E-02,      1.13%
    0.9083333333333332149095440E+00,    0.5540164187780608484601430E+00,    0.5479243559986303191422508E+00,    0.6092062779430529317892251E-02,      1.11%
    0.9100000000000001421085472E+00,    0.5529868719608502791729165E+00,    0.5470160275696076546125823E+00,    0.5970844391242624560334207E-02,      1.09%
    0.9116666666666670693075503E+00,    0.5519588286093276563448740E+00,    0.5461090488752426974627951E+00,    0.5849779734084958882078809E-02,      1.07%
    0.9133333333333331083281337E+00,    0.5509323030558593847771931E+00,    0.5452034214543606260860997E+00,    0.5728881601498758691093371E-02,      1.05%
    0.9150000000000000355271368E+00,    0.5499073096328105370034223E+00,    0.5442991468110873753971646E+00,    0.5608162821723161606257690E-02,      1.03%
    0.9166666666666669627261399E+00,    0.5488838626725475178247393E+00,    0.5433962264150942189644411E+00,    0.5487636257453298860298219E-02,      1.01%
    0.9183333333333330017467233E+00,    0.5478619765074367320423221E+00,    0.5424946617018361338935506E+00,    0.5367314805600598148771496E-02,      0.99%
    0.9199999999999999289457264E+00,    0.5468416654698433632120214E+00,    0.5415944540727903877552762E+00,    0.5247211397052975456745116E-02,      0.97%
    0.9216666666666668561447295E+00,    0.5458229438921340381796199E+00,    0.5406956048956982341380240E+00,    0.5127338996435804041595929E-02,      0.95%
    0.9233333333333328951653129E+00,    0.5448058261066749397016906E+00,    0.5397981155048013901520676E+00,    0.5007710601873549549623021E-02,      0.93%
    0.9249999999999998223643161E+00,    0.5437903264458310292894794E+00,    0.5389019872010779588222817E+00,    0.4888339244753070467197631E-02,      0.91%
    0.9266666666666667495633192E+00,    0.5427764592419691558333739E+00,    0.5380072212524806829492263E+00,    0.4769237989488472884147541E-02,      0.89%
    0.9283333333333336767623223E+00,    0.5417642388274551690230396E+00,    0.5371138188941719793234597E+00,    0.4650419933283189699579907E-02,      0.87%
    0.9299999999999997157829057E+00,    0.5407536795346554736596545E+00,    0.5362217813287577516945248E+00,    0.4531898205897721965129676E-02,      0.85%
    0.9316666666666666429819088E+00,    0.5397447956959351422767668E+00,    0.5353311097265202045392130E+00,    0.4413685969414937737553828E-02,      0.82%
    0.9333333333333335701809119E+00,    0.5387376016436609127424617E+00,    0.5344418052256530993204819E+00,    0.4295796418007813421979790E-02,      0.80%
    0.9349999999999996092014953E+00,    0.5377321117101987457687073E+00,    0.5335538689324923478096707E+00,    0.4178242777706397959036622E-02,      0.78%
    0.9366666666666665364004984E+00,    0.5367283402279140469559593E+00,    0.5326673019217452731410845E+00,    0.4061038306168773814874839E-02,      0.76%
    0.9383333333333334635995016E+00,    0.5357263015291731100830930E+00,    0.5317821052367243117586781E+00,    0.3944196292448798324414838E-02,      0.74%
    0.9400000000000003907985047E+00,    0.5347260099463422289289838E+00,    0.5308982798895729438015678E+00,    0.3827730056769285127415969E-02,      0.72%
    0.9416666666666664298190881E+00,    0.5337274798117876972725071E+00,    0.5300158268614967305154551E+00,    0.3711652950290966757052047E-02,      0.70%
    0.9433333333333333570180912E+00,    0.5327307254578744766249088E+00,    0.5291347471029872462366939E+00,    0.3595978354887230388214903E-02,      0.68%
    0.9450000000000002842170943E+00,    0.5317357612169691938319716E+00,    0.5282550415340524496699004E+00,    0.3480719682916744162071154E-02,      0.66%
    0.9466666666666663232376777E+00,    0.5307426014214383647171758E+00,    0.5273767110444405048497174E+00,    0.3365890376997859867458374E-02,      0.64%
    0.9483333333333332504366808E+00,    0.5297512604036468397694648E+00,    0.5264997564938627139241589E+00,    0.3251503909784125845305880E-02,      0.62%
    0.9500000000000001776356839E+00,    0.5287617524959611348123190E+00,    0.5256241787122206687854487E+00,    0.3137573783740466026870308E-02,      0.60%
    0.9516666666666671048346871E+00,    0.5277740920307474326023112E+00,    0.5247499784998270744296178E+00,    0.3024113530920358172693341E-02,      0.58%
    0.9533333333333331438552705E+00,    0.5267882933403719158960143E+00,    0.5238771566276282376506401E+00,    0.2911136712743678245374213E-02,      0.56%
    0.9550000000000000710542736E+00,    0.5258043707571998792715817E+00,    0.5230057138374236691547026E+00,    0.2798656919776210116879156E-02,      0.54%
    0.9566666666666669982532767E+00,    0.5248223386135979495747961E+00,    0.5221356508420886832766428E+00,    0.2686687771509266298153307E-02,      0.51%
    0.9583333333333330372738601E+00,    0.5238422112419319764953229E+00,    0.5212669683257920016927756E+00,    0.2575242916139974802547385E-02,      0.49%
    0.9599999999999999644728632E+00,    0.5228640029745676987005254E+00,    0.5203996669442131350891145E+00,    0.2464336030354563611410867E-02,      0.47%
    0.9616666666666668916718663E+00,    0.5218877281438712989469764E+00,    0.5195337473247618742533405E+00,    0.2353980819109424693635901E-02,      0.45%
    0.9633333333333329306924497E+00,    0.5209134010822092930581562E+00,    0.5186692100667933402746712E+00,    0.2244191015415952783484954E-02,      0.43%
    0.9649999999999998578914528E+00,    0.5199410361219466425453106E+00,    0.5178060557418219245207069E+00,    0.2134980380124718024603681E-02,      0.41%
    0.9666666666666667850904560E+00,    0.5189706475954497522096176E+00,    0.5169442848937392254171641E+00,    0.2026362701710526792453493E-02,      0.39%
    0.9683333333333337122894591E+00,    0.5180022498350849158299525E+00,    0.5160838980390243246887394E+00,    0.1918351796060591141213081E-02,      0.37%
    0.9699999999999997513100425E+00,    0.5170358571732185382074931E+00,    0.5152248956669587265366772E+00,    0.1810961506259811670815907E-02,      0.35%
    0.9716666666666666785090456E+00,    0.5160714839422154698311829E+00,    0.5143672782398350795673991E+00,    0.1704205702380390263783738E-02,      0.33%
    0.9733333333333336057080487E+00,    0.5151091444744422265245021E+00,    0.5135110461931713388139542E+00,    0.1598098281270887710547868E-02,      0.31%
    0.9749999999999996447286321E+00,    0.5141488531022654351332335E+00,    0.5126561999359181553970188E+00,    0.1492653166347279736214659E-02,      0.29%
    0.9766666666666665719276352E+00,    0.5131906241580500571686230E+00,    0.5118027398506673764089214E+00,    0.1387884307382680759701543E-02,      0.27%
    0.9783333333333334991266383E+00,    0.5122344719741627194764533E+00,    0.5109506662938618770652965E+00,    0.1283805680300842411156736E-02,      0.25%
    0.9800000000000004263256415E+00,    0.5112804108829691607240875E+00,    0.5100999795960006188977331E+00,    0.1180431286968541826354340E-02,      0.23%
    0.9816666666666664653462249E+00,    0.5103284552168362298019133E+00,    0.5092506800618458173701697E+00,    0.1077775154990412431743607E-02,      0.21%
    0.9833333333333333925452280E+00,    0.5093786193081285551542692E+00,    0.5084027679706255575808882E+00,    0.9758513375029975733809806E-03,      0.19%
    0.9850000000000003197442311E+00,    0.5084309174892126526046354E+00,    0.5075562435762411839235142E+00,    0.8746739129714686811212232E-03,      0.17%
    0.9866666666666663587648145E+00,    0.5074853640924552600210973E+00,    0.5067111071074679173875666E+00,    0.7742569849873426335307158E-03,      0.15%
    0.9883333333333332859638176E+00,    0.5065419734502213389149006E+00,    0.5058673587681568051266368E+00,    0.6746146820645337882638159E-03,      0.13%
    0.9900000000000002131628207E+00,    0.5056007598948772940872232E+00,    0.5050249987374374471826854E+00,    0.5757611574398469045377169E-03,      0.11%
    0.9916666666666662521834041E+00,    0.5046617377587895303392429E+00,    0.5041840271699172815189627E+00,    0.4777105888722488202802197E-03,      0.09%
    0.9933333333333331793824073E+00,    0.5037249213743235642937179E+00,    0.5033444441958794257629961E+00,    0.3804771784441385307218297E-03,      0.08%
    0.9950000000000001065814104E+00,    0.5027903250738451346180113E+00,    0.5025062499214834055294432E+00,    0.2840751523617290885681541E-03,      0.06%
    0.9966666666666670337804135E+00,    0.5018579631897207571356034E+00,    0.5016694444289606646947277E+00,    0.1885187607600924408757237E-03,      0.04%
    0.9983333333333330728009969E+00,    0.5009278500543169476699745E+00,    0.5008340277768117410062132E+00,    0.9382227750520666376132795E-04,      0.02%
    0.1000000000000000000000000E+01,    0.4999999999999983901766143E+00,    0.5000000000000000000000000E+00,   -0.1609823385706476983614266E-14,      0.00%
    0.1001666666666666927199003E+01,    0.4990744242391353391319342E+00,    0.4991673611101481444762840E+00,   -0.9293687101280534434977199E-04,     -0.02%
    0.1003333333333332966219587E+01,    0.4981511215040575479839902E+00,    0.4983361110957305051272215E+00,   -0.1849895916729571432313151E-03,     -0.04%
    0.1004999999999999893418590E+01,    0.4972300874071127751996357E+00,    0.4975062499222647205421310E+00,   -0.2761625151519453424953099E-03,     -0.06%
    0.1006666666666666820617593E+01,    0.4963113175606419513741230E+00,    0.4966777775325046384580219E+00,   -0.3664599718626870838988907E-03,     -0.07%
    0.1008333333333333747816596E+01,    0.4953948075769856740357966E+00,    0.4958506938466303859414097E+00,   -0.4558862696447119056131214E-03,     -0.09%
    0.1009999999999999786837179E+01,    0.4944805530684855399137234E+00,    0.4950249987624376624140154E+00,   -0.5444456939521225002920346E-03,     -0.11%
    0.1011666666666666714036182E+01,    0.4935685496474808142686186E+00,    0.4942006921555249787658681E+00,   -0.6321425080441644972495396E-03,     -0.13%
    0.1013333333333333641235185E+01,    0.4926587929263129272960953E+00,    0.4933777738794840606040282E+00,   -0.7189809531711333079329052E-03,     -0.15%
    0.1014999999999999680255769E+01,    0.4917512785173230316360105E+00,    0.4925562437660851999865486E+00,   -0.8049652487621683505381043E-03,     -0.16%
    0.1016666666666666607454772E+01,    0.4908460020328507811271379E+00,    0.4917361016254609973330503E+00,   -0.8900995926102162059123657E-03,     -0.18%
    0.1018333333333333534653775E+01,    0.4899429590852373839204859E+00,    0.4909173472462944332050938E+00,   -0.9743881610570492846079560E-03,     -0.20%
    0.1019999999999999573674359E+01,    0.4890421452868241036782138E+00,    0.4900999803960010003933689E+00,   -0.1057835109176896715155181E-02,     -0.22%
    0.1021666666666666500873362E+01,    0.4881435562499504832167929E+00,    0.4892840008209098368041623E+00,   -0.1140444570959353587369378E-02,     -0.23%
    0.1023333333333333428072365E+01,    0.4872471875869579527318365E+00,    0.4884694082464490771933185E+00,   -0.1222220659491124461482059E-02,     -0.25%
    0.1025000000000000355271368E+01,    0.4863530349101867766847818E+00,    0.4876562023773237664059366E+00,   -0.1303167467136989721154805E-02,     -0.27%
    0.1026666666666666394291951E+01,    0.4854610938319786073158468E+00,    0.4868443828976978249301055E+00,   -0.1383289065719217614258696E-02,     -0.28%
    0.1028333333333333321490954E+01,    0.4845713599646729319303518E+00,    0.4860339494713706298689715E+00,   -0.1462589506697697938619740E-02,     -0.30%
    0.1030000000000000248689958E+01,    0.4836838289206109586793048E+00,    0.4852249017419572596487853E+00,   -0.1541072821346300969480581E-02,     -0.32%
    0.1031666666666666287710541E+01,    0.4827984963121340067360165E+00,    0.4844172393330652415244231E+00,   -0.1618743020931234788406528E-02,     -0.33%
    0.1033333333333333214909544E+01,    0.4819153577515814523835047E+00,    0.4836109618484685790384958E+00,   -0.1695604096887126654991107E-02,     -0.35%
    0.1035000000000000142108547E+01,    0.4810344088512948923508361E+00,    0.4828060688722857207721972E+00,   -0.1771660020990828421361130E-02,     -0.37%
    0.1036666666666667069307550E+01,    0.4801556452236146466105993E+00,    0.4820025599691516449141204E+00,   -0.1846914745536998303521159E-02,     -0.38%
    0.1038333333333333108328134E+01,    0.4792790624808820343361049E+00,    0.4812004346843927748977876E+00,   -0.1921372203510740561682724E-02,     -0.40%
    0.1040000000000000035527137E+01,    0.4784046562354370424330341E+00,    0.4803996925441967880132665E+00,   -0.1995036308759745580232448E-02,     -0.42%
    0.1041666666666666962726140E+01,    0.4775324220996203794520341E+00,    0.4796003330557866983774318E+00,   -0.2067910956166318925397718E-02,     -0.43%
    0.1043333333333333001746723E+01,    0.4766623556857734755887179E+00,    0.4788023557075902769675224E+00,   -0.2140000021816801378804485E-02,     -0.45%
    0.1044999999999999928945726E+01,    0.4757944526062362067264644E+00,    0.4780057599694077508090118E+00,   -0.2211307363171544082547371E-02,     -0.46%
    0.1046666666666666856144730E+01,    0.4749287084733493924382230E+00,    0.4772105452925829993660045E+00,   -0.2281836819233606927781466E-02,     -0.48%
    0.1048333333333332895165313E+01,    0.4740651188994545739419095E+00,    0.4764167111101702545283842E+00,   -0.2351592210715680586474718E-02,     -0.49%
    0.1049999999999999822364316E+01,    0.4732036794968911830316927E+00,    0.4756242568370988021975165E+00,   -0.2420577340207619165823871E-02,     -0.51%
    0.1051666666666666749563319E+01,    0.4723443858780005943920344E+00,    0.4748331818703415141413871E+00,   -0.2488795992340919749352679E-02,     -0.52%
    0.1053333333333333676762322E+01,    0.4714872336551233500401281E+00,    0.4740434855890778842457678E+00,   -0.2556251933954534205639675E-02,     -0.54%
    0.1054999999999999715782906E+01,    0.4706322184406007136381334E+00,    0.4732551673548586745887690E+00,   -0.2622948914257960950635606E-02,     -0.55%
    0.1056666666666666642981909E+01,    0.4697793358467724500471263E+00,    0.4724682265117671753351658E+00,   -0.2688890664994725288039490E-02,     -0.57%
    0.1058333333333333570180912E+01,    0.4689285814859796008846615E+00,    0.4716826623865831846771357E+00,   -0.2754080900603583792474183E-02,     -0.58%
    0.1059999999999999609201495E+01,    0.4680799509705634298128984E+00,    0.4708984742889434915724678E+00,   -0.2818523318380061759569344E-02,     -0.60%
    0.1061666666666666536400498E+01,    0.4672334399128637572040645E+00,    0.4701156615115003045701769E+00,   -0.2882221598636547366112381E-02,     -0.61%
    0.1063333333333333463599502E+01,    0.4663890439252215136534119E+00,    0.4693342233300826782382842E+00,   -0.2945179404861164584872313E-02,     -0.63%
    0.1065000000000000390798505E+01,    0.4655467586199776297561925E+00,    0.4685541590038537207441038E+00,   -0.3007400383876090987911311E-02,     -0.64%
    0.1066666666666666429819088E+01,    0.4647065796094730916188098E+00,    0.4677754677754679124568327E+00,   -0.3068888165994820838022861E-02,     -0.66%
    0.1068333333333333357018091E+01,    0.4638685025060478306357936E+00,    0.4669981488712265371709975E+00,   -0.3129646365178706535203901E-02,     -0.67%
    0.1070000000000000284217094E+01,    0.4630325229220429994470010E+00,    0.4662222015012353337759521E+00,   -0.3189678579192334328951119E-02,     -0.68%
    0.1071666666666666323237678E+01,    0.4621986364697995841588352E+00,    0.4654476248595578735667289E+00,   -0.3248988389758289407893699E-02,     -0.70%
    0.1073333333333333250436681E+01,    0.4613668387616574051435236E+00,    0.4646744181243676052872615E+00,   -0.3307579362710200143737893E-02,     -0.71%
    0.1075000000000000177635684E+01,    0.4605371254099575040186210E+00,    0.4639025804581036749318912E+00,   -0.3365455048146170913270225E-02,     -0.73%
    0.1076666666666667104834687E+01,    0.4597094920270409224016817E+00,    0.4631321110076208613648419E+00,   -0.3422618980579938963160203E-02,     -0.74%
    0.1078333333333333143855270E+01,    0.4588839342252486463991090E+00,    0.4623630089043410107407794E+00,   -0.3479074679092364341670418E-02,     -0.75%
    0.1080000000000000071054274E+01,    0.4580604476169202743385256E+00,    0.4615952732644016953678090E+00,   -0.3534825647481421029283410E-02,     -0.77%
    0.1081666666666666998253277E+01,    0.4572390278143971809043933E+00,    0.4608289031888078701726386E+00,   -0.3589875374410689268245278E-02,     -0.78%
    0.1083333333333333037273860E+01,    0.4564196704300204632254179E+00,    0.4600638977635783666286784E+00,   -0.3644227333557903403260525E-02,     -0.79%
    0.1084999999999999964472863E+01,    0.4556023710761298306515243E+00,    0.4593002560598927752621989E+00,   -0.3697884983762944610674595E-02,     -0.81%
    0.1086666666666666891671866E+01,    0.4547871253650664913337209E+00,    0.4585379771342393828703621E+00,   -0.3750851769172891536641146E-02,     -0.82%
    0.1088333333333332930692450E+01,    0.4539739289091714868895622E+00,    0.4577770600285603896928421E+00,   -0.3803131119388902803279962E-02,     -0.83%
    0.1089999999999999857891453E+01,    0.4531627773207848042247292E+00,    0.4570175037703945175593390E+00,   -0.3854726449609713334609751E-02,     -0.84%
    0.1091666666666666785090456E+01,    0.4523536662122475404679278E+00,    0.4562593073730236703511309E+00,   -0.3905641160776129883203112E-02,     -0.86%
    0.1093333333333333712289459E+01,    0.4515465911959001821252002E+00,    0.4555024698356140433475048E+00,   -0.3955878639713861222304558E-02,     -0.87%
    0.1094999999999999751310042E+01,    0.4507415478840841038810083E+00,    0.4547469901433590089290249E+00,   -0.4005442259274905048016535E-02,     -0.88%
    0.1096666666666666678509046E+01,    0.4499385318891388485518235E+00,    0.4539928672676187271228798E+00,   -0.4054335378479878571056361E-02,     -0.89%
    0.1098333333333333605708049E+01,    0.4491375388234058463332588E+00,    0.4532401001660620321054296E+00,   -0.4102561342656185772170829E-02,     -0.91%
    0.1099999999999999644728632E+01,    0.4483385642992262498651712E+00,    0.4524886877828055986583422E+00,   -0.4150123483579348793170993E-02,     -0.92%
    0.1101666666666666571927635E+01,    0.4475416039289396019640321E+00,    0.4517386290485506661340764E+00,   -0.4197025119611064170044301E-02,     -0.93%
    0.1103333333333333499126638E+01,    0.4467466533248869997585473E+00,    0.4509899228807231486015894E+00,   -0.4243269555836148843042110E-02,     -0.94%
    0.1105000000000000426325641E+01,    0.4459537080994095958885737E+00,    0.4502425681836087489884335E+00,   -0.4288860084199153099859814E-02,     -0.95%
    0.1106666666666666465346225E+01,    0.4451627638648479878824560E+00,    0.4494965638484897940685414E+00,   -0.4333799983641806186085432E-02,     -0.96%
    0.1108333333333333392545228E+01,    0.4443738162335422736681778E+00,    0.4487519087537784612251812E+00,   -0.4378092520236187557003404E-02,     -0.98%
    0.1110000000000000319744231E+01,    0.4435868608178336058855962E+00,    0.4480086017651537244610438E+00,   -0.4421740947320118575447623E-02,     -0.99%
    0.1111666666666666358764815E+01,    0.4428018932300630816634168E+00,    0.4472666417356929158266610E+00,   -0.4464748505629834163244141E-02,     -1.00%
    0.1113333333333333285963818E+01,    0.4420189090825704658627160E+00,    0.4465260275060033423599748E+00,   -0.4507118423432876497258803E-02,     -1.01%
    0.1115000000000000213162821E+01,    0.4412379039876969111233507E+00,    0.4457867579043562900054098E+00,   -0.4548853916659378882059173E-02,     -1.02%
    0.1116666666666666252183404E+01,    0.4404588735577835700851779E+00,    0.4450488317468168641966031E+00,   -0.4589958189033294111425221E-02,     -1.03%
    0.1118333333333333179382407E+01,    0.4396818134051701520981226E+00,    0.4443122478373718875488407E+00,   -0.4630434432201735450718161E-02,     -1.04%
    0.1120000000000000106581410E+01,    0.4389067191421979763354955E+00,    0.4435770049680623494658960E+00,   -0.4670285825864373130400509E-02,     -1.05%
    0.1121666666666667033780413E+01,    0.4381335863812075293033388E+00,    0.4428431019191096384979289E+00,   -0.4709515537902109194590139E-02,     -1.06%
    0.1123333333333333072800997E+01,    0.4373624107345400746638120E+00,    0.4421105374590434400339234E+00,   -0.4748126724503365370111396E-02,     -1.07%
    0.1125000000000000000000000E+01,    0.4365931878145353217668401E+00,    0.4413793103448275800815281E+00,   -0.4786122530292258314688070E-02,     -1.08%
    0.1126666666666666927199003E+01,    0.4358259132335347008080362E+00,    0.4406494193219872568256790E+00,   -0.4823506088452556017642792E-02,     -1.09%
    0.1128333333333332966219587E+01,    0.4350605826038789203380475E+00,    0.4399208631247335521408104E+00,   -0.4860280520854631802762924E-02,     -1.10%
    0.1129999999999999893418590E+01,    0.4342971915379080782848575E+00,    0.4391936404760860002127743E+00,   -0.4896448938177921927916714E-02,     -1.11%
    0.1131666666666666820617593E+01,    0.4335357356479632717771722E+00,    0.4384677500879979872294712E+00,   -0.4932014440034715452298997E-02,     -1.12%
    0.1133333333333333747816596E+01,    0.4327762105463850983433360E+00,    0.4377431906614784318243494E+00,   -0.4966980115093333481013360E-02,     -1.13%
    0.1134999999999999786837179E+01,    0.4320186118455147106232062E+00,    0.4370199608867135765422063E+00,   -0.5001349041198865919000127E-02,     -1.14%
    0.1136666666666666714036182E+01,    0.4312629351576919845001612E+00,    0.4362980594431867253923940E+00,   -0.5035124285494740892232812E-02,     -1.15%
    0.1138333333333333641235185E+01,    0.4305091760952581281252094E+00,    0.4355774849998002573592260E+00,   -0.5068308904542129234016556E-02,     -1.16%
    0.1139999999999999680255769E+01,    0.4297573302705540165824516E+00,    0.4348582362149940871987042E+00,   -0.5100905944440070616252569E-02,     -1.17%
    0.1141666666666666607454772E+01,    0.4290073932959196922887202E+00,    0.4341403117368627939676173E+00,   -0.5132918440943101678897165E-02,     -1.18%
    0.1143333333333333534653775E+01,    0.4282593607836961968615697E+00,    0.4334237102032756361325028E+00,   -0.5164349419579439270933108E-02,     -1.19%
    0.1144999999999999573674359E+01,    0.4275132283462247384520083E+00,    0.4327084302419924033422660E+00,   -0.5195201895767664890257720E-02,     -1.20%
    0.1146666666666666500873362E+01,    0.4267689915958449153876586E+00,    0.4319944704707781024666247E+00,   -0.5225478874933187078966057E-02,     -1.21%
    0.1148333333333333428072365E+01,    0.4260266461448983243975874E+00,    0.4312818294975206967478698E+00,   -0.5255183352622372350282376E-02,     -1.22%
    0.1150000000000000355271368E+01,    0.4252861876057250078986272E+00,    0.4305705059203443485493779E+00,   -0.5284318314619340650750701E-02,     -1.23%
    0.1151666666666666394291951E+01,    0.4245476115906665071086934E+00,    0.4298604983277233837490883E+00,   -0.5312886737056876640394876E-02,     -1.24%
    0.1153333333333333321490954E+01,    0.4238109137120626979111648E+00,    0.4291518052985943132426883E+00,   -0.5340891586531615331523426E-02,     -1.24%
    0.1155000000000000248689958E+01,    0.4230760895822546219235960E+00,    0.4284444254024699083593930E+00,   -0.5368335820215286435796997E-02,     -1.25%
    0.1156666666666666287710541E+01,    0.4223431348135831542300878E+00,    0.4277383571995495570305934E+00,   -0.5395222385966402800505648E-02,     -1.26%
    0.1158333333333333214909544E+01,    0.4216120450183884482697749E+00,    0.4270335992408292313804452E+00,   -0.5421554222440783110670282E-02,     -1.27%
    0.1160000000000000142108547E+01,    0.4208828158090116566825145E+00,    0.4263301500682127875840877E+00,   -0.5447334259201130901573151E-02,     -1.28%
    0.1161666666666667069307550E+01,    0.4201554427977931549520463E+00,    0.4256280082146204346571494E+00,   -0.5472565416827279705103138E-02,     -1.29%
    0.1163333333333333108328134E+01,    0.4194299215970742067405297E+00,    0.4249271722040973697787081E+00,   -0.5497250607023163038178382E-02,     -1.29%
    0.1165000000000000035527137E+01,    0.4187062478191947434424947E+00,    0.4242276405519201376570493E+00,   -0.5521392732725394214554626E-02,     -1.30%
    0.1166666666666666962726140E+01,    0.4179844170764959732089494E+00,    0.4235294117647058209641386E+00,   -0.5544994688209847755189230E-02,     -1.31%
    0.1168333333333333001746723E+01,    0.4172644249813186601016923E+00,    0.4228324843405165678333901E+00,   -0.5568059359197907731697796E-02,     -1.32%
    0.1169999999999999928945726E+01,    0.4165462671460030130710095E+00,    0.4221368567689645079354932E+00,   -0.5590589622961494864483711E-02,     -1.32%
    0.1171666666666666856144730E+01,    0.4158299391828898516898505E+00,    0.4214425275313183893999280E+00,   -0.5612588348428537710077535E-02,     -1.33%
    0.1173333333333332895165313E+01,    0.4151154367043206061538285E+00,    0.4207494951006061079112897E+00,   -0.5634058396285501757461134E-02,     -1.34%
    0.1174999999999999822364316E+01,    0.4144027553226347082571124E+00,    0.4200577579417171247833096E+00,   -0.5655002619082416526197221E-02,     -1.35%
    0.1176666666666666749563319E+01,    0.4136918906501738102399202E+00,    0.4193673145115068834343219E+00,   -0.5675423861333073194401777E-02,     -1.35%
    0.1178333333333333676762322E+01,    0.4129828382992781210525379E+00,    0.4186781632588976176378992E+00,   -0.5695324959619496585361276E-02,     -1.36%
    0.1179999999999999715782906E+01,    0.4122755938822889043571251E+00,    0.4179903026249792152846396E+00,   -0.5714708742690310927514474E-02,     -1.37%
    0.1181666666666666642981909E+01,    0.4115701530115462025705142E+00,    0.4173037310431086388540223E+00,   -0.5733578031562436283508077E-02,     -1.37%
    0.1183333333333333570180912E+01,    0.4108665112993910017991084E+00,    0.4166184469390116218434628E+00,   -0.5751935639620620044354382E-02,     -1.38%
    0.1184999999999999609201495E+01,    0.4101646643581641771270085E+00,    0.4159344487308801463498753E+00,   -0.5769784372715969222866761E-02,     -1.39%
    0.1186666666666666536400498E+01,    0.4094646078002059375045008E+00,    0.4152517348294699761623860E+00,   -0.5787127029264038657885294E-02,     -1.39%
    0.1188333333333333463599502E+01,    0.4087663372378572690379883E+00,    0.4145703036381997996784321E+00,   -0.5803966400342530640443783E-02,     -1.40%
    0.1190000000000000390798505E+01,    0.4080698482834588247669672E+00,    0.4138901535532468201061818E+00,   -0.5820305269787995339214604E-02,     -1.41%
    0.1191666666666666429819088E+01,    0.4073751365493517018201430E+00,    0.4132112829636432893565257E+00,   -0.5836146414291587536382622E-02,     -1.41%
    0.1193333333333333357018091E+01,    0.4066821976478758871031971E+00,    0.4125336902513705439332625E+00,   -0.5851492603494656830065423E-02,     -1.42%
    0.1195000000000000284217094E+01,    0.4059910271913724222336839E+00,    0.4118573737914558718919977E+00,   -0.5866346600083449658313839E-02,     -1.42%
    0.1196666666666666323237678E+01,    0.4053016207921822378068555E+00,    0.4111823319520654385073044E+00,   -0.5880711159883200700448924E-02,     -1.43%
    0.1198333333333333250436681E+01,    0.4046139740626454317506955E+00,    0.4105085630945960462057087E+00,   -0.5894589031950614455013238E-02,     -1.44%
    0.1200000000000000177635684E+01,    0.4039280826151031567050609E+00,    0.4098360655737704472123539E+00,   -0.5907982958667290507293046E-02,     -1.44%
    0.1201666666666667104834687E+01,    0.4032439420618958436648427E+00,    0.4091648377377274381494487E+00,   -0.5920895675831594484606057E-02,     -1.45%
    0.1203333333333333143855270E+01,    0.4025615480153647007810491E+00,    0.4084948779281140640584624E+00,   -0.5933329912749363277413295E-02,     -1.45%
    0.1205000000000000071054274E+01,    0.4018808960878497149593613E+00,    0.4078261844801745472643972E+00,   -0.5945288392324832305035898E-02,     -1.46%
    0.1206666666666666998253277E+01,    0.4012019818916920388396363E+00,    0.4071587557228423803756812E+00,   -0.5956773831150341536044834E-02,     -1.46%
    0.1208333333333333037273860E+01,    0.4005248010392324364836725E+00,    0.4064925899788286445257768E+00,   -0.5967788939596208042104308E-02,     -1.47%
    0.1209999999999999964472863E+01,    0.3998493491428111168417558E+00,    0.4058276855647092173917656E+00,   -0.5978336421898100550009758E-02,     -1.47%
    0.1211666666666666891671866E+01,    0.3991756218147690660202898E+00,    0.4051640407910151453485526E+00,   -0.5988418976246079328262795E-02,     -1.48%
    0.1213333333333332930692450E+01,    0.3985036146674472701256775E+00,    0.4045016539623185747309719E+00,   -0.5998039294871304605294426E-02,     -1.48%
    0.1214999999999999857891453E+01,    0.3978333233131857715747515E+00,    0.4038405233773184055401373E+00,   -0.6007200064132633965385821E-02,     -1.49%
    0.1216666666666666785090456E+01,    0.3971647433643257230073687E+00,    0.4031806473289281100846893E+00,   -0.6015903964602387077320600E-02,     -1.49%
    0.1218333333333333712289459E+01,    0.3964978704332076664407225E+00,    0.4025220241043603874864232E+00,   -0.6024153671152721045700673E-02,     -1.50%
    0.1219999999999999751310042E+01,    0.3958327001321726434923676E+00,    0.4018646519852114851190095E+00,   -0.6031951853038841626641897E-02,     -1.50%
    0.1221666666666666678509046E+01,    0.3951692280735606965791362E+00,    0.4012085292475445208459917E+00,   -0.6039301173983824266855436E-02,     -1.51%
    0.1223333333333333605708049E+01,    0.3945074498697127562962805E+00,    0.4005536541619749146825313E+00,   -0.6046204292262158386250803E-02,     -1.51%
    0.1224999999999999644728632E+01,    0.3938473611329701418171112E+00,    0.3999000249937516571208107E+00,   -0.6052663860781515303699507E-02,     -1.51%
    0.1226666666666666571927635E+01,    0.3931889574756725624915532E+00,    0.3992476400028391325669475E+00,   -0.6058682527166570075394247E-02,     -1.52%
    0.1228333333333333499126638E+01,    0.3925322345101612819817660E+00,    0.3985964974439998864674806E+00,   -0.6064262933838604485714541E-02,     -1.52%
    0.1230000000000000426325641E+01,    0.3918771878487767867937919E+00,    0.3979465955668747834117482E+00,   -0.6069407718097996617956369E-02,     -1.53%
    0.1231666666666666465346225E+01,    0.3912238131038602850786390E+00,    0.3972979326160635538123245E+00,   -0.6074119512203268733685491E-02,     -1.53%
    0.1233333333333333392545228E+01,    0.3905721058877518192531397E+00,    0.3966505068312031201394063E+00,   -0.6078400943451300886266608E-02,     -1.53%
    0.1235000000000000319744231E+01,    0.3899220618127920978679413E+00,    0.3960043164470491428019727E+00,   -0.6082254634257044934031455E-02,     -1.54%
    0.1236666666666666358764815E+01,    0.3892736764913224956075055E+00,    0.3953593596935526255364834E+00,   -0.6085683202230129928977931E-02,     -1.54%
    0.1238333333333333285963818E+01,    0.3886269455356828328440599E+00,    0.3947156347959375755074518E+00,   -0.6088689260254742663391880E-02,     -1.54%
    0.1240000000000000213162821E+01,    0.3879818645582143177286127E+00,    0.3940731399747792740306807E+00,   -0.6091275416564956302067912E-02,     -1.55%
    0.1241666666666666252183404E+01,    0.3873384291712578253452648E+00,    0.3934318734460808819619615E+00,   -0.6093444274823056616696704E-02,     -1.55%
    0.1243333333333333179382407E+01,    0.3866966349871535091331509E+00,    0.3927918334213478801508757E+00,   -0.6095198434194371017724734E-02,     -1.55%
    0.1245000000000000106581410E+01,    0.3860564776182422441763720E+00,    0.3921530181076655630079131E+00,   -0.6096540489423318831541110E-02,     -1.55%
    0.1246666666666667033780413E+01,    0.3854179526768647390255751E+00,    0.3915154257077727573133075E+00,   -0.6097473030908018287732375E-02,     -1.56%
    0.1248333333333333072800997E+01,    0.3847810557753622018317685E+00,    0.3908790544201364847154423E+00,   -0.6097998644774282883673777E-02,     -1.56%
    0.1250000000000000000000000E+01,    0.3841457825260744529671797E+00,    0.3902439024390244037832076E+00,   -0.6098119912949950816027922E-02,     -1.56%
    0.1251666666666666927199003E+01,    0.3835121285413425895605144E+00,    0.3896099679545800831270697E+00,   -0.6097839413237493566555258E-02,     -1.57%
    0.1253333333333332966219587E+01,    0.3828800894335077087404784E+00,    0.3889772491528941111837980E+00,   -0.6097159719386402443319639E-02,     -1.57%
    0.1254999999999999893418590E+01,    0.3822496608149097419016016E+00,    0.3883457442160755945792516E+00,   -0.6096083401165852677650037E-02,     -1.57%
    0.1256666666666666820617593E+01,    0.3816208382978897306614385E+00,    0.3877154513223250442699452E+00,   -0.6094613024435313608506704E-02,     -1.57%
    0.1258333333333333747816596E+01,    0.3809936174947884390817876E+00,    0.3870863686460040420378448E+00,   -0.6092751151215602956057182E-02,     -1.57%
    0.1259999999999999786837179E+01,    0.3803679940179468532690521E+00,    0.3864584943577060727193384E+00,   -0.6090500339759219450286309E-02,     -1.58%
    0.1261666666666666714036182E+01,    0.3797439634797049601289132E+00,    0.3858318266243251914993095E+00,   -0.6087863144620231370396368E-02,     -1.58%
    0.1263333333333333641235185E+01,    0.3791215214924038012789254E+00,    0.3852063636091266896066543E+00,   -0.6084842116722888327728924E-02,     -1.58%
    0.1264999999999999680255769E+01,    0.3785006636683843628254920E+00,    0.3845821034718150954745397E+00,   -0.6081439803430732649047741E-02,     -1.58%
    0.1266666666666666607454772E+01,    0.3778813856199868537188991E+00,    0.3839590443686006770995789E+00,   -0.6077658748613823380679833E-02,     -1.58%
    0.1268333333333333534653775E+01,    0.3772636829595520935320963E+00,    0.3833371844522696636481385E+00,   -0.6073501492717570116042225E-02,     -1.58%
    0.1269999999999999573674359E+01,    0.3766475512994211793937893E+00,    0.3827165218722493600367329E+00,   -0.6068970572828180642943607E-02,     -1.59%
    0.1271666666666666500873362E+01,    0.3760329862519342647431131E+00,    0.3820970547746742052019897E+00,   -0.6064068522739940458876617E-02,     -1.59%
    0.1273333333333333428072365E+01,    0.3754199834294321691530172E+00,    0.3814787813024532736605465E+00,   -0.6058797873021104507529344E-02,     -1.59%
    0.1275000000000000355271368E+01,    0.3748085384442556566853000E+00,    0.3808616995953342798664210E+00,   -0.6053161151078623181120975E-02,     -1.59%
    0.1276666666666666394291951E+01,    0.3741986469087458244686673E+00,    0.3802458077899692479029170E+00,   -0.6047160881223423434249753E-02,     -1.59%
    0.1278333333333333321490954E+01,    0.3735903044352426038976489E+00,    0.3796311040199770170389115E+00,   -0.6040799584734413141262621E-02,     -1.59%
    0.1280000000000000248689958E+01,    0.3729835066360871476121019E+00,    0.3790175864160095775545756E+00,   -0.6034079779922429942473627E-02,     -1.59%
    0.1281666666666666287710541E+01,    0.3723782491236202196738247E+00,    0.3784052531058137991415435E+00,   -0.6027003982193579467718791E-02,     -1.59%
    0.1283333333333333214909544E+01,    0.3717745275101821955665571E+00,    0.3777941022142932148142336E+00,   -0.6019574704111019247676495E-02,     -1.59%
    0.1285000000000000142108547E+01,    0.3711723374081137838409461E+00,    0.3771841318635724693564271E+00,   -0.6011794455458685515480965E-02,     -1.59%
    0.1286666666666667069307550E+01,    0.3705716744297559706033951E+00,    0.3765753401730571603422959E+00,   -0.6003665743301189738900803E-02,     -1.59%
    0.1288333333333333108328134E+01,    0.3699725341874495754268537E+00,    0.3759677252594961216480840E+00,   -0.5995191072046546221230301E-02,     -1.59%
    0.1290000000000000035527137E+01,    0.3693749122935346962393055E+00,    0.3753612852370405983393198E+00,   -0.5986372943505902100014282E-02,     -1.59%
    0.1291666666666666962726140E+01,    0.3687788043603523746583051E+00,    0.3747560182173063081378928E+00,   -0.5977213856953933479587704E-02,     -1.59%
    0.1293333333333333001746723E+01,    0.3681842060002435967902557E+00,    0.3741519223094320611977537E+00,   -0.5967716309188464407498032E-02,     -1.59%
    0.1294999999999999928945726E+01,    0.3675911128255483495408384E+00,    0.3735489956201381023248587E+00,   -0.5957882794589752784020220E-02,     -1.59%
    0.1296666666666666856144730E+01,    0.3669995204486077300387592E+00,    0.3729472362537863960874063E+00,   -0.5947715805178666048647074E-02,     -1.59%
    0.1298333333333332895165313E+01,    0.3664094244817627243904212E+00,    0.3723466423124383029019668E+00,   -0.5937217830675578511545609E-02,     -1.59%
    0.1299999999999999822364316E+01,    0.3658208205373534305238081E+00,    0.3717472118959108673408309E+00,   -0.5926391358557436817022790E-02,     -1.59%
    0.1301666666666666749563319E+01,    0.3652337042277208345453232E+00,    0.3711489431018360485303731E+00,   -0.5915238874115213985049877E-02,     -1.59%
    0.1303333333333333676762322E+01,    0.3646480711652056450056136E+00,    0.3705518340257161757911319E+00,   -0.5903762860510530785518313E-02,     -1.59%
    0.1304999999999999715782906E+01,    0.3640639169621487924999315E+00,    0.3699558827609808475678221E+00,   -0.5891965798832055067890678E-02,     -1.59%
    0.1306666666666666642981909E+01,    0.3634812372308904304674115E+00,    0.3693610873990413323575410E+00,   -0.5879850168150901890129489E-02,     -1.59%
    0.1308333333333333570180912E+01,    0.3629000275837716005256084E+00,    0.3687674460293476896843856E+00,   -0.5867418445576089158777222E-02,     -1.59%
    0.1309999999999999609201495E+01,    0.3623202836331331777586229E+00,    0.3681749567394427269384494E+00,   -0.5854673106309549179826490E-02,     -1.59%
    0.1311666666666666536400498E+01,    0.3617420009913152045832874E+00,    0.3675836176150154011033067E+00,   -0.5841616623700196520019290E-02,     -1.59%
    0.1313333333333333463599502E+01,    0.3611651752706588891506101E+00,    0.3669934267399565519518490E+00,   -0.5828251469297662801238857E-02,     -1.59%
    0.1315000000000000390798505E+01,    0.3605898020835047734777845E+00,    0.3664043821964109159949885E+00,   -0.5814580112906142517203989E-02,     -1.59%
    0.1316666666666666429819088E+01,    0.3600158770421938436712139E+00,    0.3658164820648309167872014E+00,   -0.5800605022637073115987505E-02,     -1.59%
    0.1318333333333333357018091E+01,    0.3594433957590663086811844E+00,    0.3652297244240276241633580E+00,   -0.5786328664961315482173632E-02,     -1.58%
    0.1320000000000000284217094E+01,    0.3588723538464630991029480E+00,    0.3646441073512250996557782E+00,   -0.5771753504762000552830159E-02,     -1.58%
    0.1321666666666666323237678E+01,    0.3583027469167251455317569E+00,    0.3640596289221105785749444E+00,   -0.5756882005385433043187504E-02,     -1.58%
    0.1323333333333333250436681E+01,    0.3577345705821926569178970E+00,    0.3634762872108849296459709E+00,   -0.5741716628692272728073931E-02,     -1.58%
    0.1325000000000000177635684E+01,    0.3571678204552065083454693E+00,    0.3628940802903152240688200E+00,   -0.5726259835108715723350770E-02,     -1.58%
    0.1326666666666667104834687E+01,    0.3566024921481074638762720E+00,    0.3623130062317835853313852E+00,   -0.5710514083676121455113162E-02,     -1.58%
    0.1328333333333333143855270E+01,    0.3560385812732364541055574E+00,    0.3617330631053377598682630E+00,   -0.5694481832101305762705579E-02,     -1.57%
    0.1330000000000000071054274E+01,    0.3554760834429337434947627E+00,    0.3611542489797391897177192E+00,   -0.5678165536805446222956562E-02,     -1.57%
    0.1331666666666666998253277E+01,    0.3549149942695400961056862E+00,    0.3605765619225139717585193E+00,   -0.5661567652973875652833158E-02,     -1.57%
    0.1333333333333333037273860E+01,    0.3543553093653966090670338E+00,    0.3600000000000001532107774E+00,   -0.5644690634603544143743648E-02,     -1.57%
    0.1334999999999999964472863E+01,    0.3537970243428434913290914E+00,    0.3594245612773949161145026E+00,   -0.5627536934551424785411200E-02,     -1.57%
    0.1336666666666666891671866E+01,    0.3532401348142214514425063E+00,    0.3588502438188044818545563E+00,   -0.5610109004583030412049993E-02,     -1.56%
    0.1338333333333332930692450E+01,    0.3526846363918717530694380E+00,    0.3582770456872899633715690E+00,   -0.5592409295418210302131001E-02,     -1.56%
    0.1339999999999999857891453E+01,    0.3521305246881343276044163E+00,    0.3577049649449134949286133E+00,   -0.5574440256779167324197033E-02,     -1.56%
    0.1341666666666666785090456E+01,    0.3515777953153502721761470E+00,    0.3571339996527863602793218E+00,   -0.5556204337436088103174825E-02,     -1.56%
    0.1343333333333333712289459E+01,    0.3510264438858602398241260E+00,    0.3565641478711137901669304E+00,   -0.5537703985253550342804374E-02,     -1.55%
    0.1344999999999999751310042E+01,    0.3504764660120052166547566E+00,    0.3559954076592413141355564E+00,   -0.5518941647236097480799799E-02,     -1.55%
    0.1346666666666666678509046E+01,    0.3499278573061253561071737E+00,    0.3554277770756982257616130E+00,   -0.5499919769572869654439273E-02,     -1.55%
    0.1348333333333333605708049E+01,    0.3493806133805614777543269E+00,    0.3548612541782447671323553E+00,   -0.5480640797683289378028348E-02,     -1.54%
    0.1349999999999999644728632E+01,    0.3488347298476547897472244E+00,    0.3542958370239150944769335E+00,   -0.5461107176260304729709105E-02,     -1.54%
    0.1351666666666666571927635E+01,    0.3482902023197451679692449E+00,    0.3537315236690606323755048E+00,   -0.5441321349315464406259935E-02,     -1.54%
    0.1353333333333333499126638E+01,    0.3477470264091738205713966E+00,    0.3531683121693952043251841E+00,   -0.5421285760221383753787450E-02,     -1.54%
    0.1355000000000000426325641E+01,    0.3472051977282814005931755E+00,    0.3526062005800370546815259E+00,   -0.5401002851755654088350411E-02,     -1.53%
    0.1356666666666666465346225E+01,    0.3466647118894087276075311E+00,    0.3520451869555524249122413E+00,   -0.5380475066143697304710258E-02,     -1.53%
    0.1358333333333333392545228E+01,    0.3461255645048960105647495E+00,    0.3514852693499963542933529E+00,   -0.5359704845100343728603320E-02,     -1.52%
    0.1360000000000000319744231E+01,    0.3455877511870842355712341E+00,    0.3509264458169567002521205E+00,   -0.5338694629872464680886424E-02,     -1.52%
    0.1361666666666666358764815E+01,    0.3450512675483144997556906E+00,    0.3503687144095947725297435E+00,   -0.5317446861280272774052946E-02,     -1.52%
    0.1363333333333333285963818E+01,    0.3445161092009267900238001E+00,    0.3498120731806857452994564E+00,   -0.5295963979758955275656263E-02,     -1.51%
    0.1365000000000000213162821E+01,    0.3439822717572620924819660E+00,    0.3492565201826610676860696E+00,   -0.5274248425398975204103635E-02,     -1.51%
    0.1366666666666666252183404E+01,    0.3434497508296613377254403E+00,    0.3487020534676483207725539E+00,   -0.5252302637986983047113654E-02,     -1.51%
    0.1368333333333333179382407E+01,    0.3429185420304647902156603E+00,    0.3481486710875101309170532E+00,   -0.5230129057045340701392888E-02,     -1.50%
    0.1370000000000000106581410E+01,    0.3423886409720133250367269E+00,    0.3475963710938858031163079E+00,   -0.5207730121872478079581015E-02,     -1.50%
    0.1371666666666667033780413E+01,    0.3418600432666477062504384E+00,    0.3470451515382292906330974E+00,   -0.5185108271581584382659003E-02,     -1.49%
    0.1373333333333333072800997E+01,    0.3413327445267088644520470E+00,    0.3464950104718492740474289E+00,   -0.5162265945140409595381925E-02,     -1.49%
    0.1375000000000000000000000E+01,    0.3408067403645368975695362E+00,    0.3459459459459459651498037E+00,   -0.5139205581409067580267447E-02,     -1.49%
    0.1376666666666666927199003E+01,    0.3402820263924727361981581E+00,    0.3453979560116512970147085E+00,   -0.5115929619178560816550316E-02,     -1.48%
    0.1378333333333332966219587E+01,    0.3397585982228575329777698E+00,    0.3448510387200663385165456E+00,   -0.5092440497208805538775778E-02,     -1.48%
    0.1379999999999999893418590E+01,    0.3392364514680313303252035E+00,    0.3443051921222972100444792E+00,   -0.5068740654265879719275745E-02,     -1.47%
    0.1381666666666666820617593E+01,    0.3387155817403350033245601E+00,    0.3437604142694947184644150E+00,   -0.5044832529159715139854825E-02,     -1.47%
    0.1383333333333333747816596E+01,    0.3381959846521093715487893E+00,    0.3432167032128895511888800E+00,   -0.5020718560780179640090637E-02,     -1.46%
    0.1384999999999999786837179E+01,    0.3376776558156953655931432E+00,    0.3426740570038294131371970E+00,   -0.4996401188134047544053828E-02,     -1.46%
    0.1386666666666666714036182E+01,    0.3371605908434331388967564E+00,    0.3421324736938142763165160E+00,   -0.4971882850381137419759625E-02,     -1.45%
    0.1388333333333333641235185E+01,    0.3366447853476636220548812E+00,    0.3415919513345332392262321E+00,   -0.4947165986869617171350910E-02,     -1.45%
    0.1389999999999999680255769E+01,    0.3361302349407279121962233E+00,    0.3410524879778998874613194E+00,   -0.4922253037171975265096080E-02,     -1.44%
    0.1391666666666666607454772E+01,    0.3356169352349658852041614E+00,    0.3405140816760859889811286E+00,   -0.4897146441120103776967198E-02,     -1.44%
    0.1393333333333333534653775E+01,    0.3351048818427187492297037E+00,    0.3399767304815580759580484E+00,   -0.4871848638839326728344759E-02,     -1.43%
    0.1394999999999999573674359E+01,    0.3345940703763273793569510E+00,    0.3394404324471110845351518E+00,   -0.4846362070783705178200762E-02,     -1.43%
    0.1396666666666666500873362E+01,    0.3340844964481319290250383E+00,    0.3389051856259014949834807E+00,   -0.4820689177769565958442399E-02,     -1.42%
    0.1398333333333333428072365E+01,    0.3335761556704734398515200E+00,    0.3383709880714826923053806E+00,   -0.4794832401009252453860654E-02,     -1.42%
    0.1400000000000000355271368E+01,    0.3330690436556924538535895E+00,    0.3378378378378377178137271E+00,   -0.4768794182145263960137527E-02,     -1.41%
    0.1401666666666666394291951E+01,    0.3325631560161301236711040E+00,    0.3373057329794122427557568E+00,   -0.4742576963282119084652777E-02,     -1.41%
    0.1403333333333333321490954E+01,    0.3320584883641263806985933E+00,    0.3367746715511467092696307E+00,   -0.4716183187020328571037453E-02,     -1.40%
    0.1405000000000000248689958E+01,    0.3315550363120223220647631E+00,    0.3362446516085102476978363E+00,   -0.4689615296487925633073246E-02,     -1.39%
    0.1406666666666666287710541E+01,    0.3310527954721589338760168E+00,    0.3357156712075320958987845E+00,   -0.4662875735373162022767701E-02,     -1.39%
    0.1408333333333333214909544E+01,    0.3305517614568762585491868E+00,    0.3351877284048323524245916E+00,   -0.4635966947956093875404804E-02,     -1.38%
    0.1410000000000000142108547E+01,    0.3300519298785153377018275E+00,    0.3346608212576553387229694E+00,   -0.4608891379140001021141870E-02,     -1.38%
    0.1411666666666667069307550E+01,    0.3295532963494169353957375E+00,    0.3341349478238996306700415E+00,   -0.4581651474482695274303978E-02,     -1.37%
    0.1413333333333333108328134E+01,    0.3290558564819219267150174E+00,    0.3336101061621493668596372E+00,   -0.4554249680227440144619777E-02,     -1.37%
    0.1415000000000000035527137E+01,    0.3285596058883704095876510E+00,    0.3330862943317039470692009E+00,   -0.4526688443333537481549911E-02,     -1.36%
    0.1416666666666666962726140E+01,    0.3280645401811034811423440E+00,    0.3325635103926096181048422E+00,   -0.4498970211506136962498204E-02,     -1.35%
    0.1418333333333333001746723E+01,    0.3275706549724619609520460E+00,    0.3320417524056887281780348E+00,   -0.4471097433226767225988851E-02,     -1.35%
    0.1419999999999999928945726E+01,    0.3270779458747860579670430E+00,    0.3315210184325686482154083E+00,   -0.4443072557782590248365295E-02,     -1.34%
    0.1421666666666666856144730E+01,    0.3265864085004168693160409E+00,    0.3310013065357126915699837E+00,   -0.4414898035295822253942788E-02,     -1.33%
    0.1423333333333332895165313E+01,    0.3260960384616951590608380E+00,    0.3304826147784482581748478E+00,   -0.4386576316753099114009729E-02,     -1.33%
    0.1424999999999999822364316E+01,    0.3256068313709611361517204E+00,    0.3299649412249948676745248E+00,   -0.4358109854033731522804374E-02,     -1.32%
    0.1426666666666666749563319E+01,    0.3251187828405558422062427E+00,    0.3294482839404943019800953E+00,   -0.4329501099938459773852628E-02,     -1.31%
    0.1428333333333333676762322E+01,    0.3246318884828198747527495E+00,    0.3289326409910373616440893E+00,   -0.4300752508217486891339831E-02,     -1.31%
    0.1429999999999999715782906E+01,    0.3241461439100942754087953E+00,    0.3284180104436927871702778E+00,   -0.4271866533598511761482541E-02,     -1.30%
    0.1431666666666666642981909E+01,    0.3236615447347191421023638E+00,    0.3279043903665333492547518E+00,   -0.4242845631814207152388008E-02,     -1.29%
    0.1433333333333333570180912E+01,    0.3231780865690354609398582E+00,    0.3273917788286649366291670E+00,   -0.4213692259629475689308720E-02,     -1.29%
    0.1434999999999999609201495E+01,    0.3226957650253842735388332E+00,    0.3268801739002526463018228E+00,   -0.4184408874868372762989566E-02,     -1.28%
    0.1436666666666666536400498E+01,    0.3222145757161055112938186E+00,    0.3263695736525469848210435E+00,   -0.4154997936441473527224844E-02,     -1.27%
    0.1438333333333333463599502E+01,    0.3217345142535403268446714E+00,    0.3258599761579117348730961E+00,   -0.4125461904371408028424639E-02,     -1.27%
    0.1440000000000000390798505E+01,    0.3212555762500293732308876E+00,    0.3253513794898489353002446E+00,   -0.4095803239819562069357062E-02,     -1.26%
    0.1441666666666666429819088E+01,    0.3207777573179136365588704E+00,    0.3248437817230256374756436E+00,   -0.4066024405112000916773241E-02,     -1.25%
    0.1443333333333333357018091E+01,    0.3203010530695332147566035E+00,    0.3243371809332982191875772E+00,   -0.4036127863765004430973704E-02,     -1.24%
    0.1445000000000000284217094E+01,    0.3198254591172290384193388E+00,    0.3238315751977395851035624E+00,   -0.4006116080510546684223527E-02,     -1.24%
    0.1446666666666666323237678E+01,    0.3193509710733421491646311E+00,    0.3233269625946630365653789E+00,   -0.3975991521320887400747779E-02,     -1.23%
    0.1448333333333333250436681E+01,    0.3188775845502127004316151E+00,    0.3228233412036468630290642E+00,   -0.3945756653434162597449131E-02,     -1.22%
    0.1450000000000000177635684E+01,    0.3184052951601817338378453E+00,    0.3223207091055599882167826E+00,   -0.3915413945378254378937299E-02,     -1.21%
    0.1451666666666667104834687E+01,    0.3179340985155896803782127E+00,    0.3218190643825855068449471E+00,   -0.3884965866995826466734343E-02,     -1.21%
    0.1453333333333333143855270E+01,    0.3174639902287776926925744E+00,    0.3213184051182452205530637E+00,   -0.3854414889467527860489326E-02,     -1.20%
    0.1455000000000000071054274E+01,    0.3169949659120859797312164E+00,    0.3208187293974221754311316E+00,   -0.3823763485336195699915152E-02,     -1.19%
    0.1456666666666666998253277E+01,    0.3165270211778553055559371E+00,    0.3203200353063860306157551E+00,   -0.3793014128530725059817996E-02,     -1.18%
    0.1458333333333333037273860E+01,    0.3160601516384268228065935E+00,    0.3198223209328152072394857E+00,   -0.3762169294388384432892281E-02,     -1.18%
    0.1459999999999999964472863E+01,    0.3155943529061405739000179E+00,    0.3193255843658194259582217E+00,   -0.3731231459678852058203802E-02,     -1.17%
    0.1461666666666666891671866E+01,    0.3151296205933375449426137E+00,    0.3188298236959637987908422E+00,   -0.3700203102626253848228544E-02,     -1.16%
    0.1463333333333332930692450E+01,    0.3146659503123587775519354E+00,    0.3183350370152908115350954E+00,   -0.3669086702932033983159954E-02,     -1.15%
    0.1464999999999999857891453E+01,    0.3142033376755443141448154E+00,    0.3178412224173414735162169E+00,   -0.3637884741797159371401449E-02,     -1.14%
    0.1466666666666666785090456E+01,    0.3137417782952351408276570E+00,    0.3173483779971790763596573E+00,   -0.3606599701943935532000296E-02,     -1.14%
    0.1468333333333333712289459E+01,    0.3132812677837720216622586E+00,    0.3168565018514100106727938E+00,   -0.3575234067637989010535193E-02,     -1.13%
    0.1469999999999999751310042E+01,    0.3128218017534958317327209E+00,    0.3163655920782056374385149E+00,   -0.3543790324709805705793997E-02,     -1.12%
    0.1471666666666666678509046E+01,    0.3123633758167467244781790E+00,    0.3158756467773225495854206E+00,   -0.3512270960575825107241599E-02,     -1.11%
    0.1473333333333333605708049E+01,    0.3119059855858658525384897E+00,    0.3153866640501253870709775E+00,   -0.3480678464259534532487805E-02,     -1.10%
    0.1474999999999999644728632E+01,    0.3114496266731938689531489E+00,    0.3148986419996064878290554E+00,   -0.3449015326412618875906446E-02,     -1.10%
    0.1476666666666666571927635E+01,    0.3109942946910711492058965E+00,    0.3144115787304060938289751E+00,   -0.3417284039334944623078627E-02,     -1.09%
    0.1478333333333333499126638E+01,    0.3105399852518385683808333E+00,    0.3139254723488339449133377E+00,   -0.3385487096995376532504451E-02,     -1.08%
    0.1480000000000000426325641E+01,    0.3100866939678369460509089E+00,    0.3134403209628885411675014E+00,   -0.3353626995051595116592580E-02,     -1.07%
    0.1481666666666666465346225E+01,    0.3096344164514070462779216E+00,    0.3129561226822774044897812E+00,   -0.3321706230870358211859639E-02,     -1.06%
    0.1483333333333333392545228E+01,    0.3091831483148890780121576E+00,    0.3124728756184358968717163E+00,   -0.3289727303546818859558698E-02,     -1.05%
    0.1485000000000000319744231E+01,    0.3087328851706241383823226E+00,    0.3119905778845478150351767E+00,   -0.3257692713923676652854056E-02,     -1.04%
    0.1486666666666666358764815E+01,    0.3082836226309529914502150E+00,    0.3115092275955642087126307E+00,   -0.3225604964611217262415721E-02,     -1.04%
    0.1488333333333333285963818E+01,    0.3078353563082160126995745E+00,    0.3110288228682214217712954E+00,   -0.3193466560005409071720806E-02,     -1.03%
    0.1490000000000000213162821E+01,    0.3073880818147540217033509E+00,    0.3105493618210613537833353E+00,   -0.3161280006307332079984462E-02,     -1.02%
    0.1491666666666666252183404E+01,    0.3069417947629079490567960E+00,    0.3100708425744494456388622E+00,   -0.3129047811541496582066202E-02,     -1.01%
    0.1493333333333333179382407E+01,    0.3064964907650180037101961E+00,    0.3095932632505917214693625E+00,   -0.3096772485573717759166357E-02,     -1.00%
    0.1495000000000000106581410E+01,    0.3060521654334252272811057E+00,    0.3091166219735550502178967E+00,   -0.3064456540129822936791015E-02,     -0.99%
    0.1496666666666667033780413E+01,    0.3056088143804702172978693E+00,    0.3086409168692835769398641E+00,   -0.3032102488813359641994793E-02,     -0.98%
    0.1498333333333333072800997E+01,    0.3051664332184939043557392E+00,    0.3081661460656172080163628E+00,   -0.2999712847123303660623606E-02,     -0.97%
    0.1500000000000000000000000E+01,    0.3047250175598366084273039E+00,    0.3076923076923077093880465E+00,   -0.2967290132471100960742660E-02,     -0.96%
    0.1501666666666666927199003E+01,    0.3042845630168391490855129E+00,    0.3072193998810377468799970E+00,   -0.2934836864198597794484158E-02,     -0.96%
    0.1503333333333332966219587E+01,    0.3038450652018424014144671E+00,    0.3067474207654371509690350E+00,   -0.2902355563594749554567898E-02,     -0.95%
    0.1504999999999999893418590E+01,    0.3034065197271867408979062E+00,    0.3062763684810989595064257E+00,   -0.2869848753912218608519424E-02,     -0.94%
    0.1506666666666666820617593E+01,    0.3029689222052129315976288E+00,    0.3058062411655974588420293E+00,   -0.2837318960384527244400488E-02,     -0.93%
    0.1508333333333333747816596E+01,    0.3025322682482618485977355E+00,    0.3053370369585037269466454E+00,   -0.2804768710241878348909950E-02,     -0.92%
    0.1509999999999999786837179E+01,    0.3020965534686743669823272E+00,    0.3048687540014024532908365E+00,   -0.2772200532728086308509319E-02,     -0.91%
    0.1511666666666666714036182E+01,    0.3016617734787905846793876E+00,    0.3044013904379067603223064E+00,   -0.2739616959116175642918734E-02,     -0.90%
    0.1513333333333333641235185E+01,    0.3012279238909516543287737E+00,    0.3039349444136756339673866E+00,   -0.2707020522723979638612946E-02,     -0.89%
    0.1514999999999999680255769E+01,    0.3007950003174982844811325E+00,    0.3034694140764288561307183E+00,   -0.2674413758930571649585772E-02,     -0.88%
    0.1516666666666666607454772E+01,    0.3003629983707707395979014E+00,    0.3030047975759616041280253E+00,   -0.2641799205190864530123918E-02,     -0.87%
    0.1518333333333333534653775E+01,    0.2999319136631100612966350E+00,    0.3025410930641613260760892E+00,   -0.2609179401051264779454186E-02,     -0.86%
    0.1519999999999999573674359E+01,    0.2995017418068570691502828E+00,    0.3020782986950218962363124E+00,   -0.2576556888164827086029618E-02,     -0.85%
    0.1521666666666666500873362E+01,    0.2990724784143519721091309E+00,    0.3016164126246576593359805E+00,   -0.2543934210305687226849614E-02,     -0.84%
    0.1523333333333333428072365E+01,    0.2986441190979359228130363E+00,    0.3011554330113200839136312E+00,   -0.2511313913384161100594838E-02,     -0.83%
    0.1525000000000000355271368E+01,    0.2982166594699492967457388E+00,    0.3006953580154105298838374E+00,   -0.2478698545461233138098578E-02,     -0.82%
    0.1526666666666666394291951E+01,    0.2977900951427331910359442E+00,    0.3002361857994956806372500E+00,   -0.2446090656762489601305788E-02,     -0.81%
    0.1528333333333333321490954E+01,    0.2973644217286279256562409E+00,    0.2997779145283202550942292E+00,   -0.2413492799692329437988292E-02,     -0.81%
    0.1530000000000000248689958E+01,    0.2969396348399741536461249E+00,    0.2993205423688227173606435E+00,   -0.2380907528848563714518605E-02,     -0.80%
    0.1531666666666666287710541E+01,    0.2965157300891130276454533E+00,    0.2988640674901479332703502E+00,   -0.2348337401034905624896965E-02,     -0.79%
    0.1533333333333333214909544E+01,    0.2960927030883848121156632E+00,    0.2984084880636604930614908E+00,   -0.2315784975275680945827617E-02,     -0.78%
    0.1535000000000000142108547E+01,    0.2956705494501301045850994E+00,    0.2979538022629590887646600E+00,   -0.2283252812828984179560621E-02,     -0.77%
    0.1536666666666667069307550E+01,    0.2952492647866899466713164E+00,    0.2975000082638890042119328E+00,   -0.2250743477199057540616423E-02,     -0.76%
    0.1538333333333333108328134E+01,    0.2948288447104051024361127E+00,    0.2970471042445556597577649E+00,   -0.2218259534150557321652286E-02,     -0.75%
    0.1540000000000000035527137E+01,    0.2944092848336158918520766E+00,    0.2965950883853363251319024E+00,   -0.2185803551720433279825784E-02,     -0.74%
    0.1541666666666666962726140E+01,    0.2939905807686631344921580E+00,    0.2961439588688944968275507E+00,   -0.2153378100231362335392760E-02,     -0.73%
    0.1543333333333333001746723E+01,    0.2935727281278878164627599E+00,    0.2956937138801915554431332E+00,   -0.2120985752303738980373282E-02,     -0.72%
    0.1544999999999999928945726E+01,    0.2931557225236302022253199E+00,    0.2952443516064983120017473E+00,   -0.2088629082868109776427445E-02,     -0.71%
    0.1546666666666666856144730E+01,    0.2927395595682311113527874E+00,    0.2947958702374088857389722E+00,   -0.2056310669177774386184865E-02,     -0.70%
    0.1548333333333332895165313E+01,    0.2923242348740314744404145E+00,    0.2943482679648516397996616E+00,   -0.2024033090820165359247085E-02,     -0.69%
    0.1549999999999999822364316E+01,    0.2919097440533716114607898E+00,    0.2939015429831007275573995E+00,   -0.1991798929729116096609687E-02,     -0.68%
    0.1551666666666666749563319E+01,    0.2914960827185924530091654E+00,    0.2934556934887887491569813E+00,   -0.1959610770196296147815929E-02,     -0.67%
    0.1553333333333333676762322E+01,    0.2910832464820346521250372E+00,    0.2930107176809177427223574E+00,   -0.1927471198883090597320233E-02,     -0.66%
    0.1554999999999999715782906E+01,    0.2906712309560391394036571E+00,    0.2925666137608707306760891E+00,   -0.1895382804831591272431979E-02,     -0.65%
    0.1556666666666666642981909E+01,    0.2902600317529460682841602E+00,    0.2921233799324221003246294E+00,   -0.1863348179476032040469136E-02,     -0.64%
    0.1558333333333333570180912E+01,    0.2898496444850964803841009E+00,    0.2916810144017500383561980E+00,   -0.1831369916653557972097133E-02,     -0.63%
    0.1559999999999999609201495E+01,    0.2894400647648311952764288E+00,    0.2912395153774465228480040E+00,   -0.1799450612615327571575108E-02,     -0.62%
    0.1561666666666666536400498E+01,    0.2890312882044905329337325E+00,    0.2907988810705276483403736E+00,   -0.1767592866037115406641078E-02,     -0.61%
    0.1563333333333333463599502E+01,    0.2886233104164154239512641E+00,    0.2903591096944453942008124E+00,   -0.1735799278029970249548342E-02,     -0.60%
    0.1565000000000000390798505E+01,    0.2882161270129465213685194E+00,    0.2899201994650971170308651E+00,   -0.1704072452150595662345722E-02,     -0.59%
    0.1566666666666666429819088E+01,    0.2878097336064246447584480E+00,    0.2894821486008363753406059E+00,   -0.1672414994411730582157816E-02,     -0.58%
    0.1568333333333333357018091E+01,    0.2874041258091902251159411E+00,    0.2890449553224818113328354E+00,   -0.1640829513291586216894302E-02,     -0.57%
    0.1570000000000000284217094E+01,    0.2869992992335840820139481E+00,    0.2886086178533290302894443E+00,   -0.1609318619744948275496199E-02,     -0.56%
    0.1571666666666666323237678E+01,    0.2865952494919470905365699E+00,    0.2881731344191590937775516E+00,   -0.1577884927212003240981630E-02,     -0.55%
    0.1573333333333333250436681E+01,    0.2861919721966195706563951E+00,    0.2877385032482480120563650E+00,   -0.1546531051628441399969915E-02,     -0.54%
    0.1575000000000000177635684E+01,    0.2857894629599423974575245E+00,    0.2873047225713771801736129E+00,   -0.1515259611434782716088421E-02,     -0.53%
    0.1576666666666667104834687E+01,    0.2853877173942563350017565E+00,    0.2868717906218423152608921E+00,   -0.1484073227585980259135567E-02,     -0.52%
    0.1578333333333333143855270E+01,    0.2849867311119021473508894E+00,    0.2864397056354625603624697E+00,   -0.1452974523560413011580295E-02,     -0.51%
    0.1580000000000000071054274E+01,    0.2845864997252203210109656E+00,    0.2860084658505891441748759E+00,   -0.1421966125368823163910292E-02,     -0.50%
    0.1581666666666666998253277E+01,    0.2841870188465515645326320E+00,    0.2855780695081154840764270E+00,   -0.1391050661563919543795009E-02,     -0.49%
    0.1583333333333333037273860E+01,    0.2837882840882368640222921E+00,    0.2851485148514852352441551E+00,   -0.1360230763248371221862953E-02,     -0.48%
    0.1584999999999999964472863E+01,    0.2833902910626164284302320E+00,    0.2847198001267003397707356E+00,   -0.1329509064083911340503619E-02,     -0.47%
    0.1586666666666666891671866E+01,    0.2829930353820312993740060E+00,    0.2842919235823309076494070E+00,   -0.1298888200299608275400942E-02,     -0.46%
    0.1588333333333332930692450E+01,    0.2825965126588221854042615E+00,    0.2838648834695228773128406E+00,   -0.1268370810700691908579074E-02,     -0.45%
    0.1589999999999999857891453E+01,    0.2822007185053295175158894E+00,    0.2834386780420056761720105E+00,   -0.1237959536676158656121061E-02,     -0.44%
    0.1591666666666666785090456E+01,    0.2818056485338941152818393E+00,    0.2830133055561014354672977E+00,   -0.1207657022207320185458457E-02,     -0.43%
    0.1593333333333333712289459E+01,    0.2814112983568567982750608E+00,    0.2825887642707324842739069E+00,   -0.1177465913875685998846166E-02,     -0.42%
    0.1594999999999999751310042E+01,    0.2810176635865582750462011E+00,    0.2821650524474291765741896E+00,   -0.1147388860870901527988508E-02,     -0.41%
    0.1596666666666666678509046E+01,    0.2806247398353390321013023E+00,    0.2817421683503369966850016E+00,   -0.1117428514997964583699286E-02,     -0.40%
    0.1598333333333333605708049E+01,    0.2802325227155396114575581E+00,    0.2813201102462253300195982E+00,   -0.1087587530685718562040165E-02,     -0.39%
    0.1599999999999999644728632E+01,    0.2798410078395013877994302E+00,    0.2808988764044944574926888E+00,   -0.1057868564993069693258576E-02,     -0.38%
    0.1601666666666666571927635E+01,    0.2794501908195642925214486E+00,    0.2804784650971819393028284E+00,   -0.1028274277617646781379790E-02,     -0.37%
    0.1603333333333333499126638E+01,    0.2790600672680694227523190E+00,    0.2800588745989712191608589E+00,   -0.9988073309017964085398944E-03,     -0.36%
    0.1605000000000000426325641E+01,    0.2786706327973573205092350E+00,    0.2796401031871979525611494E+00,   -0.9694703898406320519143264E-03,     -0.35%
    0.1606666666666666465346225E+01,    0.2782818830197690829209023E+00,    0.2792221491418573342535581E+00,   -0.9402661220882513326557728E-03,     -0.34%
    0.1608333333333333392545228E+01,    0.2778938135476447524041532E+00,    0.2788050107456097603808587E+00,   -0.9111971979650079767054649E-03,     -0.33%
    0.1610000000000000319744231E+01,    0.2775064199933254260876936E+00,    0.2783886862837893216848784E+00,   -0.8822662904638955971847736E-03,     -0.32%
    0.1611666666666666358764815E+01,    0.2771196979691518125221705E+00,    0.2779731740444094101327721E+00,   -0.8534760752575976106015787E-03,     -0.31%
    0.1613333333333333285963818E+01,    0.2767336430874643427024751E+00,    0.2775584723181683810544484E+00,   -0.8248292307040383519733950E-03,     -0.30%
    0.1615000000000000213162821E+01,    0.2763482509606039472238592E+00,    0.2771445793984576022594979E+00,   -0.7963284378536550356386670E-03,     -0.29%
    0.1616666666666666252183404E+01,    0.2759635172009113901481214E+00,    0.2767314935813668386188624E+00,   -0.7679763804554484707409756E-03,     -0.28%
    0.1618333333333333179382407E+01,    0.2755794374207269914478502E+00,    0.2763192131656894701130511E+00,   -0.7397757449624786652009334E-03,     -0.27%
    0.1620000000000000106581410E+01,    0.2751960072323917372294488E+00,    0.2759077364529300968598591E+00,   -0.7117292205383596304102412E-03,     -0.26%
    0.1621666666666667033780413E+01,    0.2748132222482461695101108E+00,    0.2754970617473094240956755E+00,   -0.6838394990632545855646640E-03,     -0.25%
    0.1623333333333333072800997E+01,    0.2744310780806313299073906E+00,    0.2750871873557703128909679E+00,   -0.6561092751389829835773071E-03,     -0.24%
    0.1625000000000000000000000E+01,    0.2740495703418874273715744E+00,    0.2746781115879828316650446E+00,   -0.6285412460954042934702102E-03,     -0.23%
    0.1626666666666666927199003E+01,    0.2736686946443553369867629E+00,    0.2742698327563508065018993E+00,   -0.6011381119954695151363921E-03,     -0.22%
    0.1628333333333332966219587E+01,    0.2732884466003759893482083E+00,    0.2738623491760167616426713E+00,   -0.5739025756407722944629768E-03,     -0.21%
    0.1629999999999999893418590E+01,    0.2729088218222898154508016E+00,    0.2734556591648664158888948E+00,   -0.5468373425766004380932372E-03,     -0.20%
    0.1631666666666666820617593E+01,    0.2725298159224374683340386E+00,    0.2730497610435354549629494E+00,   -0.5199451210979866289108031E-03,     -0.19%
    0.1633333333333333747816596E+01,    0.2721514245131597675708690E+00,    0.2726446531354134172886461E+00,   -0.4932286222536497177770798E-03,     -0.18%
    0.1634999999999999786837179E+01,    0.2717736432067975882453936E+00,    0.2722403337666492451063505E+00,   -0.4666905598516568609568367E-03,     -0.17%
    0.1636666666666666714036182E+01,    0.2713964676156911393078985E+00,    0.2718368012661553922981739E+00,   -0.4403336504642529902753267E-03,     -0.16%
    0.1638333333333333641235185E+01,    0.2710198933521814623759383E+00,    0.2714340539656137640811551E+00,   -0.4141606134323017052167870E-03,     -0.15%
    0.1639999999999999680255769E+01,    0.2706439160286094325336137E+00,    0.2710320901994796582989977E+00,   -0.3881741708702257653840206E-03,     -0.14%
    0.1641666666666666607454772E+01,    0.2702685312573152587312109E+00,    0.2706309083049860397807151E+00,   -0.3623770476707810495042850E-03,     -0.13%
    0.1643333333333333534653775E+01,    0.2698937346506398160528306E+00,    0.2702305066221486473665436E+00,   -0.3367719715088313137130172E-03,     -0.12%
    0.1644999999999999573674359E+01,    0.2695195218209240350937250E+00,    0.2698308834937703792888897E+00,   -0.3113616728463441951646473E-03,     -0.12%
    0.1646666666666666500873362E+01,    0.2691458883805083468487851E+00,    0.2694320372654444573079502E+00,   -0.2861488849361104591650928E-03,     -0.11%
    0.1648333333333333428072365E+01,    0.2687728299417333488463555E+00,    0.2690339662855600888491381E+00,   -0.2611363438267400027825715E-03,     -0.10%
    0.1650000000000000355271368E+01,    0.2684003421169399716816883E+00,    0.2686366689053055201164000E+00,   -0.2363267883655484347116271E-03,     -0.09%
    0.1651666666666666394291951E+01,    0.2680284205184691459500357E+00,    0.2682401434786723659620122E+00,   -0.2117229602032200119765548E-03,     -0.08%
    0.1653333333333333321490954E+01,    0.2676570607586610250905323E+00,    0.2678443883624589405556549E+00,   -0.1873276037979154651225144E-03,     -0.07%
    0.1655000000000000248689958E+01,    0.2672862584498565396984304E+00,    0.2674494019162749203211149E+00,   -0.1631434664183806226844808E-03,     -0.06%
    0.1656666666666666287710541E+01,    0.2669160092043964538355283E+00,    0.2670551825025445080719066E+00,   -0.1391732981480542363783570E-03,     -0.05%
    0.1658333333333333214909544E+01,    0.2665463086346213095190194E+00,    0.2666617284865095416357406E+00,   -0.1154198518882321167211558E-03,     -0.04%
    0.1660000000000000142108547E+01,    0.2661771523528718708107021E+00,    0.2662690382362338792354706E+00,   -0.9188588336200842476841899E-04,     -0.03%
    0.1661666666666667069307550E+01,    0.2658085359714887907500724E+00,    0.2658771101226061750466556E+00,   -0.6857415111738429658316818E-04,     -0.03%
    0.1663333333333333108328134E+01,    0.2654404551028129999323824E+00,    0.2654859425193436539558434E+00,   -0.4548741653065402346101109E-04,     -0.02%
    0.1665000000000000035527137E+01,    0.2650729053591848738413717E+00,    0.2650955338029942209843171E+00,   -0.2262844380934714294539845E-04,     -0.01%
    0.1666666666666666962726140E+01,    0.2647058823529451765388387E+00,    0.2647058823529411242247988E+00,    0.4052314039881821372546256E-14,      0.00%
    0.1668333333333333001746723E+01,    0.2643393823555618138421153E+00,    0.2643169865514049532428942E+00,    0.2239580415686059922109052E-04,      0.01%
    0.1669999999999999928945726E+01,    0.2639734042750719322789621E+00,    0.2639288447834464146346534E+00,    0.4455949162551764430872936E-04,      0.02%
    0.1671666666666666856144730E+01,    0.2636079476786224451423379E+00,    0.2635414554369699957625528E+00,    0.6649224165244937978513917E-04,      0.03%
    0.1673333333333332895165313E+01,    0.2632430121333691475093985E+00,    0.2631548169027264072461492E+00,    0.8819523064274026324937950E-04,      0.03%
    0.1674999999999999822364316E+01,    0.2628785972064673348569386E+00,    0.2627689275743143593189188E+00,    0.1096696321529755380197457E-03,      0.04%
    0.1676666666666666749563319E+01,    0.2625147024650726912398113E+00,    0.2623837858481847251646002E+00,    0.1309166168879660752111249E-03,      0.05%
    0.1678333333333333676762322E+01,    0.2621513274763407896905676E+00,    0.2619993901236417621625208E+00,    0.1519373526990275280468268E-03,      0.06%
    0.1679999999999999715782906E+01,    0.2617884718074275918198168E+00,    0.2616157388028464425566710E+00,    0.1727330045811492631457895E-03,      0.07%
    0.1681666666666666642981909E+01,    0.2614261350254882820820512E+00,    0.2612328302908174526564267E+00,    0.1933047346708294256245608E-03,      0.07%
    0.1683333333333333570180912E+01,    0.2610643166976785445321241E+00,    0.2608506629954350786171346E+00,    0.2136537022434659149894287E-03,      0.08%
    0.1684999999999999609201495E+01,    0.2607030163911542852694936E+00,    0.2604692353274424831965916E+00,    0.2337810637118020729019463E-03,      0.09%
    0.1686666666666666536400498E+01,    0.2603422336730706887486519E+00,    0.2600885457004473710895809E+00,    0.2536879726233176590710627E-03,      0.10%
    0.1688333333333333463599502E+01,    0.2599819681105835500467549E+00,    0.2597085925309251530634924E+00,    0.2733755796583969832624916E-03,      0.11%
    0.1690000000000000390798505E+01,    0.2596222192708485532186558E+00,    0.2593293742382198896478940E+00,    0.2928450326286635707617734E-03,      0.11%
    0.1691666666666666429819088E+01,    0.2592629867210212712969053E+00,    0.2589508892445467891363364E+00,    0.3120974764744821605688685E-03,      0.12%
    0.1693333333333333357018091E+01,    0.2589042700282572218029031E+00,    0.2585731359749930957647734E+00,    0.3311340532641260381296888E-03,      0.13%
    0.1695000000000000284217094E+01,    0.2585460687597120332803513E+00,    0.2581961128575208652691231E+00,    0.3499559021911680112282284E-03,      0.14%
    0.1696666666666666323237678E+01,    0.2581883824825415563175568E+00,    0.2578198183229680751082924E+00,    0.3685641595734812092644006E-03,      0.14%
    0.1698333333333333250436681E+01,    0.2578312107639009753690118E+00,    0.2574442508050496236648996E+00,    0.3869599588513517041121759E-03,      0.15%
    0.1700000000000000177635684E+01,    0.2574745531709461410230233E+00,    0.2570694087403598837582308E+00,    0.4051444305862572647924935E-03,      0.16%
    0.1701666666666667104834687E+01,    0.2571184092708325708009909E+00,    0.2566952905683732022446009E+00,    0.4231187024593685563900181E-03,      0.16%
    0.1703333333333333143855270E+01,    0.2567627786307162818246752E+00,    0.2563218947314458984187979E+00,    0.4408838992703834058772827E-03,      0.17%
    0.1705000000000000071054274E+01,    0.2564076608177521254816611E+00,    0.2559492196748164860586883E+00,    0.4584411429356394229728267E-03,      0.18%
    0.1706666666666666998253277E+01,    0.2560530553990962854271629E+00,    0.2555772638466081159158705E+00,    0.4757915524881695112924263E-03,      0.19%
    0.1708333333333333037273860E+01,    0.2556989619419042791825802E+00,    0.2552060256978290198048853E+00,    0.4929362440752593776949197E-03,      0.19%
    0.1709999999999999964472863E+01,    0.2553453800133315132470102E+00,    0.2548355036823730657147280E+00,    0.5098763309584475322822072E-03,      0.20%
    0.1711666666666666891671866E+01,    0.2549923091805337271864573E+00,    0.2544656962570215896768389E+00,    0.5266129235121375096184693E-03,      0.21%
    0.1713333333333332930692450E+01,    0.2546397490106667160780773E+00,    0.2540966018814442839435230E+00,    0.5431471292224321345543103E-03,      0.21%
    0.1714999999999999857891453E+01,    0.2542876990708856643763625E+00,    0.2537282190181986973875894E+00,    0.5594800526869669887730652E-03,      0.22%
    0.1716666666666666785090456E+01,    0.2539361589283464226696196E+00,    0.2533605461327327335041559E+00,    0.5756127956136891654637111E-03,      0.23%
    0.1718333333333333712289459E+01,    0.2535851281502046195015510E+00,    0.2529935816933843173437424E+00,    0.5915464568203021578085554E-03,      0.23%
    0.1719999999999999751310042E+01,    0.2532346063036158834158584E+00,    0.2526273241713824502241437E+00,    0.6072821322334331917147665E-03,      0.24%
    0.1721666666666666678509046E+01,    0.2528845929557357319339417E+00,    0.2522617720408467656412199E+00,    0.6228209148889662927217614E-03,      0.25%
    0.1723333333333333605708049E+01,    0.2525350876737196825772003E+00,    0.2518969237787896942037946E+00,    0.6381638949299883734056493E-03,      0.25%
    0.1724999999999999644728632E+01,    0.2521860900247237524673949E+00,    0.2515327778651156309663861E+00,    0.6533121596081215010087817E-03,      0.26%
    0.1726666666666666571927635E+01,    0.2518375995759030150367153E+00,    0.2511693327826213240072661E+00,    0.6682667932816910294491208E-03,      0.27%
    0.1728333333333333499126638E+01,    0.2514896158944132653623171E+00,    0.2508065870169969846514846E+00,    0.6830288774162807108325524E-03,      0.27%
    0.1730000000000000426325641E+01,    0.2511421385474102985213563E+00,    0.2504445390568257878705083E+00,    0.6975994905845106508479603E-03,      0.28%
    0.1731666666666666465346225E+01,    0.2507951671020496875463834E+00,    0.2500831873935844273937334E+00,    0.7119797084652601526499893E-03,      0.28%
    0.1733333333333333392545228E+01,    0.2504487011254867279141934E+00,    0.2497225305216425883525488E+00,    0.7261706038441395616445106E-03,      0.29%
    0.1735000000000000319744231E+01,    0.2501027401848773257242442E+00,    0.2493625669382640019922093E+00,    0.7401732466133237320349281E-03,      0.30%
    0.1736666666666666358764815E+01,    0.2497572838473771650313893E+00,    0.2490032951436057795380208E+00,    0.7539887037713854933684843E-03,      0.30%
    0.1738333333333333285963818E+01,    0.2494123316801415135568476E+00,    0.2486447136407180791284333E+00,    0.7676180394234344284143390E-03,      0.31%
    0.1740000000000000213162821E+01,    0.2490678832503261663777749E+00,    0.2482868209355446609265528E+00,    0.7810623147815054512221877E-03,      0.31%
    0.1741666666666666252183404E+01,    0.2487239381250868908157514E+00,    0.2479296155369226650755365E+00,    0.7943225881642257402148743E-03,      0.32%
    0.1743333333333333179382407E+01,    0.2483804958715789268364205E+00,    0.2475730959565812239198124E+00,    0.8073999149977029166080911E-03,      0.33%
    0.1745000000000000106581410E+01,    0.2480375560569580972725134E+00,    0.2472172607091426554948299E+00,    0.8202953478154417776835317E-03,      0.33%
    0.1746666666666667033780413E+01,    0.2476951182483799751565812E+00,    0.2468621083121214088151874E+00,    0.8330099362585663413938164E-03,      0.34%
    0.1748333333333333072800997E+01,    0.2473531820130004388325062E+00,    0.2465076372859235920298460E+00,    0.8455447270768468026602704E-03,      0.34%
    0.1750000000000000000000000E+01,    0.2470117469179745617324784E+00,    0.2461538461538461675104372E+00,    0.8579007641283942220411518E-03,      0.35%
    0.1751666666666666927199003E+01,    0.2466708125304582499559558E+00,    0.2458007334420773681848971E+00,    0.8700790883808817710587391E-03,      0.35%
    0.1753333333333332966219587E+01,    0.2463303784176072985800943E+00,    0.2454482976796954762921388E+00,    0.8820807379118222879554878E-03,      0.36%
    0.1754999999999999893418590E+01,    0.2459904441465770030816884E+00,    0.2450965373986679629592089E+00,    0.8939067479090401224794959E-03,      0.36%
    0.1756666666666666820617593E+01,    0.2456510092845229364932891E+00,    0.2447454511338512661566824E+00,    0.9055581506716703366066668E-03,      0.37%
    0.1758333333333333747816596E+01,    0.2453120733986009771587788E+00,    0.2443950374229900412981209E+00,    0.9170359756109358606579463E-03,      0.38%
    0.1759999999999999786837179E+01,    0.2449736360559666703551329E+00,    0.2440452948067161342837750E+00,    0.9283412492505360713579421E-03,      0.38%
    0.1761666666666666714036182E+01,    0.2446356968237754503370240E+00,    0.2436962218285475267887108E+00,    0.9394749952279235483132425E-03,      0.39%
    0.1763333333333333641235185E+01,    0.2442982552691829734037299E+00,    0.2433478170348878921736002E+00,    0.9504382342950812301296537E-03,      0.39%
    0.1764999999999999680255769E+01,    0.2439613109593451456547086E+00,    0.2430000789750257350618767E+00,    0.9612319843194105928319004E-03,      0.40%
    0.1766666666666666607454772E+01,    0.2436248634614171237888769E+00,    0.2426530062011324206938667E+00,    0.9718572602847030950101725E-03,      0.40%
    0.1768333333333333534653775E+01,    0.2432889123425546751278148E+00,    0.2423065972682622581935163E+00,    0.9823150742924169342984442E-03,      0.41%
    0.1769999999999999573674359E+01,    0.2429534571699137612821318E+00,    0.2419608507343512793230644E+00,    0.9926064355624819590673269E-03,      0.41%
    0.1771666666666666500873362E+01,    0.2426184975106493724172907E+00,    0.2416157651602147682368127E+00,    0.1002732350434604180478004E-02,      0.42%
    0.1773333333333333428072365E+01,    0.2422840329319175534106279E+00,    0.2412713391095478998593649E+00,    0.1012693822369653551263013E-02,      0.42%
    0.1775000000000000355271368E+01,    0.2419500630008736552500892E+00,    0.2409275711489232696393969E+00,    0.1022491851950385610692251E-02,      0.42%
    0.1776666666666666394291951E+01,    0.2416165872846736673018597E+00,    0.2405844598477903106825693E+00,    0.1032127436883356619290453E-02,      0.43%
    0.1778333333333333321490954E+01,    0.2412836053504727740204316E+00,    0.2402420037784728512608723E+00,    0.1041601571999922759559354E-02,      0.43%
    0.1780000000000000248689958E+01,    0.2409511167654266317050826E+00,    0.2399002015161692258349291E+00,    0.1050915249257405870153548E-02,      0.44%
    0.1781666666666666287710541E+01,    0.2406191210966913129887246E+00,    0.2395590516389499713412192E+00,    0.1060069457741341647505351E-02,      0.44%
    0.1783333333333333214909544E+01,    0.2402876179114217802812448E+00,    0.2392185527277560230796638E+00,    0.1069065183665757201580959E-02,      0.45%
    0.1785000000000000142108547E+01,    0.2399566067767740507044039E+00,    0.2388787033663981040909619E+00,    0.1077903410375946613442011E-02,      0.45%
    0.1786666666666667069307550E+01,    0.2396260872599035862684502E+00,    0.2385395021415545602216923E+00,    0.1086585118349026046757899E-02,      0.46%
    0.1788333333333333108328134E+01,    0.2392960589279661820505396E+00,    0.2382009476427700833678358E+00,    0.1095111285196098682703791E-02,      0.46%
    0.1790000000000000035527137E+01,    0.2389665213481171335274666E+00,    0.2378630384624532967396959E+00,    0.1103482885663836787770720E-02,      0.46%
    0.1791666666666666962726140E+01,    0.2386374740875121802652359E+00,    0.2375257731958762275059627E+00,    0.1111700891635952759273209E-02,      0.47%
    0.1793333333333333001746723E+01,    0.2383089167133071728521543E+00,    0.2371891504411718920586338E+00,    0.1119766272135280793520451E-02,      0.47%
    0.1794999999999999928945726E+01,    0.2379808487926572679871384E+00,    0.2368531687993320478113901E+00,    0.1127679993325220175748314E-02,      0.48%
    0.1796666666666666856144730E+01,    0.2376532698927183995252221E+00,    0.2365178268742066380880829E+00,    0.1135443018511761437139285E-02,      0.48%
    0.1798333333333332895165313E+01,    0.2373261795806462237656831E+00,    0.2361831232725009332984456E+00,    0.1143056308145290467237487E-02,      0.48%
    0.1799999999999999822364316E+01,    0.2369995774235959529185891E+00,    0.2358490566037736158033766E+00,    0.1150520819822337115212463E-02,      0.49%
    0.1801666666666666749563319E+01,    0.2366734629887236318612764E+00,    0.2355156254804355031584606E+00,    0.1157837508288128702815811E-02,      0.49%
    0.1803333333333333676762322E+01,    0.2363478358431845283149642E+00,    0.2351828285177470778677389E+00,    0.1165007325437450447225274E-02,      0.50%
    0.1804999999999999715782906E+01,    0.2360226955541345761346861E+00,    0.2348506643338167942935968E+00,    0.1172031220317781841089300E-02,      0.50%
    0.1806666666666666642981909E+01,    0.2356980416887291818195393E+00,    0.2345191315495982198324754E+00,    0.1178910139130961987063984E-02,      0.50%
    0.1808333333333333570180912E+01,    0.2353738738141238628909235E+00,    0.2341882287888890357141491E+00,    0.1185645025234827176774388E-02,      0.51%
    0.1809999999999999609201495E+01,    0.2350501914974746087150237E+00,    0.2338579546783284557331939E+00,    0.1192236819146152981829800E-02,      0.51%
    0.1811666666666666536400498E+01,    0.2347269943059364649684539E+00,    0.2335283078473944506914250E+00,    0.1198686458542014277028898E-02,      0.51%
    0.1813333333333333463599502E+01,    0.2344042818066654487729750E+00,    0.2331992869284026104192975E+00,    0.1204994878262838353677466E-02,      0.52%
    0.1815000000000000390798505E+01,    0.2340820535668170776499863E+00,    0.2328708905565031739293147E+00,    0.1211163010313903720671647E-02,      0.52%
    0.1816666666666666429819088E+01,    0.2337603091535470356543414E+00,    0.2325431173696790032590087E+00,    0.1217191783868032395332648E-02,      0.52%
    0.1818333333333333357018091E+01,    0.2334390481340107847962884E+00,    0.2322159660087429189356811E+00,    0.1223082125267865860607230E-02,      0.53%
    0.1820000000000000284217094E+01,    0.2331182700753638425972269E+00,    0.2318894351173360068862905E+00,    0.1228834958027835710936415E-02,      0.53%
    0.1821666666666666323237678E+01,    0.2327979745447622261789178E+00,    0.2315635233419248151243153E+00,    0.1234451202837411054602512E-02,      0.53%
    0.1823333333333333250436681E+01,    0.2324781611093610367291262E+00,    0.2312382293317986059477676E+00,    0.1239931777562430781358671E-02,      0.54%
    0.1825000000000000177635684E+01,    0.2321588293363161248361592E+00,    0.2309135517390676073379296E+00,    0.1245277597248517498229603E-02,      0.54%
    0.1826666666666667104834687E+01,    0.2318399787927831190437189E+00,    0.2305894892186602651573679E+00,    0.1250489574122853886350981E-02,      0.54%
    0.1828333333333333143855270E+01,    0.2315216090459177311622341E+00,    0.2302660404283204675923713E+00,    0.1255568617597263569862776E-02,      0.55%
    0.1830000000000000071054274E+01,    0.2312037196628753399352263E+00,    0.2299432040286049083732678E+00,    0.1260515634270431561958503E-02,      0.55%
    0.1831666666666666998253277E+01,    0.2308863102108115461508220E+00,    0.2296209786828812549064338E+00,    0.1265331527930291244388172E-02,      0.55%
    0.1833333333333333037273860E+01,    0.2305693802568823391752062E+00,    0.2292993630573249008719472E+00,    0.1270017199557438303259005E-02,      0.55%
    0.1834999999999999964472863E+01,    0.2302529293682428201961443E+00,    0.2289783558209160518881475E+00,    0.1274573547326768307996758E-02,      0.56%
    0.1836666666666666891671866E+01,    0.2299369571120488120463676E+00,    0.2286579556454378658880700E+00,    0.1279001466610946158297679E-02,      0.56%
    0.1838333333333332930692450E+01,    0.2296214630554561375586076E+00,    0.2283381612054733722505517E+00,    0.1283301849982765308055832E-02,      0.56%
    0.1839999999999999857891453E+01,    0.2293064467656200089429319E+00,    0.2280189711784020856200073E+00,    0.1287475587217923322924662E-02,      0.56%
    0.1841666666666666785090456E+01,    0.2289919078096962490320720E+00,    0.2277003842443983960830423E+00,    0.1291523565297852949029789E-02,      0.57%
    0.1843333333333333712289459E+01,    0.2286778457548404308585788E+00,    0.2273823990864279609436238E+00,    0.1295446668412469914954954E-02,      0.57%
    0.1844999999999999751310042E+01,    0.2283642601682082939884566E+00,    0.2270650143902453454991530E+00,    0.1299245777962948489303585E-02,      0.57%
    0.1846666666666666678509046E+01,    0.2280511506169552449208027E+00,    0.2267482288443902760377568E+00,    0.1302921772564968883045822E-02,      0.57%
    0.1848333333333333605708049E+01,    0.2277385166682369399548946E+00,    0.2264320411401858912370244E+00,    0.1306475528051048717870231E-02,      0.58%
    0.1849999999999999644728632E+01,    0.2274263578892091464123126E+00,    0.2261164499717355225172355E+00,    0.1309907917473623895077139E-02,      0.58%
    0.1851666666666666571927635E+01,    0.2271146738470272707921538E+00,    0.2258014540359187527496232E+00,    0.1313219811108518042530591E-02,      0.58%
    0.1853333333333333499126638E+01,    0.2268034641088468583713933E+00,    0.2254870520323898896997150E+00,    0.1316412076456968671678283E-02,      0.58%
    0.1855000000000000426325641E+01,    0.2264927282418237319827625E+00,    0.2251732426635742190246248E+00,    0.1319485578249512958137757E-02,      0.59%
    0.1856666666666666465346225E+01,    0.2261824658131135756811148E+00,    0.2248600246346649511597349E+00,    0.1322441178448624521379884E-02,      0.59%
    0.1858333333333333392545228E+01,    0.2258726763898716571876690E+00,    0.2245473966536200571830761E+00,    0.1325279736251600004592888E-02,      0.59%
    0.1860000000000000319744231E+01,    0.2255633595392537160684299E+00,    0.2242353574311596597912200E+00,    0.1328002108094056277209916E-02,      0.59%
    0.1861666666666666358764815E+01,    0.2252545148284156584228555E+00,    0.2239239056807629524303849E+00,    0.1330609147652705992470601E-02,      0.59%
    0.1863333333333333285963818E+01,    0.2249461418245126409498624E+00,    0.2236130401186640082045187E+00,    0.1333101705848632745343707E-02,      0.60%
    0.1865000000000000213162821E+01,    0.2246382400947005142377577E+00,    0.2233027594638500312740348E+00,    0.1335480630850482963722925E-02,      0.60%
    0.1866666666666666252183404E+01,    0.2243308092061349345858190E+00,    0.2229930624380575543419525E+00,    0.1337746768077380243866514E-02,      0.60%
    0.1868333333333333179382407E+01,    0.2240238487259713640042946E+00,    0.2226839477657686638956136E+00,    0.1339900960202700108681029E-02,      0.60%
    0.1870000000000000106581410E+01,    0.2237173582213653477701598E+00,    0.2223754141742088907829356E+00,    0.1341944047156456987224260E-02,      0.60%
    0.1871666666666667033780413E+01,    0.2234113372594726532049947E+00,    0.2220674603933430746316446E+00,    0.1343876866129578573350045E-02,      0.61%
    0.1873333333333333072800997E+01,    0.2231057854074489643636525E+00,    0.2217600851558727270695925E+00,    0.1345700251576237294059979E-02,      0.61%
    0.1875000000000000000000000E+01,    0.2228007022324496599896548E+00,    0.2214532871972318406328384E+00,    0.1347415035217819356816449E-02,      0.61%
    0.1876666666666666927199003E+01,    0.2224960873016304518934305E+00,    0.2211470652555845572972970E+00,    0.1349022046045894596133508E-02,      0.61%
    0.1878333333333332966219587E+01,    0.2221919401821471073965597E+00,    0.2208414180718213937204553E+00,    0.1350522110325713676104442E-02,      0.61%
    0.1879999999999999893418590E+01,    0.2218882604411548664646858E+00,    0.2205363443895554109719370E+00,    0.1351916051599455492748802E-02,      0.61%
    0.1881666666666666820617593E+01,    0.2215850476458096074416915E+00,    0.2202318429551197720428490E+00,    0.1353204690689835398842433E-02,      0.61%
    0.1883333333333333747816596E+01,    0.2212823013632668756045518E+00,    0.2199279125175636340205898E+00,    0.1354388845703241583962040E-02,      0.62%
    0.1884999999999999786837179E+01,    0.2209800211606823827636958E+00,    0.2196245518286489561976538E+00,    0.1355469332033426566042067E-02,      0.62%
    0.1886666666666666714036182E+01,    0.2206782066052115354182206E+00,    0.2193217596428466975577720E+00,    0.1356446962364837860448574E-02,      0.62%
    0.1888333333333333641235185E+01,    0.2203768572640100453785550E+00,    0.2190195347173339579516238E+00,    0.1357322546676087426931190E-02,      0.62%
    0.1889999999999999680255769E+01,    0.2200759727042336244551279E+00,    0.2187178758119901755829773E+00,    0.1358096892243448872150680E-02,      0.62%
    0.1891666666666666607454772E+01,    0.2197755524930376513914609E+00,    0.2184167816893931857169520E+00,    0.1358770803644465674508979E-02,      0.62%
    0.1893333333333333534653775E+01,    0.2194755961975778379979829E+00,    0.2181162511148163618557305E+00,    0.1359345082761476142252377E-02,      0.62%
    0.1894999999999999573674359E+01,    0.2191761033850099515962739E+00,    0.2178162828562250075137285E+00,    0.1359820528784944082545394E-02,      0.62%
    0.1896666666666666500873362E+01,    0.2188770736224892599075531E+00,    0.2175168756842718875699205E+00,    0.1360197938217372337632582E-02,      0.63%
    0.1898333333333333428072365E+01,    0.2185785064771716412757030E+00,    0.2172180283722947857771857E+00,    0.1360478104876855498517330E-02,      0.63%
    0.1900000000000000355271368E+01,    0.2182804015162125854665476E+00,    0.2169197396963123136703899E+00,    0.1360661819900271796157654E-02,      0.63%
    0.1901666666666666394291951E+01,    0.2179827583067678875572426E+00,    0.2166220084350203578527072E+00,    0.1360749871747529704535395E-02,      0.63%
    0.1903333333333333321490954E+01,    0.2176855764159929262913096E+00,    0.2163248333697880831927307E+00,    0.1360743046204843098578863E-02,      0.63%
    0.1905000000000000248689958E+01,    0.2173888554110432747012993E+00,    0.2160282132846549629778821E+00,    0.1360642126388311723417246E-02,      0.63%
    0.1906666666666666287710541E+01,    0.2170925948590748666422456E+00,    0.2157321469663266710892202E+00,    0.1360447892748195553025425E-02,      0.63%
    0.1908333333333333214909544E+01,    0.2167967943272429420797920E+00,    0.2154366332041710851985528E+00,    0.1360161123071856881239228E-02,      0.63%
    0.1910000000000000142108547E+01,    0.2165014533827032405799429E+00,    0.2151416707902153446774207E+00,    0.1359782592487895902522155E-02,      0.63%
    0.1911666666666667069307550E+01,    0.2162065715926114184419760E+00,    0.2148472585191412986826975E+00,    0.1359313073470119759278418E-02,      0.63%
    0.1913333333333333108328134E+01,    0.2159121485241232707430470E+00,    0.2145533951882825918211495E+00,    0.1358753335840678921897506E-02,      0.63%
    0.1915000000000000035527137E+01,    0.2156181837443939541820725E+00,    0.2142600795976195571235223E+00,    0.1358104146774397058550221E-02,      0.63%
    0.1916666666666666962726140E+01,    0.2153246768205793193473596E+00,    0.2139673105497770511096434E+00,    0.1357366270802268237716248E-02,      0.63%
    0.1918333333333333001746723E+01,    0.2150316273198351613160639E+00,    0.2136750868500197353405667E+00,    0.1356540469815425975497192E-02,      0.63%
    0.1919999999999999928945726E+01,    0.2147390348093166922982533E+00,    0.2133834073062478575710799E+00,    0.1355627503068834727173453E-02,      0.64%
    0.1921666666666666856144730E+01,    0.2144468988561797351266591E+00,    0.2130922707289945317032931E+00,    0.1354628127185203423366033E-02,      0.64%
    0.1923333333333332895165313E+01,    0.2141552190275800293672859E+00,    0.2128016759314211858722388E+00,    0.1353543096158843495047108E-02,      0.64%
    0.1924999999999999822364316E+01,    0.2138639948906729815192307E+00,    0.2125116217293133435983776E+00,    0.1352373161359637920853061E-02,      0.64%
    0.1926666666666666749563319E+01,    0.2135732260126141091038932E+00,    0.2122221069410777094521592E+00,    0.1351119071536399651733973E-02,      0.64%
    0.1928333333333333676762322E+01,    0.2132829119605592627095803E+00,    0.2119331303877374506061670E+00,    0.1349781572821812103413208E-02,      0.64%
    0.1929999999999999715782906E+01,    0.2129930523016640986355696E+00,    0.2116446908929290049439231E+00,    0.1348361408735093691646512E-02,      0.64%
    0.1931666666666666642981909E+01,    0.2127036466030838846030804E+00,    0.2113567872828969462783988E+00,    0.1346859320186938324681591E-02,      0.64%
    0.1933333333333333570180912E+01,    0.2124146944319743879336926E+00,    0.2110694183864915141057850E+00,    0.1345276045482873827907611E-02,      0.64%
    0.1934999999999999609201495E+01,    0.2121261953554914592157132E+00,    0.2107825830351638674020620E+00,    0.1343612320327591813651225E-02,      0.64%
    0.1936666666666666536400498E+01,    0.2118381489407903939259370E+00,    0.2104962800629617825087792E+00,    0.1341868877828611417157845E-02,      0.64%
    0.1938333333333333463599502E+01,    0.2115505547550267650969147E+00,    0.2102105083065266000197369E+00,    0.1340046448500165077177826E-02,      0.64%
    0.1940000000000000390798505E+01,    0.2112634123653564510725289E+00,    0.2099252666050885063331322E+00,    0.1338145760267944739396739E-02,      0.64%
    0.1941666666666666429819088E+01,    0.2109767213389350248853304E+00,    0.2096405538004630086934554E+00,    0.1336167538472016191875014E-02,      0.64%
    0.1943333333333333357018091E+01,    0.2106904812429177820121140E+00,    0.2093563687370460502101821E+00,    0.1334112505871731801931901E-02,      0.64%
    0.1945000000000000284217094E+01,    0.2104046916444606007967622E+00,    0.2090727102618112620557866E+00,    0.1331981382649338740975509E-02,      0.64%
    0.1946666666666666323237678E+01,    0.2101193521107191652941282E+00,    0.2087895772243050229732830E+00,    0.1329774886414142320845144E-02,      0.64%
    0.1948333333333333250436681E+01,    0.2098344622088487987365824E+00,    0.2085069684766422959398824E+00,    0.1327493732206502796699965E-02,      0.64%
    0.1950000000000000177635684E+01,    0.2095500215060052684457048E+00,    0.2082248828735033807646460E+00,    0.1325138632501887681058861E-02,      0.64%
    0.1951666666666667104834687E+01,    0.2092660295693441752096220E+00,    0.2079433192721290013516011E+00,    0.1322710297215173858020876E-02,      0.64%
    0.1953333333333333143855270E+01,    0.2089824859660212030831872E+00,    0.2076622765323168917639407E+00,    0.1320209433704311319246472E-02,      0.64%
    0.1955000000000000071054274E+01,    0.2086993902631918140766487E+00,    0.2073817535164168557315634E+00,    0.1317636746774958345085338E-02,      0.64%
    0.1956666666666666998253277E+01,    0.2084167420280116089781330E+00,    0.2071017490893275470043022E+00,    0.1314992938684061973830808E-02,      0.63%
    0.1958333333333333037273860E+01,    0.2081345408276364383759471E+00,    0.2068222621184920007042507E+00,    0.1312278709144437671696437E-02,      0.63%
    0.1959999999999999964472863E+01,    0.2078527862292216255024613E+00,    0.2065432914738929426334835E+00,    0.1309494755328682868977808E-02,      0.63%
    0.1961666666666666891671866E+01,    0.2075714777999228266569531E+00,    0.2062648360280497084051632E+00,    0.1306641771873118251789947E-02,      0.63%
    0.1963333333333332930692450E+01,    0.2072906151068958924277297E+00,    0.2059868946560134139733833E+00,    0.1303720450882478454346369E-02,      0.63%
    0.1964999999999999857891453E+01,    0.2070101977172961182915856E+00,    0.2057094662353625147410696E+00,    0.1300731481933603550515954E-02,      0.63%
    0.1966666666666666785090456E+01,    0.2067302251982791605477985E+00,    0.2054325496461994748909063E+00,    0.1297675552079685656892138E-02,      0.63%
    0.1968333333333333712289459E+01,    0.2064506971170007587623729E+00,    0.2051561437711459656707547E+00,    0.1294553345854793091618262E-02,      0.63%
    0.1969999999999999751310042E+01,    0.2061716130406166802568890E+00,    0.2048802474953390351242177E+00,    0.1291365545277645132671296E-02,      0.63%
    0.1971666666666666678509046E+01,    0.2058929725362820539746878E+00,    0.2046048597064261120870299E+00,    0.1288112829855941887657877E-02,      0.63%
    0.1973333333333333605708049E+01,    0.2056147751711528415263786E+00,    0.2043299792945620918516170E+00,    0.1284795876590749674761582E-02,      0.63%
    0.1974999999999999644728632E+01,    0.2053370205123846992112391E+00,    0.2040556051524041181188807E+00,    0.1281415359980581092358420E-02,      0.63%
    0.1976666666666666571927635E+01,    0.2050597081271328947504884E+00,    0.2037817361751073919062804E+00,    0.1277971952025502844207949E-02,      0.63%
    0.1978333333333333499126638E+01,    0.2047828375825533064880091E+00,    0.2035083712603216465897304E+00,    0.1274466322231659898278622E-02,      0.63%
    0.1980000000000000426325641E+01,    0.2045064084458014519452007E+00,    0.2032355093081862629222911E+00,    0.1270899137615189022909590E-02,      0.63%
    0.1981666666666666465346225E+01,    0.2042304202840330706880678E+00,    0.2029631492213262722312805E+00,    0.1267271062706798456787283E-02,      0.62%
    0.1983333333333333392545228E+01,    0.2039548726644035414601319E+00,    0.2026912899048476934815710E+00,    0.1263582759555847978560905E-02,      0.62%
    0.1985000000000000319744231E+01,    0.2036797651540686038273975E+00,    0.2024199302663339528063347E+00,    0.1259834887734651021062859E-02,      0.62%
    0.1986666666666666358764815E+01,    0.2034050973201839973558691E+00,    0.2021490692158413871037936E+00,    0.1256028104342610252075474E-02,      0.62%
    0.1988333333333333285963818E+01,    0.2031308687299050175223414E+00,    0.2018787056658941370113070E+00,    0.1252163064010880511034429E-02,      0.62%
    0.1990000000000000213162821E+01,    0.2028570789503874038928188E+00,    0.2016088385314812048143551E+00,    0.1248240418906199078463715E-02,      0.62%
    0.1991666666666666252183404E+01,    0.2025837275487870070556085E+00,    0.2013394667300514029317782E+00,    0.1244260818735604123830285E-02,      0.62%
    0.1993333333333333179382407E+01,    0.2023108140922590114652024E+00,    0.2010705891815086632234966E+00,    0.1240224910750348241705865E-02,      0.62%
    0.1995000000000000106581410E+01,    0.2020383381479593787322102E+00,    0.2008022048082087895881642E+00,    0.1236133339750589144045989E-02,      0.62%
    0.1996666666666667033780413E+01,    0.2017662992830434598445777E+00,    0.2005343125349541844038015E+00,    0.1231986748089275440776191E-02,      0.61%
    0.1998333333333333072800997E+01,    0.2014946970646671609017631E+00,    0.2002669112889902125473895E+00,    0.1227785775676948354373508E-02,      0.61%
    0.2000000000000000000000000E+01,    0.2012235310599856941138341E+00,    0.2000000000000000111022302E+00,    0.1223531059985683011603896E-02,      0.61%
    0.2001666666666666927199003E+01,    0.2009528008361549655802492E+00,    0.1997335776001011586888723E+00,    0.1219223236053806891376894E-02,      0.61%
    0.2003333333333332966219587E+01,    0.2006825059603306038447101E+00,    0.1994676430238408737505296E+00,    0.1214862936489730094180572E-02,      0.61%
    0.2004999999999999893418590E+01,    0.2004126459996679321395874E+00,    0.1992021952081912128385000E+00,    0.1210450791476719301087428E-02,      0.61%
    0.2006666666666666820617593E+01,    0.2001432205213227732976122E+00,    0.1989372330925455734096374E+00,    0.1205987428777199887974803E-02,      0.61%
    0.2008333333333333747816596E+01,    0.1998742290924507003513355E+00,    0.1986727556187138088450439E+00,    0.1201473473736891506291613E-02,      0.60%
    0.2009999999999999786837179E+01,    0.1996056712802074528667617E+00,    0.1984087617309180928693024E+00,    0.1196909549289359997459314E-02,      0.60%
    0.2011666666666666714036182E+01,    0.1993375466517483818318368E+00,    0.1981452503757879790580176E+00,    0.1192296275960402773819169E-02,      0.60%
    0.2013333333333333641235185E+01,    0.1990698547742291713014140E+00,    0.1978822205023569313908638E+00,    0.1187634271872239910550206E-02,      0.60%
    0.2014999999999999680255769E+01,    0.1988025952148056163526491E+00,    0.1976196710620575502925789E+00,    0.1182924152748066060070187E-02,      0.60%
    0.2016666666666666607454772E+01,    0.1985357675406330402179123E+00,    0.1973576010087166321405050E+00,    0.1178166531916408077407254E-02,      0.60%
    0.2018333333333333534653775E+01,    0.1982693713188672102187837E+00,    0.1970960092985516998176365E+00,    0.1173362020315510401147208E-02,      0.60%
    0.2019999999999999573674359E+01,    0.1980034061166638381656924E+00,    0.1968348948901662009980384E+00,    0.1168511226497637167653920E-02,      0.59%
    0.2021666666666666500873362E+01,    0.1977378715011782750465841E+00,    0.1965742567445446786766894E+00,    0.1163614756633596369894690E-02,      0.59%
    0.2023333333333333428072365E+01,    0.1974727670395662326718877E+00,    0.1963140938250492184558027E+00,    0.1158673214517014216085045E-02,      0.59%
    0.2025000000000000355271368E+01,    0.1972080922989833950964567E+00,    0.1960544050974144525412157E+00,    0.1153687201568942555240938E-02,      0.59%
    0.2026666666666666394291951E+01,    0.1969438468465854186195685E+00,    0.1957951895297435074283499E+00,    0.1148657316841911191218628E-02,      0.59%
    0.2028333333333333321490954E+01,    0.1966800302495276819847447E+00,    0.1955364460925028691207217E+00,    0.1143584157024812864023033E-02,      0.58%
    0.2030000000000000248689958E+01,    0.1964166420749659247579899E+00,    0.1952781737585189969497179E+00,    0.1138468316446927808271994E-02,      0.58%
    0.2031666666666666287710541E+01,    0.1961536818900558587497329E+00,    0.1950203715029732998154088E+00,    0.1133310387082558934324084E-02,      0.58%
    0.2033333333333333214909544E+01,    0.1958911492619529182146465E+00,    0.1947630383033975565165719E+00,    0.1128110958555361698074648E-02,      0.58%
    0.2035000000000000142108547E+01,    0.1956290437578127316964327E+00,    0.1945061731396700022145296E+00,    0.1122870618142729481903075E-02,      0.58%
    0.2036666666666667069307550E+01,    0.1953673649447909277387936E+00,    0.1942497749940105822297198E+00,    0.1117589950780345509073754E-02,      0.58%
    0.2038333333333333108328134E+01,    0.1951061123900433291744605E+00,    0.1939938428509766776830503E+00,    0.1112269539066651491410198E-02,      0.57%
    0.2040000000000000035527137E+01,    0.1948452856607251759690769E+00,    0.1937383756974581650034395E+00,    0.1106909963267010965637382E-02,      0.57%
    0.2041666666666666962726140E+01,    0.1945848843239922354442228E+00,    0.1934833725226738077029864E+00,    0.1101511801318427741236405E-02,      0.57%
    0.2043333333333333001746723E+01,    0.1943249079470003026770542E+00,    0.1932288323181663436400868E+00,    0.1096075628833959036967372E-02,      0.57%
    0.2044999999999999928945726E+01,    0.1940653560969046731443655E+00,    0.1929747540777977943271537E+00,    0.1090602019106878817211737E-02,      0.57%
    0.2046666666666666856144730E+01,    0.1938062283408610586565857E+00,    0.1927211367977455513944562E+00,    0.1085091543115507262129427E-02,      0.56%
    0.2048333333333332895165313E+01,    0.1935475242460252820464461E+00,    0.1924679794764978524312937E+00,    0.1079544769527429615152414E-02,      0.56%
    0.2049999999999999822364316E+01,    0.1932892433795526387907415E+00,    0.1922152811148486462045071E+00,    0.1073962264703992586234449E-02,      0.56%
    0.2051666666666666749563319E+01,    0.1930313853085988684554763E+00,    0.1919630407158941509671024E+00,    0.1068344592704717488373944E-02,      0.56%
    0.2053333333333333676762322E+01,    0.1927739496003195440732014E+00,    0.1917112572850277196767621E+00,    0.1062692315291824396439324E-02,      0.55%
    0.2054999999999999715782906E+01,    0.1925169358218704607210725E+00,    0.1914599298299357599262294E+00,    0.1057005991934700794843138E-02,      0.55%
    0.2056666666666666642981909E+01,    0.1922603435404068861203086E+00,    0.1912090573605926824285461E+00,    0.1051286179814203691762486E-02,      0.55%
    0.2058333333333333570180912E+01,    0.1920041723230847263703680E+00,    0.1909586388892572095254963E+00,    0.1045533433827516844871752E-02,      0.55%
    0.2059999999999999609201495E+01,    0.1917484217370594989926502E+00,    0.1907086734304676844953264E+00,    0.1039748306591814497323867E-02,      0.55%
    0.2061666666666666536400498E+01,    0.1914930913494866937529792E+00,    0.1904591600010369645268327E+00,    0.1033931348449729226146587E-02,      0.54%
    0.2063333333333333463599502E+01,    0.1912381807275220502173596E+00,    0.1902100976200489790279846E+00,    0.1028083107473071189374991E-02,      0.54%
    0.2065000000000000390798505E+01,    0.1909836894383210581516153E+00,    0.1899614853088535670888604E+00,    0.1022204129467491062754902E-02,      0.54%
    0.2066666666666666429819088E+01,    0.1907296170490396236552044E+00,    0.1897133220910624251676069E+00,    0.1016294957977198487597548E-02,      0.54%
    0.2068333333333333357018091E+01,    0.1904759631268329311826193E+00,    0.1894656069925440000645267E+00,    0.1010356134288931118092592E-02,      0.53%
    0.2070000000000000284217094E+01,    0.1902227272388568590777425E+00,    0.1892183390414198529416723E+00,    0.1004388197437006136070181E-02,      0.53%
    0.2071666666666666323237678E+01,    0.1899699089522670081287004E+00,    0.1889715172680598298526888E+00,    0.9983916842071782760115184E-03,      0.53%
    0.2073333333333333250436681E+01,    0.1897175078342188681013170E+00,    0.1887251407050771490059304E+00,    0.9923671291417190953865202E-03,      0.53%
    0.2075000000000000177635684E+01,    0.1894655234518680675392943E+00,    0.1884792083873247370284787E+00,    0.9863150645433305108156219E-03,      0.52%
    0.2076666666666667104834687E+01,    0.1892139553723702349863345E+00,    0.1882337193518903162292588E+00,    0.9802360204799187570756658E-03,      0.52%
    0.2078333333333333143855270E+01,    0.1889628031628811377640176E+00,    0.1879886726380920747292436E+00,    0.9741305247890630347740171E-03,      0.52%
    0.2080000000000000071054274E+01,    0.1887120663905560991047139E+00,    0.1877440672874736982134181E+00,    0.9679991030824008912958334E-03,      0.52%
    0.2081666666666666998253277E+01,    0.1884617446225508585744279E+00,    0.1874999023438008172171010E+00,    0.9618422787500413573269498E-03,      0.51%
    0.2083333333333333037273860E+01,    0.1882118374260211834947398E+00,    0.1872561768530559556111825E+00,    0.9556605729652278835573043E-03,      0.51%
    0.2084999999999999964472863E+01,    0.1879623443681223970980199E+00,    0.1870128898634338399098453E+00,    0.9494545046885571881745136E-03,      0.51%
    0.2086666666666666891671866E+01,    0.1877132650160102111946969E+00,    0.1867700404253375967567052E+00,    0.9432245906726144379916832E-03,      0.51%
    0.2088333333333332930692450E+01,    0.1874645989368404208619268E+00,    0.1865276275913739789658052E+00,    0.9369713454664418961215233E-03,      0.50%
    0.2089999999999999857891453E+01,    0.1872163456977682938209284E+00,    0.1862856504163484527847316E+00,    0.9306952814198410361967717E-03,      0.50%
    0.2091666666666666785090456E+01,    0.1869685048659497084155845E+00,    0.1860441079572615341586328E+00,    0.9243969086881742569516973E-03,      0.50%
    0.2093333333333333712289459E+01,    0.1867210760085400711449921E+00,    0.1858029992733037649710326E+00,    0.9180767352363061739595196E-03,      0.49%
    0.2094999999999999751310042E+01,    0.1864740586926952881086095E+00,    0.1855623234258516329742150E+00,    0.9117352668436551343944529E-03,      0.49%
    0.2096666666666666678509046E+01,    0.1862274524855706547832312E+00,    0.1853220794784624925188865E+00,    0.9053730071081622643447417E-03,      0.49%
    0.2098333333333333605708049E+01,    0.1859812569543218552237107E+00,    0.1850822664968707897958922E+00,    0.8989904574510654278185484E-03,      0.49%
    0.2099999999999999644728632E+01,    0.1857354716661047122627792E+00,    0.1848428835489834276550880E+00,    0.8925881171212846076912228E-03,      0.48%
    0.2101666666666666571927635E+01,    0.1854900961880745213772315E+00,    0.1846039297048747418461545E+00,    0.8861664831997795310769561E-03,      0.48%
    0.2103333333333333499126638E+01,    0.1852451300873870498886475E+00,    0.1843654040367829205493422E+00,    0.8797260506041293393053593E-03,      0.48%
    0.2105000000000000426325641E+01,    0.1850005729311978153184270E+00,    0.1841273056191049806162852E+00,    0.8732673120928347021418858E-03,      0.47%
    0.2106666666666666465346225E+01,    0.1847564242866626960104526E+00,    0.1838896335283925764780832E+00,    0.8667907582701195323693355E-03,      0.47%
    0.2108333333333333392545228E+01,    0.1845126837209369596859432E+00,    0.1836523868433470596528423E+00,    0.8602968775899000331008892E-03,      0.47%
    0.2110000000000000319744231E+01,    0.1842693508011763459109034E+00,    0.1834155646448157039873905E+00,    0.8537861563606419235128442E-03,      0.47%
    0.2111666666666666358764815E+01,    0.1840264250945365942513376E+00,    0.1831791660157870427205751E+00,    0.8472590787495515307625737E-03,      0.46%
    0.2113333333333333285963818E+01,    0.1837839061681730556951919E+00,    0.1829431900413858169685000E+00,    0.8407161267872387266919532E-03,      0.46%
    0.2115000000000000213162821E+01,    0.1835417935892414420528951E+00,    0.1827076358088695062775741E+00,    0.8341577803719357753209351E-03,      0.46%
    0.2116666666666666252183404E+01,    0.1833000869248976039127541E+00,    0.1824725024076233603764763E+00,    0.8275845172742435362778224E-03,      0.45%
    0.2118333333333333179382407E+01,    0.1830587857422967257292612E+00,    0.1822377889291555974615733E+00,    0.8209968131411282676879182E-03,      0.45%
    0.2120000000000000106581410E+01,    0.1828178896085946303351477E+00,    0.1820034944670937404609390E+00,    0.8143951415008898742087240E-03,      0.45%
    0.2121666666666667033780413E+01,    0.1825773980909469185185401E+00,    0.1817696181171797598086215E+00,    0.8077799737671587099185899E-03,      0.44%
    0.2123333333333333072800997E+01,    0.1823373107565093020898672E+00,    0.1815361589772656603081202E+00,    0.8011517792436417817469874E-03,      0.44%
    0.2125000000000000000000000E+01,    0.1820976271724372153038018E+00,    0.1813031161473087904401069E+00,    0.7945110251284248636949314E-03,      0.44%
    0.2126666666666666927199003E+01,    0.1818583469058863144596216E+00,    0.1810704887293679843374150E+00,    0.7878581765183301222066348E-03,      0.44%
    0.2128333333333332966219587E+01,    0.1816194695240123668789067E+00,    0.1808382758275988710927606E+00,    0.7811936964134957861460862E-03,      0.43%
    0.2129999999999999893418590E+01,    0.1813809945939706402828762E+00,    0.1806064765482490452885855E+00,    0.7745180457215949942906263E-03,      0.43%
    0.2131666666666666820617593E+01,    0.1811429216829169852598369E+00,    0.1803750899996542644831976E+00,    0.7678316832627207766392985E-03,      0.43%
    0.2133333333333333747816596E+01,    0.1809052503580069748423398E+00,    0.1801441152922337307629164E+00,    0.7611350657732440794234208E-03,      0.42%
    0.2134999999999999786837179E+01,    0.1806679801863962653296625E+00,    0.1799135515384857886278525E+00,    0.7544286479104767018100119E-03,      0.42%
    0.2136666666666666714036182E+01,    0.1804311107352403742432045E+00,    0.1796833978529830400105993E+00,    0.7477128822573342326052170E-03,      0.42%
    0.2138333333333333641235185E+01,    0.1801946415716948746155168E+00,    0.1794536533523686805402519E+00,    0.7409882193261940752648798E-03,      0.41%
    0.2139999999999999680255769E+01,    0.1799585722629155892793307E+00,    0.1792243171553516978278253E+00,    0.7342551075638914515053557E-03,      0.41%
    0.2141666666666666607454772E+01,    0.1797229023760578692225920E+00,    0.1789953883827020975072486E+00,    0.7275139933557717153433941E-03,      0.41%
    0.2143333333333333534653775E+01,    0.1794876314782773707445784E+00,    0.1787668661572472672549594E+00,    0.7207653210301034896190231E-03,      0.40%
    0.2144999999999999573674359E+01,    0.1792527591367298889224458E+00,    0.1785387496038672028308980E+00,    0.7140095328626860915477437E-03,      0.40%
    0.2146666666666666500873362E+01,    0.1790182849185708024997155E+00,    0.1783110378494896508527745E+00,    0.7072470690811516469409526E-03,      0.40%
    0.2148333333333333428072365E+01,    0.1787842083909558232868164E+00,    0.1780837300230865560823901E+00,    0.7004783678692672044263645E-03,      0.39%
    0.2150000000000000355271368E+01,    0.1785505291210405243162995E+00,    0.1778568252556691486887530E+00,    0.6937038653713756275465130E-03,      0.39%
    0.2151666666666666394291951E+01,    0.1783172466759806729097448E+00,    0.1776303226802837254005851E+00,    0.6869239956969475091597133E-03,      0.39%
    0.2153333333333333321490954E+01,    0.1780843606229315922995227E+00,    0.1774042214320068755473159E+00,    0.6801391909247167522067912E-03,      0.38%
    0.2155000000000000248689958E+01,    0.1778518705290490775627887E+00,    0.1771785206479418173231011E+00,    0.6733498811072602396876619E-03,      0.38%
    0.2156666666666666287710541E+01,    0.1776197759614888127543963E+00,    0.1769532194672135683166658E+00,    0.6665564942752444377305210E-03,      0.38%
    0.2158333333333333214909544E+01,    0.1773880764874061766178670E+00,    0.1767283170309643103301767E+00,    0.6597594564418662876903454E-03,      0.37%
    0.2160000000000000142108547E+01,    0.1771567716739568532080540E+00,    0.1765038124823496146209578E+00,    0.6529591916072385870961625E-03,      0.37%
    0.2161666666666667069307550E+01,    0.1769258610882965265798106E+00,    0.1762797049665337234536366E+00,    0.6461561217628031261739352E-03,      0.37%
    0.2163333333333333108328134E+01,    0.1766953442975808807879901E+00,    0.1760559936306854145193768E+00,    0.6393506668954662686132906E-03,      0.36%
    0.2165000000000000035527137E+01,    0.1764652208689652945761139E+00,    0.1758326776239730326878430E+00,    0.6325432449922618882709457E-03,      0.36%
    0.2166666666666666962726140E+01,    0.1762354903696054797546111E+00,    0.1756097560975609372935224E+00,    0.6257342720445424610886676E-03,      0.36%
    0.2168333333333333001746723E+01,    0.1760061523666571481339105E+00,    0.1753872282046048391990212E+00,    0.6189241620523089348893109E-03,      0.35%
    0.2169999999999999928945726E+01,    0.1757772064272757617242604E+00,    0.1751650931002469990804826E+00,    0.6121133270287626437777817E-03,      0.35%
    0.2171666666666666856144730E+01,    0.1755486521186168935582117E+00,    0.1749433499416126192027576E+00,    0.6053021770042743554540721E-03,      0.35%
    0.2173333333333332895165313E+01,    0.1753204890078363942240713E+00,    0.1747219978878052359938522E+00,    0.5984911200311582302191482E-03,      0.34%
    0.2174999999999999822364316E+01,    0.1750927166620895869542096E+00,    0.1745010360999018628191948E+00,    0.5916805621877241350148324E-03,      0.34%
    0.2176666666666666749563319E+01,    0.1748653346485322113146310E+00,    0.1742804637409494927791087E+00,    0.5848709075827185355223037E-03,      0.34%
    0.2178333333333333676762322E+01,    0.1746383425343198403378864E+00,    0.1740602799759602969942307E+00,    0.5780625583595433436556732E-03,      0.33%
    0.2179999999999999715782906E+01,    0.1744117398866082413455558E+00,    0.1738404839719074057580173E+00,    0.5712559147008355875385632E-03,      0.33%
    0.2181666666666666642981909E+01,    0.1741855262725528208367365E+00,    0.1736210748977203011111925E+00,    0.5644513748325197255439889E-03,      0.33%
    0.2183333333333333570180912E+01,    0.1739597012593091795995548E+00,    0.1734020519242810698390400E+00,    0.5576493350281097605147806E-03,      0.32%
    0.2184999999999999609201495E+01,    0.1737342644140331682223177E+00,    0.1731834142244197682902751E+00,    0.5508501896133999320426256E-03,      0.32%
    0.2186666666666666536400498E+01,    0.1735092153038800544262443E+00,    0.1729651609729098149514925E+00,    0.5440543309702394747517928E-03,      0.31%
    0.2188333333333333463599502E+01,    0.1732845534960056610440660E+00,    0.1727472913464643544667609E+00,    0.5372621495413065773050221E-03,      0.31%
    0.2190000000000000390798505E+01,    0.1730602785575655055971822E+00,    0.1725298045237314281674657E+00,    0.5304740338340774297165581E-03,      0.31%
    0.2191666666666666429819088E+01,    0.1728363900557154386739001E+00,    0.1723126996852900327805713E+00,    0.5236903704254058933287297E-03,      0.30%
    0.2193333333333333357018091E+01,    0.1726128875576107002398629E+00,    0.1720959760136452909584648E+00,    0.5169115439654092813981379E-03,      0.30%
    0.2195000000000000284217094E+01,    0.1723897706304070576166509E+00,    0.1718796326932248985652762E+00,    0.5101379371821590513746969E-03,      0.30%
    0.2196666666666666323237678E+01,    0.1721670388412602503702686E+00,    0.1716636689103744339846003E+00,    0.5033699308858163856683632E-03,      0.29%
    0.2198333333333333250436681E+01,    0.1719446917573256572442375E+00,    0.1714480838533528339606704E+00,    0.4966079039728232835670951E-03,      0.29%
    0.2200000000000000177635684E+01,    0.1717227289457589622934108E+00,    0.1712328767123287576179536E+00,    0.4898522334302046754572757E-03,      0.29%
    0.2201666666666667104834687E+01,    0.1715011499737158773282175E+00,    0.1710180466793757847465685E+00,    0.4831032943400925816490599E-03,      0.28%
    0.2203333333333333143855270E+01,    0.1712799544083520308923596E+00,    0.1708035929484685855328507E+00,    0.4763614598834453595088689E-03,      0.28%
    0.2205000000000000071054274E+01,    0.1710591418168227184626318E+00,    0.1705895147154780078224690E+00,    0.4696271013447106401628162E-03,      0.28%
    0.2206666666666666998253277E+01,    0.1708387117662838461384922E+00,    0.1703758111781676354290482E+00,    0.4629005881162107094439762E-03,      0.27%
    0.2208333333333333037273860E+01,    0.1706186638238910702192186E+00,    0.1701624815361890974418912E+00,    0.4561822877019727773273416E-03,      0.27%
    0.2209999999999999964472863E+01,    0.1703989975567996861816056E+00,    0.1699495249910776550894553E+00,    0.4494725657220310921502460E-03,      0.26%
    0.2211666666666666891671866E+01,    0.1701797125321655446139602E+00,    0.1697369407462484269810687E+00,    0.4427717859171176328914044E-03,      0.26%
    0.2213333333333332930692450E+01,    0.1699608083171442740599844E+00,    0.1695247280069920037259834E+00,    0.4360803101522703340009457E-03,      0.26%
    0.2214999999999999857891453E+01,    0.1697422844788912532631997E+00,    0.1693128859804697849966715E+00,    0.4293984984214682665282226E-03,      0.25%
    0.2216666666666666785090456E+01,    0.1695241405845622773007619E+00,    0.1691014138757104268151465E+00,    0.4227267088518504856153868E-03,      0.25%
    0.2218333333333333712289459E+01,    0.1693063762013128636940706E+00,    0.1688903109036053451497139E+00,    0.4160652977075185443567307E-03,      0.25%
    0.2219999999999999751310042E+01,    0.1690889908962988352758572E+00,    0.1686795762769044138007501E+00,    0.4094146193944214751070376E-03,      0.24%
    0.2221666666666666678509046E+01,    0.1688719842366754597673406E+00,    0.1684692092102116622864827E+00,    0.4027750264637974808579202E-03,      0.24%
    0.2223333333333333605708049E+01,    0.1686553557895985877568279E+00,    0.1682592089199815010847061E+00,    0.3961468696170866721217863E-03,      0.24%
    0.2224999999999999644728632E+01,    0.1684391051222238200324455E+00,    0.1680495746245142807406836E+00,    0.3895304977095392917618710E-03,      0.23%
    0.2226666666666666571927635E+01,    0.1682232318017065908488661E+00,    0.1678403055439517954638973E+00,    0.3829262577547953849688156E-03,      0.23%
    0.2228333333333333499126638E+01,    0.1680077353952025842609430E+00,    0.1676314009002737304143693E+00,    0.3763344949288538465737020E-03,      0.22%
    0.2230000000000000426325641E+01,    0.1677926154698674843235295E+00,    0.1674228599172930542771098E+00,    0.3697555525744300464197067E-03,      0.22%
    0.2231666666666666465346225E+01,    0.1675778715928569473359033E+00,    0.1672146818206520779703794E+00,    0.3631897722048693655239049E-03,      0.22%
    0.2233333333333333392545228E+01,    0.1673635033313263242860103E+00,    0.1670068658378177917089857E+00,    0.3566374935085325770245390E-03,      0.21%
    0.2235000000000000319744231E+01,    0.1671495102524314657621574E+00,    0.1667994111980784233129071E+00,    0.3500990543530424492502107E-03,      0.21%
    0.2236666666666666358764815E+01,    0.1669358919233280003080466E+00,    0.1665923171325390250707699E+00,    0.3435747907889752372767589E-03,      0.21%
    0.2238333333333333285963818E+01,    0.1667226479111712511560484E+00,    0.1663855828741168385587201E+00,    0.3370650370544125973282235E-03,      0.20%
    0.2240000000000000213162821E+01,    0.1665097777831170688944695E+00,    0.1661792076575378807046235E+00,    0.3305701255791881898460360E-03,      0.20%
    0.2241666666666666252183404E+01,    0.1662972811063210820670122E+00,    0.1659731907193324751403907E+00,    0.3240903869886069266215145E-03,      0.20%
    0.2243333333333333179382407E+01,    0.1660851574479387249283491E+00,    0.1657675312978308668210303E+00,    0.3176261501078581073187479E-03,      0.19%
    0.2245000000000000106581410E+01,    0.1658734063751256815333335E+00,    0.1655622286331596137998190E+00,    0.3111777419660677335144783E-03,      0.19%
    0.2246666666666667033780413E+01,    0.1656620274550375804256674E+00,    0.1653572819672371740917782E+00,    0.3047454878004063338892138E-03,      0.18%
    0.2248333333333333072800997E+01,    0.1654510202548300779046286E+00,    0.1651526905437698533596347E+00,    0.2983297110602245449939574E-03,      0.18%
    0.2250000000000000000000000E+01,    0.1652403843416586637360410E+00,    0.1649484536082474195328729E+00,    0.2919307334112442031681667E-03,      0.18%
    0.2251666666666666927199003E+01,    0.1650301192826790219747579E+00,    0.1647445704079395500940564E+00,    0.2855488747394718807015579E-03,      0.17%
    0.2253333333333332966219587E+01,    0.1648202246450468089200569E+00,    0.1645410401918914744534561E+00,    0.2791844531553344666008343E-03,      0.17%
    0.2254999999999999893418590E+01,    0.1646106999959174865821865E+00,    0.1643378622109194220346495E+00,    0.2728377849980645475369556E-03,      0.17%
    0.2256666666666666820617593E+01,    0.1644015449024466835048486E+00,    0.1641350357176074858944759E+00,    0.2665091848391976103727075E-03,      0.16%
    0.2258333333333333747816596E+01,    0.1641927589317901114984721E+00,    0.1639325599663027099861523E+00,    0.2601989654874015123198205E-03,      0.16%
    0.2259999999999999786837179E+01,    0.1639843416511034546179104E+00,    0.1637304342131115642011707E+00,    0.2539074379918904167396931E-03,      0.16%
    0.2261666666666666714036182E+01,    0.1637762926275420360955337E+00,    0.1635286577158953091881699E+00,    0.2476349116467269073638136E-03,      0.15%
    0.2263333333333333641235185E+01,    0.1635686114282617065196490E+00,    0.1633272297342665546615592E+00,    0.2413816939951518580897982E-03,      0.15%
    0.2264999999999999680255769E+01,    0.1633612976204180666783827E+00,    0.1631261495295850127984494E+00,    0.2351480908330538799333453E-03,      0.14%
    0.2266666666666666607454772E+01,    0.1631543507711664953152564E+00,    0.1629254163649529463242516E+00,    0.2289344062135489910048136E-03,      0.14%
    0.2268333333333333534653775E+01,    0.1629477704476627597518501E+00,    0.1627250295052119211103303E+00,    0.2227409424508386415197947E-03,      0.14%
    0.2269999999999999573674359E+01,    0.1627415562170625995541684E+00,    0.1625249882169383930374806E+00,    0.2165680001242065166877637E-03,      0.13%
    0.2271666666666666500873362E+01,    0.1625357076465213657101572E+00,    0.1623252917684393781261321E+00,    0.2104158780819875840251143E-03,      0.13%
    0.2273333333333333428072365E+01,    0.1623302243031948532969722E+00,    0.1621259394297490108449722E+00,    0.2042848734458424519999653E-03,      0.13%
    0.2275000000000000355271368E+01,    0.1621251057542384965692861E+00,    0.1619269304726241864855751E+00,    0.1981752816143100837109614E-03,      0.12%
    0.2276666666666666394291951E+01,    0.1619203515668081461154060E+00,    0.1617282641705407031373909E+00,    0.1920873962674429780150831E-03,      0.12%
    0.2278333333333333321490954E+01,    0.1617159613080591806788533E+00,    0.1615299397986888207956468E+00,    0.1860215093703598832064472E-03,      0.12%
    0.2280000000000000248689958E+01,    0.1615119345451472843144813E+00,    0.1613319566339700139590008E+00,    0.1799779111772703554805730E-03,      0.11%
    0.2281666666666666287710541E+01,    0.1613082708452281688327190E+00,    0.1611343139549925307374423E+00,    0.1739568902356380952767267E-03,      0.11%
    0.2283333333333333214909544E+01,    0.1611049697754572684882390E+00,    0.1609370110420671462492237E+00,    0.1679587333901222390153407E-03,      0.10%
    0.2285000000000000142108547E+01,    0.1609020309029902673358947E+00,    0.1607400471772038319517861E+00,    0.1619837257864353841085858E-03,      0.10%
    0.2286666666666667069307550E+01,    0.1606994537949827384082369E+00,    0.1605434216441072869940854E+00,    0.1560321508754514141514846E-03,      0.10%
    0.2288333333333333108328134E+01,    0.1604972380185904490268456E+00,    0.1603471337281733299917619E+00,    0.1501042904171190350837151E-03,      0.09%
    0.2290000000000000035527137E+01,    0.1602953831409688056908180E+00,    0.1601511827164843471127398E+00,    0.1442004244844585780782609E-03,      0.09%
    0.2291666666666666962726140E+01,    0.1600938887292734369438563E+00,    0.1599555678978061279416067E+00,    0.1383208314673090022495217E-03,      0.09%
    0.2293333333333333001746723E+01,    0.1598927543506601656186916E+00,    0.1597602885625834800986667E+00,    0.1324657880766855200249665E-03,      0.08%
    0.2294999999999999928945726E+01,    0.1596919795722843149476944E+00,    0.1595653440029360103924461E+00,    0.1266355693483045552483190E-03,      0.08%
    0.2296666666666666856144730E+01,    0.1594915639613016244968691E+00,    0.1593707335126549051729228E+00,    0.1208304486467193239462858E-03,      0.08%
    0.2298333333333332895165313E+01,    0.1592915070848678060766446E+00,    0.1591764563871985727061542E+00,    0.1150506976692333704903604E-03,      0.07%
    0.2299999999999999822364316E+01,    0.1590918085101382661861180E+00,    0.1589825119236884243267838E+00,    0.1092965864498418593342421E-03,      0.07%
    0.2301666666666666749563319E+01,    0.1588924678042686611245671E+00,    0.1587888994209057103024207E+00,    0.1035683833629508221463311E-03,      0.07%
    0.2303333333333333676762322E+01,    0.1586934845344147027024206E+00,    0.1585956181792870234303905E+00,    0.9786635512767927203015006E-04,      0.06%
    0.2304999999999999715782906E+01,    0.1584948582677319639522295E+00,    0.1584026675009207463240557E+00,    0.9219076681121762817383569E-04,      0.06%
    0.2306666666666666642981909E+01,    0.1582965885713759623953933E+00,    0.1582100466895426660318691E+00,    0.8654188183329636352425496E-04,      0.05%
    0.2308333333333333570180912E+01,    0.1580986750125023265756141E+00,    0.1580177550505327266350264E+00,    0.8091996196959994058772736E-04,      0.05%
    0.2309999999999999609201495E+01,    0.1579011171582668793256232E+00,    0.1578257918909108659111240E+00,    0.7532526735601341449921620E-04,      0.05%
    0.2311666666666666536400498E+01,    0.1577039145758248606110641E+00,    0.1576341565193327409755142E+00,    0.6975805649211963554989779E-04,      0.04%
    0.2313333333333333463599502E+01,    0.1575070668323321487758193E+00,    0.1574428482460866474124117E+00,    0.6421858624550136340758399E-04,      0.04%
    0.2315000000000000390798505E+01,    0.1573105734949442613412884E+00,    0.1572518663830890783827954E+00,    0.5870711185518295849306014E-04,      0.04%
    0.2316666666666666429819088E+01,    0.1571144341308168823623248E+00,    0.1570612102438811996663048E+00,    0.5322388693568269601996690E-04,      0.03%
    0.2318333333333333357018091E+01,    0.1569186483071054460936011E+00,    0.1568708791436244365247177E+00,    0.4776916348100956888345081E-04,      0.03%
    0.2320000000000000284217094E+01,    0.1567232155909656921011219E+00,    0.1566808723990974760997830E+00,    0.4234319186821600133896482E-04,      0.03%
    0.2321666666666666323237678E+01,    0.1565281355495533044397405E+00,    0.1564911893286919652990008E+00,    0.3694622086133914073968754E-04,      0.02%
    0.2323333333333333250436681E+01,    0.1563334077500237173641295E+00,    0.1563018292524083474592800E+00,    0.3157849761536990484955822E-04,      0.02%
    0.2325000000000000177635684E+01,    0.1561390317595325039068399E+00,    0.1561127914918528369891959E+00,    0.2624026767966691764399911E-04,      0.02%
    0.2326666666666667104834687E+01,    0.1559450071452354869006030E+00,    0.1559240753702330062324677E+00,    0.2093177500248066813526293E-04,      0.01%
    0.2328333333333333143855270E+01,    0.1557513334742882393779695E+00,    0.1557356802123542605098550E+00,    0.1565326193397886811453645E-04,      0.01%
    0.2330000000000000071054274E+01,    0.1555580103138461400824610E+00,    0.1555476053446157025383911E+00,    0.1040496923043754406990047E-04,      0.01%
    0.2331666666666666998253277E+01,    0.1553650372310649840912333E+00,    0.1553598500950068295178852E+00,    0.5187136058154573348133454E-05,      0.00%
    0.2333333333333333037273860E+01,    0.1551724137931004832147153E+00,    0.1551724137931034808168818E+00,   -0.2997602166487922659143806E-14,      0.00%
    0.2334999999999999964472863E+01,    0.1549801395434742823375984E+00,    0.1549852957700638411697724E+00,   -0.5156226589558832174020608E-05,      0.00%
    0.2336666666666666891671866E+01,    0.1547882139311403393300282E+00,    0.1547984953586250822521464E+00,   -0.1028142748474292211824377E-04,     -0.01%
    0.2338333333333332930692450E+01,    0.1545966363814284261213317E+00,    0.1546120118930995601669309E+00,   -0.1537551167113404559927403E-04,     -0.01%
    0.2339999999999999857891453E+01,    0.1544054063196632908816497E+00,    0.1544258447093705688413223E+00,   -0.2043838970727795967263773E-04,     -0.01%
    0.2341666666666666785090456E+01,    0.1542145231711699315813036E+00,    0.1542399931448891758911657E+00,   -0.2546997371924430986211974E-04,     -0.02%
    0.2343333333333333712289459E+01,    0.1540239863612732074127365E+00,    0.1540544565386701980624906E+00,   -0.3047017739699064975411602E-04,     -0.02%
    0.2344999999999999751310042E+01,    0.1538337953152981718574210E+00,    0.1538692342312885652511056E+00,   -0.3543891599039339368459878E-04,     -0.02%
    0.2346666666666666678509046E+01,    0.1536439494585695453299223E+00,    0.1536843255648752681885583E+00,   -0.4037610630572285863593152E-04,     -0.03%
    0.2348333333333333605708049E+01,    0.1534544482164122980449861E+00,    0.1534997298831141943065148E+00,   -0.4528166670189626152875917E-04,     -0.03%
    0.2349999999999999644728632E+01,    0.1532652910141515112396604E+00,    0.1533154465312380754227206E+00,   -0.5015551708656418306020441E-04,     -0.03%
    0.2351666666666666571927635E+01,    0.1530764772771117943062080E+00,    0.1531314748560245186936868E+00,   -0.5499757891272438747876095E-04,     -0.04%
    0.2353333333333333499126638E+01,    0.1528880064306182284816771E+00,    0.1529478142057929812569483E+00,   -0.5980777517475277527125854E-04,     -0.04%
    0.2355000000000000426325641E+01,    0.1526998778999957284696620E+00,    0.1527644639304004681168436E+00,   -0.6458603040473964718160005E-04,     -0.04%
    0.2356666666666666465346225E+01,    0.1525120911105692367293329E+00,    0.1525814233812382569865918E+00,   -0.6933227066902025725880776E-04,     -0.05%
    0.2358333333333333392545228E+01,    0.1523246454876635569419818E+00,    0.1523986919112277627075258E+00,   -0.7404642356420576554398849E-04,     -0.05%
    0.2360000000000000319744231E+01,    0.1521375404566036315667787E+00,    0.1522162688748173176023215E+00,   -0.7872841821368603554276433E-04,     -0.05%
    0.2361666666666666358764815E+01,    0.1519507754427144308184694E+00,    0.1520341536279783689611378E+00,   -0.8337818526393814266839399E-04,     -0.05%
    0.2363333333333333285963818E+01,    0.1517643498713207861339214E+00,    0.1518523455282015099943038E+00,   -0.8799565688072386038243167E-04,     -0.06%
    0.2365000000000000213162821E+01,    0.1515782631677476399723048E+00,    0.1516708439344933434522744E+00,   -0.9258076674570347996962028E-04,     -0.06%
    0.2366666666666666252183404E+01,    0.1513925147573199903039409E+00,    0.1514896482073725403338926E+00,   -0.9713345005255002995170344E-04,     -0.06%
    0.2368333333333333179382407E+01,    0.1512071040653625852989705E+00,    0.1513087577088660096169548E+00,   -0.1016536435034243179842406E-03,     -0.07%
    0.2370000000000000106581410E+01,    0.1510220305172003951721393E+00,    0.1511281718025057063670147E+00,   -0.1061412853053111948753440E-03,     -0.07%
    0.2371666666666667033780413E+01,    0.1508372935381583068714662E+00,    0.1509478898533247182012218E+00,   -0.1105963151664113297556469E-03,     -0.07%
    0.2373333333333333072800997E+01,    0.1506528925535613738784235E+00,    0.1507679112278538791080962E+00,   -0.1150186742925052296726562E-03,     -0.08%
    0.2375000000000000000000000E+01,    0.1504688269887343998743034E+00,    0.1505882352941176338667617E+00,   -0.1194083053832339924582584E-03,     -0.08%
    0.2376666666666666927199003E+01,    0.1502850962690021885403979E+00,    0.1504088614216310959559308E+00,   -0.1237651526289074155329217E-03,     -0.08%
    0.2378333333333332966219587E+01,    0.1501016998196899043804819E+00,    0.1502297889813961617733185E+00,   -0.1280891617062573928365055E-03,     -0.09%
    0.2379999999999999893418590E+01,    0.1499186370661222122979694E+00,    0.1500510173458976248550556E+00,   -0.1323802797754125570861561E-03,     -0.09%
    0.2381666666666666820617593E+01,    0.1497359074336240825076061E+00,    0.1498725458891001227623718E+00,   -0.1366384554760402547657350E-03,     -0.09%
    0.2383333333333333747816596E+01,    0.1495535103475205129797132E+00,    0.1496943739864443068121602E+00,   -0.1408636389237938324470178E-03,     -0.09%
    0.2384999999999999786837179E+01,    0.1493714452331364184178852E+00,    0.1495165010148432616077230E+00,   -0.1450557817068431898377412E-03,     -0.10%
    0.2386666666666666714036182E+01,    0.1491897115157965469922630E+00,    0.1493389263526788135472145E+00,   -0.1492148368822665549515705E-03,     -0.10%
    0.2388333333333333641235185E+01,    0.1490083086208259799398945E+00,    0.1491616493797982556657189E+00,   -0.1533407589722757258243746E-03,     -0.10%
    0.2389999999999999680255769E+01,    0.1488272359735496042087988E+00,    0.1489846694775107949215709E+00,   -0.1574335039611907127721224E-03,     -0.11%
    0.2391666666666666607454772E+01,    0.1486464929992922512358433E+00,    0.1488079860285835276378918E+00,   -0.1614930292912764020485383E-03,     -0.11%
    0.2393333333333333534653775E+01,    0.1484660791233788079690470E+00,    0.1486315984172386084338768E+00,   -0.1655192938598004648298456E-03,     -0.11%
    0.2394999999999999573674359E+01,    0.1482859937711343278898823E+00,    0.1484555060291492811774816E+00,   -0.1695122580149532875992691E-03,     -0.11%
    0.2396666666666666500873362E+01,    0.1481062363678835869240658E+00,    0.1482797082514362707605926E+00,   -0.1734718835526838365268532E-03,     -0.12%
    0.2398333333333333428072365E+01,    0.1479268063389515275307673E+00,    0.1481042044726646744745580E+00,   -0.1773981337131469437906617E-03,     -0.12%
    0.2400000000000000355271368E+01,    0.1477477031096630921691570E+00,    0.1479289940828402150074794E+00,   -0.1812909731771228383223615E-03,     -0.12%
    0.2401666666666666394291951E+01,    0.1475689261053432788095563E+00,    0.1477540764734057432416847E+00,   -0.1851503680624644321284222E-03,     -0.13%
    0.2403333333333333321490954E+01,    0.1473904747513167801109546E+00,    0.1475794510372375745177465E+00,   -0.1889762859207944067918561E-03,     -0.13%
    0.2405000000000000248689958E+01,    0.1472123484729085940436732E+00,    0.1474051171686424632767398E+00,   -0.1927686957338692330665708E-03,     -0.13%
    0.2406666666666666287710541E+01,    0.1470345466954437740891848E+00,    0.1472310742633538838131102E+00,   -0.1965275679101097239254159E-03,     -0.13%
    0.2408333333333333214909544E+01,    0.1468570688442470961732056E+00,    0.1470573217185282277608138E+00,   -0.2002528742811315876082290E-03,     -0.14%
    0.2410000000000000142108547E+01,    0.1466799143446433917326033E+00,    0.1468838589327418620023025E+00,   -0.2039445880984702696991917E-03,     -0.14%
    0.2411666666666667069307550E+01,    0.1465030826219576587376991E+00,    0.1467106853059874926881179E+00,   -0.2076026840298339504187197E-03,     -0.14%
    0.2413333333333333108328134E+01,    0.1463265731015149229143901E+00,    0.1465378002396707235455153E+00,   -0.2112271381558006311252029E-03,     -0.14%
    0.2415000000000000035527137E+01,    0.1461503852086399046772414E+00,    0.1463652031366063088757556E+00,   -0.2148179279664041985142831E-03,     -0.15%
    0.2416666666666666962726140E+01,    0.1459745183686575742409985E+00,    0.1461928934010151837075142E+00,   -0.2183750323576094665156688E-03,     -0.15%
    0.2418333333333333001746723E+01,    0.1457989720068930405982854E+00,    0.1460208704385209943499291E+00,   -0.2218984316279537516436449E-03,     -0.15%
    0.2419999999999999928945726E+01,    0.1456237455486708298746379E+00,    0.1458491336561460738341367E+00,   -0.2253881074752439594988118E-03,     -0.15%
    0.2421666666666666856144730E+01,    0.1454488384193160788182553E+00,    0.1456776824623089161558909E+00,   -0.2288440429928373376355921E-03,     -0.16%
    0.2423333333333332895165313E+01,    0.1452742500441538409106101E+00,    0.1455065162668201794726741E+00,   -0.2322662226663385620639701E-03,     -0.16%
    0.2424999999999999822364316E+01,    0.1450999798485086977883896E+00,    0.1453356344808792999234726E+00,   -0.2356546323706021350830042E-03,     -0.16%
    0.2426666666666666749563319E+01,    0.1449260272577057029330660E+00,    0.1451650365170714107598826E+00,   -0.2390092593657078268165606E-03,     -0.16%
    0.2428333333333333676762322E+01,    0.1447523916970698820705366E+00,    0.1449947217893637341212809E+00,   -0.2423300922938520507443627E-03,     -0.17%
    0.2429999999999999715782906E+01,    0.1445790725919260388820931E+00,    0.1448246897131023058769017E+00,   -0.2456171211762669948086568E-03,     -0.17%
    0.2431666666666666642981909E+01,    0.1444060693675990880713300E+00,    0.1446549397050083951565824E+00,   -0.2488703374093070852524079E-03,     -0.17%
    0.2433333333333333570180912E+01,    0.1442333814494138610751151E+00,    0.1444854711831754512374459E+00,   -0.2520897337615901623308901E-03,     -0.17%
    0.2434999999999999609201495E+01,    0.1440610082626954668860719E+00,    0.1443162835670656340969487E+00,   -0.2552753043701672108767298E-03,     -0.18%
    0.2436666666666666536400498E+01,    0.1438889492327686536743414E+00,    0.1441473762775061506768992E+00,   -0.2584270447374970025578023E-03,     -0.18%
    0.2438333333333333463599502E+01,    0.1437172037849583638990936E+00,    0.1439787487366864515703213E+00,   -0.2615449517280876712277404E-03,     -0.18%
    0.2440000000000000390798505E+01,    0.1435457713445894845083473E+00,    0.1438104003681545950410481E+00,   -0.2646290235651105327008281E-03,     -0.18%
    0.2441666666666666429819088E+01,    0.1433746513369870967391506E+00,    0.1436423305968139718657994E+00,   -0.2676792598268751266488152E-03,     -0.19%
    0.2443333333333333357018091E+01,    0.1432038431874758377393420E+00,    0.1434745388489197248649276E+00,   -0.2706956614438871255856611E-03,     -0.19%
    0.2445000000000000284217094E+01,    0.1430333463213807609903938E+00,    0.1433070245520759455892801E+00,   -0.2736782306951845988862715E-03,     -0.19%
    0.2446666666666666323237678E+01,    0.1428631601640269199737787E+00,    0.1431397871352321493620963E+00,   -0.2766269712052293883175480E-03,     -0.19%
    0.2448333333333333250436681E+01,    0.1426932841407389240817594E+00,    0.1429728260286795560318751E+00,   -0.2795418879406319501157441E-03,     -0.20%
    0.2450000000000000177635684E+01,    0.1425237176768418545513839E+00,    0.1428061406640485364594184E+00,   -0.2824229872066819080345113E-03,     -0.20%
    0.2451666666666667104834687E+01,    0.1423544601976605705750956E+00,    0.1426397304743047822483959E+00,   -0.2852702766442116733003331E-03,     -0.20%
    0.2453333333333333143855270E+01,    0.1421855111285201256343669E+00,    0.1424735948937463636543299E+00,   -0.2880837652262380199630343E-03,     -0.20%
    0.2455000000000000071054274E+01,    0.1420168698947452123881874E+00,    0.1423077333580000103374630E+00,   -0.2908634632547979492755985E-03,     -0.20%
    0.2456666666666666998253277E+01,    0.1418485359216608565624540E+00,    0.1421421453040183358051962E+00,   -0.2936093823574792427422153E-03,     -0.21%
    0.2458333333333333037273860E+01,    0.1416805086345920838830637E+00,    0.1419768301700764512318642E+00,   -0.2963215354843673488005606E-03,     -0.21%
    0.2459999999999999964472863E+01,    0.1415127874588635314978546E+00,    0.1418117873957683572339050E+00,   -0.2989999369048257360503840E-03,     -0.21%
    0.2461666666666666891671866E+01,    0.1413453718198002806438751E+00,    0.1416470164220042238234498E+00,   -0.3016446022039431795747078E-03,     -0.21%
    0.2463333333333332930692450E+01,    0.1411782611427273015358708E+00,    0.1414825166910069487169466E+00,   -0.3042555482796471810758021E-03,     -0.22%
    0.2464999999999999857891453E+01,    0.1410114548529693423439824E+00,    0.1413182876463086046214812E+00,   -0.3068327933392622774988467E-03,     -0.22%
    0.2466666666666666785090456E+01,    0.1408449523758513732829556E+00,    0.1411543287327478024550942E+00,   -0.3093763568964291721385962E-03,     -0.22%
    0.2468333333333333712289459E+01,    0.1406787531366982813008093E+00,    0.1409906393964660276107992E+00,   -0.3118862597677463099898887E-03,     -0.22%
    0.2469999999999999751310042E+01,    0.1405128565608351476345916E+00,    0.1408272190849047533767191E+00,   -0.3143625240696057421274645E-03,     -0.22%
    0.2471666666666666678509046E+01,    0.1403472620735866094321409E+00,    0.1406640672468017494445292E+00,   -0.3168051732151400123882468E-03,     -0.23%
    0.2473333333333333605708049E+01,    0.1401819691002777756860809E+00,    0.1405011833321884728853490E+00,   -0.3192142319106971992681565E-03,     -0.23%
    0.2474999999999999644728632E+01,    0.1400169770662335888555816E+00,    0.1403385667923866542139422E+00,   -0.3215897261530653583605499E-03,     -0.23%
    0.2476666666666666571927635E+01,    0.1398522853967787415996327E+00,    0.1401762170800048001861882E+00,   -0.3239316832260585865554958E-03,     -0.23%
    0.2478333333333333499126638E+01,    0.1396878935172382318885553E+00,    0.1400141336489355292638237E+00,   -0.3262401316972973752683629E-03,     -0.23%
    0.2480000000000000426325641E+01,    0.1395238008529370854482465E+00,    0.1398523159543521576786418E+00,   -0.3285151014150722303952534E-03,     -0.23%
    0.2481666666666666465346225E+01,    0.1393600068292001614711495E+00,    0.1396907634527055630524472E+00,   -0.3307566235054015812977468E-03,     -0.24%
    0.2483333333333333392545228E+01,    0.1391965108713522913941318E+00,    0.1395294756017208537279828E+00,   -0.3329647303685623338509458E-03,     -0.24%
    0.2485000000000000319744231E+01,    0.1390333124047184176763636E+00,    0.1393684518603945932113675E+00,   -0.3351394556761755350038356E-03,     -0.24%
    0.2486666666666666358764815E+01,    0.1388704108546235660437418E+00,    0.1392076916889914695030228E+00,   -0.3372808343679034592810240E-03,     -0.24%
    0.2488333333333333285963818E+01,    0.1387078056463924846664071E+00,    0.1390471945490409921841746E+00,   -0.3393889026485075177674844E-03,     -0.24%
    0.2490000000000000213162821E+01,    0.1385454962053501160035296E+00,    0.1388869599033346613481399E+00,   -0.3414636979845453446102965E-03,     -0.25%
    0.2491666666666666252183404E+01,    0.1383834819568214857810062E+00,    0.1387269872159228034647072E+00,   -0.3435052591013176837009269E-03,     -0.25%
    0.2493333333333333179382407E+01,    0.1382217623261313144134022E+00,    0.1385672759521111574443353E+00,   -0.3455136259798430309331252E-03,     -0.25%
    0.2495000000000000106581410E+01,    0.1380603367386046276266143E+00,    0.1384078255784582101028946E+00,   -0.3474888398535824762802804E-03,     -0.25%
    0.2496666666666667033780413E+01,    0.1378992046195663401242371E+00,    0.1382486355627717544702904E+00,   -0.3494309432054143460533169E-03,     -0.25%
    0.2498333333333333072800997E+01,    0.1377383653943414221210162E+00,    0.1380897053741061419884772E+00,   -0.3513399797647198674610536E-03,     -0.25%
    0.2500000000000000000000000E+01,    0.1375778184882545940315168E+00,    0.1379310344827586187754775E+00,   -0.3532159945040247439607128E-03,     -0.26%
    0.2501666666666666927199003E+01,    0.1374175633266309093372115E+00,    0.1377726223602669664014542E+00,   -0.3550590336360570642426637E-03,     -0.26%
    0.2503333333333332966219587E+01,    0.1372575993347953382528459E+00,    0.1376144684794060324417586E+00,   -0.3568691446106941889127029E-03,     -0.26%
    0.2504999999999999893418590E+01,    0.1370979259380726011929852E+00,    0.1374565723141845108301595E+00,   -0.3586463761119096371743353E-03,     -0.26%
    0.2506666666666666820617593E+01,    0.1369385425617877238835263E+00,    0.1372989333398423050791592E+00,   -0.3603907780545811956329771E-03,     -0.26%
    0.2508333333333333747816596E+01,    0.1367794486312655377613368E+00,    0.1371415510328472531220712E+00,   -0.3621024015817153607343926E-03,     -0.26%
    0.2509999999999999786837179E+01,    0.1366206435718311518190404E+00,    0.1369844248708922129775800E+00,   -0.3637812990610611585395873E-03,     -0.27%
    0.2511666666666666714036182E+01,    0.1364621268088092864712024E+00,    0.1368275543328915655472144E+00,   -0.3654275240822790760120142E-03,     -0.27%
    0.2513333333333333641235185E+01,    0.1363038977675248286658416E+00,    0.1366709388989788831469951E+00,   -0.3670411314540544811535483E-03,     -0.27%
    0.2514999999999999680255769E+01,    0.1361459558733028596400061E+00,    0.1365145780505035988383611E+00,   -0.3686221772007391983549951E-03,     -0.27%
    0.2516666666666666607454772E+01,    0.1359883005514681275638367E+00,    0.1363584712700276480035200E+00,   -0.3701707185595204396832969E-03,     -0.27%
    0.2518333333333333534653775E+01,    0.1358309312273456304076547E+00,    0.1362026180413230813659453E+00,   -0.3716868139774509582906603E-03,     -0.27%
    0.2519999999999999573674359E+01,    0.1356738473262603106306301E+00,    0.1360470178493687898324538E+00,   -0.3731705231084792018236840E-03,     -0.27%
    0.2521666666666666500873362E+01,    0.1355170482735369164029038E+00,    0.1358916701803471183129801E+00,   -0.3746219068102019100763300E-03,     -0.28%
    0.2523333333333333428072365E+01,    0.1353605334945004734503726E+00,    0.1357365745216416730301034E+00,   -0.3760410271411995797308236E-03,     -0.28%
    0.2525000000000000355271368E+01,    0.1352043024144759242322067E+00,    0.1355817303618337132942173E+00,   -0.3774279473577890620106245E-03,     -0.28%
    0.2526666666666666394291951E+01,    0.1350483544587881556964248E+00,    0.1354271371906994869682705E+00,   -0.3787827319113312718457109E-03,     -0.28%
    0.2528333333333333321490954E+01,    0.1348926890527620270354703E+00,    0.1352727944992069830654202E+00,   -0.3801054464449560299499353E-03,     -0.28%
    0.2530000000000000248689958E+01,    0.1347373056217224529529375E+00,    0.1351187017795132949693482E+00,   -0.3813961577908420164106928E-03,     -0.28%
    0.2531666666666666287710541E+01,    0.1345822035909944869302990E+00,    0.1349648585249615950765190E+00,   -0.3826549339671081462199709E-03,     -0.28%
    0.2533333333333333214909544E+01,    0.1344273823859028216265443E+00,    0.1348112642300778873938327E+00,   -0.3838818441750657672884017E-03,     -0.28%
    0.2535000000000000142108547E+01,    0.1342728414317724272564192E+00,    0.1346579183905685372923955E+00,   -0.3850769587961100359763122E-03,     -0.29%
    0.2536666666666667069307550E+01,    0.1341185801539283017902449E+00,    0.1345048205033169963495965E+00,   -0.3862403493886945593516202E-03,     -0.29%
    0.2538333333333333108328134E+01,    0.1339645979776953321760402E+00,    0.1343519700663810823026978E+00,   -0.3873720886857501266575809E-03,     -0.29%
    0.2540000000000000035527137E+01,    0.1338108943283983776062485E+00,    0.1341993665789897594020630E+00,   -0.3884722505913817958145273E-03,     -0.29%
    0.2541666666666666962726140E+01,    0.1336574686313623527844641E+00,    0.1340470095415405848982004E+00,   -0.3895409101782321137363851E-03,     -0.29%
    0.2543333333333333001746723E+01,    0.1335043203119122556810083E+00,    0.1338948984555967669507481E+00,   -0.3905781436845112697398008E-03,     -0.29%
    0.2544999999999999928945726E+01,    0.1333514487953728622215976E+00,    0.1337430328238838339593997E+00,   -0.3915840285109717378020378E-03,     -0.29%
    0.2546666666666666856144730E+01,    0.1331988535070691703765533E+00,    0.1335914121502873586067039E+00,   -0.3925586432181882301506448E-03,     -0.29%
    0.2548333333333332895165313E+01,    0.1330465338723261226050454E+00,    0.1334400359398497104557180E+00,   -0.3935020675235878506725840E-03,     -0.29%
    0.2549999999999999822364316E+01,    0.1328944893164684670772147E+00,    0.1332889036987670861034161E+00,   -0.3944143822986190262014361E-03,     -0.30%
    0.2551666666666666749563319E+01,    0.1327427192648212295189580E+00,    0.1331380149343869834233089E+00,   -0.3952956695657539043509132E-03,     -0.30%
    0.2553333333333333676762322E+01,    0.1325912231427093801450212E+00,    0.1329873691552050929409745E+00,   -0.3961460124957127959532954E-03,     -0.30%
    0.2554999999999999715782906E+01,    0.1324400003754577503922718E+00,    0.1328369658708625777876478E+00,   -0.3969654954048273953759463E-03,     -0.30%
    0.2556666666666666642981909E+01,    0.1322890503883912272087287E+00,    0.1326868045921428818090249E+00,   -0.3977542037516546002962059E-03,     -0.30%
    0.2558333333333333570180912E+01,    0.1321383726068347252979862E+00,    0.1325368848309694258524871E+00,   -0.3985122241347005545009097E-03,     -0.30%
    0.2559999999999999609201495E+01,    0.1319879664561132981415170E+00,    0.1323872061004024991426320E+00,   -0.3992396442892010011149750E-03,     -0.30%
    0.2561666666666666536400498E+01,    0.1318378313615516383983106E+00,    0.1322377679146361229012285E+00,   -0.3999365530844845029179169E-03,     -0.30%
    0.2563333333333333463599502E+01,    0.1316879667484747162831127E+00,    0.1320885697889958299011681E+00,   -0.4006030405211136180554377E-03,     -0.30%
    0.2565000000000000390798505E+01,    0.1315383720422075852773958E+00,    0.1319396112399354448196931E+00,   -0.4012391977278595422973240E-03,     -0.30%
    0.2566666666666666429819088E+01,    0.1313890466680750213068762E+00,    0.1317908917850344474587132E+00,   -0.4018451169594261518369649E-03,     -0.30%
    0.2568333333333333357018091E+01,    0.1312399900514019668307242E+00,    0.1316424109429948086091855E+00,   -0.4024208915928417784613202E-03,     -0.31%
    0.2570000000000000284217094E+01,    0.1310912016175132810413828E+00,    0.1314941682336388251162163E+00,   -0.4029666161255440748334422E-03,     -0.31%
    0.2571666666666666323237678E+01,    0.1309426807917340174203247E+00,    0.1313461631779058724767140E+00,   -0.4034823861718550563892904E-03,     -0.31%
    0.2573333333333333250436681E+01,    0.1307944269993889241376905E+00,    0.1311983952978495182595253E+00,   -0.4039682984605941218347880E-03,     -0.31%
    0.2575000000000000177635684E+01,    0.1306464396658029714082261E+00,    0.1310508641166352461482347E+00,   -0.4044244508322747400086428E-03,     -0.31%
    0.2576666666666667104834687E+01,    0.1304987182163011016911014E+00,    0.1309035691585372640499685E+00,   -0.4048509422361623588670909E-03,     -0.31%
    0.2578333333333333143855270E+01,    0.1303512620762082296899109E+00,    0.1307565099489359783380138E+00,   -0.4052478727277486481028745E-03,     -0.31%
    0.2580000000000000071054274E+01,    0.1302040706708491868415223E+00,    0.1306096860143148019606230E+00,   -0.4056153434656151191006757E-03,     -0.31%
    0.2581666666666666998253277E+01,    0.1300571434255489156051055E+00,    0.1304630968822581282839934E+00,   -0.4059534567092126788878659E-03,     -0.31%
    0.2583333333333333037273860E+01,    0.1299104797656324139509820E+00,    0.1303167420814479726676183E+00,   -0.4062623158155587166362466E-03,     -0.31%
    0.2584999999999999964472863E+01,    0.1297640791164244578048681E+00,    0.1301706211416614467069053E+00,   -0.4065420252369889020371829E-03,     -0.31%
    0.2586666666666666891671866E+01,    0.1296179409032499896259338E+00,    0.1300247335937680381867665E+00,   -0.4067926905180485608326535E-03,     -0.31%
    0.2588333333333332930692450E+01,    0.1294720645514340351400762E+00,    0.1298790789697270298130860E+00,   -0.4070144182929946730098436E-03,     -0.31%
    0.2589999999999999857891453E+01,    0.1293264494863013425174358E+00,    0.1297336568025843073215242E+00,   -0.4072073162829648040883512E-03,     -0.31%
    0.2591666666666666785090456E+01,    0.1291810951331769374839098E+00,    0.1295884666264702500537709E+00,   -0.4073714932933125698610866E-03,     -0.31%
    0.2593333333333333712289459E+01,    0.1290360009173856514763656E+00,    0.1294435079765965668219252E+00,   -0.4075070592109153455595560E-03,     -0.31%
    0.2594999999999999751310042E+01,    0.1288911662642525102207003E+00,    0.1292987803892539921957194E+00,   -0.4076141250014819750191464E-03,     -0.32%
    0.2596666666666666678509046E+01,    0.1287465905991022896426301E+00,    0.1291542834018090113445965E+00,   -0.4076928027067217019663303E-03,     -0.32%
    0.2598333333333333605708049E+01,    0.1286022733472599322013252E+00,    0.1290100165527018338806897E+00,   -0.4077432054419016793644914E-03,     -0.32%
    0.2599999999999999644728632E+01,    0.1284582139340504358671069E+00,    0.1288659793814433407455056E+00,   -0.4077654473929048783986673E-03,     -0.32%
    0.2601666666666666571927635E+01,    0.1283144117847985765656915E+00,    0.1287221714286123086523617E+00,   -0.4077596438137320866701430E-03,     -0.32%
    0.2603333333333333499126638E+01,    0.1281708663248293800229760E+00,    0.1285785922358531341291865E+00,   -0.4077259110237541062105038E-03,     -0.32%
    0.2605000000000000426325641E+01,    0.1280275769794676499202524E+00,    0.1284352413458728636719286E+00,   -0.4076643664052137516762286E-03,     -0.32%
    0.2606666666666666465346225E+01,    0.1278845431740384674945687E+00,    0.1282921183024386957427510E+00,   -0.4075751284002282481822022E-03,     -0.32%
    0.2608333333333333392545228E+01,    0.1277417643338665254049147E+00,    0.1281492226503750941901671E+00,   -0.4074583165085687852524643E-03,     -0.32%
    0.2610000000000000319744231E+01,    0.1275992398842768493771871E+00,    0.1280065539355614845362652E+00,   -0.4073140512846351590781069E-03,     -0.32%
    0.2611666666666666358764815E+01,    0.1274569692505944096261317E+00,    0.1278641117049294506635704E+00,   -0.4071424543350410374387138E-03,     -0.32%
    0.2613333333333333285963818E+01,    0.1273149518581440098330404E+00,    0.1277218955064599037463324E+00,   -0.4069436483158939132920295E-03,     -0.32%
    0.2615000000000000213162821E+01,    0.1271731871322505369459321E+00,    0.1275799048891808895600519E+00,   -0.4067177569303526141197835E-03,     -0.32%
    0.2616666666666666252183404E+01,    0.1270316744982390444462794E+00,    0.1274381394031647574127675E+00,   -0.4064649049257129664880495E-03,     -0.32%
    0.2618333333333333179382407E+01,    0.1268904133814343360153742E+00,    0.1272965985995252735651917E+00,   -0.4061852180909375498174541E-03,     -0.32%
    0.2620000000000000106581410E+01,    0.1267494032071612708456598E+00,    0.1271552820304155395625401E+00,   -0.4058788232542687168802331E-03,     -0.32%
    0.2621666666666667033780413E+01,    0.1266086434007448469074575E+00,    0.1270141892490250501435156E+00,   -0.4055458482802032360581279E-03,     -0.32%
    0.2623333333333333072800997E+01,    0.1264681333875100621710885E+00,    0.1268733198095772507496548E+00,   -0.4051864220671885785662880E-03,     -0.32%
    0.2625000000000000000000000E+01,    0.1263278725927816370511181E+00,    0.1267326732673267342121903E+00,   -0.4048006745450971610722490E-03,     -0.32%
    0.2626666666666666927199003E+01,    0.1261878604418845417622919E+00,    0.1265922491785569370392750E+00,   -0.4043887366723952769831385E-03,     -0.32%
    0.2628333333333332966219587E+01,    0.1260480963601438297860824E+00,    0.1264520471005775303918739E+00,   -0.4039507404337006057915005E-03,     -0.32%
    0.2629999999999999893418590E+01,    0.1259085797728841660259036E+00,    0.1263120665917215335039003E+00,   -0.4034868188373674779967359E-03,     -0.32%
    0.2631666666666666820617593E+01,    0.1257693101054306039632280E+00,    0.1261723072113431765028935E+00,   -0.4029971059125725396654616E-03,     -0.32%
    0.2633333333333333747816596E+01,    0.1256302867831080305460745E+00,    0.1260327685198151248524567E+00,   -0.4024817367070943063822597E-03,     -0.32%
    0.2634999999999999786837179E+01,    0.1254915092312414715003399E+00,    0.1258934500785260646171793E+00,   -0.4019408472845931168393463E-03,     -0.32%
    0.2636666666666666714036182E+01,    0.1253529768751556194850139E+00,    0.1257543514498778158827719E+00,   -0.4013745747221963977580117E-03,     -0.32%
    0.2638333333333333641235185E+01,    0.1252146891401754724704176E+00,    0.1256154721972832510878959E+00,   -0.4007830571077786174782887E-03,     -0.32%
    0.2639999999999999680255769E+01,    0.1250766454516260839380237E+00,    0.1254768118851636582444797E+00,   -0.4001664335375743064560083E-03,     -0.32%
    0.2641666666666666607454772E+01,    0.1249388452348321465468217E+00,    0.1253383700789457710911279E+00,   -0.3995248441136245443061625E-03,     -0.32%
    0.2643333333333333534653775E+01,    0.1248012879151186721449207E+00,    0.1252001463450599372251304E+00,   -0.3988584299412650802096891E-03,     -0.32%
    0.2644999999999999573674359E+01,    0.1246639729178105893137030E+00,    0.1250621402509372315225988E+00,   -0.3981673331266422088958734E-03,     -0.32%
    0.2646666666666666500873362E+01,    0.1245268996682327294900361E+00,    0.1249243513650067499698437E+00,   -0.3974516967740204798076320E-03,     -0.32%
    0.2648333333333333428072365E+01,    0.1243900675917100351330902E+00,    0.1247867792566936667730815E+00,   -0.3967116649836316399913017E-03,     -0.32%
    0.2650000000000000355271368E+01,    0.1242534761135675042131865E+00,    0.1246494234964163200229947E+00,   -0.3959473828488158098082295E-03,     -0.32%
    0.2651666666666666394291951E+01,    0.1241171246591299404116171E+00,    0.1245122836555838385930173E+00,   -0.3951589964538981814001772E-03,     -0.32%
    0.2653333333333333321490954E+01,    0.1239810126537223139431276E+00,    0.1243753593065935469930139E+00,   -0.3943466528712330498862570E-03,     -0.32%
    0.2655000000000000248689958E+01,    0.1238451395226694701223735E+00,    0.1242386500228288420677458E+00,   -0.3935105001593719453722997E-03,     -0.32%
    0.2656666666666666287710541E+01,    0.1237095046912963930418883E+00,    0.1241021553786563896837336E+00,   -0.3926506873599966418453278E-03,     -0.32%
    0.2658333333333333214909544E+01,    0.1235741075849279557719029E+00,    0.1239658749494236544830272E+00,   -0.3917673644956987111243052E-03,     -0.32%
    0.2660000000000000142108547E+01,    0.1234389476288890452604363E+00,    0.1238298083114567071927326E+00,   -0.3908606825676619322962324E-03,     -0.32%
    0.2661666666666667069307550E+01,    0.1233040242485045623332951E+00,    0.1236939550420576156009034E+00,   -0.3899307935530532676082771E-03,     -0.32%
    0.2663333333333333108328134E+01,    0.1231693368690995327163762E+00,    0.1235583147195020436992507E+00,   -0.3889778504025109828745599E-03,     -0.31%
    0.2665000000000000035527137E+01,    0.1230348849159987600909716E+00,    0.1234228869230365593923082E+00,   -0.3880020070377993013366336E-03,     -0.31%
    0.2666666666666666962726140E+01,    0.1229006678145271314051001E+00,    0.1232876712328766916071388E+00,   -0.3870034183495602020386173E-03,     -0.31%
    0.2668333333333333001746723E+01,    0.1227666849900097001402344E+00,    0.1231526672302041824913488E+00,   -0.3859822401944823511144023E-03,     -0.31%
    0.2669999999999999928945726E+01,    0.1226329358677712005887273E+00,    0.1230178744971644477779193E+00,   -0.3849386293932471891920954E-03,     -0.31%
    0.2671666666666666856144730E+01,    0.1224994198731366307209001E+00,    0.1228832926168645506281862E+00,   -0.3838727437279199072861502E-03,     -0.31%
    0.2673333333333332895165313E+01,    0.1223661364314309607514986E+00,    0.1227489211733706064855198E+00,   -0.3827847419396457340212692E-03,     -0.31%
    0.2674999999999999822364316E+01,    0.1222330849679789388506634E+00,    0.1226147597517051324178539E+00,   -0.3816747837261935671904212E-03,     -0.31%
    0.2676666666666666749563319E+01,    0.1221002649081055768665038E+00,    0.1224808079378450625940289E+00,   -0.3805430297394857275250502E-03,     -0.31%
    0.2678333333333333676762322E+01,    0.1219676756771358033804020E+00,    0.1223470653187191670152600E+00,   -0.3793896415833636348580171E-03,     -0.31%
    0.2679999999999999715782906E+01,    0.1218353167003945192181646E+00,    0.1222135314822057478023609E+00,   -0.3782147818112285841962716E-03,     -0.31%
    0.2681666666666666642981909E+01,    0.1217031874032065696944471E+00,    0.1220802060171298913937576E+00,   -0.3770186139233216993105202E-03,     -0.31%
    0.2683333333333333570180912E+01,    0.1215712872108969389017830E+00,    0.1219470885132617476998007E+00,   -0.3758013023648087980177479E-03,     -0.31%
    0.2684999999999999609201495E+01,    0.1214396155487905415437666E+00,    0.1218141785613136712784765E+00,   -0.3745630125231297347099257E-03,     -0.31%
    0.2686666666666666536400498E+01,    0.1213081718422122090572657E+00,    0.1216814757529379453782070E+00,   -0.3733039107257363209413370E-03,     -0.31%
    0.2688333333333333463599502E+01,    0.1211769555164868839014503E+00,    0.1215489796807245892473759E+00,   -0.3720241642377053459256331E-03,     -0.31%
    0.2690000000000000390798505E+01,    0.1210459659969394807799148E+00,    0.1214166899381988740103111E+00,   -0.3707239412593932303963129E-03,     -0.31%
    0.2691666666666666429819088E+01,    0.1209152027088950115407684E+00,    0.1212846061198191022212356E+00,   -0.3694034109240906804672022E-03,     -0.30%
    0.2693333333333333357018091E+01,    0.1207846650776782104763640E+00,    0.1211527278209739572067960E+00,   -0.3680627432957467304319721E-03,     -0.30%
    0.2695000000000000284217094E+01,    0.1206543525286140478014474E+00,    0.1210210546379806018091330E+00,   -0.3667021093665540076855791E-03,     -0.30%
    0.2696666666666666323237678E+01,    0.1205242644870275353641276E+00,    0.1208895861680822220174392E+00,   -0.3653216810546866533115917E-03,     -0.30%
    0.2698333333333333250436681E+01,    0.1203944003782434352123332E+00,    0.1207583220094453207993368E+00,   -0.3639216312018855870036305E-03,     -0.30%
    0.2700000000000000177635684E+01,    0.1202647596275867453163855E+00,    0.1206272617611580111329772E+00,   -0.3625021335712658165917333E-03,     -0.30%
    0.2701666666666667104834687E+01,    0.1201353416603823248687277E+00,    0.1204964050232273237162062E+00,   -0.3610633628449988474784504E-03,     -0.30%
    0.2703333333333333143855270E+01,    0.1200061459019551995952568E+00,    0.1203657513965770836650293E+00,   -0.3596054946218840697724772E-03,     -0.30%
    0.2705000000000000071054274E+01,    0.1198771717776301315439014E+00,    0.1202353004830453014895042E+00,   -0.3581287054151699456028268E-03,     -0.30%
    0.2706666666666666998253277E+01,    0.1197484187127320631738314E+00,    0.1201050518853823967369010E+00,   -0.3566331726503335630695801E-03,     -0.30%
    0.2708333333333333037273860E+01,    0.1196198861325860479665195E+00,    0.1199750052072485057008677E+00,   -0.3551190746624577343482088E-03,     -0.30%
    0.2709999999999999964472863E+01,    0.1194915734625167924587430E+00,    0.1198451600532112332198054E+00,   -0.3535865906944407610623671E-03,     -0.30%
    0.2711666666666666891671866E+01,    0.1193634801278492668652476E+00,    0.1197155160287436820309992E+00,   -0.3520359008944151657516386E-03,     -0.29%
    0.2713333333333332930692450E+01,    0.1192356055539084830341423E+00,    0.1195860727402218715020865E+00,   -0.3504671863133884679442076E-03,     -0.29%
    0.2714999999999999857891453E+01,    0.1191079491660192446467192E+00,    0.1194568297949225033072196E+00,   -0.3488806289032586605003416E-03,     -0.29%
    0.2716666666666666785090456E+01,    0.1189805103895064525287850E+00,    0.1193277868010209213922579E+00,   -0.3472764115144688634728709E-03,     -0.29%
    0.2718333333333333712289459E+01,    0.1188532886496950907728731E+00,    0.1191989433675886556063261E+00,   -0.3456547178935648334530129E-03,     -0.29%
    0.2719999999999999751310042E+01,    0.1187262833719101018381537E+00,    0.1190702991045913677892187E+00,   -0.3440157326812659510650860E-03,     -0.29%
    0.2721666666666666678509046E+01,    0.1185994939814762477725552E+00,    0.1189418536228862566250797E+00,   -0.3423596414100088525245269E-03,     -0.29%
    0.2723333333333333605708049E+01,    0.1184729199037185126686111E+00,    0.1188136065342202812855632E+00,   -0.3406866305017686169520630E-03,     -0.29%
    0.2724999999999999644728632E+01,    0.1183465605639619083744307E+00,    0.1186855574512276773058161E+00,   -0.3389968872657689313854235E-03,     -0.29%
    0.2726666666666666571927635E+01,    0.1182204153875311969379425E+00,    0.1185577059874276389939141E+00,   -0.3372905998964420559715904E-03,     -0.28%
    0.2728333333333333499126638E+01,    0.1180944837997513346961043E+00,    0.1184300517572223071516291E+00,   -0.3355679574709724555248158E-03,     -0.28%
    0.2730000000000000426325641E+01,    0.1179687652259471947191471E+00,    0.1183025943758946180173197E+00,   -0.3338291499474232981725663E-03,     -0.28%
    0.2731666666666666465346225E+01,    0.1178432590914438443663315E+00,    0.1181753334596058885308523E+00,   -0.3320743681620441645208075E-03,     -0.28%
    0.2733333333333333392545228E+01,    0.1177179648215659624188589E+00,    0.1180482686253935126208248E+00,   -0.3303038038275502019658347E-03,     -0.28%
    0.2735000000000000319744231E+01,    0.1175928818416386301137777E+00,    0.1179213994911691570921519E+00,   -0.3285176495305269783742119E-03,     -0.28%
    0.2736666666666666358764815E+01,    0.1174680095769867899102579E+00,    0.1177947256757163746465622E+00,   -0.3267160987295847363043322E-03,     -0.28%
    0.2738333333333333285963818E+01,    0.1173433474529351483450768E+00,    0.1176682467986882724142461E+00,   -0.3248993457531240691693597E-03,     -0.28%
    0.2740000000000000213162821E+01,    0.1172188948948087172663435E+00,    0.1175419624806055690635631E+00,   -0.3230675857968517972196310E-03,     -0.27%
    0.2741666666666666252183404E+01,    0.1170946513279325640333184E+00,    0.1174158723428543882327801E+00,   -0.3212210149218241994617529E-03,     -0.27%
    0.2743333333333333179382407E+01,    0.1169706161776313257938398E+00,    0.1172899760076838160394175E+00,   -0.3193598300524902455777010E-03,     -0.27%
    0.2745000000000000106581410E+01,    0.1168467888692300699071680E+00,    0.1171642730982041524789850E+00,   -0.3174842289740825718169503E-03,     -0.27%
    0.2746666666666667033780413E+01,    0.1167231688280536833213219E+00,    0.1170387632383845244454790E+00,   -0.3155944103308411241570752E-03,     -0.27%
    0.2748333333333333072800997E+01,    0.1165997554794271362510472E+00,    0.1169134460530508040632114E+00,   -0.3136905736236678121642285E-03,     -0.27%
    0.2750000000000000000000000E+01,    0.1164765482486751768664845E+00,    0.1167883211678832078295187E+00,   -0.3117729192080309630341617E-03,     -0.27%
    0.2751666666666666927199003E+01,    0.1163535465611228586491066E+00,    0.1166633882094146590358008E+00,   -0.3098416482918003866942058E-03,     -0.27%
    0.2753333333333332966219587E+01,    0.1162307498420951101802956E+00,    0.1165386468050283036435033E+00,   -0.3078969629331934632077150E-03,     -0.26%
    0.2754999999999999893418590E+01,    0.1161081575169166796301923E+00,    0.1164140965829552204491293E+00,   -0.3059390660385408189370082E-03,     -0.26%
    0.2756666666666666820617593E+01,    0.1159857690109126066024814E+00,    0.1162897371722728945275804E+00,   -0.3039681613602879250990441E-03,     -0.26%
    0.2758333333333333747816596E+01,    0.1158635837494077225340305E+00,    0.1161655682029024971857467E+00,   -0.3019844534947746517161704E-03,     -0.26%
    0.2759999999999999786837179E+01,    0.1157416011577271086618879E+00,    0.1160415893056071373612426E+00,   -0.2999881478800286993546820E-03,     -0.26%
    0.2761666666666666714036182E+01,    0.1156198206611954437672551E+00,    0.1159178001119894746429040E+00,   -0.2979794507940308756488434E-03,     -0.26%
    0.2763333333333333641235185E+01,    0.1154982416851377396982414E+00,    0.1157942002544898874027979E+00,   -0.2959585693521477045564438E-03,     -0.26%
    0.2764999999999999680255769E+01,    0.1153768636548790221807437E+00,    0.1156707893663843633724753E+00,   -0.2939257115053411917315884E-03,     -0.25%
    0.2766666666666666607454772E+01,    0.1152556859957439838737514E+00,    0.1155475670817820155189537E+00,   -0.2918810860380316452022953E-03,     -0.25%
    0.2768333333333333534653775E+01,    0.1151347081330576505031615E+00,    0.1154245330356235416102706E+00,   -0.2898249025658911071090529E-03,     -0.25%
    0.2769999999999999573674359E+01,    0.1150139294921449922837198E+00,    0.1153016868636788372359803E+00,   -0.2877573715338449522604947E-03,     -0.25%
    0.2771666666666666500873362E+01,    0.1148933494983307712633547E+00,    0.1151790282025449002611950E+00,   -0.2856787042141289978403051E-03,     -0.25%
    0.2773333333333333428072365E+01,    0.1147729675769399992901754E+00,    0.1150565566896438879362918E+00,   -0.2835891127038886461164680E-03,     -0.25%
    0.2775000000000000355271368E+01,    0.1146527831532975216788373E+00,    0.1149342719632210074731660E+00,   -0.2814888099234857943287125E-03,     -0.24%
    0.2776666666666666394291951E+01,    0.1145327956527283641552373E+00,    0.1148121736623425176437863E+00,   -0.2793780096141534885489932E-03,     -0.24%
    0.2778333333333333321490954E+01,    0.1144130045005573442784552E+00,    0.1146902614268933834340558E+00,   -0.2772569263360391556005879E-03,     -0.24%
    0.2780000000000000248689958E+01,    0.1142934091221093212409343E+00,    0.1145685348975757217315774E+00,   -0.2751257754664004906430819E-03,     -0.24%
    0.2781666666666666287710541E+01,    0.1141740089427093762797227E+00,    0.1144469937159063449572116E+00,   -0.2729847731969686774888828E-03,     -0.24%
    0.2783333333333333214909544E+01,    0.1140548033876822298093856E+00,    0.1143256375242148042969959E+00,   -0.2708341365325744876102476E-03,     -0.24%
    0.2785000000000000142108547E+01,    0.1139357918823528936780320E+00,    0.1142044659656415855897293E+00,   -0.2686740832886919116972990E-03,     -0.24%
    0.2786666666666667069307550E+01,    0.1138169738520462548336809E+00,    0.1140834786841357778586215E+00,   -0.2665048320895230249405472E-03,     -0.23%
    0.2788333333333333108328134E+01,    0.1136983487220872973688657E+00,    0.1139626753244533524656035E+00,   -0.2643266023660550967377958E-03,     -0.23%
    0.2790000000000000035527137E+01,    0.1135799159178007972093027E+00,    0.1138420555321546789873111E+00,   -0.2621396143538817780083150E-03,     -0.23%
    0.2791666666666666962726140E+01,    0.1134616748645117245697378E+00,    0.1137216189536031513140912E+00,   -0.2599440890914267443534413E-03,     -0.23%
    0.2793333333333333001746723E+01,    0.1133436249875450635427043E+00,    0.1136013652359626896481970E+00,   -0.2577402484176261054926727E-03,     -0.23%
    0.2794999999999999928945726E+01,    0.1132257657122255761761309E+00,    0.1134812940271958114912820E+00,   -0.2555283149702353151511147E-03,     -0.23%
    0.2796666666666666856144730E+01,    0.1131080964638782604403389E+00,    0.1133614049760618414097735E+00,   -0.2533085121835809694346153E-03,     -0.22%
    0.2798333333333332895165313E+01,    0.1129906166678281004278617E+00,    0.1132416977321148293667008E+00,   -0.2510810642867289388391328E-03,     -0.22%
    0.2799999999999999822364316E+01,    0.1128733257493998581866279E+00,    0.1131221719457013580312221E+00,   -0.2488461963014998445942183E-03,     -0.22%
    0.2801666666666666749563319E+01,    0.1127562231339184761758077E+00,    0.1130028272679589051996629E+00,   -0.2466041340404290238552676E-03,     -0.22%
    0.2803333333333333676762322E+01,    0.1126393082467089246101466E+00,    0.1128836633508135539605277E+00,   -0.2443551041046293503811171E-03,     -0.22%
    0.2804999999999999715782906E+01,    0.1125225805130961459488148E+00,    0.1127646798469783412377510E+00,   -0.2420993338821952889361455E-03,     -0.21%
    0.2806666666666666642981909E+01,    0.1124060393584049299953165E+00,    0.1126458764099508846889819E+00,   -0.2398370515459546936654078E-03,     -0.21%
    0.2808333333333333570180912E+01,    0.1122896842079602330866095E+00,    0.1125272526940118145155623E+00,   -0.2375684860515814289527725E-03,     -0.21%
    0.2809999999999999609201495E+01,    0.1121735144870870393152273E+00,    0.1124088083542226779165674E+00,   -0.2352938671356386013400197E-03,     -0.21%
    0.2811666666666666536400498E+01,    0.1120575296211101246068864E+00,    0.1122905430464237186427567E+00,   -0.2330134253135940358703238E-03,     -0.21%
    0.2813333333333333463599502E+01,    0.1119417290353544869319080E+00,    0.1121724564272324892177934E+00,   -0.2307273918780022858854295E-03,     -0.21%
    0.2815000000000000390798505E+01,    0.1118261121551450409938866E+00,    0.1120545481540413390586508E+00,   -0.2284359988962980647642098E-03,     -0.20%
    0.2816666666666666429819088E+01,    0.1117106784058067292519922E+00,    0.1119368178850160405746195E+00,   -0.2261394792093113226272294E-03,     -0.20%
    0.2818333333333333357018091E+01,    0.1115954272126642998763657E+00,    0.1118192652790931107542605E+00,   -0.2238380664288108778947617E-03,     -0.20%
    0.2820000000000000284217094E+01,    0.1114803580010428202262673E+00,    0.1117018899959787286979562E+00,   -0.2215319949359084716888901E-03,     -0.20%
    0.2821666666666666323237678E+01,    0.1113654701962672188830794E+00,    0.1115846916961462098605296E+00,   -0.2192214998789909774501439E-03,     -0.20%
    0.2823333333333333250436681E+01,    0.1112507632236622301391549E+00,    0.1114676700408343407167067E+00,   -0.2169068171721105775517913E-03,     -0.19%
    0.2825000000000000177635684E+01,    0.1111362365085529074759663E+00,    0.1113508246920453803596729E+00,   -0.2145881834924728837066255E-03,     -0.19%
    0.2826666666666667104834687E+01,    0.1110218894762641378415324E+00,    0.1112341553125432286330820E+00,   -0.2122658362790907915496064E-03,     -0.19%
    0.2828333333333333143855270E+01,    0.1109077215521208498172356E+00,    0.1111176615658515803852779E+00,   -0.2099400137307305680423042E-03,     -0.19%
    0.2830000000000000071054274E+01,    0.1107937321614478748399435E+00,    0.1110013431162517050232452E+00,   -0.2076109548038301833017272E-03,     -0.19%
    0.2831666666666666998253277E+01,    0.1106799207295701831244017E+00,    0.1108851996287809754671017E+00,   -0.2052788992107923426999605E-03,     -0.19%
    0.2833333333333333037273860E+01,    0.1105662866818127171297803E+00,    0.1107692307692307864819270E+00,   -0.2029440874180693521466878E-03,     -0.18%
    0.2834999999999999964472863E+01,    0.1104528294435002805373713E+00,    0.1106534362041445285207431E+00,   -0.2006067606442479833717130E-03,     -0.18%
    0.2836666666666666891671866E+01,    0.1103395484399578435619205E+00,    0.1105378156008160056567036E+00,   -0.1982671608581620947830970E-03,     -0.18%
    0.2838333333333332930692450E+01,    0.1102264430965104041737490E+00,    0.1104223686272874233038621E+00,   -0.1959255307770191301131035E-03,     -0.18%
    0.2839999999999999857891453E+01,    0.1101135128384826827874221E+00,    0.1103070949523473343045765E+00,   -0.1935821138646515171544138E-03,     -0.18%
    0.2841666666666666785090456E+01,    0.1100007570911997190066245E+00,    0.1101919942455291817617891E+00,   -0.1912371543294627551645704E-03,     -0.17%
    0.2843333333333333712289459E+01,    0.1098881752799863859015872E+00,    0.1100770661771090785929772E+00,   -0.1888908971226926913900002E-03,     -0.17%
    0.2844999999999999751310042E+01,    0.1097757668301676398092681E+00,    0.1099623104181042115845557E+00,   -0.1865435879365717752875753E-03,     -0.17%
    0.2846666666666666678509046E+01,    0.1096635311670683260443226E+00,    0.1098477266402706764569785E+00,   -0.1841954732023504126559033E-03,     -0.17%
    0.2848333333333333605708049E+01,    0.1095514677160133454325575E+00,    0.1097333145161019651858680E+00,   -0.1818468000886197533105815E-03,     -0.17%
    0.2849999999999999644728632E+01,    0.1094395759023277375776573E+00,    0.1096190737188270925006606E+00,   -0.1794978164993549230032954E-03,     -0.16%
    0.2851666666666666571927635E+01,    0.1093278551513362922831263E+00,    0.1095050039224084170719209E+00,   -0.1771487710721247887946106E-03,     -0.16%
    0.2853333333333333499126638E+01,    0.1092163048883638409858321E+00,    0.1093911048015402120991979E+00,   -0.1747999131763711133658035E-03,     -0.16%
    0.2855000000000000426325641E+01,    0.1091049245387355065561863E+00,    0.1092773760316466946651559E+00,   -0.1724514929111881089696112E-03,     -0.16%
    0.2856666666666666465346225E+01,    0.1089937135277760787976931E+00,    0.1091638172888802216231596E+00,   -0.1701037611041428254665675E-03,     -0.16%
    0.2858333333333333392545228E+01,    0.1088826712808104446583712E+00,    0.1090504282501192634402543E+00,   -0.1677569693088187818830193E-03,     -0.15%
    0.2860000000000000319744231E+01,    0.1087717972231635604751787E+00,    0.1089372085929669886628091E+00,   -0.1654113698034281876303453E-03,     -0.15%
    0.2861666666666666358764815E+01,    0.1086610907801603825850734E+00,    0.1088241579957492238817096E+00,   -0.1630672155888412966362466E-03,     -0.15%
    0.2863333333333333285963818E+01,    0.1085505513771256730359838E+00,    0.1087112761375125108420647E+00,   -0.1607247603868378060809619E-03,     -0.15%
    0.2865000000000000213162821E+01,    0.1084401784393844714315946E+00,    0.1085985626980226909088501E+00,   -0.1583842586382194772554044E-03,     -0.15%
    0.2866666666666666252183404E+01,    0.1083299713922616785977127E+00,    0.1084860173577628095209491E+00,   -0.1560459655011309232364169E-03,     -0.14%
    0.2868333333333333179382407E+01,    0.1082199296610821398489932E+00,    0.1083736397979313259565259E+00,   -0.1537101368491861075327165E-03,     -0.14%
    0.2870000000000000106581410E+01,    0.1081100526711707976446064E+00,    0.1082614297004406145319422E+00,   -0.1513770292698168873357645E-03,     -0.14%
    0.2871666666666667033780413E+01,    0.1080003398478525528103589E+00,    0.1081493867479148690557977E+00,   -0.1490469000623162454388648E-03,     -0.14%
    0.2873333333333333072800997E+01,    0.1078907906164523755609963E+00,    0.1080375106236885623944843E+00,   -0.1467200072361868334880342E-03,     -0.14%
    0.2875000000000000000000000E+01,    0.1077814044022950695778107E+00,    0.1079258010118043786818021E+00,   -0.1443966095093091039913702E-03,     -0.13%
    0.2876666666666666927199003E+01,    0.1076721806307056050755477E+00,    0.1078142575970118532957542E+00,   -0.1420769663062482202064984E-03,     -0.13%
    0.2878333333333332966219587E+01,    0.1075631187270089522689531E+00,    0.1077028800647653605793153E+00,   -0.1397613377564083103621329E-03,     -0.13%
    0.2879999999999999893418590E+01,    0.1074542181165299009615310E+00,    0.1075916681012222403390766E+00,   -0.1374499846923393775455224E-03,     -0.13%
    0.2881666666666666820617593E+01,    0.1073454782245934074902394E+00,    0.1074806213932414239442537E+00,   -0.1351431686480164540142823E-03,     -0.13%
    0.2883333333333333747816596E+01,    0.1072368984765244004364604E+00,    0.1073697396283813804140905E+00,   -0.1328411518569799776301465E-03,     -0.12%
    0.2884999999999999786837179E+01,    0.1071284782976478083815763E+00,    0.1072590224948985065944740E+00,   -0.1305441972506982128976460E-03,     -0.12%
    0.2886666666666666714036182E+01,    0.1070202171132885043958183E+00,    0.1071484696817452259010039E+00,   -0.1282525684567215051856692E-03,     -0.12%
    0.2888333333333333641235185E+01,    0.1069121143487713754272050E+00,    0.1070380808785685450290615E+00,   -0.1259665297971696018564103E-03,     -0.12%
    0.2889999999999999680255769E+01,    0.1068041694294214055682701E+00,    0.1069278557757081526968790E+00,   -0.1236863462867471286088517E-03,     -0.12%
    0.2891666666666666607454772E+01,    0.1066963817805634401336690E+00,    0.1068177940641945322663986E+00,   -0.1214122836310921327296342E-03,     -0.11%
    0.2893333333333333534653775E+01,    0.1065887508275224077047838E+00,    0.1067078954357476017200668E+00,   -0.1191446082251940152829661E-03,     -0.11%
    0.2894999999999999573674359E+01,    0.1064812759956232507407847E+00,    0.1065981595827748262816925E+00,   -0.1168835871515755409077997E-03,     -0.11%
    0.2896666666666666500873362E+01,    0.1063739567101908145563272E+00,    0.1064885861983693171595178E+00,   -0.1146294881785026031906227E-03,     -0.11%
    0.2898333333333333428072365E+01,    0.1062667923965500416105812E+00,    0.1063791749763084715230121E+00,   -0.1123825797584299124309837E-03,     -0.11%
    0.2900000000000000355271368E+01,    0.1061597824800258466071412E+00,    0.1062699256110520573681555E+00,   -0.1101431310262107610142834E-03,     -0.10%
    0.2901666666666666394291951E+01,    0.1060529263859431997607530E+00,    0.1061608377977406175718400E+00,   -0.1079114117974178110870298E-03,     -0.10%
    0.2903333333333333321490954E+01,    0.1059462235396268769971329E+00,    0.1060519112321935963905162E+00,   -0.1056876925667193933833232E-03,     -0.10%
    0.2905000000000000248689958E+01,    0.1058396733664018624088143E+00,    0.1059431456109078961702608E+00,   -0.1034722445060337614464174E-03,     -0.10%
    0.2906666666666666287710541E+01,    0.1057332752915931123327553E+00,    0.1058345406310561148677252E+00,   -0.1012653394630025349698599E-03,     -0.10%
    0.2908333333333333214909544E+01,    0.1056270287405254443280356E+00,    0.1057260959904846586709937E+00,   -0.9906724995921434295809149E-04,     -0.09%
    0.2910000000000000142108547E+01,    0.1055209331385238008538252E+00,    0.1056178113877124097319538E+00,   -0.9687824918860887812854799E-04,     -0.09%
    0.2911666666666667069307550E+01,    0.1054149879109131382470821E+00,    0.1055096865219288387871543E+00,   -0.9469861101570054007225963E-04,     -0.09%
    0.2913333333333333108328134E+01,    0.1053091924830183573336129E+00,    0.1054017210929924508455713E+00,   -0.9252860997409351195841509E-04,     -0.09%
    0.2915000000000000035527137E+01,    0.1052035462801642756724974E+00,    0.1052939148014288422983142E+00,   -0.9036852126456662581688306E-04,     -0.09%
    0.2916666666666666962726140E+01,    0.1050980487276758912340568E+00,    0.1051862673484294935510874E+00,   -0.8821862075360231703058389E-04,     -0.08%
    0.2918333333333333001746723E+01,    0.1049926992508781464774614E+00,    0.1050787784358498677672600E+00,   -0.8607918497172128979855188E-04,     -0.08%
    0.2919999999999999928945726E+01,    0.1048874972750958034506397E+00,    0.1049714477662076067554509E+00,   -0.8395049111180330481118972E-04,     -0.08%
    0.2921666666666666856144730E+01,    0.1047824422256538878794885E+00,    0.1048642750426811987018993E+00,   -0.8183281702731082241086824E-04,     -0.08%
    0.2923333333333332895165313E+01,    0.1046775335278773838565414E+00,    0.1047572599691082712025647E+00,   -0.7972644123088734602333716E-04,     -0.08%
    0.2924999999999999822364316E+01,    0.1045727706070909979185757E+00,    0.1046504022499836622506209E+00,   -0.7763164289266433204517170E-04,     -0.07%
    0.2926666666666666749563319E+01,    0.1044681528886197696692761E+00,    0.1045437015904581712355537E+00,   -0.7554870183840156627752549E-04,     -0.07%
    0.2928333333333333676762322E+01,    0.1043636797977885721788738E+00,    0.1044371576963367548307460E+00,   -0.7347789854818265187219595E-04,     -0.07%
    0.2929999999999999715782906E+01,    0.1042593507599223756621143E+00,    0.1043307702740769588034553E+00,   -0.7141951415458314134099282E-04,     -0.07%
    0.2931666666666666642981909E+01,    0.1041551652003459976780775E+00,    0.1042245390307870722690353E+00,   -0.6937383044107459095783952E-04,     -0.07%
    0.2933333333333333570180912E+01,    0.1040511225443843945637212E+00,    0.1041184636742248786900333E+00,   -0.6734112984048412631210567E-04,     -0.06%
    0.2934999999999999609201495E+01,    0.1039472222173625226560034E+00,    0.1040125439127959072749263E+00,   -0.6532169543338461892290070E-04,     -0.06%
    0.2936666666666666536400498E+01,    0.1038434636446051995140039E+00,    0.1039067794555515733545548E+00,   -0.6331581094637384055090479E-04,     -0.06%
    0.2938333333333333463599502E+01,    0.1037398462514373953524682E+00,    0.1038011700121879710145834E+00,   -0.6132376075057566211512494E-04,     -0.06%
    0.2940000000000000390798505E+01,    0.1036363694631839832416276E+00,    0.1036957152930440551052982E+00,   -0.5934582986007186367061195E-04,     -0.06%
    0.2941666666666666429819088E+01,    0.1035330327051699472740154E+00,    0.1035904150091001424405235E+00,   -0.5738230393019516650809919E-04,     -0.06%
    0.2943333333333333357018091E+01,    0.1034298354027201188864993E+00,    0.1034852688719760660518432E+00,   -0.5543346925594716534391182E-04,     -0.05%
    0.2945000000000000284217094E+01,    0.1033267769811593711493103E+00,    0.1033802765939300233322129E+00,   -0.5349961277065218290260873E-04,     -0.05%
    0.2946666666666666323237678E+01,    0.1032238568658127852994966E+00,    0.1032754378878566609012424E+00,   -0.5158102204387560174581040E-04,     -0.05%
    0.2948333333333333250436681E+01,    0.1031210744820051095071989E+00,    0.1031707524672855619263245E+00,   -0.4967798528045241912565189E-04,     -0.05%
    0.2950000000000000177635684E+01,    0.1030184292550612723537995E+00,    0.1030662200463797889549156E+00,   -0.4779079131851660111607316E-04,     -0.05%
    0.2951666666666667104834687E+01,    0.1029159206103062440540441E+00,    0.1029618403399342047022103E+00,   -0.4591972962796064816615171E-04,     -0.04%
    0.2953333333333333143855270E+01,    0.1028135479730649254337393E+00,    0.1028576130633740148834221E+00,   -0.4406509030908944968274454E-04,     -0.04%
    0.2955000000000000071054274E+01,    0.1027113107686622173186919E+00,    0.1027535379327529502235805E+00,   -0.4222716409073290488862540E-04,     -0.04%
    0.2956666666666666998253277E+01,    0.1026092084224229650235571E+00,    0.1026496146647520313344160E+00,   -0.4040624232906631085882054E-04,     -0.04%
    0.2958333333333333037273860E+01,    0.1025072403596722220298076E+00,    0.1025458429766779588909742E+00,   -0.3860261700573686116655381E-04,     -0.04%
    0.2959999999999999964472863E+01,    0.1024054060057347503853720E+00,    0.1024422225864612401302622E+00,   -0.3681658072648974489027296E-04,     -0.04%
    0.2961666666666666891671866E+01,    0.1023037047859355341827836E+00,    0.1023387532126550925060116E+00,   -0.3504842671955832322794322E-04,     -0.03%
    0.2963333333333332930692450E+01,    0.1022021361255995020034248E+00,    0.1022354345744336673318386E+00,   -0.3329844883416532841380331E-04,     -0.03%
    0.2964999999999999857891453E+01,    0.1021006994500514714063755E+00,    0.1021322663915904399578594E+00,   -0.3156694153896855148389022E-04,     -0.03%
    0.2966666666666666785090456E+01,    0.1019993941846164264841690E+00,    0.1020292483845368913808471E+00,   -0.2985419992046489667814058E-04,     -0.03%
    0.2968333333333333712289459E+01,    0.1018982197546192541848242E+00,    0.1019263802743008567874838E+00,   -0.2816051968160260265960915E-04,     -0.03%
    0.2969999999999999751310042E+01,    0.1017971755853849247230869E+00,    0.1018236617825250406310644E+00,   -0.2648619714011590797753115E-04,     -0.03%
    0.2971666666666666678509046E+01,    0.1016962611022382556580368E+00,    0.1017210926314653235413843E+00,   -0.2483152922706788334750172E-04,     -0.02%
    0.2973333333333333605708049E+01,    0.1015954757305041894488440E+00,    0.1016186725439895827127756E+00,   -0.2319681348539326393165538E-04,     -0.02%
    0.2974999999999999644728632E+01,    0.1014948188955077101880420E+00,    0.1015164012435759433028437E+00,   -0.2158234806823311480172833E-04,     -0.02%
    0.2976666666666666571927635E+01,    0.1013942900225736076791350E+00,    0.1014142784543111963646567E+00,   -0.1998843173758868552170043E-04,     -0.02%
    0.2978333333333333499126638E+01,    0.1012938885370268105035052E+00,    0.1013123039008895359680551E+00,   -0.1841536386272546454989651E-04,     -0.02%
    0.2980000000000000426325641E+01,    0.1011936138641923027536862E+00,    0.1012104773086109493762663E+00,   -0.1686344441864662258012686E-04,     -0.02%
    0.2981666666666666465346225E+01,    0.1010934654293949852554846E+00,    0.1011087984033797460003967E+00,   -0.1533297398476074491213694E-04,     -0.02%
    0.2983333333333333392545228E+01,    0.1009934426579597033235558E+00,    0.1010072669117028226759558E+00,   -0.1382425374311935240001503E-04,     -0.01%
    0.2985000000000000319744231E+01,    0.1008935449752113855392821E+00,    0.1009058825606885534398316E+00,   -0.1233758547716790054948888E-04,     -0.01%
    0.2986666666666666358764815E+01,    0.1007937718064750298729848E+00,    0.1008046450780452213402683E+00,   -0.1087327157019146728345049E-04,     -0.01%
    0.2988333333333333285963818E+01,    0.1006941225770753844948047E+00,    0.1007035541920791726910878E+00,   -0.9431615003788196283096568E-05,     -0.01%
    0.2990000000000000213162821E+01,    0.1005945967123375028862142E+00,    0.1006026096316938317487555E+00,   -0.8012919356328862541261060E-05,     -0.01%
    0.2991666666666666252183404E+01,    0.1004951936375862581174445E+00,    0.1005018111263880353778433E+00,   -0.6617488801777260398750968E-05,     -0.01%
    0.2993333333333333179382407E+01,    0.1003959127781465232587266E+00,    0.1004011584062543260831291E+00,   -0.5245628107802824402483566E-05,     -0.01%
    0.2995000000000000106581410E+01,    0.1002967535593431852580792E+00,    0.1003006512019779111755113E+00,   -0.3897642634725917432092501E-05,      0.00%
    0.2996666666666667033780413E+01,    0.1001977154065012143302482E+00,    0.1002002892448349419263209E+00,   -0.2573838333727596072719734E-05,      0.00%
    0.2998333333333333072800997E+01,    0.1000987977449455668121914E+00,    0.1001000722666910702773890E+00,   -0.1274521745503465197657533E-05,      0.00%
    0.3000000000000000000000000E+01,    0.1000000000000010186296251E+00,    0.1000000000000000055511151E+00,    0.1013078509970455343136564E-14,      0.00%
    0.3001666666666666927199003E+01,    0.9990132167993748257828202E-01,    0.9990007217780212667168627E-01,    0.1249502135355906595748365E-05,      0.00%
    0.3003333333333333854398006E+01,    0.9980276262480426707757175E-01,    0.9980028853372305275293286E-01,    0.2474091081214324638892776E-05,      0.00%
    0.3005000000000000781597009E+01,    0.9970432275759567863904209E-01,    0.9970064880197201939715512E-01,    0.3673955623659241886969085E-05,      0.00%
    0.3006666666666665932439173E+01,    0.9960600200130613479654329E-01,    0.9960115271734082398324972E-01,    0.4849283965310813293569936E-05,      0.00%
    0.3008333333333332859638176E+01,    0.9950780027892966450586698E-01,    0.9950180001520170236517515E-01,    0.6000263727962140691829518E-05,      0.01%
    0.3009999999999999786837179E+01,    0.9940971751346065754528780E-01,    0.9940259043150666273813698E-01,    0.7127081953994807150820634E-05,      0.01%
    0.3011666666666666714036182E+01,    0.9931175362789337879299012E-01,    0.9930352370278565377059721E-01,    0.8229925107725022392912706E-05,      0.01%
    0.3013333333333333641235185E+01,    0.9921390854522213476052173E-01,    0.9920459956614520458106909E-01,    0.9308979076930179452631364E-05,      0.01%
    0.3015000000000000568434189E+01,    0.9911618218844120420385480E-01,    0.9910581775926698144818516E-01,    0.1036442917422275566963208E-04,      0.01%
    0.3016666666666667495633192E+01,    0.9901857448054483812338589E-01,    0.9900717802040644166527983E-01,    0.1139646013839645810605816E-04,      0.01%
    0.3018333333333332646475355E+01,    0.9892108534452741241960183E-01,    0.9890868008839143188382081E-01,    0.1240525613598053578101599E-04,      0.01%
    0.3019999999999999573674359E+01,    0.9882371470338299768165768E-01,    0.9881032370262046726772098E-01,    0.1339100076253041393670173E-04,      0.01%
    0.3021666666666666500873362E+01,    0.9872646248010601144340370E-01,    0.9871210860306189882606986E-01,    0.1435387704411261733383753E-04,      0.01%
    0.3023333333333333428072365E+01,    0.9862932859769074633859987E-01,    0.9861403453025205378956741E-01,    0.1529406743869254903245292E-04,      0.02%
    0.3025000000000000355271368E+01,    0.9853231297913137010091589E-01,    0.9851610122529400048740911E-01,    0.1621175383736961350678030E-04,      0.02%
    0.3026666666666667282470371E+01,    0.9843541554742225863083860E-01,    0.9841830842985614669071737E-01,    0.1710711756611194012123178E-04,      0.02%
    0.3028333333333334209669374E+01,    0.9833863622555764905097675E-01,    0.9832065588617083795597296E-01,    0.1798033938681109500379307E-04,      0.02%
    0.3029999999999999360511538E+01,    0.9824197493653197277296840E-01,    0.9822314333703310862411229E-01,    0.1883159949886414885611430E-04,      0.02%
    0.3031666666666666287710541E+01,    0.9814543160333923099702957E-01,    0.9812577052579878056359775E-01,    0.1966107754045043343182897E-04,      0.02%
    0.3033333333333333214909544E+01,    0.9804900614897384125701052E-01,    0.9802853719638383866996634E-01,    0.2046895259000258704418229E-04,      0.02%
    0.3035000000000000142108547E+01,    0.9795269849643008230888341E-01,    0.9793144309326255736447564E-01,    0.2125540316752494440777355E-04,      0.02%
    0.3036666666666667069307550E+01,    0.9785650856870221903083262E-01,    0.9783448796146622383762548E-01,    0.2202060723599519320714535E-04,      0.02%
    0.3038333333333333996506553E+01,    0.9776043628878454405661813E-01,    0.9773767154658187517046741E-01,    0.2276474220266888615071821E-04,      0.02%
    0.3039999999999999147348717E+01,    0.9766448157967139165336334E-01,    0.9764099359475086892246054E-01,    0.2348798492052273090280323E-04,      0.02%
    0.3041666666666666074547720E+01,    0.9756864436435690179916236E-01,    0.9754445385266727330808578E-01,    0.2419051168962849107657576E-04,      0.02%
    0.3043333333333333001746723E+01,    0.9747292456583538100556297E-01,    0.9744805206757699289621399E-01,    0.2487249825838810934897083E-04,      0.03%
    0.3044999999999999928945726E+01,    0.9737732210710119129526419E-01,    0.9735178798727613103114464E-01,    0.2553411982506026411954281E-04,      0.03%
    0.3046666666666666856144730E+01,    0.9728183691114854203529916E-01,    0.9725566136010960205382503E-01,    0.2617555103893998147412958E-04,      0.03%
    0.3048333333333333783343733E+01,    0.9718646890097173973721567E-01,    0.9715967193496992393431100E-01,    0.2679696600181580290467309E-04,      0.03%
    0.3050000000000000710542736E+01,    0.9709121799956504927919809E-01,    0.9706381946129576110404713E-01,    0.2739853826928817515096171E-04,      0.03%
    0.3051666666666665861384899E+01,    0.9699608412992287431730887E-01,    0.9696810368907074484390307E-01,    0.2798044085212947340579603E-04,      0.03%
    0.3053333333333332788583903E+01,    0.9690106721503925768512744E-01,    0.9687252436882172468290975E-01,    0.2854284621753300221769223E-04,      0.03%
    0.3054999999999999715782906E+01,    0.9680616717790857528314064E-01,    0.9677708125161801899771774E-01,    0.2908592629055628542289469E-04,      0.03%
    0.3056666666666666642981909E+01,    0.9671138394152516137847186E-01,    0.9668177408906969416690913E-01,    0.2960985245546721156273406E-04,      0.03%
    0.3058333333333333570180912E+01,    0.9661671742888319758257865E-01,    0.9658660263332638495903382E-01,    0.3011479555681262354482897E-04,      0.03%
    0.3060000000000000497379915E+01,    0.9652216756297704591816000E-01,    0.9649156663707589287604094E-01,    0.3060092590115304211906277E-04,      0.03%
    0.3061666666666667424578918E+01,    0.9642773426680097126340030E-01,    0.9639666585354289551901275E-01,    0.3106841325807574438755410E-04,      0.03%
    0.3063333333333332575421082E+01,    0.9633341746334929400763514E-01,    0.9630190003648775309841312E-01,    0.3151742686154090922201476E-04,      0.03%
    0.3064999999999999502620085E+01,    0.9623921707561612637338300E-01,    0.9620726894020480146618723E-01,    0.3194813541132490719576253E-04,      0.03%
    0.3066666666666666429819088E+01,    0.9614513302659587201670632E-01,    0.9611277231952157495964428E-01,    0.3236070707429705706204004E-04,      0.03%
    0.3068333333333333357018091E+01,    0.9605116523928278193800168E-01,    0.9601840992979721045585961E-01,    0.3275530948557148214206336E-04,      0.03%
    0.3070000000000000284217094E+01,    0.9595731363667113489324123E-01,    0.9592418152692111510404516E-01,    0.3313210975001978919607382E-04,      0.03%
    0.3071666666666667211416097E+01,    0.9586357814175520963839716E-01,    0.9583008686731175895801016E-01,    0.3349127444345068038700219E-04,      0.03%
    0.3073333333333334138615101E+01,    0.9576995867752927105165384E-01,    0.9573612570791542597525847E-01,    0.3383296961384507639536423E-04,      0.04%
    0.3074999999999999289457264E+01,    0.9567645516698772278907370E-01,    0.9564229780620482623820777E-01,    0.3415736078289655086592802E-04,      0.04%
    0.3076666666666666216656267E+01,    0.9558306753312460768423620E-01,    0.9554860292017765266425755E-01,    0.3446461294695501997864540E-04,      0.04%
    0.3078333333333333143855270E+01,    0.9548979569893432939320377E-01,    0.9545504080835572058294503E-01,    0.3475489057860881025874278E-04,      0.04%
    0.3080000000000000071054274E+01,    0.9539663958741116667194859E-01,    0.9536161122978334403477163E-01,    0.3502835762782263717696196E-04,      0.04%
    0.3081666666666666998253277E+01,    0.9530359912154939827644284E-01,    0.9526831394402614228145154E-01,    0.3528517752325599499130249E-04,      0.04%
    0.3083333333333333925452280E+01,    0.9521067422434326132929527E-01,    0.9517514871116983243837240E-01,    0.3552551317342889092287805E-04,      0.04%
    0.3085000000000000852651283E+01,    0.9511786481878706234205367E-01,    0.9508211529181885557360232E-01,    0.3574952696820676845135267E-04,      0.04%
    0.3086666666666666003493447E+01,    0.9502517082787521884856830E-01,    0.9498921344709526648486531E-01,    0.3595738077995236370298926E-04,      0.04%
    0.3088333333333332930692450E+01,    0.9493259217460175980463077E-01,    0.9489644293863708224279208E-01,    0.3614923596467756183869824E-04,      0.04%
    0.3089999999999999857891453E+01,    0.9484012878196104723294013E-01,    0.9480380352859757442374189E-01,    0.3632525336347280919824243E-04,      0.04%
    0.3091666666666666785090456E+01,    0.9474778057294740152283197E-01,    0.9471129497964363153084122E-01,    0.3648559330376999199074817E-04,      0.04%
    0.3093333333333333712289459E+01,    0.9465554747055504591912722E-01,    0.9461891705495464877095912E-01,    0.3663041560039714816809919E-04,      0.04%
    0.3095000000000000639488462E+01,    0.9456342939777832856673712E-01,    0.9452666951822116803150209E-01,    0.3675987955716053523502751E-04,      0.04%
    0.3096666666666665790330626E+01,    0.9447142627761159761057286E-01,    0.9443455213364382316854062E-01,    0.3687414396777444203223695E-04,      0.04%
    0.3098333333333332717529629E+01,    0.9437953803304889588421389E-01,    0.9434256466593170242784794E-01,    0.3697336711719345636595335E-04,      0.04%
    0.3099999999999999644728632E+01,    0.9428776458708464092151047E-01,    0.9425070688030162679993396E-01,    0.3705770678301412157651384E-04,      0.04%
    0.3101666666666666571927635E+01,    0.9419610586271309760064696E-01,    0.9415897854247656795223520E-01,    0.3712732023652964841176072E-04,      0.04%
    0.3103333333333333499126638E+01,    0.9410456178292851692201992E-01,    0.9406737941868449637272676E-01,    0.3718236424402054929316819E-04,      0.04%
    0.3105000000000000426325641E+01,    0.9401313227072523315275276E-01,    0.9397590927565716012459518E-01,    0.3722299506807302815758476E-04,      0.04%
    0.3106666666666667353524645E+01,    0.9392181724909746953766643E-01,    0.9388456788062886360091142E-01,    0.3724936846860593675501150E-04,      0.04%
    0.3108333333333332504366808E+01,    0.9383061664103962973282336E-01,    0.9379335500133530179045493E-01,    0.3726163970432794236842255E-04,      0.04%
    0.3109999999999999431565811E+01,    0.9373953036954578432737861E-01,    0.9370227040601196433211584E-01,    0.3725996353381999526277468E-04,      0.04%
    0.3111666666666666358764815E+01,    0.9364855835761032309960683E-01,    0.9361131386339353877001912E-01,    0.3724449421678432958771054E-04,      0.04%
    0.3113333333333333285963818E+01,    0.9355770052822751092769238E-01,    0.9352048514271225909677554E-01,    0.3721538551525183091683857E-04,      0.04%
    0.3115000000000000213162821E+01,    0.9346695680439164044539524E-01,    0.9342978401369679553045700E-01,    0.3717279069484491493824407E-04,      0.04%
    0.3116666666666667140361824E+01,    0.9337632710909694877532417E-01,    0.9333921024657106102484505E-01,    0.3711686252588775047911440E-04,      0.04%
    0.3118333333333334067560827E+01,    0.9328581136533775630681475E-01,    0.9324876361205299002410385E-01,    0.3704775328476628271090476E-04,      0.04%
    0.3119999999999999218402991E+01,    0.9319540949610842506256603E-01,    0.9315844388135344211754330E-01,    0.3696561475498294502273211E-04,      0.04%
    0.3121666666666666145601994E+01,    0.9310512142440302563173304E-01,    0.9306825082617464772738458E-01,    0.3687059822837790434846283E-04,      0.04%
    0.3123333333333333072800997E+01,    0.9301494707321593391480263E-01,    0.9297818421870950034158199E-01,    0.3676285450643357322064730E-04,      0.04%
    0.3125000000000000000000000E+01,    0.9292488636554142866774697E-01,    0.9288824383164005771273963E-01,    0.3664253390137095500733722E-04,      0.04%
    0.3126666666666666927199003E+01,    0.9283493922437381640211385E-01,    0.9279842943813643163508686E-01,    0.3650978623738476702698108E-04,      0.04%
    0.3128333333333333854398006E+01,    0.9274510557270733424051201E-01,    0.9270874081185556669915115E-01,    0.3636476085176754136085719E-04,      0.04%
    0.3130000000000000781597009E+01,    0.9265538533353626093891364E-01,    0.9261917772694010231315787E-01,    0.3620760659615862575577694E-04,      0.04%
    0.3131666666666665932439173E+01,    0.9256577842985502790895680E-01,    0.9252973995801723472443001E-01,    0.3603847183779318452678808E-04,      0.04%
    0.3133333333333332859638176E+01,    0.9247628478465763635085750E-01,    0.9244042728019723209609282E-01,    0.3585750446040425476468272E-04,      0.04%
    0.3134999999999999786837179E+01,    0.9238690432093848992067819E-01,    0.9235123946907274061768334E-01,    0.3566485186574930299485686E-04,      0.04%
    0.3136666666666666714036182E+01,    0.9229763696169189512996667E-01,    0.9226217630071728570406719E-01,    0.3546066097460942589947308E-04,      0.04%
    0.3138333333333333641235185E+01,    0.9220848262991213073469510E-01,    0.9217323755168420340577740E-01,    0.3524507822792732891770129E-04,      0.04%
    0.3140000000000000568434189E+01,    0.9211944124859341997968443E-01,    0.9208442299900546079705066E-01,    0.3501824958795918263376734E-04,      0.04%
    0.3141666666666667495633192E+01,    0.9203051274073009713205806E-01,    0.9199573242019046248607594E-01,    0.3478032053963464598211885E-04,      0.04%
    0.3143333333333332646475355E+01,    0.9194169702931646870336380E-01,    0.9190716559322503753648448E-01,    0.3453143609143116687931752E-04,      0.04%
    0.3144999999999999573674359E+01,    0.9185299403734670242727134E-01,    0.9181872229656989903290309E-01,    0.3427174077680339436824397E-04,      0.04%
    0.3146666666666666500873362E+01,    0.9176440368781510481532848E-01,    0.9173040230915999182492726E-01,    0.3400137865511299040122140E-04,      0.04%
    0.3148333333333333428072365E+01,    0.9167592590371601013465863E-01,    0.9164220541040307699276468E-01,    0.3372049331293314189395005E-04,      0.04%
    0.3150000000000000355271368E+01,    0.9158756060804364163008273E-01,    0.9155413138017851060190821E-01,    0.3342922786513102817451681E-04,      0.04%
    0.3151666666666667282470371E+01,    0.9149930772379229193536077E-01,    0.9146617999883631389135275E-01,    0.3312772495597804400802033E-04,      0.04%
    0.3153333333333334209669374E+01,    0.9141116717395625368425272E-01,    0.9137835104719586876154125E-01,    0.3281612676038492271146652E-04,      0.04%
    0.3154999999999999360511538E+01,    0.9132313888152991665503322E-01,    0.9129064430654489081806702E-01,    0.3249457498502583696620150E-04,      0.04%
    0.3156666666666666287710541E+01,    0.9123522276950733755906953E-01,    0.9120305955863801383731726E-01,    0.3216321086932372175226647E-04,      0.04%
    0.3158333333333333214909544E+01,    0.9114741876088286454127285E-01,    0.9111559658569612363265833E-01,    0.3182217518674090861452441E-04,      0.03%
    0.3160000000000000142108547E+01,    0.9105972677865080411319099E-01,    0.9102825517040488700892809E-01,    0.3147160824591710426290092E-04,      0.03%
    0.3161666666666667069307550E+01,    0.9097214674580546278637172E-01,    0.9094103509591372480613813E-01,    0.3111164989173798023358586E-04,      0.03%
    0.3163333333333333996506553E+01,    0.9088467858534103605006038E-01,    0.9085393614583467392087357E-01,    0.3074243950636212918681167E-04,      0.03%
    0.3164999999999999147348717E+01,    0.9079732222025201082704626E-01,    0.9076695810424136034999520E-01,    0.3036411601065047705105826E-04,      0.03%
    0.3166666666666666074547720E+01,    0.9071007757353236056196977E-01,    0.9068010075566754202291975E-01,    0.2997681786481853905002026E-04,      0.03%
    0.3168333333333333001746723E+01,    0.9062294456817654442204457E-01,    0.9059336388510649817895626E-01,    0.2958068307004624308831353E-04,      0.03%
    0.3169999999999999928945726E+01,    0.9053592312717877177430381E-01,    0.9050674727800957219958633E-01,    0.2917584916919957471748148E-04,      0.03%
    0.3171666666666666856144730E+01,    0.9044901317353337688587089E-01,    0.9042025072028520016331754E-01,    0.2876245324817672255335310E-04,      0.03%
    0.3173333333333333783343733E+01,    0.9036221463023459687935457E-01,    0.9033387399829768960035636E-01,    0.2834063193690727899820558E-04,      0.03%
    0.3175000000000000710542736E+01,    0.9027552742027673826630263E-01,    0.9024761689886622029188601E-01,    0.2791052141051797441662075E-04,      0.03%
    0.3176666666666665861384899E+01,    0.9018895146665414919162629E-01,    0.9016147920926383119155645E-01,    0.2747225739031800006983985E-04,      0.03%
    0.3178333333333332788583903E+01,    0.9010248669236092800005622E-01,    0.9007546071721587999103775E-01,    0.2702597514504800901846693E-04,      0.03%
    0.3179999999999999715782906E+01,    0.9001613302039145059207925E-01,    0.8998956121089955739744681E-01,    0.2657180949189319463243919E-04,      0.03%
    0.3181666666666666642981909E+01,    0.8992989037373999572366756E-01,    0.8990378047894241608783972E-01,    0.2610989479757963582784441E-04,      0.03%
    0.3183333333333333570180912E+01,    0.8984375867540081439521771E-01,    0.8981811831042138538627739E-01,    0.2564036497942900894031482E-04,      0.03%
    0.3185000000000000497379915E+01,    0.8975773784836821311827748E-01,    0.8973257449486166104080098E-01,    0.2516335350655207747649911E-04,      0.03%
    0.3186666666666667424578918E+01,    0.8967182781563645677103125E-01,    0.8964714882223563663377064E-01,    0.2467899340082013726060950E-04,      0.03%
    0.3188333333333332575421082E+01,    0.8958602850019992125396584E-01,    0.8956184108296191825893118E-01,    0.2418741723800299503466249E-04,      0.03%
    0.3189999999999999502620085E+01,    0.8950033982505269103402412E-01,    0.8947665106790385347590444E-01,    0.2368875714883755811968058E-04,      0.03%
    0.3191666666666666429819088E+01,    0.8941476171318912813390511E-01,    0.8939157856836904558761603E-01,    0.2318314482008254628908617E-04,      0.03%
    0.3193333333333333357018091E+01,    0.8932929408760355294294442E-01,    0.8930662337610789647257548E-01,    0.2267071149565647036894234E-04,      0.03%
    0.3195000000000000284217094E+01,    0.8924393687129018870596298E-01,    0.8922178528331262126194190E-01,    0.2215158797756744402107643E-04,      0.02%
    0.3196666666666667211416097E+01,    0.8915868998724332805672077E-01,    0.8913706408261616587207499E-01,    0.2162590462716218464578333E-04,      0.02%
    0.3198333333333334138615101E+01,    0.8907355335845727750676559E-01,    0.8905245956709120780381284E-01,    0.2109379136606970295275687E-04,      0.02%
    0.3199999999999999289457264E+01,    0.8898852690792637132322085E-01,    0.8896797153024915694174979E-01,    0.2055537767721438147106028E-04,      0.02%
    0.3201666666666666216656267E+01,    0.8890361055864470785081721E-01,    0.8888359976603862899757758E-01,    0.2001079260607885323963728E-04,      0.02%
    0.3203333333333333143855270E+01,    0.8881880423360667686782932E-01,    0.8879934406884515407654135E-01,    0.1946016476152279128797318E-04,      0.02%
    0.3205000000000000071054274E+01,    0.8873410785580651549686593E-01,    0.8871520423348953909847836E-01,    0.1890362231697639838756686E-04,      0.02%
    0.3206666666666666998253277E+01,    0.8864952134823855800505044E-01,    0.8863118005522704900833730E-01,    0.1834129301150899671313255E-04,      0.02%
    0.3208333333333333925452280E+01,    0.8856504463389705539277941E-01,    0.8854727132974631043094149E-01,    0.1777330415074496183791553E-04,      0.02%
    0.3210000000000000852651283E+01,    0.8848067763577627253823721E-01,    0.8846347785316827083690328E-01,    0.1719978260800170133393294E-04,      0.02%
    0.3211666666666666003493447E+01,    0.8839642027687057146412286E-01,    0.8837979942204525485305311E-01,    0.1662085482531661106975207E-04,      0.02%
    0.3213333333333332930692450E+01,    0.8831227248017406439295485E-01,    0.8829623583335952097250754E-01,    0.1603664681454342044730765E-04,      0.02%
    0.3214999999999999857891453E+01,    0.8822823416868111334743219E-01,    0.8821278688452285909882278E-01,    0.1544728415825424860940984E-04,      0.02%
    0.3216666666666666785090456E+01,    0.8814430526538601096131487E-01,    0.8812945237337511950048707E-01,    0.1485289201089146082779280E-04,      0.02%
    0.3218333333333333712289459E+01,    0.8806048569328303599057506E-01,    0.8804623209818326912134978E-01,    0.1425359509976686922527733E-04,      0.02%
    0.3220000000000000639488462E+01,    0.8797677537536642555782151E-01,    0.8796312585764043401326262E-01,    0.1364951772599154455889447E-04,      0.02%
    0.3221666666666665790330626E+01,    0.8789317423463056944132887E-01,    0.8788013345086492789093313E-01,    0.1304078376564155039574189E-04,      0.01%
    0.3223333333333332717529629E+01,    0.8780968219406959374140342E-01,    0.8779725467739878108641705E-01,    0.1242751667081265498637777E-04,      0.01%
    0.3224999999999999644728632E+01,    0.8772629917667783272516857E-01,    0.8771448933720740748221090E-01,    0.1180983947042524295767407E-04,      0.01%
    0.3226666666666666571927635E+01,    0.8764302510544956514859649E-01,    0.8763183723067816122132001E-01,    0.1118787477140392727648077E-04,      0.01%
    0.3228333333333333499126638E+01,    0.8755985990337908364544717E-01,    0.8754929815861937913989976E-01,    0.1056174475970450554740410E-04,      0.01%
    0.3230000000000000426325641E+01,    0.8747680349346065309390497E-01,    0.8746687192225942319989684E-01,    0.9931571201229894008122301E-05,      0.01%
    0.3231666666666667353524645E+01,    0.8739385579868852449436645E-01,    0.8738455832324563965496367E-01,    0.9297475442884839402779562E-05,      0.01%
    0.3233333333333332504366808E+01,    0.8731101674205714313625748E-01,    0.8730235716364345699425087E-01,    0.8659578413686142006611135E-05,      0.01%
    0.3234999999999999431565811E+01,    0.8722828624656052409758189E-01,    0.8722026824593501204141432E-01,    0.8018000625512056167565333E-05,      0.01%
    0.3236666666666666358764815E+01,    0.8714566423519308491218993E-01,    0.8713829137301870586540531E-01,    0.7372862174379046784622460E-05,      0.01%
    0.3238333333333333285963818E+01,    0.8706315063094907658047816E-01,    0.8705642634820781600168971E-01,    0.6724282741260578788455859E-05,      0.01%
    0.3240000000000000213162821E+01,    0.8698074535682280561399438E-01,    0.8697467297522959439604051E-01,    0.6072381593211217953864889E-05,      0.01%
    0.3241666666666667140361824E+01,    0.8689844833580848137977171E-01,    0.8689303105822435147054250E-01,    0.5417277584129909229204713E-05,      0.01%
    0.3243333333333334067560827E+01,    0.8681625949090047977829698E-01,    0.8681150040174430426720420E-01,    0.4759089156175511092783381E-05,      0.01%
    0.3244999999999999218402991E+01,    0.8673417874509309344333019E-01,    0.8673008081075284092520405E-01,    0.4097934340252518126135328E-05,      0.00%
    0.3246666666666666145601994E+01,    0.8665220602138046235296542E-01,    0.8664877209062309126874624E-01,    0.3433930757371084219187196E-05,      0.00%
    0.3248333333333333072800997E+01,    0.8657034124275692077432609E-01,    0.8656757404713749659563859E-01,    0.2767195619424178687495441E-05,      0.00%
    0.3250000000000000000000000E+01,    0.8648858433221673358559656E-01,    0.8648648648648649128745092E-01,    0.2097845730242298145640234E-05,      0.00%
    0.3251666666666666927199003E+01,    0.8640693521275423505390023E-01,    0.8640550921526755911994400E-01,    0.1425997486675933956234985E-05,      0.00%
    0.3253333333333333854398006E+01,    0.8632539380736364842405806E-01,    0.8632464204048431732907432E-01,    0.7517668793310949837405133E-06,      0.00%
    0.3255000000000000781597009E+01,    0.8624396003903932184098124E-01,    0.8624388476954551741027188E-01,    0.7526949380443070936053118E-07,      0.00%
    0.3256666666666665932439173E+01,    0.8616263383077552018285417E-01,    0.8616323721026418469559616E-01,   -0.6033794886645127419910750E-06,      0.00%
    0.3258333333333332859638176E+01,    0.8608141510556641118334653E-01,    0.8608269917085625833053086E-01,   -0.1284065289847147184332243E-05,      0.00%
    0.3259999999999999786837179E+01,    0.8600030378640634298736956E-01,    0.8600227045994014718477416E-01,   -0.1966673533804197404606384E-05,      0.00%
    0.3261666666666666714036182E+01,    0.8591929979628962210647103E-01,    0.8592195088653552248469936E-01,   -0.2651090245900378228327554E-05,      0.00%
    0.3263333333333333641235185E+01,    0.8583840305821049954104751E-01,    0.8584174026006230473484493E-01,   -0.3337201851805193797417814E-05,      0.00%
    0.3265000000000000568434189E+01,    0.8575761349516322629149556E-01,    0.8576163839033977553949484E-01,   -0.4024895176549247999275849E-05,      0.00%
    0.3266666666666667495633192E+01,    0.8567693103014209499157516E-01,    0.8568164508758564779089539E-01,   -0.4714057443552799320229951E-05,     -0.01%
    0.3268333333333332646475355E+01,    0.8559635558614149541956095E-01,    0.8560176016241510810189652E-01,   -0.5404576273612682335567570E-05,     -0.01%
    0.3269999999999999573674359E+01,    0.8551588708615551204239580E-01,    0.8552198342583962331620029E-01,   -0.6096339684111273804489883E-05,     -0.01%
    0.3271666666666666500873362E+01,    0.8543552545317853463835434E-01,    0.8544231468926648254136325E-01,   -0.6789236087947903008910089E-05,     -0.01%
    0.3273333333333333428072365E+01,    0.8535527061020480033004532E-01,    0.8536275376449743712559126E-01,   -0.7483154292636795545945461E-05,     -0.01%
    0.3275000000000000355271368E+01,    0.8527512248022860175122872E-01,    0.8528330046372792350162229E-01,   -0.8177983499321750393562525E-05,     -0.01%
    0.3276666666666667282470371E+01,    0.8519508098624423153566454E-01,    0.8520395459954611949715542E-01,   -0.8873613301887961490876933E-05,     -0.01%
    0.3278333333333334209669374E+01,    0.8511514605124594068374932E-01,    0.8512471598493194513412874E-01,   -0.9569933686004450379414266E-05,     -0.01%
    0.3279999999999999360511538E+01,    0.8503531759822809121818210E-01,    0.8504558443325625771702647E-01,   -0.1026683502816649884437084E-04,     -0.01%
    0.3281666666666666287710541E+01,    0.8495559555018482311705696E-01,    0.8496655975827958895418845E-01,   -0.1096420809476583713149012E-04,     -0.01%
    0.3283333333333333214909544E+01,    0.8487597983011051228086075E-01,    0.8488764177415172862417592E-01,   -0.1166194404121634331517043E-04,     -0.01%
    0.3285000000000000142108547E+01,    0.8479647036099934032105097E-01,    0.8480883029541035067477850E-01,   -0.1235993441101035372753358E-04,     -0.01%
    0.3286666666666667069307550E+01,    0.8471706706584566926032664E-01,    0.8473012513698034708919948E-01,   -0.1305807113467782887283875E-04,     -0.02%
    0.3288333333333333996506553E+01,    0.8463776986764376397687215E-01,    0.8465152611417277317418240E-01,   -0.1375624652900919731024487E-04,     -0.02%
    0.3289999999999999147348717E+01,    0.8455857868938797261559870E-01,    0.8457303304268405652610596E-01,   -0.1445435329608391050726368E-04,     -0.02%
    0.3291666666666666074547720E+01,    0.8447949345407242127681258E-01,    0.8449464573859472027450579E-01,   -0.1515228452229899769321264E-04,     -0.02%
    0.3293333333333333001746723E+01,    0.8440051408469144422763719E-01,    0.8441636401836900838180355E-01,   -0.1584993367756415416636173E-04,     -0.02%
    0.3294999999999999928945726E+01,    0.8432164050423932022404472E-01,    0.8433818769885363664240430E-01,   -0.1654719461431641835957862E-04,     -0.02%
    0.3296666666666666856144730E+01,    0.8424287263571034189979514E-01,    0.8426011659727689062648892E-01,   -0.1724396156654872669378165E-04,     -0.02%
    0.3298333333333333783343733E+01,    0.8416421040209878801086063E-01,    0.8418215053124780689053352E-01,   -0.1794012914901887967289440E-04,     -0.02%
    0.3300000000000000710542736E+01,    0.8408565372639892343542556E-01,    0.8410428931875522928773847E-01,   -0.1863559235630585231291434E-04,     -0.02%
    0.3301666666666665861384899E+01,    0.8400720253160513795176456E-01,    0.8402653277816694854518431E-01,   -0.1933024656181059341975015E-04,     -0.02%
    0.3303333333333332788583903E+01,    0.8392885674071150214903270E-01,    0.8394888072822857816301934E-01,   -0.2002398751707601398663883E-04,     -0.02%
    0.3304999999999999715782906E+01,    0.8385061627671239192771679E-01,    0.8387133298806302705852289E-01,   -0.2071671135063513080609710E-04,     -0.02%
    0.3306666666666666642981909E+01,    0.8377248106260209992157684E-01,    0.8379388937716933383192952E-01,   -0.2140831456723391035268378E-04,     -0.03%
    0.3308333333333333570180912E+01,    0.8369445102137487713100938E-01,    0.8371654971542186185473611E-01,   -0.2209869404698472372672313E-04,     -0.03%
    0.3310000000000000497379915E+01,    0.8361652607602501618977442E-01,    0.8363931382306936945791875E-01,   -0.2278774704435326814433438E-04,     -0.03%
    0.3311666666666667424578918E+01,    0.8353870614954679585384412E-01,    0.8356218152073417726466431E-01,   -0.2347537118738141082019411E-04,     -0.03%
    0.3313333333333332575421082E+01,    0.8346099116493456426812969E-01,    0.8348515262941129388973849E-01,   -0.2416146447672962160879706E-04,     -0.03%
    0.3314999999999999502620085E+01,    0.8338338104518244753293743E-01,    0.8340822697046725020530999E-01,   -0.2484592528480267237256385E-04,     -0.03%
    0.3316666666666666429819088E+01,    0.8330587571328479379317855E-01,    0.8333140436563969688510412E-01,   -0.2552865235490309192556424E-04,     -0.03%
    0.3318333333333333357018091E+01,    0.8322847509223588180482523E-01,    0.8325468463703616928128781E-01,   -0.2620954480028747646258580E-04,     -0.03%
    0.3320000000000000284217094E+01,    0.8315117910502999032384963E-01,    0.8317806760713333802392810E-01,   -0.2688850210334770007847283E-04,     -0.03%
    0.3321666666666667211416097E+01,    0.8307398767466141198401175E-01,    0.8310155309877609308699675E-01,   -0.2756542411468110298500278E-04,     -0.03%
    0.3323333333333334138615101E+01,    0.8299690072412439778570814E-01,    0.8302514093517669724331398E-01,   -0.2824021105229945760584087E-04,     -0.03%
    0.3324999999999999289457264E+01,    0.8291991817641333750721344E-01,    0.8294883093991396727506782E-01,   -0.2891276350062976785437741E-04,     -0.03%
    0.3326666666666666216656267E+01,    0.8284303995452230173768271E-01,    0.8287262293693212211742605E-01,   -0.2958298240982037974333707E-04,     -0.04%
    0.3328333333333333143855270E+01,    0.8276626598144568025539058E-01,    0.8279651675054031101375074E-01,   -0.3025076909463075836015378E-04,     -0.04%
    0.3330000000000000071054274E+01,    0.8268959618017776569409705E-01,    0.8272051220541157268151267E-01,   -0.3091602523380698741561901E-04,     -0.04%
    0.3331666666666666998253277E+01,    0.8261303047371279517641085E-01,    0.8264460912658191937829599E-01,   -0.3157865286912420188514261E-04,     -0.04%
    0.3333333333333333925452280E+01,    0.8253656878504507521387978E-01,    0.8256880733944951811231761E-01,   -0.3223855440444289843782144E-04,     -0.04%
    0.3335000000000000852651283E+01,    0.8246021103716887068468822E-01,    0.8249310666977387185294646E-01,   -0.3289563260500116825824080E-04,     -0.04%
    0.3336666666666666003493447E+01,    0.8238395715307852973374736E-01,    0.8241750694367498686343509E-01,   -0.3354979059645712968773523E-04,     -0.04%
    0.3338333333333332930692450E+01,    0.8230780705576817846136350E-01,    0.8234200798763224860010723E-01,   -0.3420093186407013874372751E-04,     -0.04%
    0.3339999999999999857891453E+01,    0.8223176066823219276802348E-01,    0.8226660962848399150093570E-01,   -0.3484896025179873291222066E-04,     -0.04%
    0.3341666666666666785090456E+01,    0.8215581791346482365412385E-01,    0.8219131169342640264030564E-01,   -0.3549377996157898618179161E-04,     -0.04%
    0.3343333333333333712289459E+01,    0.8207997871446034987563678E-01,    0.8211611401001267518395821E-01,   -0.3613529555232530832142857E-04,     -0.04%
    0.3345000000000000639488462E+01,    0.8200424299421306406632226E-01,    0.8204101640615223123287336E-01,   -0.3677341193916716655110122E-04,     -0.04%
    0.3346666666666665790330626E+01,    0.8192861067571732824887931E-01,    0.8196601871010991691157699E-01,   -0.3740803439258866269767623E-04,     -0.05%
    0.3348333333333332717529629E+01,    0.8185308168196721301246299E-01,    0.8189112075050485051175286E-01,   -0.3803906853763749928987181E-04,     -0.05%
    0.3349999999999999644728632E+01,    0.8177765593595713589092355E-01,    0.8181632235631008942533526E-01,   -0.3866642035295353441171073E-04,     -0.05%
    0.3351666666666666571927635E+01,    0.8170233336068134788465755E-01,    0.8174162335685146441033311E-01,   -0.3928999617011652567555302E-04,     -0.05%
    0.3353333333333333499126638E+01,    0.8162711387913412774963717E-01,    0.8166702358180674692356149E-01,   -0.3990970267261917392431769E-04,     -0.05%
    0.3355000000000000426325641E+01,    0.8155199741430972648625897E-01,    0.8159252286120498298682691E-01,   -0.4052544689525650056793893E-04,     -0.05%
    0.3356666666666667353524645E+01,    0.8147698388920246448385853E-01,    0.8151812102542546623062947E-01,   -0.4113713622300174677093310E-04,     -0.05%
    0.3358333333333332504366808E+01,    0.8140207322680667600955928E-01,    0.8144381790519716890486279E-01,   -0.4174467839049289530350961E-04,     -0.05%
    0.3359999999999999431565811E+01,    0.8132726535011650104145531E-01,    0.8136961333159746512233568E-01,   -0.4234798148096408088036924E-04,     -0.05%
    0.3361666666666666358764815E+01,    0.8125256018212624609109440E-01,    0.8129550713605188105859156E-01,   -0.4294695392563496749716023E-04,     -0.05%
    0.3363333333333333285963818E+01,    0.8117795764583024542559997E-01,    0.8122149915033287370658144E-01,   -0.4354150450262828098146883E-04,     -0.05%
    0.3365000000000000213162821E+01,    0.8110345766422273616758076E-01,    0.8114758920655915086506127E-01,   -0.4413154233641469748050667E-04,     -0.05%
    0.3366666666666667140361824E+01,    0.8102906016029801095079677E-01,    0.8107377713719482459353571E-01,   -0.4471697689681364273894815E-04,     -0.06%
    0.3368333333333334067560827E+01,    0.8095476505705036240900796E-01,    0.8100006277504862017835308E-01,   -0.4529771799825776934511623E-04,     -0.06%
    0.3369999999999999218402991E+01,    0.8088057227747411093154994E-01,    0.8092644595327311285437588E-01,   -0.4587367579900192282593707E-04,     -0.06%
    0.3371666666666666145601994E+01,    0.8080648174456342425209243E-01,    0.8085292650536360370416844E-01,   -0.4644476080017945207600860E-04,     -0.06%
    0.3373333333333333072800997E+01,    0.8073249338131259500439540E-01,    0.8077950426515782822445289E-01,   -0.4701088384523322005748014E-04,     -0.06%
    0.3375000000000000000000000E+01,    0.8065860711071595745558227E-01,    0.8070617906683480446972112E-01,   -0.4757195611884701413885068E-04,     -0.06%
    0.3376666666666666927199003E+01,    0.8058482285576774872826178E-01,    0.8063295074491406977390540E-01,   -0.4812788914632104564361725E-04,     -0.06%
    0.3378333333333333854398006E+01,    0.8051114053946228921176953E-01,    0.8055981913425493134983668E-01,   -0.4867859479264213806715134E-04,     -0.06%
    0.3380000000000000781597009E+01,    0.8043756008479380215092647E-01,    0.8048678407005566137755181E-01,   -0.4922398526185922662534722E-04,     -0.06%
    0.3381666666666665932439173E+01,    0.8036408141475669120179504E-01,    0.8041384538785276148153969E-01,   -0.4976397309607027974465154E-04,     -0.06%
    0.3383333333333332859638176E+01,    0.8029070445234505470910591E-01,    0.8034100292351985250771662E-01,   -0.5029847117479779861071165E-04,     -0.06%
    0.3384999999999999786837179E+01,    0.8021742912055325469555811E-01,    0.8026825651326734145651898E-01,   -0.5082739271408676096086765E-04,     -0.06%
    0.3386666666666666714036182E+01,    0.8014425534237556991712381E-01,    0.8019560599364136677102977E-01,   -0.5135065126579685390595387E-04,     -0.06%
    0.3388333333333333641235185E+01,    0.8007118304080625137419958E-01,    0.8012305120152303505864921E-01,   -0.5186816071678368444963780E-04,     -0.06%
    0.3390000000000000568434189E+01,    0.7999821213883960557833319E-01,    0.8005059197412761617940191E-01,   -0.5237983528801060106872001E-04,     -0.07%
    0.3391666666666667495633192E+01,    0.7992534255946989740770903E-01,    0.7997822814900384935654643E-01,   -0.5288558953395194883739805E-04,     -0.07%
    0.3393333333333332646475355E+01,    0.7985257422569148888502610E-01,    0.7990595956403311050930682E-01,   -0.5338533834162162428071952E-04,     -0.07%
    0.3394999999999999573674359E+01,    0.7977990706049849223280290E-01,    0.7983378605742845468551394E-01,   -0.5387899692996245271103817E-04,     -0.07%
    0.3396666666666666500873362E+01,    0.7970734098688528335152625E-01,    0.7976170746773418585018334E-01,   -0.5436648084890249865708256E-04,     -0.07%
    0.3398333333333333428072365E+01,    0.7963487592784611324159272E-01,    0.7968972363382482992921751E-01,   -0.5484770597871668762479658E-04,     -0.07%
    0.3400000000000000355271368E+01,    0.7956251180637527453676228E-01,    0.7961783439490444092001553E-01,   -0.5532258852916638325325493E-04,     -0.07%
    0.3401666666666667282470371E+01,    0.7949024854546705987079491E-01,    0.7954603959050579597978015E-01,   -0.5579104503873610898523339E-04,     -0.07%
    0.3403333333333334209669374E+01,    0.7941808606811570636629938E-01,    0.7947433906048964602497620E-01,   -0.5625299237393965867681800E-04,     -0.07%
    0.3404999999999999360511538E+01,    0.7934602429731557604597469E-01,    0.7940273264504400796415240E-01,   -0.5670834772843191817770503E-04,     -0.07%
    0.3406666666666666287710541E+01,    0.7927406315606083664349057E-01,    0.7933122018468309610828015E-01,   -0.5715702862225946478957894E-04,     -0.07%
    0.3408333333333333214909544E+01,    0.7920220256734578079260700E-01,    0.7925980152024703073720957E-01,   -0.5759895290124994460256858E-04,     -0.07%
    0.3410000000000000142108547E+01,    0.7913044245416471500487177E-01,    0.7918847649290074175443266E-01,   -0.5803403873602674956089231E-04,     -0.07%
    0.3411666666666667069307550E+01,    0.7905878273951194579183266E-01,    0.7911724494413331643105636E-01,   -0.5846220462137063922369862E-04,     -0.07%
    0.3413333333333333996506553E+01,    0.7898722334638172415388624E-01,    0.7904610671575719449410968E-01,   -0.5888336937547034022344405E-04,     -0.07%
    0.3414999999999999147348717E+01,    0.7891576419776835660258030E-01,    0.7897506164990754362609238E-01,   -0.5929745213918702351207912E-04,     -0.08%
    0.3416666666666666074547720E+01,    0.7884440521666605250494797E-01,    0.7890410958904112148637466E-01,   -0.5970437237506898142669343E-04,     -0.08%
    0.3418333333333333001746723E+01,    0.7877314632606910449474924E-01,    0.7883325037593608142216794E-01,   -0.6010404986697692741870469E-04,     -0.08%
    0.3419999999999999928945726E+01,    0.7870198744897181908353190E-01,    0.7876248385369082061213675E-01,   -0.6049640471900152860484923E-04,     -0.08%
    0.3421666666666666856144730E+01,    0.7863092850836846114948031E-01,    0.7869180986572334168815956E-01,   -0.6088135735488053867925373E-04,     -0.08%
    0.3423333333333333783343733E+01,    0.7855996942725330944856665E-01,    0.7862122825577055884593847E-01,   -0.6125882851724939737181330E-04,     -0.08%
    0.3425000000000000710542736E+01,    0.7848911012862064273676310E-01,    0.7855073886788743742215502E-01,   -0.6162873926679468539191475E-04,     -0.08%
    0.3426666666666665861384899E+01,    0.7841835053546480915898087E-01,    0.7848034154644645266074576E-01,   -0.6199101098164350176489279E-04,     -0.08%
    0.3428333333333332788583903E+01,    0.7834769057077994869331405E-01,    0.7841003613613639622315077E-01,   -0.6234556535644752983671424E-04,     -0.08%
    0.3429999999999999715782906E+01,    0.7827713015756039560688606E-01,    0.7833982248196227904379896E-01,   -0.6269232440188343691289674E-04,     -0.08%
    0.3431666666666666642981909E+01,    0.7820666921880047028903249E-01,    0.7826970042924408232920541E-01,   -0.6303121044361204017292266E-04,     -0.08%
    0.3433333333333333570180912E+01,    0.7813630767749436822899867E-01,    0.7819966982361628571318590E-01,   -0.6336214612191748418723591E-04,     -0.08%
    0.3435000000000000497379915E+01,    0.7806604545663643757169581E-01,    0.7812973051102702071180062E-01,   -0.6368505439058314010480899E-04,     -0.08%
    0.3436666666666667424578918E+01,    0.7799588247922092931752047E-01,    0.7805988233773732132281253E-01,   -0.6399985851639200529206164E-04,     -0.08%
    0.3438333333333332575421082E+01,    0.7792581866824220548917168E-01,    0.7799012515032058279196292E-01,   -0.6430648207837730279123889E-04,     -0.08%
    0.3439999999999999502620085E+01,    0.7785585394669437830916792E-01,    0.7792045879566140975658328E-01,   -0.6460484896703144741536562E-04,     -0.08%
    0.3441666666666666429819088E+01,    0.7778598823757182367799601E-01,    0.7785088312095540807877825E-01,   -0.6489488338358440078224021E-04,     -0.08%
    0.3443333333333333357018091E+01,    0.7771622146386879259605251E-01,    0.7778139797370815788912779E-01,   -0.6517650983936529307527508E-04,     -0.08%
    0.3445000000000000284217094E+01,    0.7764655354857956381930961E-01,    0.7771200320173451969729683E-01,   -0.6544965315495587798721999E-04,     -0.08%
    0.3446666666666667211416097E+01,    0.7757698441469842998152728E-01,    0.7764269865315796825822048E-01,   -0.6571423845953827669319480E-04,     -0.08%
    0.3448333333333334138615101E+01,    0.7750751398521966983867770E-01,    0.7757348417640982929377458E-01,   -0.6597019119015945509687526E-04,     -0.09%
    0.3449999999999999289457264E+01,    0.7743814218313761765788428E-01,    0.7750435962022866887011219E-01,   -0.6621743709105121222791013E-04,     -0.09%
    0.3451666666666666216656267E+01,    0.7736886893144641341724110E-01,    0.7743532483365926644136579E-01,   -0.6645590221285302412468354E-04,     -0.09%
    0.3453333333333333143855270E+01,    0.7729969415314041913944720E-01,    0.7736637966605232341610332E-01,   -0.6668551291190427665611651E-04,     -0.09%
    0.3455000000000000071054274E+01,    0.7723061777121387194711133E-01,    0.7729752396706351946775726E-01,   -0.6690619584964752064593085E-04,     -0.09%
    0.3456666666666666998253277E+01,    0.7716163970866109222956908E-01,    0.7722875758665279088965860E-01,   -0.6711787799169866008952567E-04,     -0.09%
    0.3458333333333333925452280E+01,    0.7709275988847635874279263E-01,    0.7716008037508370609458552E-01,   -0.6732048660734735179289601E-04,     -0.09%
    0.3460000000000000852651283E+01,    0.7702397823365390860939073E-01,    0.7709149218292266070307051E-01,   -0.6751394926875209367977959E-04,     -0.09%
    0.3461666666666666003493447E+01,    0.7695529466718813160763801E-01,    0.7702299286103835018746366E-01,   -0.6769819385021857982565052E-04,     -0.09%
    0.3463333333333332930692450E+01,    0.7688670911207311220447735E-01,    0.7695458226060071516005934E-01,   -0.6787314852760295558198322E-04,     -0.09%
    0.3464999999999999857891453E+01,    0.7681822149130326793375900E-01,    0.7688626023308070545070336E-01,   -0.6803874177743751694436014E-04,     -0.09%
    0.3466666666666666785090456E+01,    0.7674983172787279428472829E-01,    0.7681802663024922539491968E-01,   -0.6819490237643111019139042E-04,     -0.09%
    0.3468333333333333712289459E+01,    0.7668153974477605328008423E-01,    0.7674988130417660647797362E-01,   -0.6834155940055319788939414E-04,     -0.09%
    0.3470000000000000639488462E+01,    0.7661334546500726816464777E-01,    0.7668182410723184405654251E-01,   -0.6847864222457589189474447E-04,     -0.09%
    0.3471666666666665790330626E+01,    0.7654524881156080096111793E-01,    0.7661385489208197285826429E-01,   -0.6860608052117189714635970E-04,     -0.09%
    0.3473333333333332717529629E+01,    0.7647724970743077776980101E-01,    0.7654597351169115104774221E-01,   -0.6872380426037327794119847E-04,     -0.09%
    0.3474999999999999644728632E+01,    0.7640934807561157449118383E-01,    0.7647817981932031328184962E-01,   -0.6883174370873879066579093E-04,     -0.09%
    0.3476666666666666571927635E+01,    0.7634154383909742824787514E-01,    0.7641047366852628253131030E-01,   -0.6892982942885428343515741E-04,     -0.09%
    0.3478333333333333499126638E+01,    0.7627383692088264555142274E-01,    0.7634285491316104843573243E-01,   -0.6901799227840288430968485E-04,     -0.09%
    0.3480000000000000426325641E+01,    0.7620622724396150515779880E-01,    0.7627532340737122606988407E-01,   -0.6909616340972091208527672E-04,     -0.09%
    0.3481666666666667353524645E+01,    0.7613871473132827194518768E-01,    0.7620787900559723715421256E-01,   -0.6916427426896520902488419E-04,     -0.09%
    0.3483333333333332504366808E+01,    0.7607129930597728018071280E-01,    0.7614052156257274106554434E-01,   -0.6922225659546088483153881E-04,     -0.09%
    0.3484999999999999431565811E+01,    0.7600398089090269759804386E-01,    0.7607325093332371890308963E-01,   -0.6927004242102130504576962E-04,     -0.09%
    0.3486666666666666358764815E+01,    0.7593675940909884458651646E-01,    0.7600606697316818205489852E-01,   -0.6930756406933746838205934E-04,     -0.09%
    0.3488333333333333285963818E+01,    0.7586963478356001377989060E-01,    0.7593896953771520075271440E-01,   -0.6933475415518697282379890E-04,     -0.09%
    0.3490000000000000213162821E+01,    0.7580260693728049781192624E-01,    0.7587195848286430732709817E-01,   -0.6935154558380951517193580E-04,     -0.09%
    0.3491666666666667140361824E+01,    0.7573567579325451992744433E-01,    0.7580503366480487170697700E-01,   -0.6935787155035177953266157E-04,     -0.09%
    0.3493333333333334067560827E+01,    0.7566884127447642827135610E-01,    0.7573819494001532426352696E-01,   -0.6935366553889599217086470E-04,     -0.09%
    0.3494999999999999218402991E+01,    0.7560210330394051547742151E-01,    0.7567144216526267008759987E-01,   -0.6933886132215461017835878E-04,     -0.09%
    0.3496666666666666145601994E+01,    0.7553546180464093540152248E-01,    0.7560477519760150366678886E-01,   -0.6931339296056826526637451E-04,     -0.09%
    0.3498333333333333072800997E+01,    0.7546891669957202231078242E-01,    0.7553819389437368969630882E-01,   -0.6927719480166738552640027E-04,     -0.09%
    0.3500000000000000000000000E+01,    0.7540246791172808271674910E-01,    0.7547169811320754428951574E-01,   -0.6923020147946157276663826E-04,     -0.09%
    0.3501666666666666927199003E+01,    0.7533611536410340925318252E-01,    0.7540528771201714108851633E-01,   -0.6917234791373183533380598E-04,     -0.09%
    0.3503333333333333854398006E+01,    0.7526985897969221128711581E-01,    0.7533896254900170064150444E-01,   -0.6910356930948935438863145E-04,     -0.09%
    0.3505000000000000781597009E+01,    0.7520369868148878145230896E-01,    0.7527272248264489651337072E-01,   -0.6902380115611506106176876E-04,     -0.09%
    0.3506666666666665932439173E+01,    0.7513763439248755116040002E-01,    0.7520656737171434180755369E-01,   -0.6893297922679064715367758E-04,     -0.09%
    0.3508333333333332859638176E+01,    0.7507166603568254936718063E-01,    0.7514049707526053445416636E-01,   -0.6883103957798508698573414E-04,     -0.09%
    0.3509999999999999786837179E+01,    0.7500579353406819360650104E-01,    0.7507451145261673230990596E-01,   -0.6871791854853870340491540E-04,     -0.09%
    0.3511666666666666714036182E+01,    0.7494001681063872100097001E-01,    0.7500861036339796783511957E-01,   -0.6859355275924683414956462E-04,     -0.09%
    0.3513333333333333641235185E+01,    0.7487433578838842418434751E-01,    0.7494279366750046522671624E-01,   -0.6845787911204104236873036E-04,     -0.09%
    0.3515000000000000568434189E+01,    0.7480875039031160966818135E-01,    0.7487706122510101591771559E-01,   -0.6831083478940624953423821E-04,     -0.09%
    0.3516666666666667495633192E+01,    0.7474326053940248681950465E-01,    0.7481141289665631244343302E-01,   -0.6815235725382562392837826E-04,     -0.09%
    0.3518333333333332646475355E+01,    0.7467786615865547317216766E-01,    0.7474584854290237945217967E-01,   -0.6798238424690628001201276E-04,     -0.09%
    0.3519999999999999573674359E+01,    0.7461256717106463931532545E-01,    0.7468036802485364389347922E-01,   -0.6780085378900457815376512E-04,     -0.09%
    0.3521666666666666500873362E+01,    0.7454736349962438890504046E-01,    0.7461497120380271297346297E-01,   -0.6760770417832406842251203E-04,     -0.09%
    0.3523333333333333428072365E+01,    0.7448225506732900069728487E-01,    0.7454965794131948597645021E-01,   -0.6740287399048527916534113E-04,     -0.09%
    0.3525000000000000355271368E+01,    0.7441724179717271181466742E-01,    0.7448442809925048813113335E-01,   -0.6718630207777631646592909E-04,     -0.09%
    0.3526666666666667282470371E+01,    0.7435232361214980101316030E-01,    0.7441928153971837101021691E-01,   -0.6695792756856999705661337E-04,     -0.09%
    0.3528333333333334209669374E+01,    0.7428750043525456092652348E-01,    0.7435421812512117700766368E-01,   -0.6671768986661608114019373E-04,     -0.09%
    0.3529999999999999360511538E+01,    0.7422277218948135357745599E-01,    0.7428923771813179810497019E-01,   -0.6646552865044452751419612E-04,     -0.09%
    0.3531666666666666287710541E+01,    0.7415813879782429118847631E-01,    0.7422434018169707381495925E-01,   -0.6620138387278262648294458E-04,     -0.09%
    0.3533333333333333214909544E+01,    0.7409360018327773578228346E-01,    0.7415952537903758301496282E-01,   -0.6592519575984723267936261E-04,     -0.09%
    0.3535000000000000142108547E+01,    0.7402915626883597999263742E-01,    0.7409479317364670025725104E-01,   -0.6563690481072026461362157E-04,     -0.09%
    0.3536666666666667069307550E+01,    0.7396480697749324706435914E-01,    0.7403014342929008229088339E-01,   -0.6533645179683522652425154E-04,     -0.09%
    0.3538333333333333996506553E+01,    0.7390055223224385738678421E-01,    0.7396557601000505743904512E-01,   -0.6502377776120005226090370E-04,     -0.09%
    0.3539999999999999147348717E+01,    0.7383639195608217298261167E-01,    0.7390109078009994558744467E-01,   -0.6469882401777260483299870E-04,     -0.09%
    0.3541666666666666074547720E+01,    0.7377232607200229219657217E-01,    0.7383668760415333653934766E-01,   -0.6436153215104434277549217E-04,     -0.09%
    0.3543333333333333001746723E+01,    0.7370835450299856317357694E-01,    0.7377236634701374307088173E-01,   -0.6401184401517989730479030E-04,     -0.09%
    0.3544999999999999928945726E+01,    0.7364447717206527854738596E-01,    0.7370812687379879601934363E-01,   -0.6364970173351747195766848E-04,     -0.09%
    0.3546666666666666856144730E+01,    0.7358069400219671707397140E-01,    0.7364396904989460590496009E-01,   -0.6327504769788883098868837E-04,     -0.09%
    0.3548333333333333783343733E+01,    0.7351700491638715750930544E-01,    0.7357989274095522169716332E-01,   -0.6288782456806418785788537E-04,     -0.09%
    0.3550000000000000710542736E+01,    0.7345340983763087860936025E-01,    0.7351589781290202019192748E-01,   -0.6248797527114158256722476E-04,     -0.08%
    0.3551666666666665861384899E+01,    0.7338990868892220076347144E-01,    0.7345198413192305375574165E-01,   -0.6207544300085299227021096E-04,     -0.08%
    0.3553333333333332788583903E+01,    0.7332650139325529170530871E-01,    0.7338815156447232868064390E-01,   -0.6165017121703697533519062E-04,     -0.08%
    0.3554999999999999715782906E+01,    0.7326318787362451345757108E-01,    0.7332439997726944436173824E-01,   -0.6121210364493090416715404E-04,     -0.08%
    0.3556666666666666642981909E+01,    0.7319996805302408926507951E-01,    0.7326072923729883001886520E-01,   -0.6076118427474075378569296E-04,     -0.08%
    0.3558333333333333570180912E+01,    0.7313684185444833951716959E-01,    0.7319713921180913407393831E-01,   -0.6029735736079455676872385E-04,     -0.08%
    0.3560000000000000497379915E+01,    0.7307380920089151521423787E-01,    0.7313362976831264128385612E-01,   -0.5982056742112606961825350E-04,     -0.08%
    0.3561666666666667424578918E+01,    0.7301087001534790899004435E-01,    0.7307020077458468987341433E-01,   -0.5933075923678088336998826E-04,     -0.08%
    0.3563333333333332575421082E+01,    0.7294802422081188286728803E-01,    0.7300685209866310254600563E-01,   -0.5882787785121967871759807E-04,     -0.08%
    0.3564999999999999502620085E+01,    0.7288527174027754906848742E-01,    0.7294358360884733993856344E-01,   -0.5831186856979087007601947E-04,     -0.08%
    0.3566666666666666429819088E+01,    0.7282261249673925573855371E-01,    0.7288039517369827857695697E-01,   -0.5778267695902283840325708E-04,     -0.08%
    0.3568333333333333357018091E+01,    0.7276004641319128163345908E-01,    0.7281728666203737820872277E-01,   -0.5724024884609657526368665E-04,     -0.08%
    0.3570000000000000284217094E+01,    0.7269757341262790550917572E-01,    0.7275425794294609893597681E-01,   -0.5668453031819342680108775E-04,     -0.08%
    0.3571666666666667211416097E+01,    0.7263519341804343387725140E-01,    0.7269130888576538773726554E-01,   -0.5611546772195386001413908E-04,     -0.08%
    0.3573333333333334138615101E+01,    0.7257290635243206222693146E-01,    0.7262843936009499845596338E-01,   -0.5553300766293622903191363E-04,     -0.08%
    0.3574999999999999289457264E+01,    0.7251071213878824972542958E-01,    0.7256564923579303383327499E-01,   -0.5493709700478410784540984E-04,     -0.08%
    0.3576666666666666216656267E+01,    0.7244861070010605308411300E-01,    0.7250293838297502957424001E-01,   -0.5432768286897649012701095E-04,     -0.07%
    0.3578333333333333143855270E+01,    0.7238660195937983432568075E-01,    0.7244030667201384332543057E-01,   -0.5370471263400899974982394E-04,     -0.07%
    0.3580000000000000071054274E+01,    0.7232468583960388608389280E-01,    0.7237775397353869710759255E-01,   -0.5306813393481102369975133E-04,     -0.07%
    0.3581666666666666998253277E+01,    0.7226286226377248711472134E-01,    0.7231528015843473322643575E-01,   -0.5241789466224611171440984E-04,     -0.07%
    0.3583333333333333925452280E+01,    0.7220113115487988841856293E-01,    0.7225288509784243140554594E-01,   -0.5175394296254298698301000E-04,     -0.07%
    0.3585000000000000852651283E+01,    0.7213949243592039650696535E-01,    0.7219056866315697040814570E-01,   -0.5107622723657390118034982E-04,     -0.07%
    0.3586666666666666003493447E+01,    0.7207794602988834564705201E-01,    0.7212833072602777007009678E-01,   -0.5038469613942442304477254E-04,     -0.07%
    0.3588333333333332930692450E+01,    0.7201649185977788969470481E-01,    0.7206617115835761699926820E-01,   -0.4967929857972730456339150E-04,     -0.07%
    0.3589999999999999857891453E+01,    0.7195512984858334903925936E-01,    0.7200408983230247028650695E-01,   -0.4895998371912124724758542E-04,     -0.07%
    0.3591666666666666785090456E+01,    0.7189385991929900243668783E-01,    0.7194208662027067047173290E-01,   -0.4822670097166803504507016E-04,     -0.07%
    0.3593333333333333712289459E+01,    0.7183268199491914252075020E-01,    0.7188016139492237055463875E-01,   -0.4747940000322803388854709E-04,     -0.07%
    0.3595000000000000639488462E+01,    0.7177159599843803416963084E-01,    0.7181831402916899476096546E-01,   -0.4671803073096059133462177E-04,     -0.07%
    0.3596666666666665790330626E+01,    0.7171060185285005328381658E-01,    0.7175654439617269730877780E-01,   -0.4594254332264402496122102E-04,     -0.06%
    0.3598333333333332717529629E+01,    0.7164969948114931208582590E-01,    0.7169485236934561300792268E-01,   -0.4515288819630092209678196E-04,     -0.06%
    0.3599999999999999644728632E+01,    0.7158888880633014484278220E-01,    0.7163323782234957970427303E-01,   -0.4434901601943486149082219E-04,     -0.06%
    0.3601666666666666571927635E+01,    0.7152816975138684418844548E-01,    0.7157170062909537500139834E-01,   -0.4353087770853081295285847E-04,     -0.06%
    0.3603333333333333499126638E+01,    0.7146754223931368887878790E-01,    0.7151024066374216114905238E-01,   -0.4269842442847227026447854E-04,     -0.06%
    0.3605000000000000426325641E+01,    0.7140700619310497154756945E-01,    0.7144885780069697156502428E-01,   -0.4185160759200001745483632E-04,     -0.06%
    0.3606666666666667353524645E+01,    0.7134656153575494319518668E-01,    0.7138755191461411409026283E-01,   -0.4099037885917089507614719E-04,     -0.06%
    0.3608333333333332504366808E+01,    0.7128620819025796584433863E-01,    0.7132632288039469914409096E-01,   -0.4011469013673329975233628E-04,     -0.06%
    0.3609999999999999431565811E+01,    0.7122594607960816559533157E-01,    0.7126517057318577930136172E-01,   -0.3922449357761370603014939E-04,     -0.06%
    0.3611666666666666358764815E+01,    0.7116577512679989059307673E-01,    0.7120409486838022439236795E-01,   -0.3831974158033379929122475E-04,     -0.05%
    0.3613333333333333285963818E+01,    0.7110569525482743347133407E-01,    0.7114309564161586107999824E-01,   -0.3740038678842760866416484E-04,     -0.05%
    0.3615000000000000213162821E+01,    0.7104570638668505910828799E-01,    0.7108217276877501489273925E-01,   -0.3646638208995578445126284E-04,     -0.05%
    0.3616666666666667140361824E+01,    0.7098580844536704625991064E-01,    0.7102132612598392735758779E-01,   -0.3551768061688109767715105E-04,     -0.05%
    0.3618333333333334067560827E+01,    0.7092600135386767368217420E-01,    0.7096055558961221476632630E-01,   -0.3455423574454108415210385E-04,     -0.05%
    0.3619999999999999218402991E+01,    0.7086628503518127564220208E-01,    0.7089986103627239633073742E-01,   -0.3357600109112068853534083E-04,     -0.05%
    0.3621666666666666145601994E+01,    0.7080665941230200599587619E-01,    0.7083924234281904763754767E-01,   -0.3258293051704164167148292E-04,     -0.05%
    0.3623333333333333072800997E+01,    0.7074712440822421288810773E-01,    0.7077869938634868962612501E-01,   -0.3157497812447673801727888E-04,     -0.04%
    0.3625000000000000000000000E+01,    0.7068767994594217507486889E-01,    0.7071823204419890041005914E-01,   -0.3055209825672533519025365E-04,     -0.04%
    0.3626666666666666927199003E+01,    0.7062832594845014355655621E-01,    0.7065784019394791282131507E-01,   -0.2951424549776926475885830E-04,     -0.04%
    0.3628333333333333854398006E+01,    0.7056906233874243872250531E-01,    0.7059752371341404542093301E-01,   -0.2846137467160669842769494E-04,     -0.04%
    0.3630000000000000781597009E+01,    0.7050988903981329769532493E-01,    0.7053728248065511963194041E-01,   -0.2739344084182193661547444E-04,     -0.04%
    0.3631666666666665932439173E+01,    0.7045080597465708249771410E-01,    0.7047711637396804340571776E-01,   -0.2631039931096090800366483E-04,     -0.04%
    0.3633333333333332859638176E+01,    0.7039181306626793310776691E-01,    0.7041702527188797855473013E-01,   -0.2521220562004544696321773E-04,     -0.04%
    0.3634999999999999786837179E+01,    0.7033291023764019767039457E-01,    0.7035700905318814646349779E-01,   -0.2409881554794879310321676E-04,     -0.03%
    0.3636666666666666714036182E+01,    0.7027409741176812718599365E-01,    0.7029706759687912032141810E-01,   -0.2297018511099313542445088E-04,     -0.03%
    0.3638333333333333641235185E+01,    0.7021537451164604204389974E-01,    0.7023720078220828388904096E-01,   -0.2182627056224184514121589E-04,     -0.03%
    0.3640000000000000568434189E+01,    0.7015674146026822100008502E-01,    0.7017740848865930414213210E-01,   -0.2066702839108314204707995E-04,     -0.03%
    0.3641666666666667495633192E+01,    0.7009819818062888729937043E-01,    0.7011769059595164554909985E-01,   -0.1949241532275824972941791E-04,     -0.03%
    0.3643333333333332646475355E+01,    0.7003974459572241684224281E-01,    0.7005804698404001495948279E-01,   -0.1830238831759811723998155E-04,     -0.03%
    0.3644999999999999573674359E+01,    0.6998138062854297736237186E-01,    0.6999847753311366771455937E-01,   -0.1709690457069035218751196E-04,     -0.02%
    0.3646666666666666500873362E+01,    0.6992310620208487537130537E-01,    0.6993898212359617172495518E-01,   -0.1587592151129635364981141E-04,     -0.02%
    0.3648333333333333428072365E+01,    0.6986492123934241738059114E-01,    0.6987956063614469970346477E-01,   -0.1463939680228232287362289E-04,     -0.02%
    0.3650000000000000355271368E+01,    0.6980682566330985439062573E-01,    0.6982021295164948793132709E-01,   -0.1338728833963354070135665E-04,     -0.02%
    0.3651666666666667282470371E+01,    0.6974881939698146515738131E-01,    0.6976093895123339216901570E-01,   -0.1211955425192701163439324E-04,     -0.02%
    0.3653333333333334209669374E+01,    0.6969090236335152843683005E-01,    0.6970173851625131866693863E-01,   -0.1083615289979023010857873E-04,     -0.02%
    0.3654999999999999360511538E+01,    0.6963307448541440625167098E-01,    0.6964261152828972456507728E-01,   -0.9537042875318313406296511E-05,     -0.01%
    0.3656666666666666287710541E+01,    0.6957533568616423857999820E-01,    0.6958355786916591012580824E-01,   -0.8222183001671545810040698E-05,     -0.01%
    0.3658333333333333214909544E+01,    0.6951768588859537356672291E-01,    0.6952457742092786607823740E-01,   -0.6891532332492511514487887E-05,     -0.01%
    0.3660000000000000142108547E+01,    0.6946012501570206221224169E-01,    0.6946567006585344095093149E-01,   -0.5545050151378738689800230E-05,     -0.01%
    0.3661666666666667069307550E+01,    0.6940265299047856939473888E-01,    0.6940683568644998024943504E-01,   -0.4182695971410854696159731E-05,     -0.01%
    0.3663333333333333996506553E+01,    0.6934526973591925713691353E-01,    0.6934807416545370195581910E-01,   -0.2804429534444818905569718E-05,      0.00%
    0.3664999999999999147348717E+01,    0.6928797517501837643916218E-01,    0.6928938538582930795062254E-01,   -0.1410210810931511460353249E-05,      0.00%
    0.3666666666666666074547720E+01,    0.6923076923077009503515455E-01,    0.6923076923076924849009828E-01,    0.8465450562766818620730191E-15,      0.00%
    0.3668333333333333001746723E+01,    0.6917365179388421103645612E-01,    0.6917222558369350016160837E-01,    0.1426210190710874847752621E-05,      0.00%
    0.3669999999999999928945726E+01,    0.6911662262594618633126942E-01,    0.6911375432824887199423358E-01,    0.2868297697314337035834342E-05,      0.00%
    0.3671666666666666856144730E+01,    0.6905968145625285270483573E-01,    0.6905535534830849198062452E-01,    0.4326107944360724211207980E-05,      0.01%
    0.3673333333333333783343733E+01,    0.6900282801410313748835534E-01,    0.6899702852797137686557960E-01,    0.5799486131760622775743741E-05,      0.01%
    0.3675000000000000710542736E+01,    0.6894606202879587086851387E-01,    0.6893877375156186315674489E-01,    0.7288277234007711768981608E-05,      0.01%
    0.3676666666666665861384899E+01,    0.6888938322963007732102625E-01,    0.6888059090362919079097992E-01,    0.8792326000886530046329881E-05,      0.01%
    0.3678333333333332788583903E+01,    0.6883279134590442049912440E-01,    0.6882247986894672597824041E-01,    0.1031147695769452088399021E-04,      0.01%
    0.3679999999999999715782906E+01,    0.6877628610691792487852325E-01,    0.6876444053251183630148802E-01,    0.1184557440608857703523427E-04,      0.02%
    0.3681666666666666642981909E+01,    0.6871986724196940676812062E-01,    0.6870647277954516907172433E-01,    0.1339446242423769639628972E-04,      0.02%
    0.3683333333333333570180912E+01,    0.6866353448035779349911678E-01,    0.6864857649549015172762978E-01,    0.1495798486764177148700128E-04,      0.02%
    0.3685000000000000497379915E+01,    0.6860728755138195689156078E-01,    0.6859075156601257550192940E-01,    0.1653598536938138963137135E-04,      0.02%
    0.3686666666666667424578918E+01,    0.6855112618434075488771384E-01,    0.6853299787699999867651712E-01,    0.1812830734075621119671951E-04,      0.03%
    0.3688333333333332575421082E+01,    0.6849505010853314257435187E-01,    0.6847531531456135800439711E-01,    0.1973479397178456995476381E-04,      0.03%
    0.3689999999999999502620085E+01,    0.6843905905325790850479706E-01,    0.6841770376502626094250559E-01,    0.2135528823164756229147088E-04,      0.03%
    0.3691666666666666429819088E+01,    0.6838315274781395225467406E-01,    0.6836016311494477748489373E-01,    0.2298963286917476978032937E-04,      0.03%
    0.3693333333333333357018091E+01,    0.6832733092150015952181974E-01,    0.6830269325108677402891288E-01,    0.2463767041338549290685478E-04,      0.04%
    0.3695000000000000284217094E+01,    0.6827159330361545763743436E-01,    0.6824529406044144153042907E-01,    0.2629924317401610700528636E-04,      0.04%
    0.3696666666666667211416097E+01,    0.6821593962345864903262793E-01,    0.6818796543021679590346196E-01,    0.2797419324185312916597468E-04,      0.04%
    0.3698333333333334138615101E+01,    0.6816036961032868879417634E-01,    0.6813070724783923393097496E-01,    0.2966236248945486320138798E-04,      0.04%
    0.3699999999999999289457264E+01,    0.6810488299352447649770426E-01,    0.6807351940095306142008980E-01,    0.3136359257141507761446064E-04,      0.05%
    0.3701666666666666216656267E+01,    0.6804947950234481457432167E-01,    0.6801640177741974380154488E-01,    0.3307772492507077277679173E-04,      0.05%
    0.3703333333333333143855270E+01,    0.6799415886608860259965326E-01,    0.6795935426531785061854407E-01,    0.3480460077075198110918564E-04,      0.05%
    0.3705000000000000071054274E+01,    0.6793892081405472627153586E-01,    0.6790237675294229224842724E-01,    0.3654406111243402310861939E-04,      0.05%
    0.3706666666666666998253277E+01,    0.6788376507554208516559413E-01,    0.6784546912880384805788481E-01,    0.3829594673823710770932394E-04,      0.06%
    0.3708333333333333925452280E+01,    0.6782869137984955110187713E-01,    0.6778863128162879170268695E-01,    0.4006009822075939919017173E-04,      0.06%
    0.3710000000000000852651283E+01,    0.6777369945627602365600950E-01,    0.6773186310035826662723224E-01,    0.4183635591775702877725962E-04,      0.06%
    0.3711666666666666003493447E+01,    0.6771878903412043015919153E-01,    0.6767516447414802238657927E-01,    0.4362455997240777261225730E-04,      0.06%
    0.3713333333333332930692450E+01,    0.6766395984268151753138199E-01,    0.6761853529236754034581480E-01,    0.4542455031397718556718246E-04,      0.07%
    0.3714999999999999857891453E+01,    0.6760921161125819922599334E-01,    0.6756197544460003368005374E-01,    0.4723616665816554593959609E-04,      0.07%
    0.3716666666666666785090456E+01,    0.6755454406914945808537709E-01,    0.6750548482064167021832191E-01,    0.4905924850778786705518542E-04,      0.07%
    0.3718333333333333712289459E+01,    0.6749995694565409654064325E-01,    0.6744906331050118386549741E-01,    0.5089363515291267514584206E-04,      0.08%
    0.3720000000000000639488462E+01,    0.6744544997007100028962867E-01,    0.6739271080439937500194958E-01,    0.5273916567162528767909180E-04,      0.08%
    0.3721666666666665790330626E+01,    0.6739102287169911054132143E-01,    0.6733642719276869414990472E-01,    0.5459567893041639141671340E-04,      0.08%
    0.3723333333333332717529629E+01,    0.6733667537983724360461935E-01,    0.6728021236625256196184353E-01,    0.5646301358468164277581991E-04,      0.08%
    0.3724999999999999644728632E+01,    0.6728240722378427129957146E-01,    0.6722406621570523044262302E-01,    0.5834100807904085694843843E-04,      0.09%
    0.3726666666666666571927635E+01,    0.6722821813283910707959024E-01,    0.6716798863219108906008614E-01,    0.6022950064801801950409299E-04,      0.09%
    0.3728333333333333499126638E+01,    0.6717410783630062276472472E-01,    0.6711197950698420677806411E-01,    0.6212832931641598666061554E-04,      0.09%
    0.3730000000000000426325641E+01,    0.6712007606346774568617519E-01,    0.6705603873156795735610558E-01,    0.6403733189978833006961167E-04,      0.10%
    0.3731666666666667353524645E+01,    0.6706612254363929215283946E-01,    0.6700016619763446423796438E-01,    0.6595634600482791487507939E-04,      0.10%
    0.3733333333333332504366808E+01,    0.6701224700611420337370561E-01,    0.6694436179708422585132865E-01,    0.6788520902997752237695295E-04,      0.10%
    0.3734999999999999431565811E+01,    0.6695844918019129565767145E-01,    0.6688862542202543559621830E-01,    0.6982375816586006145314514E-04,      0.10%
    0.3736666666666666358764815E+01,    0.6690472879516946858036164E-01,    0.6683295696477384306710690E-01,    0.7177183039562551325474260E-04,      0.11%
    0.3738333333333333285963818E+01,    0.6685108558034762171740084E-01,    0.6677735631785206016353129E-01,    0.7372926249556155386954970E-04,      0.11%
    0.3740000000000000213162821E+01,    0.6679751926502464076662591E-01,    0.6672182337398915863424520E-01,    0.7569589103548213238070730E-04,      0.11%
    0.3741666666666667140361824E+01,    0.6674402957849939754808588E-01,    0.6666635802612023986579715E-01,    0.7767155237915768228873503E-04,      0.12%
    0.3743333333333334067560827E+01,    0.6669061625007075000404200E-01,    0.6661096016738592140438158E-01,    0.7965608268482859966042042E-04,      0.12%
    0.3744999999999999218402991E+01,    0.6663727900903768097684576E-01,    0.6655562969113199001114367E-01,    0.8164931790569096570209240E-04,      0.12%
    0.3746666666666666145601994E+01,    0.6658401758469893738645595E-01,    0.6650036649090868001721333E-01,    0.8365109379025736924262446E-04,      0.13%
    0.3748333333333333072800997E+01,    0.6653083170635343268628503E-01,    0.6644517046047057617919052E-01,    0.8566124588285650709451602E-04,      0.13%
    0.3750000000000000000000000E+01,    0.6647772110330009420753328E-01,    0.6639004149377593366754269E-01,    0.8767960952416053999058931E-04,      0.13%
    0.3751666666666666927199003E+01,    0.6642468550483776601467412E-01,    0.6633497948498626173297055E-01,    0.8970601985150428170356918E-04,      0.14%
    0.3753333333333333854398006E+01,    0.6637172464026536156112002E-01,    0.6627998432846590737277381E-01,    0.9174031179945418834620341E-04,      0.14%
    0.3755000000000000781597009E+01,    0.6631883823888175266692002E-01,    0.6622505591878156960827795E-01,    0.9378232010018305864207377E-04,      0.14%
    0.3756666666666665932439173E+01,    0.6626602602998585278548660E-01,    0.6617019415070191090677554E-01,    0.9583187928394187871106169E-04,      0.14%
    0.3758333333333332859638176E+01,    0.6621328774287643659235414E-01,    0.6611539891919690492549933E-01,    0.9788882367953166685481392E-04,      0.15%
    0.3759999999999999786837179E+01,    0.6616062310685247305208634E-01,    0.6606067011943769773374413E-01,    0.9995298741477531834220827E-04,      0.15%
    0.3761666666666666714036182E+01,    0.6610803185121283398473224E-01,    0.6600600764679598331241550E-01,    0.1020242044168506723167411E-03,      0.15%
    0.3763333333333333641235185E+01,    0.6605551370525636345476528E-01,    0.6595141139684355946481986E-01,    0.1041023084128039899454166E-03,      0.16%
    0.3765000000000000568434189E+01,    0.6600306839828200267117353E-01,    0.6589688126535189760524247E-01,    0.1061871329301050659310590E-03,      0.16%
    0.3766666666666667495633192E+01,    0.6595069565958858182064262E-01,    0.6584241714829172642531319E-01,    0.1082785112968553953294304E-03,      0.16%
    0.3768333333333332646475355E+01,    0.6589839521847505598994843E-01,    0.6578801894183262943816004E-01,    0.1103762766424265517883896E-03,      0.17%
    0.3769999999999999573674359E+01,    0.6584616680424019985462536E-01,    0.6573368654234236496680666E-01,    0.1124802618978348878187035E-03,      0.17%
    0.3771666666666666500873362E+01,    0.6579401014618294074587368E-01,    0.6567941984638679675523321E-01,    0.1145902997961439906404735E-03,      0.17%
    0.3773333333333333428072365E+01,    0.6574192497360217823931805E-01,    0.6562521875072917232341041E-01,    0.1167062228730059159076404E-03,      0.18%
    0.3775000000000000355271368E+01,    0.6568991101579677027721971E-01,    0.6557108315232980377817995E-01,    0.1188278634669664990397564E-03,      0.18%
    0.3776666666666667282470371E+01,    0.6563796800206561643520331E-01,    0.6551701294834563760183244E-01,    0.1209550537199788333708739E-03,      0.18%
    0.3778333333333334209669374E+01,    0.6558609566170757465553010E-01,    0.6546300803612974117395851E-01,    0.1230876255778334815715880E-03,      0.19%
    0.3779999999999999360511538E+01,    0.6553429372402162778055157E-01,    0.6540906831323096970454145E-01,    0.1252254107906580760101178E-03,      0.19%
    0.3781666666666666287710541E+01,    0.6548256191830649497465089E-01,    0.6535519367739334173350585E-01,    0.1273682409131532411450394E-03,      0.19%
    0.3783333333333333214909544E+01,    0.6543089997386114520239175E-01,    0.6530138402655590035283950E-01,    0.1295159473052448495522526E-03,      0.20%
    0.3785000000000000142108547E+01,    0.6537930761998445028382321E-01,    0.6524763925885206095056645E-01,    0.1316683611323893332567536E-03,      0.20%
    0.3786666666666667069307550E+01,    0.6532778458597528203899429E-01,    0.6519395927260925038826400E-01,    0.1338253133660316507302923E-03,      0.21%
    0.3788333333333333996506553E+01,    0.6527633060113252616574187E-01,    0.6514034396634847678964064E-01,    0.1359866347840493761012226E-03,      0.21%
    0.3789999999999999147348717E+01,    0.6522494539475512387305400E-01,    0.6508679323878394096247746E-01,    0.1381521559711829105765446E-03,      0.21%
    0.3791666666666666074547720E+01,    0.6517362869614186371425291E-01,    0.6503330698882241189817677E-01,    0.1403217073194518160761390E-03,      0.22%
    0.3793333333333333001746723E+01,    0.6512238023459165914275104E-01,    0.6497988511556312962724746E-01,    0.1424951190285295155035783E-03,      0.22%
    0.3794999999999999928945726E+01,    0.6507119973940340973417307E-01,    0.6492652751829711132991463E-01,    0.1446722211062984042584389E-03,      0.22%
    0.3796666666666666856144730E+01,    0.6502008693987597343078022E-01,    0.6487323409650685990257557E-01,    0.1468528433691135282046503E-03,      0.23%
    0.3798333333333333783343733E+01,    0.6496904156530823593040935E-01,    0.6482000474986589211301435E-01,    0.1490368154423438173949990E-03,      0.23%
    0.3800000000000000710542736E+01,    0.6491806334499908293089732E-01,    0.6476683937823832226676757E-01,    0.1512239667607606641297480E-03,      0.23%
    0.3801666666666665861384899E+01,    0.6486715200824748339680781E-01,    0.6471373788167850138464132E-01,    0.1534141265689820121664866E-03,      0.24%
    0.3803333333333332788583903E+01,    0.6481630728435212873694837E-01,    0.6466070016043039270225989E-01,    0.1556071239217360346884789E-03,      0.24%
    0.3804999999999999715782906E+01,    0.6476552890261205730482175E-01,    0.6460772611492746064776327E-01,    0.1578027876845966570584778E-03,      0.24%
    0.3806666666666666642981909E+01,    0.6471481659232605765375013E-01,    0.6455481564579203246356798E-01,    0.1600009465340251901821489E-03,      0.25%
    0.3808333333333333570180912E+01,    0.6466417008279308487050940E-01,    0.6450196865383495126167190E-01,    0.1622014289581336088374997E-03,      0.25%
    0.3810000000000000497379915E+01,    0.6461358910331196914178520E-01,    0.6444918504005515969002005E-01,    0.1644040632568094517651502E-03,      0.26%
    0.3811666666666667424578918E+01,    0.6456307338318162392098998E-01,    0.6439646470563925584329468E-01,    0.1666086775423680776953006E-03,      0.26%
    0.3813333333333332575421082E+01,    0.6451262265170096266153621E-01,    0.6434380755196121570715917E-01,    0.1688150997397469543770399E-03,      0.26%
    0.3814999999999999502620085E+01,    0.6446223663816874616117047E-01,    0.6429121348058165763550420E-01,    0.1710231575870885256662746E-03,      0.27%
    0.3816666666666666429819088E+01,    0.6441191507188398501781990E-01,    0.6423868239324780071708432E-01,    0.1732326786361843007355787E-03,      0.27%
    0.3818333333333333357018091E+01,    0.6436165768214544002923105E-01,    0.6418621419189288190843001E-01,    0.1754434902525581208010408E-03,      0.27%
    0.3820000000000000284217094E+01,    0.6431146419825209403775546E-01,    0.6413380877863573970021349E-01,    0.1776554196163543375419636E-03,      0.28%
    0.3821666666666667211416097E+01,    0.6426133434950279110786653E-01,    0.6408146605578041166140224E-01,    0.1798682937223794464642879E-03,      0.28%
    0.3823333333333334138615101E+01,    0.6421126786519643081518893E-01,    0.6402918592581575973898822E-01,    0.1820819393806710762007128E-03,      0.28%
    0.3824999999999999289457264E+01,    0.6416126447463191273534733E-01,    0.6397696829141510943550486E-01,    0.1842961832168032998424678E-03,      0.29%
    0.3826666666666666216656267E+01,    0.6411132390710805317723953E-01,    0.6392481305543561143078790E-01,    0.1865108516724417464516250E-03,      0.29%
    0.3828333333333333143855270E+01,    0.6406144589192373783870238E-01,    0.6387272012091815831524855E-01,    0.1887257710055795234538323E-03,      0.30%
    0.3830000000000000071054274E+01,    0.6401163015837788017314836E-01,    0.6382068939108680172278554E-01,    0.1909407672910784503628179E-03,      0.30%
    0.3831666666666666998253277E+01,    0.6396187643576937975620211E-01,    0.6376872076934834987493872E-01,    0.1931556664210298812633937E-03,      0.30%
    0.3833333333333333925452280E+01,    0.6391218445339708065233708E-01,    0.6371681415929202063619385E-01,    0.1953702941050600161432271E-03,      0.31%
    0.3835000000000000852651283E+01,    0.6386255394055986855939011E-01,    0.6366496946468899742477277E-01,    0.1975844758708711346173459E-03,      0.31%
    0.3836666666666666003493447E+01,    0.6381298462655667080856148E-01,    0.6361318658949211002351376E-01,    0.1997980370645607850477177E-03,      0.31%
    0.3838333333333332930692450E+01,    0.6376347624068631758653680E-01,    0.6356146543783522395720809E-01,    0.2020108028510936293287159E-03,      0.32%
    0.3839999999999999857891453E+01,    0.6371402851224770846894074E-01,    0.6350980591403312947029747E-01,    0.2042225982145789986432760E-03,      0.32%
    0.3841666666666666785090456E+01,    0.6366464117053970139803454E-01,    0.6345820792258098641536179E-01,    0.2064332479587149826727455E-03,      0.33%
    0.3843333333333333712289459E+01,    0.6361531394486120982723065E-01,    0.6340667136815392179727269E-01,    0.2086425767072880299579651E-03,      0.33%
    0.3845000000000000639488462E+01,    0.6356604656451109169879032E-01,    0.6335519615560668282849832E-01,    0.2108504089044088702920021E-03,      0.33%
    0.3846666666666665790330626E+01,    0.6351683875878830209948944E-01,    0.6330378218997327610662040E-01,    0.2130565688150259928690389E-03,      0.34%
    0.3848333333333332717529629E+01,    0.6346769025699160182707459E-01,    0.6325242937646635699167064E-01,    0.2152608805252448354039529E-03,      0.34%
    0.3849999999999999644728632E+01,    0.6341860078841994596832166E-01,    0.6320113762047717409497949E-01,    0.2174631679427718733421671E-03,      0.34%
    0.3851666666666666571927635E+01,    0.6336957008237219246549188E-01,    0.6314990682757497253430046E-01,    0.2196632547972199311914210E-03,      0.35%
    0.3853333333333333499126638E+01,    0.6332059786814722701642211E-01,    0.6309873690350660535575145E-01,    0.2218609646406216606706607E-03,      0.35%
    0.3855000000000000426325641E+01,    0.6327168387504393531894920E-01,    0.6304762775419620046690738E-01,    0.2240561208477348520418104E-03,      0.36%
    0.3856666666666667353524645E+01,    0.6322282783236121694869780E-01,    0.6299657928574475818095380E-01,    0.2262485466164587677440068E-03,      0.36%
    0.3858333333333332504366808E+01,    0.6317402946939798535908039E-01,    0.6294559140442981814977941E-01,    0.2284380649681672093009865E-03,      0.36%
    0.3859999999999999431565811E+01,    0.6312528851545300134784355E-01,    0.6289466401670483486352481E-01,    0.2306244987481664843187446E-03,      0.37%
    0.3861666666666666358764815E+01,    0.6307660469982522000176317E-01,    0.6284379702919916377279463E-01,    0.2328076706260562289685367E-03,      0.37%
    0.3863333333333333285963818E+01,    0.6302797775181352701867610E-01,    0.6279299034871738127705498E-01,    0.2349874030961457416211147E-03,      0.37%
    0.3865000000000000213162821E+01,    0.6297940740071679421863138E-01,    0.6274224388223907655781630E-01,    0.2371635184777176608150739E-03,      0.38%
    0.3866666666666667140361824E+01,    0.6293089337583390729946586E-01,    0.6269155753691835197827231E-01,    0.2393358389155553211935512E-03,      0.38%
    0.3868333333333334067560827E+01,    0.6288243540646373808122860E-01,    0.6264093122008349001639260E-01,    0.2415041863802480648359960E-03,      0.39%
    0.3869999999999999218402991E+01,    0.6283403322190525552848328E-01,    0.6259036483923667570916649E-01,    0.2436683826685798193167898E-03,      0.39%
    0.3871666666666666145601994E+01,    0.6278568655145717880561307E-01,    0.6253985830205328888542482E-01,    0.2458282494038899201882487E-03,      0.39%
    0.3873333333333333072800997E+01,    0.6273739512441849075496947E-01,    0.6248941151638194579920338E-01,    0.2479836080365449557660895E-03,      0.40%
    0.3875000000000000000000000E+01,    0.6268915867008803544102591E-01,    0.6243902439024390238486717E-01,    0.2501342798441330561587392E-03,      0.40%
    0.3876666666666666927199003E+01,    0.6264097691776475407277047E-01,    0.6238869683183265180126398E-01,    0.2522800859321022715064942E-03,      0.40%
    0.3878333333333333854398006E+01,    0.6259284959674743520352536E-01,    0.6233842874951361218149870E-01,    0.2544208472338230220266553E-03,      0.41%
    0.3880000000000000781597009E+01,    0.6254477643633503392006645E-01,    0.6228822005182376581045034E-01,    0.2565563845112681096161111E-03,      0.41%
    0.3881666666666665932439173E+01,    0.6249675716582646367580622E-01,    0.6223807064747132605786462E-01,    0.2586865183551376179416081E-03,      0.42%
    0.3883333333333332859638176E+01,    0.6244879151452049914627906E-01,    0.6218798044533505736675139E-01,    0.2608110691854417795276788E-03,      0.42%
    0.3884999999999999786837179E+01,    0.6240087921171606766268525E-01,    0.6213794935446439321458101E-01,    0.2629298572516744481042394E-03,      0.42%
    0.3886666666666666714036182E+01,    0.6235301998671206186175553E-01,    0.6208797728407870059053053E-01,    0.2650427026333612712249987E-03,      0.43%
    0.3888333333333333641235185E+01,    0.6230521356880737438022066E-01,    0.6203806414356709958424219E-01,    0.2671494252402747959784790E-03,      0.43%
    0.3890000000000000568434189E+01,    0.6225745968730084234366018E-01,    0.6198820984248794296878060E-01,    0.2692498448128993748795779E-03,      0.43%
    0.3891666666666667495633192E+01,    0.6220975807149138614438044E-01,    0.6193841429056855946155835E-01,    0.2713437809228266828220910E-03,      0.44%
    0.3893333333333332646475355E+01,    0.6216210845067794699136954E-01,    0.6188867739770491371853467E-01,    0.2734310529730332728348685E-03,      0.44%
    0.3894999999999999573674359E+01,    0.6211451055415925792679843E-01,    0.6183899907396100265044581E-01,    0.2755114801982552763526257E-03,      0.45%
    0.3896666666666666500873362E+01,    0.6206696411123428791523082E-01,    0.6178937922956882766722941E-01,    0.2775848816654602480014091E-03,      0.45%
    0.3898333333333333428072365E+01,    0.6201946885120192959339747E-01,    0.6173981777492784650540614E-01,    0.2796510762740830879913290E-03,      0.45%
    0.3900000000000000355271368E+01,    0.6197202450336100620909008E-01,    0.6169031462060456383333928E-01,    0.2817098827564423757507939E-03,      0.46%
    0.3901666666666667282470371E+01,    0.6192463079701045897129674E-01,    0.6164086967733228838994819E-01,    0.2837611196781705813485530E-03,      0.46%
    0.3903333333333334209669374E+01,    0.6187728746144913888338479E-01,    0.6159148285601072358996788E-01,    0.2858046054384152934169094E-03,      0.46%
    0.3904999999999999360511538E+01,    0.6182999422597601490991792E-01,    0.6154215406770561364035999E-01,    0.2878401582704012695579365E-03,      0.47%
    0.3906666666666666287710541E+01,    0.6178275081988979233749149E-01,    0.6149288322364825781773945E-01,    0.2898675962415345197520367E-03,      0.47%
    0.3908333333333333214909544E+01,    0.6173555697248949564182041E-01,    0.6144367023523538556828427E-01,    0.2918867372541100735361397E-03,      0.48%
    0.3910000000000000142108547E+01,    0.6168841241307393419290861E-01,    0.6139451501402864996848052E-01,    0.2938973990452842244280873E-03,      0.48%
    0.3911666666666667069307550E+01,    0.6164131687094202838306245E-01,    0.6134541747175425996374543E-01,    0.2958993991877684193170239E-03,      0.48%
    0.3913333333333333996506553E+01,    0.6159427007539262921564927E-01,    0.6129637752030270281267121E-01,    0.2978925550899264029780511E-03,      0.49%
    0.3914999999999999147348717E+01,    0.6154727175572468483855104E-01,    0.6124739507172839020343602E-01,    0.2998766839962946351150208E-03,      0.49%
    0.3916666666666666074547720E+01,    0.6150032164123698380508998E-01,    0.6119847003824906844782205E-01,    0.3018516029879153572679229E-03,      0.49%
    0.3918333333333333001746723E+01,    0.6145341946122846038536025E-01,    0.6114960233224584623679121E-01,    0.3038171289826141485690414E-03,      0.50%
    0.3919999999999999928945726E+01,    0.6140656494499797946051700E-01,    0.6110079186626259095671543E-01,    0.3057730787353885038015733E-03,      0.50%
    0.3921666666666666856144730E+01,    0.6135975782184442672839708E-01,    0.6105203855300563031693883E-01,    0.3077192688387964114582473E-03,      0.50%
    0.3923333333333333783343733E+01,    0.6131299782106670176462515E-01,    0.6100334230534341234397644E-01,    0.3096555157232894206487117E-03,      0.51%
    0.3925000000000000710542736E+01,    0.6126628467196366251146245E-01,    0.6095470303630611680345552E-01,    0.3115816356575457080069214E-03,      0.51%
    0.3926666666666665861384899E+01,    0.6121961810383423630010924E-01,    0.6090612065908546091108633E-01,    0.3134974447487753890229101E-03,      0.51%
    0.3928333333333332788583903E+01,    0.6117299784597722556167554E-01,    0.6085759508703397768769605E-01,    0.3154027589432478739794874E-03,      0.52%
    0.3929999999999999715782906E+01,    0.6112642362769155762736162E-01,    0.6080912623366516167600082E-01,    0.3172973940263959513607972E-03,      0.52%
    0.3931666666666666642981909E+01,    0.6107989517827610431721652E-01,    0.6076071401265274035674580E-01,    0.3191811656233639604707264E-03,      0.53%
    0.3933333333333333570180912E+01,    0.6103341222702973745128929E-01,    0.6071235833783053537082708E-01,    0.3210538891992020804622143E-03,      0.53%
    0.3935000000000000497379915E+01,    0.6098697450325137048299240E-01,    0.6066405912319201149118797E-01,    0.3229153800593589918044302E-03,      0.53%
    0.3936666666666667424578918E+01,    0.6094058173623988217126879E-01,    0.6061581628288995049480548E-01,    0.3247654533499316764633136E-03,      0.54%
    0.3938333333333332575421082E+01,    0.6089423365529416515284922E-01,    0.6056762973123620830140368E-01,    0.3266039240579568514455389E-03,      0.54%
    0.3939999999999999502620085E+01,    0.6084792998971303573663150E-01,    0.6051949938270112516747190E-01,    0.3284306070119105691595962E-03,      0.54%
    0.3941666666666666429819088E+01,    0.6080167046879541431492200E-01,    0.6047142515191345629732567E-01,    0.3302453168819580175963324E-03,      0.55%
    0.3943333333333333357018091E+01,    0.6075545482184018658555757E-01,    0.6042340695365993469279076E-01,    0.3320478681802518927668189E-03,      0.55%
    0.3945000000000000284217094E+01,    0.6070928277814622436858727E-01,    0.6037544470288487563625068E-01,    0.3338380752613487323365860E-03,      0.55%
    0.3946666666666667211416097E+01,    0.6066315406701240642295403E-01,    0.6032753831468988525710273E-01,    0.3356157523225211658512990E-03,      0.56%
    0.3948333333333334138615101E+01,    0.6061706841773763926317642E-01,    0.6027968770433347195369933E-01,    0.3373807134041673094770886E-03,      0.56%
    0.3949999999999999289457264E+01,    0.6057102555962081552598519E-01,    0.6023189278723086598210656E-01,    0.3391327723899495438786289E-03,      0.56%
    0.3951666666666666216656267E+01,    0.6052502522196075152027817E-01,    0.6018415347895336026118329E-01,    0.3408717430073912590948737E-03,      0.57%
    0.3953333333333333143855270E+01,    0.6047906713405636763836171E-01,    0.6013646969522837976152019E-01,    0.3425974388279878768415188E-03,      0.57%
    0.3955000000000000071054274E+01,    0.6043315102520654263917876E-01,    0.6008884135193884312720058E-01,    0.3443096732676995119781793E-03,      0.57%
    0.3956666666666666998253277E+01,    0.6038727662471016222056619E-01,    0.6004126836512294757008945E-01,    0.3460082595872146504767386E-03,      0.58%
    0.3958333333333333925452280E+01,    0.6034144366186610514146693E-01,    0.5999375065097384274181991E-01,    0.3476930108922623996470236E-03,      0.58%
    0.3960000000000000852651283E+01,    0.6029565186597324322193003E-01,    0.5994628812583922133905290E-01,    0.3493637401340218828771356E-03,      0.58%
    0.3961666666666666003493447E+01,    0.6024990096633051767094358E-01,    0.5989888070622113175334178E-01,    0.3510202601093859176017986E-03,      0.59%
    0.3963333333333332930692450E+01,    0.6020419069223669622514805E-01,    0.5985152830877537438736269E-01,    0.3526623834613218377853627E-03,      0.59%
    0.3964999999999999857891453E+01,    0.6015852077299076172689496E-01,    0.5980423085031151553270234E-01,    0.3542899226792461941926149E-03,      0.59%
    0.3966666666666666785090456E+01,    0.6011289093789150966840040E-01,    0.5975698824779230450277012E-01,    0.3559026900992051656302806E-03,      0.60%
    0.3968333333333333712289459E+01,    0.6006730091623790901422808E-01,    0.5970980041833348628266265E-01,    0.3575004979044227315654325E-03,      0.60%
    0.3970000000000000639488462E+01,    0.6002175043732877607327580E-01,    0.5966266727920335743995395E-01,    0.3590831581254186333218570E-03,      0.60%
    0.3971666666666665790330626E+01,    0.5997623923046307981010727E-01,    0.5961558874782260653013566E-01,    0.3606504826404732799716157E-03,      0.60%
    0.3973333333333332717529629E+01,    0.5993076702493958102246907E-01,    0.5956856474176368265727177E-01,    0.3622022831758983651972983E-03,      0.61%
    0.3974999999999999644728632E+01,    0.5988533355005722785824318E-01,    0.5952159517875080241289254E-01,    0.3637383713064254453506408E-03,      0.61%
    0.3976666666666666571927635E+01,    0.5983993853511487825969084E-01,    0.5947467997665949884789072E-01,    0.3652585584553794118001235E-03,      0.61%
    0.3978333333333333499126638E+01,    0.5979458170941143180243671E-01,    0.5942781905351623289446295E-01,    0.3667626558951989079737643E-03,      0.62%
    0.3980000000000000426325641E+01,    0.5974926280224578806210545E-01,    0.5938101232749815050482312E-01,    0.3682504747476375572823315E-03,      0.62%
    0.3981666666666667353524645E+01,    0.5970398154291677722538267E-01,    0.5933425971693271488982546E-01,    0.3697218259840623355572120E-03,      0.62%
    0.3983333333333332504366808E+01,    0.5965873766072336131793818E-01,    0.5928756114029745671878402E-01,    0.3711765204259045991541655E-03,      0.63%
    0.3984999999999999431565811E+01,    0.5961353088496434970977589E-01,    0.5924091651621943982464202E-01,    0.3726143687449098851338647E-03,      0.63%
    0.3986666666666666358764815E+01,    0.5956836094493862115983873E-01,    0.5919432576347526120397191E-01,    0.3740351814633599558668209E-03,      0.63%
    0.3988333333333333285963818E+01,    0.5952322756994509606043309E-01,    0.5914778880099053059993253E-01,    0.3754387689545654605005609E-03,      0.63%
    0.3990000000000000213162821E+01,    0.5947813048928263235382019E-01,    0.5910130554783954437425564E-01,    0.3768249414430879795645524E-03,      0.64%
    0.3991666666666667140361824E+01,    0.5943306943225011573783689E-01,    0.5905487592324506346264101E-01,    0.3781935090050522751958795E-03,      0.64%
    0.3993333333333334067560827E+01,    0.5938804412814642497142614E-01,    0.5900849984657787622444047E-01,    0.3795442815685487469856696E-03,      0.64%
    0.3994999999999999218402991E+01,    0.5934305430627050126357602E-01,    0.5896217723735668742035543E-01,    0.3808770689138138432205949E-03,      0.65%
    0.3996666666666666145601994E+01,    0.5929809969592114010650263E-01,    0.5891590801524745207862210E-01,    0.3821916806736880278805302E-03,      0.65%
    0.3998333333333333072800997E+01,    0.5925318002639725495361844E-01,    0.5886969210006343100616277E-01,    0.3834879263338239474556701E-03,      0.65%
    0.4000000000000000000000000E+01,    0.5920829502699770374718469E-01,    0.5882352941176470506601248E-01,    0.3847656152329986811722051E-03,      0.65%
    0.4001666666666666927199003E+01,    0.5916344442702140687950774E-01,    0.5877741987045782823262385E-01,    0.3860245565635786468838830E-03,      0.66%
    0.4003333333333333854398006E+01,    0.5911862795576722923174273E-01,    0.5873136339639557779168655E-01,    0.3872645593716514400561834E-03,      0.66%
    0.4005000000000000781597009E+01,    0.5907384534253406344062043E-01,    0.5868535990997663515100768E-01,    0.3884854325574282896127443E-03,      0.66%
    0.4006666666666665932439173E+01,    0.5902909631662081602065939E-01,    0.5863940933174530828475568E-01,    0.3896869848755077359037102E-03,      0.66%
    0.4008333333333332859638176E+01,    0.5898438060732628940296962E-01,    0.5859351158239103213309917E-01,    0.3908690249352572698704478E-03,      0.67%
    0.4009999999999999786837179E+01,    0.5893969794394941091875140E-01,    0.5854766658274834778552531E-01,    0.3920313612010631332260857E-03,      0.67%
    0.4011666666666666714036182E+01,    0.5889504805578905932694767E-01,    0.5850187425379640288047867E-01,    0.3931738019926564464689989E-03,      0.67%
    0.4013333333333333641235185E+01,    0.5885043067214412726428918E-01,    0.5845613451665868792739289E-01,    0.3942961554854393368962917E-03,      0.67%
    0.4015000000000000568434189E+01,    0.5880584552231345879524937E-01,    0.5841044729260273793425284E-01,    0.3953982297107208609965312E-03,      0.68%
    0.4016666666666667495633192E+01,    0.5876129233559599512881633E-01,    0.5836481250303980627958111E-01,    0.3964798325561888492352125E-03,      0.68%
    0.4018333333333332646475355E+01,    0.5871677084129062890172079E-01,    0.5831923006952464266783309E-01,    0.3975407717659862338877019E-03,      0.68%
    0.4019999999999999573674359E+01,    0.5867228076869612091170936E-01,    0.5827369991375493801788465E-01,    0.3985808549411828938247027E-03,      0.68%
    0.4021666666666666500873362E+01,    0.5862782184711144706223962E-01,    0.5822822195757136609639559E-01,    0.3995998895400809658440267E-03,      0.69%
    0.4023333333333333428072365E+01,    0.5858339380583547223446672E-01,    0.5818279612295705616187291E-01,    0.4005976828784160725938079E-03,      0.69%
    0.4025000000000000355271368E+01,    0.5853899637416707518733361E-01,    0.5813742233203734316449030E-01,    0.4015740421297320228433136E-03,      0.69%
    0.4026666666666667282470371E+01,    0.5849462928140514855757104E-01,    0.5809210050707946937365023E-01,    0.4025287743256791839208120E-03,      0.69%
    0.4028333333333334209669374E+01,    0.5845029225684857110412196E-01,    0.5804683057049228600554613E-01,    0.4034616863562850985758246E-03,      0.70%
    0.4029999999999999360511538E+01,    0.5840598502979624240261103E-01,    0.5800161244482597566740623E-01,    0.4043725849702667352048024E-03,      0.70%
    0.4031666666666666287710541E+01,    0.5836170732954697182304216E-01,    0.5795644605277160826828364E-01,    0.4052612767753635547585134E-03,      0.70%
    0.4033333333333333214909544E+01,    0.5831745888539969363550952E-01,    0.5791133131716105775232961E-01,    0.4061275682386358831799100E-03,      0.70%
    0.4035000000000000142108547E+01,    0.5827323942665329353784998E-01,    0.5786626816096658576515921E-01,    0.4069712656867077726907667E-03,      0.70%
    0.4036666666666667069307550E+01,    0.5822904868260662947232476E-01,    0.5782125650730056409809521E-01,    0.4077921753060653742295472E-03,      0.71%
    0.4038333333333333996506553E+01,    0.5818488638255860101455852E-01,    0.5777629627941513468236678E-01,    0.4085901031434663321917355E-03,      0.71%
    0.4039999999999999147348717E+01,    0.5814075225580812855685764E-01,    0.5773138740070203611676192E-01,    0.4093648551060924400957219E-03,      0.71%
    0.4041666666666666074547720E+01,    0.5809664603165400759143822E-01,    0.5768652979469205549500899E-01,    0.4101162369619520964292292E-03,      0.71%
    0.4043333333333333001746723E+01,    0.5805256743939516544950052E-01,    0.5764172338505504228356457E-01,    0.4108440543401231659359496E-03,      0.71%
    0.4044999999999999928945726E+01,    0.5800851620833046701219970E-01,    0.5759696809559945035461581E-01,    0.4115481127310166575838934E-03,      0.71%
    0.4046666666666666856144730E+01,    0.5796449206775882573294822E-01,    0.5755226385027202573585470E-01,    0.4122282174867999970935273E-03,      0.72%
    0.4048333333333333783343733E+01,    0.5792049474697908567621951E-01,    0.5750761057315757068808537E-01,    0.4128841738215149881341404E-03,      0.72%
    0.4050000000000000710542736E+01,    0.5787652397529015335653213E-01,    0.5746300818847864533278624E-01,    0.4135157868115080237458869E-03,      0.72%
    0.4051666666666665861384899E+01,    0.5783257948199094222729855E-01,    0.5741845662059529009635384E-01,    0.4141228613956521309447112E-03,      0.72%
    0.4053333333333332788583903E+01,    0.5778866099638026165852267E-01,    0.5737395579400456080421122E-01,    0.4147052023757008543114466E-03,      0.72%
    0.4054999999999999715782906E+01,    0.5774476824775702510361697E-01,    0.5732950563334054949748975E-01,    0.4152626144164756061272215E-03,      0.72%
    0.4056666666666666642981909E+01,    0.5770090096542011132152439E-01,    0.5728510606337387789377402E-01,    0.4157949020462334277503658E-03,      0.73%
    0.4058333333333333570180912E+01,    0.5765705887866840601008178E-01,    0.5724075700901143370913360E-01,    0.4163018696569723009481834E-03,      0.73%
    0.4060000000000000497379915E+01,    0.5761324171680078098933819E-01,    0.5719645839529615555241193E-01,    0.4167833215046254369262613E-03,      0.73%
    0.4061666666666667424578918E+01,    0.5756944920911613583491828E-01,    0.5715221014740663740827387E-01,    0.4172390617094984266444158E-03,      0.73%
    0.4063333333333332575421082E+01,    0.5752568108491339093912842E-01,    0.5710801219065701761490317E-01,    0.4176688942563733242252511E-03,      0.73%
    0.4064999999999999502620085E+01,    0.5748193707349133485529080E-01,    0.5706386445049638905802070E-01,    0.4180726229949457972701055E-03,      0.73%
    0.4066666666666666429819088E+01,    0.5743821690414888797571180E-01,    0.5701976685250887549871734E-01,    0.4184500516400124769944568E-03,      0.73%
    0.4068333333333333357018091E+01,    0.5739452030618492905933437E-01,    0.5697571932241309033972954E-01,    0.4188009837718387196048297E-03,      0.74%
    0.4070000000000000284217094E+01,    0.5735084700889836462067706E-01,    0.5693172178606197009198553E-01,    0.4191252228363945286915282E-03,      0.74%
    0.4071666666666667211416097E+01,    0.5730719674158805260200111E-01,    0.5688777416944243436880413E-01,    0.4194225721456182331969842E-03,      0.74%
    0.4073333333333334138615101E+01,    0.5726356923355287870114338E-01,    0.5684387639867513608571414E-01,    0.4196928348777426154292414E-03,      0.74%
    0.4074999999999999289457264E+01,    0.5721996421409179106598586E-01,    0.5680002840001422553806165E-01,    0.4199358140775655279242073E-03,      0.74%
    0.4076666666666666216656267E+01,    0.5717638141250353661648731E-01,    0.5675623009984683692286112E-01,    0.4201513126566996936261944E-03,      0.74%
    0.4078333333333333143855270E+01,    0.5713282055808706350052972E-01,    0.5671248142469315772773442E-01,    0.4203391333939057727953070E-03,      0.74%
    0.4080000000000000071054274E+01,    0.5708928138014126435484386E-01,    0.5666878230120591525276197E-01,    0.4204990789353491020818865E-03,      0.74%
    0.4081666666666666998253277E+01,    0.5704576360796503181616046E-01,    0.5662513265617014068808999E-01,    0.4206309517948911280704749E-03,      0.74%
    0.4083333333333333925452280E+01,    0.5700226697085720994895297E-01,    0.5658153241650294013043165E-01,    0.4207345543542698185213169E-03,      0.74%
    0.4085000000000000852651283E+01,    0.5695879119811670526773995E-01,    0.5653798150925311988279631E-01,    0.4208096888635853849436330E-03,      0.74%
    0.4086666666666666003493447E+01,    0.5691533601904243122593385E-01,    0.5649447986160109624886871E-01,    0.4208561574413349770651394E-03,      0.74%
    0.4088333333333332930692450E+01,    0.5687190116293319719353860E-01,    0.5645102740085829184923938E-01,    0.4208737620749053442992249E-03,      0.75%
    0.4089999999999999857891453E+01,    0.5682848635908791662396666E-01,    0.5640762405446721194923754E-01,    0.4208623046207046747291258E-03,      0.75%
    0.4091666666666666785090456E+01,    0.5678509133680546133726708E-01,    0.5636426975000097261414567E-01,    0.4208215868044887231214091E-03,      0.75%
    0.4093333333333333712289459E+01,    0.5674171582538472397017060E-01,    0.5632096441516309254238237E-01,    0.4207514102216314277882248E-03,      0.75%
    0.4095000000000000639488462E+01,    0.5669835955412459022051408E-01,    0.5627770797778716693748891E-01,    0.4206515763374232830251742E-03,      0.75%
    0.4096666666666665790330626E+01,    0.5665502225232398741949780E-01,    0.5623450036583668709688766E-01,    0.4205218864873003226101389E-03,      0.75%
    0.4098333333333332717529629E+01,    0.5661170364928169718155004E-01,    0.5619134150740455468930890E-01,    0.4203621418771424922411484E-03,      0.75%
    0.4099999999999999644728632E+01,    0.5656840347429665377676500E-01,    0.5614823133071308869368465E-01,    0.4201721435835650830803445E-03,      0.75%
    0.4101666666666666571927635E+01,    0.5652512145666773596408561E-01,    0.5610516976411360906551451E-01,    0.4199516925541268985710985E-03,      0.75%
    0.4103333333333333499126638E+01,    0.5648185732569381556356092E-01,    0.5606215673608614530332162E-01,    0.4197005896076702602393027E-03,      0.75%
    0.4105000000000000426325641E+01,    0.5643861081067379908970949E-01,    0.5601919217523922828183558E-01,    0.4194186354345708078739108E-03,      0.75%
    0.4106666666666667353524645E+01,    0.5639538164090653754589866E-01,    0.5597627601030957106287289E-01,    0.4191056305969664830257670E-03,      0.75%
    0.4108333333333332504366808E+01,    0.5635216954569097214111650E-01,    0.5593340817016187460630761E-01,    0.4187613755290975348088978E-03,      0.75%
    0.4109999999999999431565811E+01,    0.5630897425432588448979132E-01,    0.5589058858378839061975540E-01,    0.4183856705374938700359166E-03,      0.75%
    0.4111666666666666358764815E+01,    0.5626579549611022967869900E-01,    0.5584781718030887298631626E-01,    0.4179783158013566923827398E-03,      0.75%
    0.4113333333333333285963818E+01,    0.5622263300034286565010078E-01,    0.5580509388897018918651582E-01,    0.4175391113726764635849520E-03,      0.75%
    0.4115000000000000213162821E+01,    0.5617948649632267810183350E-01,    0.5576241863914605662033708E-01,    0.4170678571766214814964258E-03,      0.75%
    0.4116666666666667140361824E+01,    0.5613635571334853885394622E-01,    0.5571979136033678586814588E-01,    0.4165643530117529858003422E-03,      0.75%
    0.4118333333333334067560827E+01,    0.5609324038071934748206360E-01,    0.5567721198216903782940435E-01,    0.4160283985503096526592515E-03,      0.75%
    0.4119999999999999218402991E+01,    0.5605014022773402437849199E-01,    0.5563468043439560861695981E-01,    0.4154597933384157615321897E-03,      0.75%
    0.4121666666666666145601994E+01,    0.5600705498369134421876581E-01,    0.5559219664689490220110812E-01,    0.4148583367964420176576823E-03,      0.75%
    0.4123333333333333072800997E+01,    0.5596398437789025515076702E-01,    0.5554976054967106224857787E-01,    0.4142238282191929021891497E-03,      0.75%
    0.4125000000000000000000000E+01,    0.5592092813962963593343858E-01,    0.5550737207285342394991190E-01,    0.4135560667762119835266788E-03,      0.75%
    0.4126666666666666927199003E+01,    0.5587788599820836532572343E-01,    0.5546503114669637524158929E-01,    0.4128548515119900841341405E-03,      0.74%
    0.4128333333333333854398006E+01,    0.5583485768292531514767063E-01,    0.5542273770157903067801186E-01,    0.4121199813462844696587695E-03,      0.74%
    0.4130000000000000781597009E+01,    0.5579184292307937109711702E-01,    0.5538049166800500938689922E-01,    0.4113512550743617102178007E-03,      0.74%
    0.4131666666666665932439173E+01,    0.5574884144796947438305068E-01,    0.5533829297660221996357777E-01,    0.4105484713672544194729142E-03,      0.74%
    0.4133333333333332859638176E+01,    0.5570585298689439968100601E-01,    0.5529614155812240250398304E-01,    0.4097114287719971770229677E-03,      0.74%
    0.4134999999999999786837179E+01,    0.5566287726915307432218327E-01,    0.5525403734344114248244750E-01,    0.4088399257119318397357688E-03,      0.74%
    0.4136666666666666714036182E+01,    0.5561991402404438400441933E-01,    0.5521198026355745441806633E-01,    0.4079337604869295863529999E-03,      0.74%
    0.4138333333333333641235185E+01,    0.5557696298086720748665712E-01,    0.5516997024959353207451684E-01,    0.4069927312736754121402782E-03,      0.74%
    0.4140000000000000568434189E+01,    0.5553402386892043740562741E-01,    0.5512800723279453335434752E-01,    0.4060166361259040512798890E-03,      0.74%
    0.4141666666666667495633192E+01,    0.5549109641750294558137924E-01,    0.5508609114452828192654010E-01,    0.4050052729746636548391336E-03,      0.74%
    0.4143333333333332646475355E+01,    0.5544818035591363852843116E-01,    0.5504422191628510069305591E-01,    0.4039584396285378353752549E-03,      0.73%
    0.4144999999999999573674359E+01,    0.5540527541345136031125662E-01,    0.5500239947967730524958085E-01,    0.4028759337740550616757673E-03,      0.73%
    0.4146666666666666500873362E+01,    0.5536238131941497581101075E-01,    0.5496062376643934266340352E-01,    0.4017575529756331476072262E-03,      0.73%
    0.4148333333333333428072365E+01,    0.5531949780310341235889382E-01,    0.5491889470842719472853943E-01,    0.4006030946762176303543868E-03,      0.73%
    0.4150000000000000355271368E+01,    0.5527662459381554177495488E-01,    0.5487721223761831551568591E-01,    0.3994123561972262592689731E-03,      0.73%
    0.4151666666666667282470371E+01,    0.5523376142085023587924297E-01,    0.5483557628611131218310248E-01,    0.3981851347389236961404890E-03,      0.73%
    0.4153333333333334209669374E+01,    0.5519090801350635955291324E-01,    0.5479398678612565354306696E-01,    0.3969212273807060098462784E-03,      0.72%
    0.4154999999999999360511538E+01,    0.5514806410108288176052938E-01,    0.5475244367000156597846683E-01,    0.3956204310813157820625463E-03,      0.72%
    0.4156666666666666287710541E+01,    0.5510522941287855636094406E-01,    0.5471094687019950608686258E-01,    0.3942825426790502740814759E-03,      0.72%
    0.4158333333333333214909544E+01,    0.5506240367819233150203928E-01,    0.5466949631930023700832066E-01,    0.3929073588920944937186164E-03,      0.72%
    0.4160000000000000142108547E+01,    0.5501958662632307206497018E-01,    0.5462809195000436351952189E-01,    0.3914946763187085454482883E-03,      0.72%
    0.4161666666666667069307550E+01,    0.5497677798656968456425531E-01,    0.5458673369513217243920167E-01,    0.3900442914375121250536438E-03,      0.71%
    0.4163333333333333996506553E+01,    0.5493397748823103388104983E-01,    0.5454542148762332731681823E-01,    0.3885560006077065642315915E-03,      0.71%
    0.4164999999999999147348717E+01,    0.5489118486060603346876619E-01,    0.5450415526053668802131114E-01,    0.3870296000693454474550492E-03,      0.71%
    0.4166666666666666074547720E+01,    0.5484839983299349963630220E-01,    0.5446293494704993604083043E-01,    0.3854648859435635954717725E-03,      0.71%
    0.4168333333333333001746723E+01,    0.5480562213469233195928254E-01,    0.5442176048045949121600984E-01,    0.3838616542328407432727033E-03,      0.71%
    0.4169999999999999928945726E+01,    0.5476285149500145083001357E-01,    0.5438063179418018561195325E-01,    0.3822197008212652180603186E-03,      0.70%
    0.4171666666666666856144730E+01,    0.5472008764321969337407481E-01,    0.5433954882174499290137248E-01,    0.3805388214747004727023239E-03,      0.70%
    0.4173333333333333783343733E+01,    0.5467733030864597304487873E-01,    0.5429851149680482019777017E-01,    0.3788188118411528471085603E-03,      0.70%
    0.4175000000000000710542736E+01,    0.5463457922057916166247438E-01,    0.5425751975312826519415310E-01,    0.3770594674508964683212753E-03,      0.69%
    0.4176666666666665861384899E+01,    0.5459183410831817961916812E-01,    0.5421657352460138717953342E-01,    0.3752605837167924396347019E-03,      0.69%
    0.4178333333333332788583903E+01,    0.5454909470116182934606996E-01,    0.5417567274522732539976388E-01,    0.3734219559345039463060800E-03,      0.69%
    0.4179999999999999715782906E+01,    0.5450636072840902429659238E-01,    0.5413481734912627130196228E-01,    0.3715433792827529946301013E-03,      0.69%
    0.4181666666666666642981909E+01,    0.5446363191935865016857221E-01,    0.5409400727053510077313447E-01,    0.3696246488235493954377375E-03,      0.68%
    0.4183333333333333570180912E+01,    0.5442090800330959265984632E-01,    0.5405324244380714515667563E-01,    0.3676655595024475031706856E-03,      0.68%
    0.4185000000000000497379915E+01,    0.5437818870956073746825155E-01,    0.5401252280341196226887135E-01,    0.3656659061487751993801965E-03,      0.68%
    0.4186666666666667424578918E+01,    0.5433547376741094253604913E-01,    0.5397184828393507965982323E-01,    0.3636254834758628762259036E-03,      0.67%
    0.4188333333333332575421082E+01,    0.5429276290615916988890888E-01,    0.5393121882007782807999519E-01,    0.3615440860813418089136917E-03,      0.67%
    0.4189999999999999502620085E+01,    0.5425005585510419420236516E-01,    0.5389063434665690432989749E-01,    0.3594215084472898724676782E-03,      0.67%
    0.4191666666666666429819088E+01,    0.5420735234354493586872437E-01,    0.5385009479860439207676848E-01,    0.3572575449405437919558892E-03,      0.66%
    0.4193333333333333357018091E+01,    0.5416465210078027364692943E-01,    0.5380960011096735245983425E-01,    0.3550519898129211870951849E-03,      0.66%
    0.4195000000000000284217094E+01,    0.5412195485610910017371111E-01,    0.5376915021890764367906712E-01,    0.3528046372014564946439918E-03,      0.66%
    0.4196666666666667211416097E+01,    0.5407926033883028726911846E-01,    0.5372874505770167119500513E-01,    0.3505152811286160741133244E-03,      0.65%
    0.4198333333333334138615101E+01,    0.5403656827824274144767003E-01,    0.5368838456274015180635928E-01,    0.3481837155025896413107489E-03,      0.65%
    0.4199999999999999289457264E+01,    0.5399387840364534840720268E-01,    0.5364806866952791242209031E-01,    0.3458097341174359851123654E-03,      0.64%
    0.4201666666666666216656267E+01,    0.5395119044433692445661421E-01,    0.5360779731368350842224402E-01,    0.3433931306534160343701956E-03,      0.64%
    0.4203333333333333143855270E+01,    0.5390850412961639692710492E-01,    0.5356757043093920284126952E-01,    0.3409336986771940858353958E-03,      0.64%
    0.4205000000000000071054274E+01,    0.5386581918878264457761773E-01,    0.5352738795714061942332407E-01,    0.3384312316420251542936626E-03,      0.63%
    0.4206666666666666998253277E+01,    0.5382313535113454616709561E-01,    0.5348724982824649282209251E-01,    0.3358855228880533450031010E-03,      0.63%
    0.4208333333333333925452280E+01,    0.5378045234597098045448149E-01,    0.5344715598032846043397015E-01,    0.3332963656425200205113413E-03,      0.62%
    0.4210000000000000852651283E+01,    0.5373776990259083313761224E-01,    0.5340710634957085423124568E-01,    0.3306635530199789063665605E-03,      0.62%
    0.4211666666666666003493447E+01,    0.5369508775029303154768812E-01,    0.5336710087227045096192057E-01,    0.3279868780225805857675425E-03,      0.61%
    0.4213333333333332930692450E+01,    0.5365240561837637117692523E-01,    0.5332713948483613908280176E-01,    0.3252661335402320941234677E-03,      0.61%
    0.4214999999999999857891453E+01,    0.5360972323613974466205434E-01,    0.5328722212378888406503208E-01,    0.3225011123508605970222618E-03,      0.61%
    0.4216666666666666785090456E+01,    0.5356704033288209321206352E-01,    0.5324734872576136063271335E-01,    0.3196916071207325793501752E-03,      0.60%
    0.4218333333333333712289459E+01,    0.5352435663790225395253231E-01,    0.5320751922749775153498319E-01,    0.3168374104045024175491108E-03,      0.60%
    0.4220000000000000639488462E+01,    0.5348167188049911952019144E-01,    0.5316773356585353937919791E-01,    0.3139383146455801409935304E-03,      0.59%
    0.4221666666666665790330626E+01,    0.5343898578997161724624121E-01,    0.5312799167779527764743364E-01,    0.3109941121763395988075729E-03,      0.59%
    0.4223333333333332717529629E+01,    0.5339629809561854956179161E-01,    0.5308829350040024375179115E-01,    0.3080045952183058100004587E-03,      0.58%
    0.4224999999999999644728632E+01,    0.5335360852673882298136121E-01,    0.5304863897085641127882027E-01,    0.3049695558824117025409350E-03,      0.57%
    0.4226666666666666571927635E+01,    0.5331091681263133014168076E-01,    0.5300902802646210998371856E-01,    0.3018887861692201579622008E-03,      0.57%
    0.4228333333333333499126638E+01,    0.5326822268259494286279931E-01,    0.5296946060462578986793858E-01,    0.2987620779691529948607354E-03,      0.56%
    0.4230000000000000426325641E+01,    0.5322552586592856072034152E-01,    0.5292993664286582689015859E-01,    0.2955892230627338301829354E-03,      0.56%
    0.4231666666666667353524645E+01,    0.5318282609193104859546253E-01,    0.5289045607881028704388982E-01,    0.2923700131207615515727127E-03,      0.55%
    0.4233333333333332504366808E+01,    0.5314012308990133381936261E-01,    0.5285101885019674594623496E-01,    0.2891042397045878731276503E-03,      0.55%
    0.4234999999999999431565811E+01,    0.5309741658913821882315176E-01,    0.5281162489487187250425393E-01,    0.2857916942663463188978312E-03,      0.54%
    0.4236666666666666358764815E+01,    0.5305470631894062399913636E-01,    0.5277227415079150524279683E-01,    0.2824321681491187563395329E-03,      0.54%
    0.4238333333333333285963818E+01,    0.5301199200860742810625936E-01,    0.5273296655602020127640017E-01,    0.2790254525872268298591905E-03,      0.53%
    0.4240000000000000213162821E+01,    0.5296927338743753072014542E-01,    0.5269370204873113222587833E-01,    0.2755713387063984942670913E-03,      0.52%
    0.4241666666666667140361824E+01,    0.5292655018472977590526796E-01,    0.5265448056720575115141614E-01,    0.2720696175240247538518190E-03,      0.52%
    0.4243333333333334067560827E+01,    0.5288382212978307711503945E-01,    0.5261530204983368846916036E-01,    0.2685200799493886458790826E-03,      0.51%
    0.4244999999999999218402991E+01,    0.5284108895189636168066016E-01,    0.5257616643511248827325133E-01,    0.2649225167838734074088336E-03,      0.50%
    0.4246666666666666145601994E+01,    0.5279835038036839039987669E-01,    0.5253707366164724751333992E-01,    0.2612767187211428865367679E-03,      0.50%
    0.4248333333333333072800997E+01,    0.5275560614449811142057101E-01,    0.5249802366815066456684491E-01,    0.2575824763474468537260975E-03,      0.49%
    0.4250000000000000000000000E+01,    0.5271285597358441044057997E-01,    0.5245901639344262290531873E-01,    0.2538395801417875352612441E-03,      0.48%
    0.4251666666666666927199003E+01,    0.5267009959692616621884653E-01,    0.5242005177645001762209986E-01,    0.2500478204761485967466683E-03,      0.48%
    0.4253333333333333854398006E+01,    0.5262733674382225751431363E-01,    0.5238112975620656808217745E-01,    0.2462069876156894321361790E-03,      0.47%
    0.4255000000000000781597009E+01,    0.5258456714357155614703032E-01,    0.5234225027185254036643514E-01,    0.2423168717190157805951856E-03,      0.46%
    0.4256666666666665932439173E+01,    0.5254179052547300332598468E-01,    0.5230341326263462931045467E-01,    0.2383772628383740155300075E-03,      0.46%
    0.4258333333333332859638176E+01,    0.5249900661882539454339280E-01,    0.5226461866790554217088172E-01,    0.2343879509198523725110874E-03,      0.45%
    0.4259999999999999786837179E+01,    0.5245621515292762937487936E-01,    0.5222586642712403331989535E-01,    0.2303487258035960549840127E-03,      0.44%
    0.4261666666666666714036182E+01,    0.5241341585707860045717510E-01,    0.5218715647985452260604333E-01,    0.2262593772240778511317671E-03,      0.43%
    0.4263333333333333641235185E+01,    0.5237060846057720042701078E-01,    0.5214848876576694963747016E-01,    0.2221196948102507895406177E-03,      0.43%
    0.4265000000000000568434189E+01,    0.5232779269272232192111716E-01,    0.5210986322463648928726698E-01,    0.2179294680858326338501740E-03,      0.42%
    0.4266666666666667495633192E+01,    0.5228496828281281594286156E-01,    0.5207127979634341985448742E-01,    0.2136884864693960883741397E-03,      0.41%
    0.4268333333333332646475355E+01,    0.5224213496014760982344427E-01,    0.5203273842087289408064876E-01,    0.2093965392747157427955074E-03,      0.40%
    0.4269999999999999573674359E+01,    0.5219929245402552681065700E-01,    0.5199423903831456444946113E-01,    0.2050534157109623611958682E-03,      0.39%
    0.4271666666666666500873362E+01,    0.5215644049374545260233660E-01,    0.5195578158886264563687263E-01,    0.2006589048828069654639705E-03,      0.39%
    0.4273333333333333428072365E+01,    0.5211357880860631452968335E-01,    0.5191736601281551205522291E-01,    0.1962127957908024744604347E-03,      0.38%
    0.4275000000000000355271368E+01,    0.5207070712790695665717067E-01,    0.5187899225057553131978949E-01,    0.1917148773314253373811766E-03,      0.37%
    0.4276666666666667282470371E+01,    0.5202782518094627162152932E-01,    0.5184066024264883526528891E-01,    0.1871649382974363562404108E-03,      0.36%
    0.4278333333333334209669374E+01,    0.5198493269702314512059615E-01,    0.5180236992964516035131695E-01,    0.1825627673779847692792089E-03,      0.35%
    0.4279999999999999360511538E+01,    0.5194202940543650448557145E-01,    0.5176412125227763949553150E-01,    0.1779081531588649900399446E-03,      0.34%
    0.4281666666666666287710541E+01,    0.5189911503548513826977739E-01,    0.5172591415136239267891227E-01,    0.1732008841227455908651223E-03,      0.33%
    0.4283333333333333214909544E+01,    0.5185618931646797380441427E-01,    0.5168774856781863796806320E-01,    0.1684407486493358363510708E-03,      0.33%
    0.4285000000000000142108547E+01,    0.5181325197768387597063722E-01,    0.5164962444266826824268435E-01,    0.1636275350156077279528688E-03,      0.32%
    0.4286666666666667069307550E+01,    0.5177030274843175128296480E-01,    0.5161154171703569160101210E-01,    0.1587610313960596819526927E-03,      0.31%
    0.4288333333333333996506553E+01,    0.5172734135801047156144605E-01,    0.5157350033214765094857768E-01,    0.1538410258628206128683757E-03,      0.30%
    0.4289999999999999147348717E+01,    0.5168436753571896413728126E-01,    0.5153550022933299501470827E-01,    0.1488673063859691225729875E-03,      0.29%
    0.4291666666666666074547720E+01,    0.5164138101085601756379262E-01,    0.5149754135002236610230142E-01,    0.1438396608336514614912005E-03,      0.28%
    0.4293333333333333001746723E+01,    0.5159838151272055917218040E-01,    0.5145962363574820702671886E-01,    0.1387578769723521454615422E-03,      0.27%
    0.4294999999999999928945726E+01,    0.5155536877061146078249365E-01,    0.5142174702814440723219747E-01,    0.1336217424670535502961854E-03,      0.26%
    0.4296666666666666856144730E+01,    0.5151234251382762890925093E-01,    0.5138391146894612931950164E-01,    0.1284310448814995897492963E-03,      0.25%
    0.4298333333333333783343733E+01,    0.5146930247166792843360739E-01,    0.5134611689998958700131837E-01,    0.1231855716783414322890167E-03,      0.24%
    0.4300000000000000710542736E+01,    0.5142624837343123117561206E-01,    0.5130836326321188550769747E-01,    0.1178851102193456679145811E-03,      0.23%
    0.4301666666666665861384899E+01,    0.5138317994841648528314693E-01,    0.5127065050065079954144664E-01,    0.1125294477656857417002811E-03,      0.22%
    0.4303333333333332788583903E+01,    0.5134009692592246543174639E-01,    0.5123297855444444715011798E-01,    0.1071183714780182816284082E-03,      0.21%
    0.4304999999999999715782906E+01,    0.5129699903524810589150462E-01,    0.5119534736683130360379579E-01,    0.1016516684168022877088333E-03,      0.20%
    0.4306666666666666642981909E+01,    0.5125388600569229929915238E-01,    0.5115775688014987526708310E-01,    0.9612912554242403206927747E-04,      0.19%
    0.4308333333333333570180912E+01,    0.5121075756655388971916310E-01,    0.5112020703683849143228457E-01,    0.9055052971539828687852491E-04,      0.18%
    0.4310000000000000497379915E+01,    0.5116761344713178366605533E-01,    0.5108269777943511696927104E-01,    0.8491566769666669678429116E-04,      0.17%
    0.4311666666666667424578918E+01,    0.5112445337672488071545374E-01,    0.5104522905057715109755634E-01,    0.7922432614772961789739725E-04,      0.16%
    0.4313333333333332575421082E+01,    0.5108127708463208738187689E-01,    0.5100780079300128860841923E-01,    0.7347629163079877345765567E-04,      0.14%
    0.4314999999999999502620085E+01,    0.5103808430015218527975307E-01,    0.5097041294954312434795085E-01,    0.6767135060906093180221887E-04,      0.13%
    0.4316666666666666429819088E+01,    0.5099487475258412255696427E-01,    0.5093306546313720178931206E-01,    0.6180928944692076765221600E-04,      0.12%
    0.4318333333333333357018091E+01,    0.5095164817122676409466564E-01,    0.5089575827681665914914433E-01,    0.5588989441010494552131149E-04,      0.11%
    0.4320000000000000284217094E+01,    0.5090840428537898865180011E-01,    0.5085849133371306979300996E-01,    0.4991295166591885879014967E-04,      0.10%
    0.4321666666666667211416097E+01,    0.5086514282433970274288626E-01,    0.5082126457705624100746888E-01,    0.4387824728346173541737585E-04,      0.09%
    0.4323333333333334138615101E+01,    0.5082186351740776431018531E-01,    0.5078407795017402664994322E-01,    0.3778556723373766024209885E-04,      0.07%
    0.4324999999999999289457264E+01,    0.5077856609388209374600365E-01,    0.5074693139649213285968798E-01,    0.3163469738996088631566295E-04,      0.06%
    0.4326666666666666216656267E+01,    0.5073525028306152123702688E-01,    0.5070982485953379886867154E-01,    0.2542542352772236835534159E-04,      0.05%
    0.4328333333333333143855270E+01,    0.5069191581424492554219796E-01,    0.5067275828291981087936335E-01,    0.1915753132511466283460777E-04,      0.04%
    0.4330000000000000071054274E+01,    0.5064856241673122705382326E-01,    0.5063573161036817593672055E-01,    0.1283080636305111710271376E-04,      0.03%
    0.4331666666666666998253277E+01,    0.5060518981981926983637621E-01,    0.5059874478569392070026467E-01,    0.6445034125349136111537973E-05,      0.01%
    0.4333333333333333925452280E+01,    0.5056179775280796734326927E-01,    0.5056179775280898042177924E-01,   -0.1013078509970455343136564E-14,      0.00%
    0.4335000000000000852651283E+01,    0.5051838609698572346573542E-01,    0.5052489045572185893950845E-01,   -0.6504358736135473773032345E-05,     -0.01%
    0.4336666666666666003493447E+01,    0.5047495534158928653933884E-01,    0.5048802283853763561705108E-01,   -0.1306749694834907771223698E-04,     -0.03%
    0.4338333333333332930692450E+01,    0.5043150612784765007834409E-01,    0.5045119484545748655968112E-01,   -0.1968871760983648133702673E-04,     -0.04%
    0.4339999999999999857891453E+01,    0.5038803909698851002385567E-01,    0.5041440642077880257554412E-01,   -0.2636732379029255168845225E-04,     -0.05%
    0.4341666666666666785090456E+01,    0.5034455489023952068361467E-01,    0.5037765750889480059759862E-01,   -0.3310261865527991398394647E-04,     -0.07%
    0.4343333333333333712289459E+01,    0.5030105414882832248757438E-01,    0.5034094805429438490573801E-01,   -0.3989390546606241816363081E-04,     -0.08%
    0.4345000000000000639488462E+01,    0.5025753751398259749905151E-01,    0.5030427800156193202107957E-01,   -0.4674048757933452202806279E-04,     -0.09%
    0.4346666666666665790330626E+01,    0.5021400562693002778136275E-01,    0.5026764729537718662255585E-01,   -0.5364166844715884119310090E-04,     -0.11%
    0.4348333333333332717529629E+01,    0.5017045912889818437552236E-01,    0.5023105588051484521328049E-01,   -0.6059675161666083775813263E-04,     -0.12%
    0.4349999999999999644728632E+01,    0.5012689866111477016152875E-01,    0.5019450370184466020395675E-01,   -0.6760504072989004242799638E-04,     -0.13%
    0.4351666666666666571927635E+01,    0.5008332486480743944712302E-01,    0.5015799070433104439592498E-01,   -0.7466583952360494880196029E-04,     -0.15%
    0.4353333333333333499126638E+01,    0.5003973838120384654004624E-01,    0.5012151683303296689775408E-01,   -0.8177845182912035770783632E-04,     -0.16%
    0.4355000000000000426325641E+01,    0.4999613985153165962582733E-01,    0.5008508203310372414174267E-01,   -0.8894218157206451591534346E-04,     -0.18%
    0.4356666666666667353524645E+01,    0.4995252991701852607331347E-01,    0.5004868624979075253378369E-01,   -0.9615633277222646047022181E-04,     -0.19%
    0.4358333333333332504366808E+01,    0.4990890921889214876250307E-01,    0.5001232942843550355327409E-01,   -0.1034202095433547907710192E-03,     -0.21%
    0.4359999999999999431565811E+01,    0.4986527839838009179551648E-01,    0.4997601151447306211395016E-01,   -0.1107331160929703184336859E-03,     -0.22%
    0.4361666666666666358764815E+01,    0.4982163809671004417456430E-01,    0.4993973245343224370840218E-01,   -0.1180943567221995338378804E-03,     -0.24%
    0.4363333333333333285963818E+01,    0.4977798895510968102406935E-01,    0.4990349219093519889112187E-01,   -0.1255032358255178670525254E-03,     -0.25%
    0.4365000000000000213162821E+01,    0.4973433161480664277398489E-01,    0.4986729067269728143951824E-01,   -0.1329590578906386655333449E-03,     -0.27%
    0.4366666666666667140361824E+01,    0.4969066671702859760983984E-01,    0.4983112784452687488156997E-01,   -0.1404611274982772717301316E-03,     -0.28%
    0.4368333333333334067560827E+01,    0.4964699490300320677826917E-01,    0.4979500365232517739011442E-01,   -0.1480087493219706118452450E-03,     -0.30%
    0.4369999999999999218402991E+01,    0.4960331681395814540369571E-01,    0.4975891804208610463833296E-01,   -0.1556012281279592346372453E-03,     -0.31%
    0.4371666666666666145601994E+01,    0.4955963309112101922160321E-01,    0.4972287095989589428279842E-01,   -0.1632378687748750611952175E-03,     -0.33%
    0.4373333333333333072800997E+01,    0.4951594437571949641752056E-01,    0.4968686235193315453573248E-01,   -0.1709179762136581182119244E-03,     -0.34%
    0.4375000000000000000000000E+01,    0.4947225130898123129918886E-01,    0.4965089216446857967035555E-01,   -0.1786408554873483711666893E-03,     -0.36%
    0.4376666666666666927199003E+01,    0.4942855453213391980771263E-01,    0.4961496034386474185406968E-01,   -0.1864058117308220463570478E-03,     -0.38%
    0.4378333333333333854398006E+01,    0.4938485468640517461746953E-01,    0.4957906683657595237058047E-01,   -0.1942121501707777531109400E-03,     -0.39%
    0.4380000000000000781597009E+01,    0.4934115241302265003620064E-01,    0.4954321158914803957529216E-01,   -0.2020591761253895390915147E-03,     -0.41%
    0.4381666666666665932439173E+01,    0.4929744835321409057726783E-01,    0.4950739454821822399521736E-01,   -0.2099461950041334179495323E-03,     -0.42%
    0.4383333333333332859638176E+01,    0.4925374314820702564832189E-01,    0.4947161566051479220096354E-01,   -0.2178725123077665526416524E-03,     -0.44%
    0.4384999999999999786837179E+01,    0.4921003743922916506825516E-01,    0.4943587487285711068452088E-01,   -0.2258374336279456162657198E-03,     -0.46%
    0.4386666666666666714036182E+01,    0.4916633186750817008370262E-01,    0.4940017213215534136461216E-01,   -0.2338402646471712809095322E-03,     -0.47%
    0.4388333333333333641235185E+01,    0.4912262707427168806351148E-01,    0.4936450738541023341987568E-01,   -0.2418803111385453563642045E-03,     -0.49%
    0.4390000000000000568434189E+01,    0.4907892370074738719321061E-01,    0.4932888057971299144988109E-01,   -0.2499568789656042566704741E-03,     -0.51%
    0.4391666666666667495633192E+01,    0.4903522238816290790275332E-01,    0.4929329166224508812499394E-01,   -0.2580692740821802222406234E-03,     -0.52%
    0.4393333333333332646475355E+01,    0.4899152377774597388881972E-01,    0.4925774058027808377513423E-01,   -0.2662168025321098863145153E-03,     -0.54%
    0.4394999999999999573674359E+01,    0.4894782851072411455906064E-01,    0.4922222728117336965070194E-01,   -0.2743987704492550916413052E-03,     -0.56%
    0.4396666666666666500873362E+01,    0.4890413722832506748794401E-01,    0.4918675171238211241142579E-01,   -0.2826144840570449234817829E-03,     -0.57%
    0.4398333333333333428072365E+01,    0.4886045057177648698321093E-01,    0.4915131382144501126507663E-01,   -0.2908632496685242818657002E-03,     -0.59%
    0.4400000000000000355271368E+01,    0.4881676918230600653592077E-01,    0.4911591355599213143401371E-01,   -0.2991443736861248980929417E-03,     -0.61%
    0.4401666666666667282470371E+01,    0.4877309370114129433160244E-01,    0.4908055086374269598836761E-01,   -0.3074571626014016567651765E-03,     -0.63%
    0.4403333333333334209669374E+01,    0.4872942476950999773910311E-01,    0.4904522569250494706816212E-01,   -0.3158009229949493290590112E-03,     -0.64%
    0.4404999999999999360511538E+01,    0.4868576302863983351620902E-01,    0.4900993799017597241096666E-01,   -0.3241749615361388947576415E-03,     -0.66%
    0.4406666666666666287710541E+01,    0.4864210911975835188725270E-01,    0.4897468770474140697945842E-01,   -0.3325785849830550922057171E-03,     -0.68%
    0.4408333333333333214909544E+01,    0.4859846368409326961002037E-01,    0.4893947478427548153367965E-01,   -0.3410111001822119236592812E-03,     -0.70%
    0.4410000000000000142108547E+01,    0.4855482736287222711446532E-01,    0.4890429917694064099187301E-01,   -0.3494718140684138774076928E-03,     -0.71%
    0.4411666666666667069307550E+01,    0.4851120079732289952501034E-01,    0.4886916083098748891933027E-01,   -0.3579600336645893943199326E-03,     -0.73%
    0.4413333333333333996506553E+01,    0.4846758462867291339382092E-01,    0.4883405969475455854489354E-01,   -0.3664750660816451510726210E-03,     -0.75%
    0.4414999999999999147348717E+01,    0.4842397949814999241757718E-01,    0.4879899571666816704418324E-01,   -0.3750162185181746266060543E-03,     -0.77%
    0.4416666666666666074547720E+01,    0.4838038604698171457618727E-01,    0.4876396884524213798384196E-01,   -0.3835827982604234076546845E-03,     -0.79%
    0.4418333333333333001746723E+01,    0.4833680491639574805518009E-01,    0.4872897902907780826042838E-01,   -0.3921741126820602052482911E-03,     -0.80%
    0.4419999999999999928945726E+01,    0.4829323674761976104008454E-01,    0.4869402621686371585019160E-01,   -0.4007894692439548101070557E-03,     -0.82%
    0.4421666666666666856144730E+01,    0.4824968218188142171642951E-01,    0.4865911035737548184787471E-01,   -0.4094281754940601314451953E-03,     -0.84%
    0.4423333333333333783343733E+01,    0.4820614186040837745306220E-01,    0.4862423139947560229989776E-01,   -0.4180895390672248468355576E-03,     -0.86%
    0.4425000000000000710542736E+01,    0.4816261642442828255772369E-01,    0.4858938929211332330426742E-01,   -0.4267728676850407465437343E-03,     -0.88%
    0.4426666666666665861384899E+01,    0.4811910651516883991041240E-01,    0.4855458398432443978265383E-01,   -0.4354774691555998722414245E-03,     -0.90%
    0.4428333333333332788583903E+01,    0.4807561277385762055214258E-01,    0.4851981542523103874131607E-01,   -0.4442026513734181891734920E-03,     -0.92%
    0.4429999999999999715782906E+01,    0.4803213584172231348512483E-01,    0.4848508356404152702667787E-01,   -0.4529477223192135415530402E-03,     -0.93%
    0.4431666666666666642981909E+01,    0.4798867635999058689488805E-01,    0.4845038835005029131952625E-01,   -0.4617119900597044246381984E-03,     -0.95%
    0.4433333333333333570180912E+01,    0.4794523496989009508917334E-01,    0.4841572973263757323492129E-01,   -0.4704947627474781457479480E-03,     -0.97%
    0.4435000000000000497379915E+01,    0.4790181231264849931461569E-01,    0.4838110766126933748321193E-01,   -0.4792953486208381685962365E-03,     -0.99%
    0.4436666666666667424578918E+01,    0.4785840902949342612338057E-01,    0.4834652208549704982543105E-01,   -0.4881130560036237020504757E-03,     -1.01%
    0.4438333333333332575421082E+01,    0.4781502576165260615104202E-01,    0.4831197295495755217320522E-01,   -0.4969471933049460221631932E-03,     -1.03%
    0.4439999999999999502620085E+01,    0.4777166315035359656082647E-01,    0.4827746021937279197189241E-01,   -0.5057970690191954110659367E-03,     -1.05%
    0.4441666666666666429819088E+01,    0.4772832183682411411052016E-01,    0.4824298382854979444500643E-01,   -0.5146619917256803344862703E-03,     -1.07%
    0.4443333333333333357018091E+01,    0.4768500246229177841339464E-01,    0.4820854373238044748850584E-01,   -0.5235412700886690751111985E-03,     -1.09%
    0.4445000000000000284217094E+01,    0.4764170566798427847166053E-01,    0.4817413988084125880950737E-01,   -0.5324342128569803378468350E-03,     -1.11%
    0.4446666666666667211416097E+01,    0.4759843209512924777637721E-01,    0.4813977222399327959845294E-01,   -0.5413401288640318220757308E-03,     -1.12%
    0.4448333333333334138615101E+01,    0.4755518238495436839086139E-01,    0.4810544071198188942339868E-01,   -0.5502583270275210325372939E-03,     -1.14%
    0.4449999999999999289457264E+01,    0.4751195717868732237842977E-01,    0.4807114529503666439103071E-01,   -0.5591881163493420126009426E-03,     -1.16%
    0.4451666666666666216656267E+01,    0.4746875711755567384120269E-01,    0.4803688592347111346869681E-01,   -0.5681288059154396274941234E-03,     -1.18%
    0.4453333333333333143855270E+01,    0.4742558284278713953696638E-01,    0.4800266254768265072883082E-01,   -0.5770797048955111918644434E-03,     -1.20%
    0.4455000000000000071054274E+01,    0.4738243499560937377346193E-01,    0.4796847511815234554877208E-01,   -0.5860401225429717753101500E-03,     -1.22%
    0.4456666666666666998253277E+01,    0.4733931421725001004174871E-01,    0.4793432358544479077178124E-01,   -0.5950093681947807300325337E-03,     -1.24%
    0.4458333333333333925452280E+01,    0.4729622114893670958846172E-01,    0.4790020790020788760132930E-01,   -0.6039867512711780128675798E-03,     -1.26%
    0.4460000000000000852651283E+01,    0.4725315643189715447691768E-01,    0.4786612801317274151768899E-01,   -0.6129715812755870407713132E-03,     -1.28%
    0.4461666666666666003493447E+01,    0.4721012070735902677043327E-01,    0.4783208387515348880558719E-01,   -0.6219631677944620351539129E-03,     -1.30%
    0.4463333333333332930692450E+01,    0.4716711461654989751002276E-01,    0.4779807543704702593734268E-01,   -0.6309608204971284273199217E-03,     -1.32%
    0.4464999999999999857891453E+01,    0.4712413880069745569789674E-01,    0.4776410264983300263397226E-01,   -0.6399638491355469360755137E-03,     -1.34%
    0.4466666666666666785090456E+01,    0.4708119390102936951958412E-01,    0.4773016546457361369837358E-01,   -0.6489715635442441787894552E-03,     -1.36%
    0.4468333333333333712289459E+01,    0.4703828055877329328282599E-01,    0.4769626383241334227625075E-01,   -0.6579832736400489934247560E-03,     -1.38%
    0.4470000000000000639488462E+01,    0.4699539941515689517315124E-01,    0.4766239770457891128385697E-01,   -0.6669982894220161107057265E-03,     -1.40%
    0.4471666666666665790330626E+01,    0.4695255111140785031498268E-01,    0.4762856703237910993564697E-01,   -0.6760159209712596206642843E-03,     -1.42%
    0.4473333333333332717529629E+01,    0.4690973628875373668822846E-01,    0.4759477176720446067736958E-01,   -0.6850354784507239891411245E-03,     -1.44%
    0.4474999999999999644728632E+01,    0.4686695558842226411178089E-01,    0.4756101186052733714726415E-01,   -0.6940562721050730354832581E-03,     -1.46%
    0.4476666666666666571927635E+01,    0.4682420965164107995448717E-01,    0.4752728726390160335357749E-01,   -0.7030776122605233990903173E-03,     -1.48%
    0.4478333333333333499126638E+01,    0.4678149911963782464630057E-01,    0.4749359792896250959115534E-01,   -0.7120988093246849448547664E-03,     -1.50%
    0.4480000000000000426325641E+01,    0.4673882463364018718943171E-01,    0.4745994380742652590798869E-01,   -0.7211191737863387185569763E-03,     -1.52%
    0.4481666666666667353524645E+01,    0.4669618683487580107493997E-01,    0.4742632485109120332733568E-01,   -0.7301380162154022523957053E-03,     -1.54%
    0.4483333333333332504366808E+01,    0.4665358636457238306061157E-01,    0.4739274101183504200873742E-01,   -0.7391546472626589481258463E-03,     -1.56%
    0.4484999999999999431565811E+01,    0.4661102386395749030967295E-01,    0.4735919224161713736442891E-01,   -0.7481683776596470547559647E-03,     -1.58%
    0.4486666666666666358764815E+01,    0.4656849997425880488544081E-01,    0.4732567849247732577611103E-01,   -0.7571785182185208906702201E-03,     -1.60%
    0.4488333333333333285963818E+01,    0.4652601533670402272901967E-01,    0.4729219971653580989467969E-01,   -0.7661843798317871656600175E-03,     -1.62%
    0.4490000000000000213162821E+01,    0.4648357059252076345368110E-01,    0.4725875586599306149571120E-01,   -0.7751852734722980420301042E-03,     -1.64%
    0.4491666666666667140361824E+01,    0.4644116638293670912274180E-01,    0.4722534689312968270158422E-01,   -0.7841805101929735788424125E-03,     -1.66%
    0.4493333333333334067560827E+01,    0.4639880334917950016615507E-01,    0.4719197275030621169245038E-01,   -0.7931694011267115262953098E-03,     -1.68%
    0.4494999999999999218402991E+01,    0.4635648213247683252502540E-01,    0.4715863338996301168393188E-01,   -0.8021512574861791589064808E-03,     -1.70%
    0.4496666666666666145601994E+01,    0.4631420337405630499594267E-01,    0.4712532876461999337136533E-01,   -0.8111253905636883754226574E-03,     -1.72%
    0.4498333333333333072800997E+01,    0.4627196771514557882554186E-01,    0.4709205882687664268537731E-01,   -0.8200911117310638598354444E-03,     -1.74%
    0.4500000000000000000000000E+01,    0.4622977579697232913824578E-01,    0.4705882352941176405280999E-01,   -0.8290477324394349145642025E-03,     -1.76%
    0.4501666666666666927199003E+01,    0.4618762826076420330290162E-01,    0.4702562282498329304658569E-01,   -0.8379945642190897436840658E-03,     -1.78%
    0.4503333333333333854398006E+01,    0.4614552574774888338282608E-01,    0.4699245666642821311898004E-01,   -0.8469309186793297361539601E-03,     -1.80%
    0.4505000000000000781597009E+01,    0.4610346889915398205239683E-01,    0.4695932500666234049591097E-01,   -0.8558561075083584435141404E-03,     -1.82%
    0.4506666666666665932439173E+01,    0.4606145835620725076386961E-01,    0.4692622779868024091021184E-01,   -0.8647694424729901463422266E-03,     -1.84%
    0.4508333333333332859638176E+01,    0.4601949476013620504710744E-01,    0.4689316499555492429029968E-01,   -0.8736702354187192431922426E-03,     -1.86%
    0.4509999999999999786837179E+01,    0.4597757875216858247657825E-01,    0.4686013655043790721022035E-01,   -0.8825577982693247336420939E-03,     -1.88%
    0.4511666666666666714036182E+01,    0.4593571097353202348223533E-01,    0.4682714241655890757831671E-01,   -0.8914314430268840960813748E-03,     -1.90%
    0.4513333333333333641235185E+01,    0.4589389206545419624960758E-01,    0.4679418254722572667603231E-01,   -0.9002904817715304264247322E-03,     -1.92%
    0.4515000000000000568434189E+01,    0.4585212266916274120864827E-01,    0.4676125689582408956335158E-01,   -0.9091342266613483547033070E-03,     -1.94%
    0.4516666666666667495633192E+01,    0.4581040342588531960599241E-01,    0.4672836541581753405649735E-01,   -0.9179619899322144505049437E-03,     -1.96%
    0.4518333333333332646475355E+01,    0.4576873497684963432163840E-01,    0.4669550806074723725558329E-01,   -0.9267730838976029339448814E-03,     -1.98%
    0.4519999999999999573674359E+01,    0.4572711796328325639660051E-01,    0.4666268478423175880553941E-01,   -0.9355668209485024089389071E-03,     -2.00%
    0.4521666666666666500873362E+01,    0.4568555302641387483308932E-01,    0.4662989553996707559058166E-01,   -0.9443425135532007574923341E-03,     -2.03%
    0.4523333333333333428072365E+01,    0.4564404080746916475552766E-01,    0.4659714028172631111734958E-01,   -0.9530994742571463618219241E-03,     -2.05%
    0.4525000000000000355271368E+01,    0.4560258194767675271608098E-01,    0.4656441896335961061481612E-01,   -0.9618370156828578987351364E-03,     -2.07%
    0.4526666666666667282470371E+01,    0.4556117708826431383917210E-01,    0.4653173153879400919530340E-01,   -0.9705544505296953561312989E-03,     -2.09%
    0.4528333333333334209669374E+01,    0.4551982687045950937143601E-01,    0.4649907796203323062655954E-01,   -0.9792510915737212551235302E-03,     -2.11%
    0.4529999999999999360511538E+01,    0.4547853193549003525397723E-01,    0.4646645818715761100392569E-01,   -0.9879262516675757499484689E-03,     -2.13%
    0.4531666666666666287710541E+01,    0.4543729292458345558891608E-01,    0.4643387216832382813347380E-01,   -0.9965792437403725445577152E-03,     -2.15%
    0.4533333333333333214909544E+01,    0.4539611047896746631735709E-01,    0.4640131985976490847090048E-01,   -0.1005209380797442153543386E-02,     -2.17%
    0.4535000000000000142108547E+01,    0.4535498523986972868593526E-01,    0.4636880121578996344355872E-01,   -0.1013815975920234757623462E-02,     -2.19%
    0.4536666666666667069307550E+01,    0.4531391784851790394128557E-01,    0.4633631619078411312262489E-01,   -0.1022398342266209181339320E-02,     -2.21%
    0.4538333333333333996506553E+01,    0.4527290894613964639114911E-01,    0.4630386473920825723959993E-01,   -0.1030955793068610848450817E-02,     -2.23%
    0.4539999999999999147348717E+01,    0.4523195917396264503773651E-01,    0.4627144681559904743073375E-01,   -0.1039487641636402392997240E-02,     -2.25%
    0.4541666666666666074547720E+01,    0.4519106917321447786095590E-01,    0.4623906237456852641454219E-01,   -0.1047993201354048553586296E-02,     -2.27%
    0.4543333333333333001746723E+01,    0.4515023958512284774080570E-01,    0.4620671137080424595300343E-01,   -0.1056471785681398212197735E-02,     -2.29%
    0.4544999999999999928945726E+01,    0.4510947105091540204613310E-01,    0.4617439375906894072354447E-01,   -0.1064922708153538677411376E-02,     -2.31%
    0.4546666666666666856144730E+01,    0.4506876421181979508467919E-01,    0.4614210949420044505231431E-01,   -0.1073345282380649967635122E-02,     -2.33%
    0.4548333333333333783343733E+01,    0.4502811970906369504197286E-01,    0.4610985853111152638073023E-01,   -0.1081738822047831338757362E-02,     -2.35%
    0.4550000000000000710542736E+01,    0.4498753818387473540907351E-01,    0.4607764082478975342649363E-01,   -0.1090102640915018017420124E-02,     -2.37%
    0.4551666666666665861384899E+01,    0.4494702027748066069934296E-01,    0.4604545633029737822239369E-01,   -0.1098436052816717523050727E-02,     -2.39%
    0.4553333333333332788583903E+01,    0.4490656663110899338153814E-01,    0.4601330500277103774386944E-01,   -0.1106738371662044362331301E-02,     -2.41%
    0.4554999999999999715782906E+01,    0.4486617788598745021344527E-01,    0.4598118679742183717573667E-01,   -0.1115008911434386962291399E-02,     -2.42%
    0.4556666666666666642981909E+01,    0.4482585468334367856391154E-01,    0.4594910166953507929532563E-01,   -0.1123246986191400731414092E-02,     -2.44%
    0.4558333333333333570180912E+01,    0.4478559766440536049625365E-01,    0.4591704957447011181681518E-01,   -0.1131451910064751320561527E-02,     -2.46%
    0.4560000000000000497379915E+01,    0.4474540747040012950153098E-01,    0.4588503046766022330782420E-01,   -0.1139622997260093806293213E-02,     -2.48%
    0.4561666666666667424578918E+01,    0.4470528474255565376527244E-01,    0.4585304430461245583927621E-01,   -0.1147759562056802074003770E-02,     -2.50%
    0.4563333333333332575421082E+01,    0.4466523012209961535079472E-01,    0.4582109104090755641314203E-01,   -0.1155860918807941062347311E-02,     -2.52%
    0.4564999999999999502620085E+01,    0.4462524425025959917689988E-01,    0.4578917063219964389553240E-01,   -0.1163926381940044718632521E-02,     -2.54%
    0.4566666666666666429819088E+01,    0.4458532776826329424579853E-01,    0.4575728303421628534453092E-01,   -0.1171955265952991098732383E-02,     -2.56%
    0.4568333333333333357018091E+01,    0.4454548131733838262080738E-01,    0.4572542820275823233222567E-01,   -0.1179946885419849711418294E-02,     -2.58%
    0.4570000000000000284217094E+01,    0.4450570553871247003741018E-01,    0.4569360609369930298351292E-01,   -0.1187900554986832946102737E-02,     -2.60%
    0.4571666666666667211416097E+01,    0.4446600107361325937560537E-01,    0.4566181666298622932043116E-01,   -0.1195815589372969944825797E-02,     -2.62%
    0.4573333333333334138615101E+01,    0.4442636856326839106534621E-01,    0.4563005986663853236207089E-01,   -0.1203691303370141296724682E-02,     -2.64%
    0.4574999999999999289457264E+01,    0.4438680864890556104773722E-01,    0.4559833566074839722448431E-01,   -0.1211527011842836176747085E-02,     -2.66%
    0.4576666666666666216656267E+01,    0.4434732197175233342489875E-01,    0.4556664400148041638161089E-01,   -0.1219322029728082956712143E-02,     -2.68%
    0.4578333333333333143855270E+01,    0.4430790917303642495461702E-01,    0.4553498484507164517642863E-01,   -0.1227075672035220221811613E-02,     -2.69%
    0.4580000000000000071054274E+01,    0.4426857089398547606684531E-01,    0.4550335814783130344851614E-01,   -0.1234787253845827381670830E-02,     -2.71%
    0.4581666666666666998253277E+01,    0.4422930777582715494711252E-01,    0.4547176386614072002290143E-01,   -0.1242456090313565075788915E-02,     -2.73%
    0.4583333333333333925452280E+01,    0.4419012045978910202537193E-01,    0.4544020195645313148213873E-01,   -0.1250081496664029456766798E-02,     -2.75%
    0.4585000000000000852651283E+01,    0.4415100958709899242604635E-01,    0.4540867237529357808289987E-01,   -0.1257662788194585656853519E-02,     -2.77%
    0.4586666666666666003493447E+01,    0.4411197579898450127355858E-01,    0.4537717507925881355035358E-01,   -0.1265199280274312276795001E-02,     -2.79%
    0.4588333333333332930692450E+01,    0.4407301973667322736449847E-01,    0.4534571002501698588904588E-01,   -0.1272690288343758524547411E-02,     -2.81%
    0.4589999999999999857891453E+01,    0.4403414204139285276218274E-01,    0.4531427716930774146630867E-01,   -0.1280135127914888704125929E-02,     -2.83%
    0.4591666666666666785090456E+01,    0.4399534335437103177435247E-01,    0.4528287646894191970092791E-01,   -0.1287533114570887926575438E-02,     -2.84%
    0.4593333333333333712289459E+01,    0.4395662431683542564764267E-01,    0.4525150788080149061309854E-01,   -0.1294883563966064965455871E-02,     -2.86%
    0.4595000000000000639488462E+01,    0.4391798557001369562868831E-01,    0.4522017136183936747428902E-01,   -0.1302185791825671845600709E-02,     -2.88%
    0.4596666666666665790330626E+01,    0.4387942775513352378080612E-01,    0.4518886686907933741830234E-01,   -0.1309439113945813637496229E-02,     -2.90%
    0.4598333333333332717529629E+01,    0.4384095151342249502279813E-01,    0.4515759435961577694662594E-01,   -0.1316642846193281923827811E-02,     -2.92%
    0.4599999999999999644728632E+01,    0.4380255748610831223466278E-01,    0.4512635379061372825626464E-01,   -0.1323796304505416021601860E-02,     -2.93%
    0.4601666666666666571927635E+01,    0.4376424631441861584635333E-01,    0.4509514511930860086730277E-01,   -0.1330898804889985020949439E-02,     -2.95%
    0.4603333333333333499126638E+01,    0.4372601863958107404339870E-01,    0.4506396830300611611175299E-01,   -0.1337949663425042068354287E-02,     -2.97%
    0.4605000000000000426325641E+01,    0.4368787510282333419464607E-01,    0.4503282329908211284452690E-01,   -0.1344948196258778649880838E-02,     -2.99%
    0.4606666666666667353524645E+01,    0.4364981634537305754673042E-01,    0.4500171006498245029892047E-01,   -0.1351893719609392752190047E-02,     -3.00%
    0.4608333333333332504366808E+01,    0.4361184300845793310186238E-01,    0.4497062855822292481988711E-01,   -0.1358785549764991718024731E-02,     -3.02%
    0.4609999999999999431565811E+01,    0.4357395573330555965663180E-01,    0.4493957873638893679713036E-01,   -0.1365623003083377140498555E-02,     -3.04%
    0.4611666666666666358764815E+01,    0.4353615516114361233546148E-01,    0.4490856055713560862630018E-01,   -0.1372405395991996290838699E-02,     -3.06%
    0.4613333333333333285963818E+01,    0.4349844193319975238498643E-01,    0.4487757397818750715323688E-01,   -0.1379132044987754768250454E-02,     -3.07%
    0.4615000000000000213162821E+01,    0.4346081669070162023515991E-01,    0.4484661895733852571277467E-01,   -0.1385802266636905477614761E-02,     -3.09%
    0.4616666666666667140361824E+01,    0.4342328007487689794929864E-01,    0.4481569545245178698422706E-01,   -0.1392415377574889034928418E-02,     -3.11%
    0.4618333333333334067560827E+01,    0.4338583272695322595735590E-01,    0.4478480342145944870235752E-01,   -0.1398970694506222745001622E-02,     -3.12%
    0.4619999999999999218402991E+01,    0.4334847528815831407822401E-01,    0.4475394282236266202401609E-01,   -0.1405467534204347945792080E-02,     -3.14%
    0.4621666666666666145601994E+01,    0.4331120839971971947512941E-01,    0.4472311361323129397238318E-01,   -0.1411905213511574497253775E-02,     -3.16%
    0.4623333333333333072800997E+01,    0.4327403270286514502807051E-01,    0.4469231575220395519254524E-01,   -0.1418283049338810164474722E-02,     -3.17%
    0.4625000000000000000000000E+01,    0.4323694883882225892257622E-01,    0.4466154919748778484578366E-01,   -0.1424600358665525923207440E-02,     -3.19%
    0.4626666666666666927199003E+01,    0.4319995744881870852749373E-01,    0.4463081390735832570948460E-01,   -0.1430856458539617181990877E-02,     -3.21%
    0.4628333333333333854398006E+01,    0.4316305917408215508945801E-01,    0.4460010984015939233815473E-01,   -0.1437050666077237248696719E-02,     -3.22%
    0.4630000000000000781597009E+01,    0.4312625465584023209952846E-01,    0.4456943695430293922443710E-01,   -0.1443182298462707124908633E-02,     -3.24%
    0.4631666666666665932439173E+01,    0.4308954453532065631549131E-01,    0.4453879520826898447127817E-01,   -0.1449250672948328155786868E-02,     -3.25%
    0.4633333333333332859638176E+01,    0.4305292945375100571725469E-01,    0.4450818456060531835838390E-01,   -0.1455255106854312641129212E-02,     -3.27%
    0.4634999999999999786837179E+01,    0.4301641005235897624592312E-01,    0.4447760496992758660894651E-01,   -0.1461194917568610363023396E-02,     -3.29%
    0.4636666666666666714036182E+01,    0.4297998697237220833144988E-01,    0.4444705639491900589499451E-01,   -0.1467069422546797563544629E-02,     -3.30%
    0.4638333333333333641235185E+01,    0.4294366085501836322046998E-01,    0.4441653879433032220402922E-01,   -0.1472877939311958983559236E-02,     -3.32%
    0.4640000000000000568434189E+01,    0.4290743234152512297630011E-01,    0.4438605212697960961110155E-01,   -0.1478619785454486634801441E-02,     -3.33%
    0.4641666666666667495633192E+01,    0.4287130207312009333442404E-01,    0.4435559635175218701208522E-01,   -0.1484294278632093677661175E-02,     -3.35%
    0.4643333333333332646475355E+01,    0.4283527069103101186930971E-01,    0.4432517142760050710137421E-01,   -0.1489900736569495232064497E-02,     -3.36%
    0.4644999999999999573674359E+01,    0.4279933883648544962197136E-01,    0.4429477731354390657170228E-01,   -0.1495438477058456949730925E-02,     -3.38%
    0.4646666666666666500873362E+01,    0.4276350715071110253351350E-01,    0.4426441396866866856418810E-01,   -0.1500906817957566030674599E-02,     -3.39%
    0.4648333333333333428072365E+01,    0.4272777627493559715610161E-01,    0.4423408135212773817368515E-01,   -0.1506305077192141017583538E-02,     -3.41%
    0.4650000000000000355271368E+01,    0.4269214685038662249194630E-01,    0.4420377942314067387652443E-01,   -0.1511632572754051384578133E-02,     -3.42%
    0.4651666666666667282470371E+01,    0.4265661951829183284878866E-01,    0.4417350814099348793595468E-01,   -0.1516888622701655087166017E-02,     -3.43%
    0.4653333333333334209669374E+01,    0.4262119491987886865658197E-01,    0.4414326746503851456315815E-01,   -0.1522072545159645906576174E-02,     -3.45%
    0.4654999999999999360511538E+01,    0.4258587369637541891753685E-01,    0.4411305735469435440609942E-01,   -0.1527183658318935488562573E-02,     -3.46%
    0.4656666666666666287710541E+01,    0.4255065648900908936713705E-01,    0.4408287776944557617708753E-01,   -0.1532221280436486809950480E-02,     -3.48%
    0.4658333333333333214909544E+01,    0.4251554393900754819091148E-01,    0.4405272866884278604171499E-01,   -0.1537184729835237850803509E-02,     -3.49%
    0.4660000000000000142108547E+01,    0.4248053668759847051328293E-01,    0.4402261001250241945204067E-01,   -0.1542073324903948938757736E-02,     -3.50%
    0.4661666666666667069307550E+01,    0.4244563537600951064199251E-01,    0.4399252176010656767424223E-01,   -0.1546886384097057032249722E-02,     -3.52%
    0.4663333333333333996506553E+01,    0.4241084064546830900699348E-01,    0.4396246387140294309414656E-01,   -0.1551623225934634087153086E-02,     -3.53%
    0.4664999999999999147348717E+01,    0.4237615313720257542717818E-01,    0.4393243630620469880598833E-01,   -0.1556283169002123378810154E-02,     -3.54%
    0.4666666666666666074547720E+01,    0.4234157349243988788245474E-01,    0.4390243902439025514006232E-01,   -0.1560865531950367257607581E-02,     -3.56%
    0.4668333333333333001746723E+01,    0.4230710235240792149724598E-01,    0.4387247198590329272382959E-01,   -0.1565369633495371226583615E-02,     -3.57%
    0.4669999999999999928945726E+01,    0.4227274035833436527376250E-01,    0.4384253515075255819288813E-01,   -0.1569794792418192919125630E-02,     -3.58%
    0.4671666666666666856144730E+01,    0.4223848815144685964195759E-01,    0.4381262847901173929088259E-01,   -0.1574140327564879648925000E-02,     -3.59%
    0.4673333333333333783343733E+01,    0.4220434637297305197067843E-01,    0.4378275193081935384720182E-01,   -0.1578405557846301876523398E-02,     -3.61%
    0.4675000000000000710542736E+01,    0.4217031566414059656766611E-01,    0.4375290546637861099910083E-01,   -0.1582589802238014431434721E-02,     -3.62%
    0.4676666666666665861384899E+01,    0.4213639666617721019070686E-01,    0.4372308904595734874165558E-01,   -0.1586692379780138550948720E-02,     -3.63%
    0.4678333333333332788583903E+01,    0.4210259002031045694192102E-01,    0.4369330262988775637200689E-01,   -0.1590712609577299430085873E-02,     -3.64%
    0.4679999999999999715782906E+01,    0.4206889636776802582351920E-01,    0.4366354617856644387829945E-01,   -0.1594649810798418054780257E-02,     -3.65%
    0.4681666666666666642981909E+01,    0.4203531634977758502103029E-01,    0.4363381965245420601728910E-01,   -0.1598503302676620996258805E-02,     -3.66%
    0.4683333333333333570180912E+01,    0.4200185060756678190330149E-01,    0.4360412301207591823093423E-01,   -0.1602272404509136327632746E-02,     -3.67%
    0.4685000000000000497379915E+01,    0.4196849978236327771696779E-01,    0.4357445621802042562409341E-01,   -0.1605956435657147907125619E-02,     -3.69%
    0.4686666666666667424578918E+01,    0.4193526451539473370866418E-01,    0.4354481923094041806443499E-01,   -0.1609554715545684355770817E-02,     -3.70%
    0.4688333333333332575421082E+01,    0.4190214544788883194170737E-01,    0.4351521201155233303792258E-01,   -0.1613066563663501096215214E-02,     -3.71%
    0.4689999999999999502620085E+01,    0.4186914322107314345711160E-01,    0.4348563452063611972642221E-01,   -0.1616491299562976269310610E-02,     -3.72%
    0.4691666666666666429819088E+01,    0.4183625847617539195155700E-01,    0.4345608671903528064106581E-01,   -0.1619828242859888689508807E-02,     -3.73%
    0.4693333333333333357018091E+01,    0.4180349185442322479389077E-01,    0.4342656856765666345543409E-01,   -0.1623076713233438661543317E-02,     -3.74%
    0.4695000000000000284217094E+01,    0.4177084399704428241406617E-01,    0.4339708002747034304436013E-01,   -0.1626236030426060630293961E-02,     -3.75%
    0.4696666666666667211416097E+01,    0.4173831554526621911982431E-01,    0.4336762105950952433941481E-01,   -0.1629305514243305219590496E-02,     -3.76%
    0.4698333333333334138615101E+01,    0.4170590714031673085226970E-01,    0.4333819162487037579545301E-01,   -0.1632284484553644943183315E-02,     -3.77%
    0.4699999999999999289457264E+01,    0.4167361942342345804135562E-01,    0.4330879168471200857393200E-01,   -0.1635172261288550532576380E-02,     -3.78%
    0.4701666666666666216656267E+01,    0.4164145303581399948367192E-01,    0.4327942120025617123157957E-01,   -0.1637968164442171747907651E-02,     -3.78%
    0.4703333333333333143855270E+01,    0.4160940861871607193700484E-01,    0.4325008013278736074269659E-01,   -0.1640671514071288805691751E-02,     -3.79%
    0.4705000000000000071054274E+01,    0.4157748681335730889241376E-01,    0.4322076844365254494340078E-01,   -0.1643281630295236050987029E-02,     -3.80%
    0.4706666666666666998253277E+01,    0.4154568826096537853542756E-01,    0.4319148609426109314268771E-01,   -0.1645797833295714607260152E-02,     -3.81%
    0.4708333333333333925452280E+01,    0.4151401360276792823489345E-01,    0.4316223304608466510012832E-01,   -0.1648219443316736865234873E-02,     -3.82%
    0.4710000000000000852651283E+01,    0.4148246347999260535965860E-01,    0.4313300926065707224799084E-01,   -0.1650545780664466888332242E-02,     -3.83%
    0.4711666666666666003493447E+01,    0.4145103853386711972861534E-01,    0.4310381469957420136340787E-01,   -0.1652776165707081634792530E-02,     -3.83%
    0.4713333333333332930692450E+01,    0.4141973940561904238277791E-01,    0.4307464932449377864598361E-01,   -0.1654909918874736263205705E-02,     -3.84%
    0.4714999999999999857891453E+01,    0.4138856673647609007993253E-01,    0.4304551309713543216783904E-01,   -0.1656946360659342087906509E-02,     -3.85%
    0.4716666666666666785090456E+01,    0.4135752116766586855556298E-01,    0.4301640597928042819564354E-01,   -0.1658884811614559640080557E-02,     -3.86%
    0.4718333333333333712289459E+01,    0.4132660334041610150634938E-01,    0.4298732793277163649614536E-01,   -0.1660724592355534989795984E-02,     -3.86%
    0.4720000000000000639488462E+01,    0.4129581389595439466777549E-01,    0.4295827891951335686382407E-01,   -0.1662465023558962196048583E-02,     -3.87%
    0.4721666666666665790330626E+01,    0.4126515347550844398094583E-01,    0.4292925890147128442642099E-01,   -0.1664105425962840445475166E-02,     -3.88%
    0.4723333333333332717529629E+01,    0.4123462272030585518134416E-01,    0.4290026784067223208918307E-01,   -0.1665645120366376907838912E-02,     -3.88%
    0.4724999999999999644728632E+01,    0.4120422227157430339339328E-01,    0.4287130569920420686269580E-01,   -0.1667083427629903469302519E-02,     -3.89%
    0.4726666666666666571927635E+01,    0.4117395277054145680262209E-01,    0.4284237243921619475717222E-01,   -0.1668419668674737954550125E-02,     -3.89%
    0.4728333333333333499126638E+01,    0.4114381485843496277787779E-01,    0.4281346802291804282125653E-01,   -0.1669653164483080043378749E-02,     -3.90%
    0.4730000000000000426325641E+01,    0.4111380917648247562690145E-01,    0.4278459241258037587529728E-01,   -0.1670783236097900248395831E-02,     -3.91%
    0.4731666666666667353524645E+01,    0.4108393636591167047411588E-01,    0.4275574557053444385568142E-01,   -0.1671809204622773381565537E-02,     -3.91%
    0.4733333333333332504366808E+01,    0.4105419706795019468836827E-01,    0.4272692745917205936478922E-01,   -0.1672730391221864676420950E-02,     -3.91%
    0.4734999999999999431565811E+01,    0.4102459192382568869961190E-01,    0.4269813804094538950417714E-01,   -0.1673546117119700804565241E-02,     -3.92%
    0.4736666666666666358764815E+01,    0.4099512157476580681558787E-01,    0.4266937727836696281347173E-01,   -0.1674255703601155997883865E-02,     -3.92%
    0.4738333333333333285963818E+01,    0.4096578666199821722182506E-01,    0.4264064513400947498134030E-01,   -0.1674858472011257759515246E-02,     -3.93%
    0.4740000000000000213162821E+01,    0.4093658782675058116495848E-01,    0.4261194157050571945655193E-01,   -0.1675353743755138291593454E-02,     -3.93%
    0.4741666666666667140361824E+01,    0.4090752571025055295272921E-01,    0.4258326655054840009784201E-01,   -0.1675740840297847145112797E-02,     -3.94%
    0.4743333333333334067560827E+01,    0.4087860095372577301509054E-01,    0.4255462003689011035723055E-01,   -0.1676019083164337342140016E-02,     -3.94%
    0.4744999999999999218402991E+01,    0.4084981419840393729314698E-01,    0.4252600199234320144103805E-01,   -0.1676187793939264147891066E-02,     -3.94%
    0.4746666666666666145601994E+01,    0.4082116608551265152238230E-01,    0.4249741237977954638749267E-01,   -0.1676246294266894865110373E-02,     -3.94%
    0.4748333333333333072800997E+01,    0.4079265725627959082721929E-01,    0.4246885116213062333345718E-01,   -0.1676193905851032506237885E-02,     -3.95%
    0.4750000000000000000000000E+01,    0.4076428835193240951539906E-01,    0.4244031830238726571424834E-01,   -0.1676029950454856198849285E-02,     -3.95%
    0.4751666666666666927199003E+01,    0.4073606001369877577245049E-01,    0.4241181376359960675248573E-01,   -0.1675753749900830980035238E-02,     -3.95%
    0.4753333333333333854398006E+01,    0.4070797288280633002832687E-01,    0.4238333750887694068021361E-01,   -0.1675364626070610651886739E-02,     -3.95%
    0.4755000000000000781597009E+01,    0.4068002760048273352966319E-01,    0.4235488950138763947217413E-01,   -0.1674861900904905942510936E-02,     -3.95%
    0.4756666666666665932439173E+01,    0.4065222480795568221756398E-01,    0.4232646970435902794571703E-01,   -0.1674244896403345728153056E-02,     -3.96%
    0.4758333333333332859638176E+01,    0.4062456514645276794972517E-01,    0.4229807808107719641066424E-01,   -0.1673512934624428460939072E-02,     -3.96%
    0.4759999999999999786837179E+01,    0.4059704925720167278946349E-01,    0.4226971459488705618046112E-01,   -0.1672665337685383390997629E-02,     -3.96%
    0.4761666666666666714036182E+01,    0.4056967778143004410562611E-01,    0.4224137920919209671088979E-01,   -0.1671701427762052605263676E-02,     -3.96%
    0.4763333333333333641235185E+01,    0.4054245136036555702263584E-01,    0.4221307188745431621113013E-01,   -0.1670620527088759188494294E-02,     -3.96%
    0.4765000000000000568434189E+01,    0.4051537063523586584823377E-01,    0.4218479259319410368256342E-01,   -0.1669421957958237834329651E-02,     -3.96%
    0.4766666666666667495633192E+01,    0.4048843624726860407347928E-01,    0.4215654128999015565204544E-01,   -0.1668105042721551578566164E-02,     -3.96%
    0.4768333333333332646475355E+01,    0.4046164883769147457837079E-01,    0.4212831794147933045513454E-01,   -0.1666669103787855876763757E-02,     -3.96%
    0.4769999999999999573674359E+01,    0.4043500904773207615949815E-01,    0.4210012251135651639710744E-01,   -0.1665113463624440237609292E-02,     -3.96%
    0.4771666666666666500873362E+01,    0.4040851751861809088017807E-01,    0.4207195496337461093627752E-01,   -0.1663437444756520056099447E-02,     -3.95%
    0.4773333333333333428072365E+01,    0.4038217489157717304815165E-01,    0.4204381526134435415054114E-01,   -0.1661640369767181102389486E-02,     -3.95%
    0.4775000000000000355271368E+01,    0.4035598180783699084894778E-01,    0.4201570336913421077618125E-01,   -0.1659721561297219927233471E-02,     -3.95%
    0.4776666666666667282470371E+01,    0.4032993890862516389583803E-01,    0.4198761925067028000224667E-01,   -0.1657680342045116106408642E-02,     -3.95%
    0.4778333333333334209669374E+01,    0.4030404683516938812992692E-01,    0.4195956286993617750935570E-01,   -0.1655516034766789379428786E-02,     -3.95%
    0.4779999999999999360511538E+01,    0.4027830622869733173674334E-01,    0.4193153419097298689743880E-01,   -0.1653227962275655160695464E-02,     -3.94%
    0.4781666666666666287710541E+01,    0.4025271773043660045177106E-01,    0.4190353317787898906887634E-01,   -0.1650815447442388617105280E-02,     -3.94%
    0.4783333333333333214909544E+01,    0.4022728198161487633832678E-01,    0.4187555979480975937301324E-01,   -0.1648277813194883034686455E-02,     -3.94%
    0.4785000000000000142108547E+01,    0.4020199962345979982636379E-01,    0.4184761400597793168376626E-01,   -0.1645614382518131857402466E-02,     -3.93%
    0.4786666666666667069307550E+01,    0.4017687129719905297919880E-01,    0.4181969577565312207179105E-01,   -0.1642824478454069092592249E-02,     -3.93%
    0.4788333333333333996506553E+01,    0.4015189764406027622678508E-01,    0.4179180506816183859886138E-01,   -0.1639907424101562372076302E-02,     -3.92%
    0.4789999999999999147348717E+01,    0.4012707930527115857133325E-01,    0.4176394184788738417335452E-01,   -0.1636862542616225602021274E-02,     -3.92%
    0.4791666666666666074547720E+01,    0.4010241692205928493164535E-01,    0.4173610607926962756675238E-01,   -0.1633689157210342635107025E-02,     -3.91%
    0.4793333333333333001746723E+01,    0.4007791113565237900440152E-01,    0.4170829772680509361926227E-01,   -0.1630386591152714614860741E-02,     -3.91%
    0.4794999999999999928945726E+01,    0.4005356258727804652508553E-01,    0.4168051675504673425631808E-01,   -0.1626954167768687731232546E-02,     -3.90%
    0.4796666666666666856144730E+01,    0.4002937191816397649590797E-01,    0.4165276312860383134406561E-01,   -0.1623391210439854848157637E-02,     -3.90%
    0.4798333333333333783343733E+01,    0.4000533976953781628571605E-01,    0.4162503681214192730042356E-01,   -0.1619697042604111014707513E-02,     -3.89%
    0.4800000000000000710542736E+01,    0.3998146678262722020225084E-01,    0.4159733777038268631720541E-01,   -0.1615870987755466114954572E-02,     -3.88%
    0.4801666666666665861384899E+01,    0.3995775359865987724772296E-01,    0.4156966596810383884896822E-01,   -0.1611912369443961601245263E-02,     -3.88%
    0.4803333333333332788583903E+01,    0.3993420085886337234093446E-01,    0.4154202137013895956840770E-01,   -0.1607820511275587227473238E-02,     -3.87%
    0.4804999999999999715782906E+01,    0.3991080920446541530077766E-01,    0.4151440394137751593861552E-01,   -0.1603594736912100637837852E-02,     -3.86%
    0.4806666666666666642981909E+01,    0.3988757927669364655720585E-01,    0.4148681364676467392405002E-01,   -0.1599234370071027366844163E-02,     -3.85%
    0.4808333333333333570180912E+01,    0.3986451171677572041796012E-01,    0.4145925045130121472380935E-01,   -0.1594738734525494305849236E-02,     -3.85%
    0.4810000000000000497379915E+01,    0.3984160716593930506856935E-01,    0.4143171432004340987154123E-01,   -0.1590107154104104802971875E-02,     -3.84%
    0.4811666666666667424578918E+01,    0.3981886626541203400009294E-01,    0.4140420521810296572429166E-01,   -0.1585338952690931724198720E-02,     -3.83%
    0.4813333333333332575421082E+01,    0.3979628965642159621474150E-01,    0.4137672311064688468462691E-01,   -0.1580433454225288469885413E-02,     -3.82%
    0.4814999999999999502620085E+01,    0.3977387798019562520357439E-01,    0.4134926796289731254496758E-01,   -0.1575389982701687341393182E-02,     -3.81%
    0.4816666666666666429819088E+01,    0.3975163187796176833543882E-01,    0.4132183974013154542648252E-01,   -0.1570207862169777091043699E-02,     -3.80%
    0.4818333333333333357018091E+01,    0.3972955199094769379586367E-01,    0.4129443840768186324563516E-01,   -0.1564886416734169449771485E-02,     -3.79%
    0.4820000000000000284217094E+01,    0.3970763896038106977037785E-01,    0.4126706393093543950856272E-01,   -0.1559424970554369738184874E-02,     -3.78%
    0.4821666666666667211416097E+01,    0.3968589342748952975004073E-01,    0.4123971627533420947209208E-01,   -0.1553822847844679722051353E-02,     -3.77%
    0.4823333333333334138615101E+01,    0.3966431603350073498148731E-01,    0.4121239540637480769369461E-01,   -0.1548079372874072712207294E-02,     -3.76%
    0.4824999999999999289457264E+01,    0.3964290741964238140582211E-01,    0.4118510128960849864254712E-01,   -0.1542193869966117236725012E-02,     -3.74%
    0.4826666666666666216656267E+01,    0.3962166822714206088074107E-01,    0.4115783389064089914377575E-01,   -0.1536165663498838263034685E-02,     -3.73%
    0.4828333333333333143855270E+01,    0.3960059909722744853066700E-01,    0.4113059317513212409522794E-01,   -0.1529994077904675564560932E-02,     -3.72%
    0.4830000000000000071054274E+01,    0.3957970067112623335781052E-01,    0.4110337910879652972839793E-01,   -0.1523678437670296370587408E-02,     -3.71%
    0.4831666666666666998253277E+01,    0.3955897359006603497544319E-01,    0.4107619165740264421948780E-01,   -0.1517218067336609244044610E-02,     -3.69%
    0.4833333333333333925452280E+01,    0.3953841849527452156909391E-01,    0.4104903078677307748378666E-01,   -0.1510612291498555914692759E-02,     -3.68%
    0.4835000000000000852651283E+01,    0.3951803602797937520207938E-01,    0.4102189646278440321447434E-01,   -0.1503860434805028012394956E-02,     -3.67%
    0.4836666666666666003493447E+01,    0.3949782682940822242656509E-01,    0.4099478865136711724925789E-01,   -0.1496961821958894822692798E-02,     -3.65%
    0.4838333333333332930692450E+01,    0.3947779154078871755029212E-01,    0.4096770731850538083129720E-01,   -0.1489915777716663281005083E-02,     -3.64%
    0.4839999999999999857891453E+01,    0.3945793080334850794210766E-01,    0.4094065243023713163150745E-01,   -0.1482721626888623689399793E-02,     -3.62%
    0.4841666666666666785090456E+01,    0.3943824525831527566532841E-01,    0.4091362395265384088727245E-01,   -0.1475378694338565221944037E-02,     -3.61%
    0.4843333333333333712289459E+01,    0.3941873554691667502769548E-01,    0.4088662185190047176908124E-01,   -0.1467886304983796741385760E-02,     -3.59%
    0.4845000000000000639488462E+01,    0.3939940231038033952026822E-01,    0.4085964609417534754154389E-01,   -0.1460243783795008021275663E-02,     -3.57%
    0.4846666666666665790330626E+01,    0.3938024618993396508415117E-01,    0.4083269664573008911334639E-01,   -0.1452450455796124029195227E-02,     -3.56%
    0.4848333333333332717529629E+01,    0.3936126782680516439372198E-01,    0.4080577347286944156490307E-01,   -0.1444505646064277171181089E-02,     -3.54%
    0.4849999999999999644728632E+01,    0.3934246786222161257340346E-01,    0.4077887654195127414835653E-01,   -0.1436408679729661574953070E-02,     -3.52%
    0.4851666666666666571927635E+01,    0.3932384693741095005314889E-01,    0.4075200581938642763191183E-01,   -0.1428158881975477578762934E-02,     -3.50%
    0.4853333333333333499126638E+01,    0.3930540569360085889627499E-01,    0.4072516127163863797200349E-01,   -0.1419755578037779075728508E-02,     -3.49%
    0.4855000000000000426325641E+01,    0.3928714477201898647162892E-01,    0.4069834286522437671873575E-01,   -0.1411198093205390247106834E-02,     -3.47%
    0.4856666666666667353524645E+01,    0.3926906481389297320916398E-01,    0.4067155056671285795477644E-01,   -0.1402485752819884745612455E-02,     -3.45%
    0.4858333333333332504366808E+01,    0.3925116646045051504998469E-01,    0.4064478434272586482300937E-01,   -0.1393617882275349773024686E-02,     -3.43%
    0.4859999999999999431565811E+01,    0.3923345035291923160736260E-01,    0.4061804415993761768755022E-01,   -0.1384593807018386080187611E-02,     -3.41%
    0.4861666666666666358764815E+01,    0.3921591713252677718903882E-01,    0.4059132998507479495042816E-01,   -0.1375412852548017761389332E-02,     -3.39%
    0.4863333333333333285963818E+01,    0.3919856744050081998054225E-01,    0.4056464178491635264034443E-01,   -0.1366074344415532659802182E-02,     -3.37%
    0.4865000000000000213162821E+01,    0.3918140191806901428961396E-01,    0.4053797952629343420705155E-01,   -0.1356577608224419917437586E-02,     -3.35%
    0.4866666666666667140361824E+01,    0.3916442120645901442399506E-01,    0.4051134317608930113241428E-01,   -0.1346921969630286708419220E-02,     -3.32%
    0.4868333333333334067560827E+01,    0.3914762594689848856921444E-01,    0.4048473270123919415253155E-01,   -0.1337106754340705583317117E-02,     -3.30%
    0.4869999999999999218402991E+01,    0.3913101678061509103301319E-01,    0.4045814806873031244105476E-01,   -0.1327131288115221408041577E-02,     -3.28%
    0.4871666666666666145601994E+01,    0.3911459434883645530645069E-01,    0.4043158924560158462568893E-01,   -0.1316994896765129319238241E-02,     -3.26%
    0.4873333333333333072800997E+01,    0.3909835929279025651394974E-01,    0.4040505619894373123823783E-01,   -0.1306696906153474724288088E-02,     -3.23%
    0.4875000000000000000000000E+01,    0.3908231225370414202435754E-01,    0.4037854889589905654778690E-01,   -0.1296236642194914523429361E-02,     -3.21%
    0.4876666666666666927199003E+01,    0.3906645387280576614541516E-01,    0.4035206730366140692733978E-01,   -0.1285613430855640781924620E-02,     -3.19%
    0.4878333333333333854398006E+01,    0.3905078479132280400154542E-01,    0.4032561138947605983151590E-01,   -0.1274826598153255829970476E-02,     -3.16%
    0.4880000000000000781597009E+01,    0.3903530565048288214491379E-01,    0.4029918112063961971314185E-01,   -0.1263875470156737568228067E-02,     -3.14%
    0.4881666666666665932439173E+01,    0.3902001709151370345551868E-01,    0.4027277646449994863431243E-01,   -0.1252759372986245178793752E-02,     -3.11%
    0.4883333333333332859638176E+01,    0.3900491975564286672994996E-01,    0.4024639738845599973293687E-01,   -0.1241477632813133002986916E-02,     -3.08%
    0.4884999999999999786837179E+01,    0.3899001428409806790931214E-01,    0.4022004385995783803942061E-01,   -0.1230029575859770130108473E-02,     -3.06%
    0.4886666666666666714036182E+01,    0.3897530131810694742355849E-01,    0.4019371584650645312652983E-01,   -0.1218414528399505702971339E-02,     -3.03%
    0.4888333333333333641235185E+01,    0.3896078149889714570264232E-01,    0.4016741331565371747602811E-01,   -0.1206631816756571773385787E-02,     -3.00%
    0.4890000000000000568434189E+01,    0.3894645546769635868766812E-01,    0.4014113623500226157858606E-01,   -0.1194680767305902890917935E-02,     -2.98%
    0.4891666666666667495633192E+01,    0.3893232386573220599190748E-01,    0.4011488457220538372816065E-01,   -0.1182560706473177736253177E-02,     -2.95%
    0.4893333333333332646475355E+01,    0.3891838733423238355646490E-01,    0.4008865829496701532752567E-01,   -0.1170270960734631771060776E-02,     -2.92%
    0.4894999999999999573674359E+01,    0.3890464651442450405571805E-01,    0.4006245737104145721030335E-01,   -0.1157810856616953154585303E-02,     -2.89%
    0.4896666666666666500873362E+01,    0.3889110204753624261408973E-01,    0.4003628176823352535773637E-01,   -0.1145179720697282743646639E-02,     -2.86%
    0.4898333333333333428072365E+01,    0.3887775457479525353932104E-01,    0.4001013145439828028182561E-01,   -0.1132376879603026742504568E-02,     -2.83%
    0.4900000000000000355271368E+01,    0.3886460473742919113915306E-01,    0.3998400639744101314754232E-01,   -0.1119401660011822008389260E-02,     -2.80%
    0.4901666666666667282470371E+01,    0.3885165317666572359911470E-01,    0.3995790656531712781163179E-01,   -0.1106253388651404212517093E-02,     -2.77%
    0.4903333333333334209669374E+01,    0.3883890053373247747137142E-01,    0.3993183192603203673920476E-01,   -0.1092931392299559267833331E-02,     -2.74%
    0.4904999999999999360511538E+01,    0.3882634744985716257481556E-01,    0.3990578244764112630926789E-01,   -0.1079434997783963734452328E-02,     -2.70%
    0.4906666666666666287710541E+01,    0.3881399456626737076714306E-01,    0.3987975809824954864790669E-01,   -0.1065763531982177880763629E-02,     -2.67%
    0.4908333333333333214909544E+01,    0.3880184252419080492835235E-01,    0.3985375884601227020054282E-01,   -0.1051916321821465272190466E-02,     -2.64%
    0.4910000000000000142108547E+01,    0.3878989196485510548839670E-01,    0.3982778465913390519848036E-01,   -0.1037892694278799710083661E-02,     -2.61%
    0.4911666666666667069307550E+01,    0.3877814352948791981612331E-01,    0.3980183550586861157549734E-01,   -0.1023691976380691759374031E-02,     -2.57%
    0.4913333333333333996506553E+01,    0.3876659785931691609706107E-01,    0.3977591135452003545669442E-01,   -0.1009313495203119359633348E-02,     -2.54%
    0.4914999999999999147348717E+01,    0.3875525559556975557784497E-01,    0.3975001217344124176955589E-01,   -0.9947565778714861917109147E-03,     -2.50%
    0.4916666666666666074547720E+01,    0.3874411737947407868842831E-01,    0.3972413793103449219934475E-01,   -0.9800205515604135109164474E-03,     -2.47%
    0.4918333333333333001746723E+01,    0.3873318385225753279765826E-01,    0.3969828859575134233361737E-01,   -0.9651047434938095359591159E-03,     -2.43%
    0.4919999999999999928945726E+01,    0.3872245565514779996885153E-01,    0.3967246413609242655651244E-01,   -0.9500084809446265876609061E-03,     -2.39%
    0.4921666666666666856144730E+01,    0.3871193342937253450974922E-01,    0.3964666452060739559870584E-01,   -0.9347310912348610889566203E-03,     -2.36%
    0.4923333333333333783343733E+01,    0.3870161781615936297251679E-01,    0.3962088971789486102625943E-01,   -0.9192719017354980537426457E-03,     -2.32%
    0.4925000000000000710542736E+01,    0.3869150945673596742047096E-01,    0.3959513969660223564606127E-01,   -0.9036302398662682255903178E-03,     -2.28%
    0.4926666666666665861384899E+01,    0.3868160899233002297803452E-01,    0.3956941442542573350582558E-01,   -0.8878054330957105277910557E-03,     -2.24%
    0.4928333333333332788583903E+01,    0.3867191706416914231958515E-01,    0.3954371387311016172727562E-01,   -0.8717968089410194076904759E-03,     -2.20%
    0.4929999999999999715782906E+01,    0.3866243431348100056954564E-01,    0.3951803800844896213950719E-01,   -0.8556036949679615699615454E-03,     -2.17%
    0.4931666666666666642981909E+01,    0.3865316138149324509676319E-01,    0.3949238680028403780664092E-01,   -0.8392254187907927098777350E-03,     -2.13%
    0.4933333333333333570180912E+01,    0.3864409890943354408676669E-01,    0.3946676021750569751667115E-01,   -0.8226613080721534299044606E-03,     -2.08%
    0.4935000000000000497379915E+01,    0.3863524753852955878619113E-01,    0.3944115822905254475916337E-01,   -0.8059106905229859729722364E-03,     -2.04%
    0.4936666666666667424578918E+01,    0.3862660791000893656388371E-01,    0.3941558080391141527520915E-01,   -0.7889728939024787113254433E-03,     -2.00%
    0.4938333333333332575421082E+01,    0.3861818066509933172758551E-01,    0.3939002791111728685180537E-01,   -0.7718472460179551242198670E-03,     -1.96%
    0.4939999999999999502620085E+01,    0.3860996644502839164614372E-01,    0.3936449951975311278840053E-01,   -0.7545330747247211422568114E-03,     -1.92%
    0.4941666666666666429819088E+01,    0.3860196589102379838287504E-01,    0.3933899559894987046915205E-01,   -0.7370297079260720862770029E-03,     -1.87%
    0.4943333333333333357018091E+01,    0.3859417964431317848994496E-01,    0.3931351611788638789057870E-01,   -0.7193364735732094006337434E-03,     -1.83%
    0.4945000000000000284217094E+01,    0.3858660834612419321398846E-01,    0.3928806104578924651704597E-01,   -0.7014526996650533030575048E-03,     -1.79%
    0.4946666666666667211416097E+01,    0.3857925263768451074053445E-01,    0.3926263035193276046408428E-01,   -0.6833777142482497235498329E-03,     -1.74%
    0.4948333333333334138615101E+01,    0.3857211316022180619400572E-01,    0.3923722400563881690382928E-01,   -0.6651108454170107098235576E-03,     -1.70%
    0.4949999999999999289457264E+01,    0.3856519055496370612656776E-01,    0.3921184197627684137055226E-01,   -0.6466514213131352439845045E-03,     -1.65%
    0.4951666666666666216656267E+01,    0.3855848546313786484596164E-01,    0.3918648423326364510499431E-01,   -0.6279987701257802590326662E-03,     -1.60%
    0.4953333333333333143855270E+01,    0.3855199852597195053771628E-01,    0.3916115074606343893215410E-01,   -0.6091522200914883944378175E-03,     -1.56%
    0.4955000000000000071054274E+01,    0.3854573038469361057067886E-01,    0.3913584148418765285004639E-01,   -0.5901110994940422793675339E-03,     -1.51%
    0.4956666666666666998253277E+01,    0.3853968168053051313037827E-01,    0.3911055641719490827412642E-01,   -0.5708747366643951437481519E-03,     -1.46%
    0.4958333333333333925452280E+01,    0.3853385305471029170787389E-01,    0.3908529551469090701498743E-01,   -0.5514424599806153071135384E-03,     -1.41%
    0.4960000000000000852651283E+01,    0.3852824514846064918316415E-01,    0.3906005874632834107273993E-01,   -0.5318135978676918895757808E-03,     -1.36%
    0.4961666666666666003493447E+01,    0.3852285860300917741394500E-01,    0.3903484608180685100364826E-01,   -0.5119874787976735897032654E-03,     -1.31%
    0.4963333333333332930692450E+01,    0.3851769405958358621910875E-01,    0.3900965749087283163110129E-01,   -0.4919634312892454119925389E-03,     -1.26%
    0.4964999999999999857891453E+01,    0.3851275215941150215082089E-01,    0.3898449294331947367897584E-01,   -0.4717407839079715281549454E-03,     -1.21%
    0.4966666666666666785090456E+01,    0.3850803354372058645571641E-01,    0.3895935240898662499375860E-01,   -0.4513188652660385380421815E-03,     -1.16%
    0.4968333333333333712289459E+01,    0.3850353885373850038043031E-01,    0.3893423585776068646113757E-01,   -0.4306970040221860807072574E-03,     -1.11%
    0.4970000000000000639488462E+01,    0.3849926873069291211049148E-01,    0.3890914325957455649485084E-01,   -0.4098745288816443843593618E-03,     -1.05%
    0.4971666666666665790330626E+01,    0.3849522381581145513695930E-01,    0.3888407458440756164774754E-01,   -0.3888507685961065107882462E-03,     -1.00%
    0.4973333333333332717529629E+01,    0.3849140475032179070646876E-01,    0.3885902980228526232275854E-01,   -0.3676250519634716162897803E-03,     -0.95%
    0.4974999999999999644728632E+01,    0.3848781217545157312676096E-01,    0.3883400888327953603962328E-01,   -0.3461967078279629128623185E-03,     -0.89%
    0.4976666666666666571927635E+01,    0.3848444673242847752225870E-01,    0.3880901179750837620696657E-01,   -0.3245650650798986847078709E-03,     -0.84%
    0.4978333333333333499126638E+01,    0.3848130906248013738402136E-01,    0.3878403851513584355004127E-01,   -0.3027294526557061660199111E-03,     -0.78%
    0.4980000000000000426325641E+01,    0.3847839980683421395868393E-01,    0.3875908900637198978289533E-01,   -0.2806891995377758242113941E-03,     -0.72%
    0.4981666666666667353524645E+01,    0.3847571960671838237066922E-01,    0.3873416324147274658606932E-01,   -0.2584436347543642154001020E-03,     -0.67%
    0.4983333333333332504366808E+01,    0.3847326910336027611103660E-01,    0.3870926119073989785102086E-01,   -0.2359920873796217399842590E-03,     -0.61%
    0.4984999999999999431565811E+01,    0.3847104893798754948752716E-01,    0.3868438282452087845220134E-01,   -0.2133338865333289646741832E-03,     -0.55%
    0.4986666666666666358764815E+01,    0.3846905975182787762456371E-01,    0.3865952811320884363599504E-01,   -0.1904683613809660114313260E-03,     -0.49%
    0.4988333333333333285963818E+01,    0.3846730218610890095209953E-01,    0.3863469702724250942615924E-01,   -0.1673948411336084740597130E-03,     -0.43%
    0.4990000000000000213162821E+01,    0.3846577688205828765566352E-01,    0.3860988953710603466262796E-01,   -0.1441126550477470069644426E-03,     -0.37%
    0.4991666666666667140361824E+01,    0.3846448448090368510410286E-01,    0.3858510561332900018483016E-01,   -0.1206211324253150807273016E-03,     -0.31%
    0.4993333333333334067560827E+01,    0.3846342562387274760515865E-01,    0.3856034522648631862606905E-01,   -0.9691960261357102091039906E-04,     -0.25%
    0.4994999999999999218402991E+01,    0.3846260095219313640546588E-01,    0.3853560834719813726900739E-01,   -0.7300739500500086354151108E-04,     -0.19%
    0.4996666666666666145601994E+01,    0.3846201110709251275165954E-01,    0.3851089494612968539000164E-01,   -0.4888383903717263834209916E-04,     -0.13%
    0.4998333333333333072800997E+01,    0.3846165672979851013479902E-01,    0.3848620499399134364804098E-01,   -0.2454826419283351324196474E-04,     -0.06%
    0.5000000000000000000000000E+01,    0.3846153846153881755709492E-01,    0.3846153846153846367350582E-01,    0.3538835890992686472600326E-15,      0.00%
