   -0.5000000000000000000000000E+01,    0.3846153846153845673461191E-01,    0.3846153846153846367350582E-01,   -0.6938893903907228377647698E-17,      0.00%
   -0.4998333333333333072800997E+01,    0.8575980029875598931177194E-01,    0.3848620499399134364804098E-01,    0.4727359530476464566373096E-01,    122.83%
   -0.4996666666666667033780413E+01,    0.1323357659348257664433390E+00,    0.3851089494612967151221383E-01,    0.9382487098869610187001911E-01,    243.63%
   -0.4995000000000000106581410E+01,    0.1781963504316459445675491E+00,    0.3853560834719812339121958E-01,    0.1396607420844478142374356E+00,    362.42%
   -0.4993333333333333179382407E+01,    0.2233484191962188392110988E+00,    0.3856034522648633250385686E-01,    0.1847880739697325136461359E+00,    479.22%
   -0.4991666666666666252183404E+01,    0.2677987882637420380405047E+00,    0.3858510561332901406261797E-01,    0.2292136826504130309167806E+00,    594.05%
   -0.4990000000000000213162821E+01,    0.3115542245793035402989801E+00,    0.3860988953710603466262796E-01,    0.2729443350421975056363522E+00,    706.93%
   -0.4988333333333333285963818E+01,    0.3546214462783204290907690E+00,    0.3863469702724250942615924E-01,    0.3159867492510779474201854E+00,    817.88%
   -0.4986666666666666358764815E+01,    0.3970071229655482425435764E+00,    0.3865952811320884363599504E-01,    0.3583475948523394127853692E+00,    926.93%
   -0.4985000000000000319744231E+01,    0.4387178759929105664738813E+00,    0.3868438282452086457441354E-01,    0.4000334931683897088383617E+00,   1034.10%
   -0.4983333333333333392545228E+01,    0.4797602787361048282122056E+00,    0.3870926119073988397323305E-01,    0.4410510175453649650556542E+00,   1139.39%
   -0.4981666666666666465346225E+01,    0.5201408568696905820871734E+00,    0.3873416324147275352496322E-01,    0.4814066936282178077455285E+00,   1242.85%
   -0.4980000000000000426325641E+01,    0.5598660886411029879994317E+00,    0.3875908900637198978289533E-01,    0.5211069996347309496442790E+00,   1344.48%
   -0.4978333333333333499126638E+01,    0.5989424051434200091392768E+00,    0.3878403851513584355004127E-01,    0.5601583666282841100780843E+00,   1444.30%
   -0.4976666666666666571927635E+01,    0.6373761905865593657694035E+00,    0.3880901179750837620696657E-01,    0.5985671787890509687457552E+00,   1542.34%
   -0.4974999999999999644728632E+01,    0.6751737825677077697861250E+00,    0.3883400888327953603962328E-01,    0.6363397736844282892576530E+00,   1638.61%
   -0.4973333333333333605708049E+01,    0.7123414723398004966270491E+00,    0.3885902980228525538386464E-01,    0.6734824425375152134876089E+00,   1733.14%
   -0.4971666666666666678509046E+01,    0.7488855050796141554769747E+00,    0.3888407458440755470885364E-01,    0.7100014304952065868903333E+00,   1825.94%
   -0.4969999999999999751310042E+01,    0.7848120801537217250398726E+00,    0.3890914325957457037263865E-01,    0.7459029368941471060949766E+00,   1917.04%
   -0.4968333333333333712289459E+01,    0.8201273513839201223518671E+00,    0.3893423585776068646113757E-01,    0.7811931155261594428296235E+00,   2006.44%
   -0.4966666666666666785090456E+01,    0.8548374273109745624665834E+00,    0.3895935240898662499375860E-01,    0.8158780749019879374728248E+00,   2094.18%
   -0.4964999999999999857891453E+01,    0.8889483714572601336101343E+00,    0.3898449294331947367897584E-01,    0.8499638785139406182977950E+00,   2180.26%
   -0.4963333333333332930692450E+01,    0.9224662025882894855755012E+00,    0.3900965749087283163110129E-01,    0.8834565450974166678221877E+00,   2264.71%
   -0.4961666666666666891671866E+01,    0.9553968949726653336895765E+00,    0.3903484608180684406475436E-01,    0.9163620488908584826859283E+00,   2347.55%
   -0.4959999999999999964472863E+01,    0.9877463786414788504686157E+00,    0.3906005874632835495052774E-01,    0.9486863198951505093958758E+00,   2428.79%
   -0.4958333333333333037273860E+01,    0.1019520539645578427467854E+01,    0.3908529551469091395388133E-01,    0.9804352441308875620862295E+00,   2508.45%
   -0.4956666666666666998253277E+01,    0.1050725220312334062811033E+01,    0.3911055641719490827412642E-01,    0.1011614663895139099025755E+01,   2586.55%
   -0.4955000000000000071054274E+01,    0.1081366219501134651181928E+01,    0.3913584148418765285004639E-01,    0.1042230378016947067720821E+01,   2663.11%
   -0.4953333333333333143855270E+01,    0.1111449292857193960060158E+01,    0.3916115074606343893215410E-01,    0.1072288142111130548883580E+01,   2738.14%
   -0.4951666666666667104834687E+01,    0.1140980153064599766921106E+01,    0.3918648423326363816610041E-01,    0.1101793668831336114877217E+01,   2811.67%
   -0.4950000000000000177635684E+01,    0.1169964470098236120065849E+01,    0.3921184197627683443165836E-01,    0.1130752628121959313389766E+01,   2883.70%
   -0.4948333333333333250436681E+01,    0.1198407871473913255400134E+01,    0.3923722400563882384272318E-01,    0.1159170647468274362168472E+01,   2954.26%
   -0.4946666666666666323237678E+01,    0.1226315942498259925486082E+01,    0.3926263035193277434187209E-01,    0.1187053312146327144205316E+01,   3023.37%
   -0.4945000000000000284217094E+01,    0.1253694226516415266559079E+01,    0.3928806104578924651704597E-01,    0.1214406165470625964530882E+01,   3091.03%
   -0.4943333333333333357018091E+01,    0.1280548225159285902208239E+01,    0.3931351611788638789057870E-01,    0.1241234709041399542073236E+01,   3157.27%
   -0.4941666666666666429819088E+01,    0.1306883398589300915304534E+01,    0.3933899559894987046915205E-01,    0.1267544402990351093407639E+01,   3222.11%
   -0.4940000000000000390798505E+01,    0.1332705165745100783780686E+01,    0.3936449951975309891061272E-01,    0.1293340666225347712625648E+01,   3285.55%
   -0.4938333333333333463599502E+01,    0.1358018904585078789892805E+01,    0.3939002791111727991291147E-01,    0.1318628876673961558552151E+01,   3347.62%
   -0.4936666666666666536400498E+01,    0.1382829952329663214527500E+01,    0.3941558080391142915299696E-01,    0.1343414371525751827007866E+01,   3408.33%
   -0.4934999999999999609201495E+01,    0.1407143605702386501832279E+01,    0.3944115822905255863695118E-01,    0.1367702447473333915439753E+01,   3467.70%
   -0.4933333333333333570180912E+01,    0.1430965121170156839625065E+01,    0.3946676021750569751667115E-01,    0.1391498360952651225375121E+01,   3525.75%
   -0.4931666666666666642981909E+01,    0.1454299715182064689500407E+01,    0.3949238680028403780664092E-01,    0.1414807328381780582304827E+01,   3582.48%
   -0.4929999999999999715782906E+01,    0.1477152564407112844691028E+01,    0.3951803800844896213950719E-01,    0.1437634526398663847857051E+01,   3637.92%
   -0.4928333333333333676762322E+01,    0.1499528805970800071634130E+01,    0.3954371387311014784948782E-01,    0.1459985092097690007051369E+01,   3692.08%
   -0.4926666666666666749563319E+01,    0.1521433537690548565279869E+01,    0.3956941442542571962803777E-01,    0.1481864123265122845651831E+01,   3744.97%
   -0.4924999999999999822364316E+01,    0.1542871818310452391997956E+01,    0.3959513969660224258495518E-01,    0.1503276678613850059207380E+01,   3796.62%
   -0.4923333333333333783343733E+01,    0.1563848667733932273904429E+01,    0.3962088971789486102625943E-01,    0.1524227778016037371244806E+01,   3847.03%
   -0.4921666666666666856144730E+01,    0.1584369067256244267838383E+01,    0.3964666452060739559870584E-01,    0.1544722402735636768156269E+01,   3896.22%
   -0.4919999999999999928945726E+01,    0.1604437959795476542623760E+01,    0.3967246413609242655651244E-01,    0.1564765495659384164639505E+01,   3944.21%
   -0.4918333333333333001746723E+01,    0.1624060250122194126731756E+01,    0.3969828859575134233361737E-01,    0.1584361961526442819092608E+01,   3991.01%
   -0.4916666666666666962726140E+01,    0.1643240805088495237740176E+01,    0.3972413793103447832155695E-01,    0.1603516667157460773296407E+01,   4036.63%
   -0.4915000000000000035527137E+01,    0.1661984453855551047141148E+01,    0.3975001217344122789176808E-01,    0.1622234441682109729043759E+01,   4081.09%
   -0.4913333333333333108328134E+01,    0.1680295988120225514350636E+01,    0.3977591135452004933448222E-01,    0.1640520076765705548282881E+01,   4124.41%
   -0.4911666666666667069307550E+01,    0.1698180162340648946539545E+01,    0.3980183550586861157549734E-01,    0.1658378326834780258636215E+01,   4166.59%
   -0.4910000000000000142108547E+01,    0.1715641693960531011242665E+01,    0.3982778465913390519848036E-01,    0.1675813909301397064410821E+01,   4207.65%
   -0.4908333333333333214909544E+01,    0.1732685263632478545048343E+01,    0.3985375884601227020054282E-01,    0.1692831504786466378931209E+01,   4247.61%
   -0.4906666666666666287710541E+01,    0.1749315515440259538593182E+01,    0.3987975809824954864790669E-01,    0.1709435757342010031578639E+01,   4286.47%
   -0.4905000000000000248689958E+01,    0.1765537057120258879194807E+01,    0.3990578244764111937037399E-01,    0.1725631274672617676557707E+01,   4324.26%
   -0.4903333333333333321490954E+01,    0.1781354460280948348582797E+01,    0.3993183192603204367809866E-01,    0.1741422628354916346538062E+01,   4360.99%
   -0.4901666666666666394291951E+01,    0.1796772260622696126830533E+01,    0.3995790656531714168941960E-01,    0.1756814354057379068407840E+01,   4396.66%
   -0.4900000000000000355271368E+01,    0.1811794958154902435154554E+01,    0.3998400639744101314754232E-01,    0.1771810951757461394251436E+01,   4431.30%
   -0.4898333333333333428072365E+01,    0.1826427017413751574537173E+01,    0.4001013145439828028182561E-01,    0.1786416885959353217927514E+01,   4464.91%
   -0.4896666666666666500873362E+01,    0.1840672867677355828419650E+01,    0.4003628176823352535773637E-01,    0.1800636585909122233672974E+01,   4497.51%
   -0.4894999999999999573674359E+01,    0.1854536903181155826914051E+01,    0.4006245737104145721030335E-01,    0.1814474445810114300314808E+01,   4529.11%
   -0.4893333333333333534653775E+01,    0.1868023483331229472881319E+01,    0.4008865829496699451084396E-01,    0.1827934825036262367348172E+01,   4559.73%
   -0.4891666666666666607454772E+01,    0.1881136932917192972070097E+01,    0.4011488457220540454484237E-01,    0.1841022048344987505075210E+01,   4589.37%
   -0.4889999999999999680255769E+01,    0.1893881542323936351124303E+01,    0.4014113623500227545637387E-01,    0.1853740406088933978523414E+01,   4618.06%
   -0.4888333333333333641235185E+01,    0.1906261567742191687102604E+01,    0.4016741331565371747602811E-01,    0.1866094154426537921054319E+01,   4645.79%
   -0.4886666666666666714036182E+01,    0.1918281231378198281589675E+01,    0.4019371584650645312652983E-01,    0.1878087515531691842340933E+01,   4672.59%
   -0.4884999999999999786837179E+01,    0.1929944721662141260409840E+01,    0.4022004385995783803942061E-01,    0.1889724677802183450125995E+01,   4698.46%
   -0.4883333333333333747816596E+01,    0.1941256193456039724765105E+01,    0.4024639738845598585514907E-01,    0.1901009796067583801360001E+01,   4723.43%
   -0.4881666666666666820617593E+01,    0.1952219768259972454416129E+01,    0.4027277646449993475652462E-01,    0.1911946991795472561292968E+01,   4747.49%
   -0.4879999999999999893418590E+01,    0.1962839534417796683030133E+01,    0.4029918112063962665203576E-01,    0.1922540353297157000866946E+01,   4770.67%
   -0.4878333333333332966219587E+01,    0.1973119547321746214407767E+01,    0.4032561138947607370930371E-01,    0.1932793935932270112942888E+01,   4792.97%
   -0.4876666666666666927199003E+01,    0.1983063829615601569855698E+01,    0.4035206730366140692733978E-01,    0.1942711762311940093539420E+01,   4814.40%
   -0.4875000000000000000000000E+01,    0.1992676371397765988646711E+01,    0.4037854889589905654778690E-01,    0.1952297822501867008426757E+01,   4834.99%
   -0.4873333333333333072800997E+01,    0.2001961130422248213989178E+01,    0.4040505619894373123823783E-01,    0.1961556074223304468873152E+01,   4854.73%
   -0.4871666666666667033780413E+01,    0.2010922032299585104908601E+01,    0.4043158924560157074790112E-01,    0.1970490443053983575794064E+01,   4873.64%
   -0.4870000000000000106581410E+01,    0.2019562970696150205895947E+01,    0.4045814806873029856326696E-01,    0.1979104822627419935088255E+01,   4891.73%
   -0.4868333333333333179382407E+01,    0.2027887807532811059729738E+01,    0.4048473270123920803031936E-01,    0.1987403074831571858638313E+01,   4909.02%
   -0.4866666666666666252183404E+01,    0.2035900373182497169466387E+01,    0.4051134317608930807130818E-01,    0.1995389030006407882211761E+01,   4925.51%
   -0.4865000000000000213162821E+01,    0.2043604466666937735652709E+01,    0.4053797952629343420705155E-01,    0.2003066487140644280628976E+01,   4941.21%
   -0.4863333333333333285963818E+01,    0.2051003855851836199519767E+01,    0.4056464178491635264034443E-01,    0.2010439214066920055046239E+01,   4956.14%
   -0.4861666666666666358764815E+01,    0.2058102277642006150415455E+01,    0.4059132998507479495042816E-01,    0.2017510947656931286076087E+01,   4970.30%
   -0.4860000000000000319744231E+01,    0.2064903438174970240481798E+01,    0.4061804415993761074865631E-01,    0.2024285394015032490955264E+01,   4983.71%
   -0.4858333333333333392545228E+01,    0.2071411013013541246863269E+01,    0.4064478434272585788411547E-01,    0.2030766228670815465306987E+01,   4996.38%
   -0.4856666666666666465346225E+01,    0.2077628647337420808582920E+01,    0.4067155056671287183256425E-01,    0.2036957096770708020017082E+01,   5008.31%
   -0.4855000000000000426325641E+01,    0.2083559956134631629964815E+01,    0.4069834286522437671873575E-01,    0.2042861613269407072834838E+01,   5019.52%
   -0.4853333333333333499126638E+01,    0.2089208524390617327526343E+01,    0.4072516127163863797200349E-01,    0.2048483363118978495265310E+01,   5030.02%
   -0.4851666666666666571927635E+01,    0.2094577907277854311729470E+01,    0.4075200581938642763191183E-01,    0.2053825901458467662052954E+01,   5039.82%
   -0.4849999999999999644728632E+01,    0.2099671630343170392052343E+01,    0.4077887654195127414835653E-01,    0.2058892753801218944431639E+01,   5048.92%
   -0.4848333333333333605708049E+01,    0.2104493189695391563986959E+01,    0.4080577347286942768711526E-01,    0.2063687416222522053033117E+01,   5057.34%
   -0.4846666666666666678509046E+01,    0.2109046052190868714149019E+01,    0.4083269664573008217445249E-01,    0.2068213355545138742996869E+01,   5065.09%
   -0.4844999999999999751310042E+01,    0.2113333655619276996162625E+01,    0.4085964609417536141933169E-01,    0.2072474009525101745765596E+01,   5072.18%
   -0.4843333333333333712289459E+01,    0.2117359408887210303618076E+01,    0.4088662185190047176908124E-01,    0.2076472787035309686132223E+01,   5078.61%
   -0.4841666666666666785090456E+01,    0.2121126692201927177450216E+01,    0.4091362395265384088727245E-01,    0.2080213068249273433707458E+01,   5084.40%
   -0.4839999999999999857891453E+01,    0.2124638857253509982569994E+01,    0.4094065243023713163150745E-01,    0.2083698204823273059105304E+01,   5089.56%
   -0.4838333333333332930692450E+01,    0.2127899227396528480937832E+01,    0.4096770731850538083129720E-01,    0.2086931520078023183373261E+01,   5094.09%
   -0.4836666666666666891671866E+01,    0.2130911097830489708826462E+01,    0.4099478865136710337147008E-01,    0.2089916309179122411165963E+01,   5098.00%
   -0.4834999999999999964472863E+01,    0.2133677735779434758711659E+01,    0.4102189646278442403115605E-01,    0.2092655839316650556725108E+01,   5101.31%
   -0.4833333333333333037273860E+01,    0.2136202380670971123777235E+01,    0.4104903078677309830046838E-01,    0.2095153349884197879759995E+01,   5104.03%
   -0.4831666666666666998253277E+01,    0.2138488244313561548182179E+01,    0.4107619165740264421948780E-01,    0.2097412052656158820695964E+01,   5106.15%
   -0.4830000000000000071054274E+01,    0.2140538511074215222151906E+01,    0.4110337910879652972839793E-01,    0.2099435131965418754873554E+01,   5107.69%
   -0.4828333333333333143855270E+01,    0.2142356338053855058234376E+01,    0.4113059317513212409522794E-01,    0.2101225744878723045161451E+01,   5108.67%
   -0.4826666666666666216656267E+01,    0.2143944855262784443539203E+01,    0.4115783389064089914377575E-01,    0.2102787021372143350106398E+01,   5109.08%
   -0.4825000000000000177635684E+01,    0.2145307165795265813557080E+01,    0.4118510128960848476475931E-01,    0.2104122064505657530020244E+01,   5108.94%
   -0.4823333333333333250436681E+01,    0.2146446346002147009812688E+01,    0.4121239540637482851037632E-01,    0.2105233950595772007829964E+01,   5108.25%
   -0.4821666666666666323237678E+01,    0.2147365445664282113114041E+01,    0.4123971627533422334987989E-01,    0.2106125729388947931397524E+01,   5107.03%
   -0.4820000000000000284217094E+01,    0.2148067488163162952474750E+01,    0.4126706393093543950856272E-01,    0.2106800424232227353371627E+01,   5105.28%
   -0.4818333333333333357018091E+01,    0.2148555470652668386577488E+01,    0.4129443840768186324563516E-01,    0.2107261032244986509454066E+01,   5103.01%
   -0.4816666666666666429819088E+01,    0.2148832364228387969973255E+01,    0.4132183974013154542648252E-01,    0.2107510524488256375974515E+01,   5100.23%
   -0.4815000000000000390798505E+01,    0.2148901114096601450142998E+01,    0.4134926796289729172828586E-01,    0.2107551846133703943309001E+01,   5096.95%
   -0.4813333333333333463599502E+01,    0.2148764639742860360627219E+01,    0.4137672311064687080683910E-01,    0.2107387916632213364920290E+01,   5093.17%
   -0.4811666666666666536400498E+01,    0.2148425835098767500142003E+01,    0.4140420521810297960207947E-01,    0.2107021629880664548295499E+01,   5088.91%
   -0.4809999999999999609201495E+01,    0.2147887568708706229614336E+01,    0.4143171432004343068822294E-01,    0.2106455854388662896070628E+01,   5084.16%
   -0.4808333333333333570180912E+01,    0.2147152683895911629008424E+01,    0.4145925045130121472380935E-01,    0.2105693433444610462856872E+01,   5078.95%
   -0.4806666666666666642981909E+01,    0.2146223998926031217848731E+01,    0.4148681364676467392405002E-01,    0.2104737185279266675763665E+01,   5073.27%
   -0.4804999999999999715782906E+01,    0.2145104307172167157347076E+01,    0.4151440394137751593861552E-01,    0.2103589903230789648347354E+01,   5067.13%
   -0.4803333333333333676762322E+01,    0.2143796377277378262249385E+01,    0.4154202137013894569061989E-01,    0.2102254355907239524725583E+01,   5060.55%
   -0.4801666666666666749563319E+01,    0.2142302953316908453729184E+01,    0.4156966596810382497118042E-01,    0.2100733287348804712024730E+01,   5053.52%
   -0.4799999999999999822364316E+01,    0.2140626754959880084783208E+01,    0.4159733777038270019499322E-01,    0.2099029417189497426221578E+01,   5046.07%
   -0.4798333333333333783343733E+01,    0.2138770477629639454875132E+01,    0.4162503681214192730042356E-01,    0.2097145440817497430430194E+01,   5038.18%
   -0.4796666666666666856144730E+01,    0.2136736792663258110991364E+01,    0.4165276312860383134406561E-01,    0.2095084029534654224136148E+01,   5029.88%
   -0.4794999999999999928945726E+01,    0.2134528347471071896279682E+01,    0.4168051675504673425631808E-01,    0.2092847830716025203656727E+01,   5021.17%
   -0.4793333333333333001746723E+01,    0.2132147765694044849738020E+01,    0.4170829772680509361926227E-01,    0.2090439467967239561829729E+01,   5012.05%
   -0.4791666666666666962726140E+01,    0.2129597647361521683961882E+01,    0.4173610607926961368896457E-01,    0.2087861541282252098028493E+01,   5002.53%
   -0.4790000000000000035527137E+01,    0.2126880569047688407380292E+01,    0.4176394184788737029556671E-01,    0.2085116627199801175862603E+01,   4992.62%
   -0.4788333333333333108328134E+01,    0.2123999084026690020721162E+01,    0.4179180506816185941554309E-01,    0.2082207278958528196000088E+01,   4982.33%
   -0.4786666666666667069307550E+01,    0.2120955722428170542315229E+01,    0.4181969577565312207179105E-01,    0.2079136026652517621471361E+01,   4971.67%
   -0.4785000000000000142108547E+01,    0.2117752991390733807719471E+01,    0.4184761400597793168376626E-01,    0.2075905377384756000935795E+01,   4960.63%
   -0.4783333333333333214909544E+01,    0.2114393375215674275580113E+01,    0.4187555979480975937301324E-01,    0.2072517815420864550901570E+01,   4949.23%
   -0.4781666666666666287710541E+01,    0.2110879335518803578963798E+01,    0.4190353317787898906887634E-01,    0.2068975802340924374789211E+01,   4937.47%
   -0.4780000000000000248689958E+01,    0.2107213311382783338387981E+01,    0.4193153419097297995854490E-01,    0.2065281777191810164140406E+01,   4925.37%
   -0.4778333333333333321490954E+01,    0.2103397719507407170880242E+01,    0.4195956286993619138714351E-01,    0.2061438156637470875409690E+01,   4912.92%
   -0.4776666666666666394291951E+01,    0.2099434954359963523273791E+01,    0.4198761925067028694114057E-01,    0.2057447335109293451438361E+01,   4900.13%
   -0.4775000000000000355271368E+01,    0.2095327388324311534972821E+01,    0.4201570336913421077618125E-01,    0.2053311684955177351952216E+01,   4887.01%
   -0.4773333333333333428072365E+01,    0.2091077371849721089347440E+01,    0.4204381526134435415054114E-01,    0.2049033556588376825402520E+01,   4873.57%
   -0.4771666666666666500873362E+01,    0.2086687233598178092819353E+01,    0.4207195496337461093627752E-01,    0.2044615278634803523516439E+01,   4859.81%
   -0.4769999999999999573674359E+01,    0.2082159280591559635809062E+01,    0.4210012251135651639710744E-01,    0.2040059158080202994511865E+01,   4845.73%
   -0.4768333333333333534653775E+01,    0.2077495798357719358762097E+01,    0.4212831794147931657734674E-01,    0.2035367480416240049123644E+01,   4831.35%
   -0.4766666666666666607454772E+01,    0.2072699051076118070824350E+01,    0.4215654128999016259093935E-01,    0.2030542509786128047011289E+01,   4816.67%
   -0.4764999999999999680255769E+01,    0.2067771281721959564237068E+01,    0.4218479259319411756035123E-01,    0.2025586489128765599332382E+01,   4801.70%
   -0.4763333333333333641235185E+01,    0.2062714712210789613777706E+01,    0.4221307188745431621113013E-01,    0.2020501640323335124094228E+01,   4786.44%
   -0.4761666666666666714036182E+01,    0.2057531543540864760188924E+01,    0.4224137920919209671088979E-01,    0.2015290164331672517761262E+01,   4770.89%
   -0.4759999999999999786837179E+01,    0.2052223955936136157163219E+01,    0.4226971459488705618046112E-01,    0.2009954241341249225882848E+01,   4755.07%
   -0.4758333333333333747816596E+01,    0.2046794108987443294722652E+01,    0.4229807808107718253287644E-01,    0.2004496030906365966473004E+01,   4738.98%
   -0.4756666666666666820617593E+01,    0.2041244141793463473533166E+01,    0.4232646970435900712903532E-01,    0.1998917672089104424770767E+01,   4722.62%
   -0.4754999999999999893418590E+01,    0.2035576173101226515882445E+01,    0.4235488950138765334996194E-01,    0.1993221283599838855593589E+01,   4706.00%
   -0.4753333333333332966219587E+01,    0.2029792301444904634166733E+01,    0.4238333750887696149689532E-01,    0.1987408963936027728180989E+01,   4689.13%
   -0.4751666666666666927199003E+01,    0.2023894605284690229041189E+01,    0.4241181376359960675248573E-01,    0.1981482791521090636166491E+01,   4672.01%
   -0.4750000000000000000000000E+01,    0.2017885143144790394131860E+01,    0.4244031830238726571424834E-01,    0.1975444824842403024334203E+01,   4654.64%
   -0.4748333333333333072800997E+01,    0.2011765953750690449908234E+01,    0.4246885116213062333345718E-01,    0.1969297102588559722491368E+01,   4637.04%
   -0.4746666666666667033780413E+01,    0.2005539056165068334536272E+01,    0.4249741237977953944859877E-01,    0.1963041643785288892232188E+01,   4619.20%
   -0.4745000000000000106581410E+01,    0.1999206449924167294796007E+01,    0.4252600199234318756325024E-01,    0.1956680447931824051721605E+01,   4601.14%
   -0.4743333333333333179382407E+01,    0.1992770115172476375065003E+01,    0.4255462003689013117391227E-01,    0.1950215495135586341035605E+01,   4582.85%
   -0.4741666666666666252183404E+01,    0.1986232012796716572822220E+01,    0.4258326655054841397562981E-01,    0.1943648746246168235174423E+01,   4564.35%
   -0.4740000000000000213162821E+01,    0.1979594084559978428572435E+01,    0.4261194157050571945655193E-01,    0.1936982142989472688299202E+01,   4545.63%
   -0.4738333333333333285963818E+01,    0.1972858253234066605585895E+01,    0.4264064513400947498134030E-01,    0.1930217608100057047337827E+01,   4526.71%
   -0.4736666666666666358764815E+01,    0.1966026422731922407294292E+01,    0.4266937727836696281347173E-01,    0.1923357045453555347336305E+01,   4507.58%
   -0.4735000000000000319744231E+01,    0.1959100478238851916756857E+01,    0.4269813804094537562638934E-01,    0.1916402340197906450924847E+01,   4488.26%
   -0.4733333333333333392545228E+01,    0.1952082286343287176322292E+01,    0.4272692745917204548700141E-01,    0.1909355358884115227979805E+01,   4468.74%
   -0.4731666666666666465346225E+01,    0.1944973695166948735035817E+01,    0.4275574557053445773346922E-01,    0.1902217949596414214852302E+01,   4449.03%
   -0.4730000000000000426325641E+01,    0.1937776534493715452356355E+01,    0.4278459241258037587529728E-01,    0.1894991942081134972397649E+01,   4429.15%
   -0.4728333333333333499126638E+01,    0.1930492615898887764913638E+01,    0.4281346802291804282125653E-01,    0.1887679147875969798420215E+01,   4409.08%
   -0.4726666666666666571927635E+01,    0.1923123732876399261115807E+01,    0.4284237243921619475717222E-01,    0.1880281360437183080236423E+01,   4388.84%
   -0.4724999999999999644728632E+01,    0.1915671660966729250574758E+01,    0.4287130569920420686269580E-01,    0.1872800355267524974323123E+01,   4368.42%
   -0.4723333333333333605708049E+01,    0.1908138157882819152533216E+01,    0.4290026784067221127250136E-01,    0.1865237890042146906566245E+01,   4347.85%
   -0.4721666666666666678509046E+01,    0.1900524963636325281868267E+01,    0.4292925890147127054863319E-01,    0.1857595704734853914175119E+01,   4327.11%
   -0.4719999999999999751310042E+01,    0.1892833800662607979248264E+01,    0.4295827891951337074161188E-01,    0.1849875521743094664017804E+01,   4306.21%
   -0.4718333333333333712289459E+01,    0.1885066373945356144048446E+01,    0.4298732793277163649614536E-01,    0.1842079046012584431224468E+01,   4285.17%
   -0.4716666666666666785090456E+01,    0.1877224371140260528179056E+01,    0.4301640597928042819564354E-01,    0.1834207965160980169372351E+01,   4263.97%
   -0.4714999999999999857891453E+01,    0.1869309462698296009364185E+01,    0.4304551309713543216783904E-01,    0.1826263949601160563318558E+01,   4242.63%
   -0.4713333333333332930692450E+01,    0.1861323301988028422471189E+01,    0.4307464932449377864598361E-01,    0.1818248652663534636886311E+01,   4221.16%
   -0.4711666666666666891671866E+01,    0.1853267525417514161034660E+01,    0.4310381469957418748562006E-01,    0.1810163710717940022121297E+01,   4199.54%
   -0.4709999999999999964472863E+01,    0.1845143752555512994817377E+01,    0.4313300926065708612577865E-01,    0.1802010743294855998897219E+01,   4177.80%
   -0.4708333333333333037273860E+01,    0.1836953586251903969284172E+01,    0.4316223304608467897791613E-01,    0.1793791353205819394389664E+01,   4155.93%
   -0.4706666666666666998253277E+01,    0.1828698612757337249590250E+01,    0.4319148609426109314268771E-01,    0.1785507126663076205019820E+01,   4133.93%
   -0.4705000000000000071054274E+01,    0.1820380401842757400743267E+01,    0.4322076844365254494340078E-01,    0.1777159633399104876616548E+01,   4111.82%
   -0.4703333333333333143855270E+01,    0.1812000506917583519950199E+01,    0.4325008013278736074269659E-01,    0.1768750426784796214718654E+01,   4089.59%
   -0.4701666666666666216656267E+01,    0.1803560465147532099194905E+01,    0.4327942120025617123157957E-01,    0.1760281043947276025107840E+01,   4067.25%
   -0.4700000000000000177635684E+01,    0.1795061797572474304729440E+01,    0.4330879168471198775725028E-01,    0.1751753005887762393300022E+01,   4044.80%
   -0.4698333333333333250436681E+01,    0.1786506009221978885648241E+01,    0.4333819162487038967324082E-01,    0.1743167817597108593119515E+01,   4022.24%
   -0.4696666666666666323237678E+01,    0.1777894589232209776596960E+01,    0.4336762105950953821720262E-01,    0.1734526968172700245318651E+01,   3999.59%
   -0.4695000000000000284217094E+01,    0.1769229010960346792913356E+01,    0.4339708002747034304436013E-01,    0.1725831930932876456807890E+01,   3976.84%
   -0.4693333333333333357018091E+01,    0.1760510732100213360240559E+01,    0.4342656856765666345543409E-01,    0.1717084163532556662090656E+01,   3953.99%
   -0.4691666666666666429819088E+01,    0.1751741194795299216835360E+01,    0.4345608671903528064106581E-01,    0.1708285108076263991705446E+01,   3931.06%
   -0.4690000000000000390798505E+01,    0.1742921825752848929980132E+01,    0.4348563452063610584863440E-01,    0.1699436191232212900459331E+01,   3908.04%
   -0.4688333333333333463599502E+01,    0.1734054036356313943656460E+01,    0.4351521201155231916013477E-01,    0.1690538824344761659190794E+01,   3884.94%
   -0.4686666666666666536400498E+01,    0.1725139222777491321281218E+01,    0.4354481923094043888111671E-01,    0.1681594403546550875461207E+01,   3861.76%
   -0.4684999999999999609201495E+01,    0.1716178766088275908785477E+01,    0.4357445621802044644077512E-01,    0.1672604309870255434589126E+01,   3838.50%
   -0.4683333333333333570180912E+01,    0.1707174032371024940957227E+01,    0.4360412301207591823093423E-01,    0.1663569909358949105993020E+01,   3815.17%
   -0.4681666666666666642981909E+01,    0.1698126372829506403050459E+01,    0.4363381965245420601728910E-01,    0.1654492553177052238666533E+01,   3791.77%
   -0.4679999999999999715782906E+01,    0.1689037123898096792729007E+01,    0.4366354617856644387829945E-01,    0.1645373577719530411300752E+01,   3768.30%
   -0.4678333333333333676762322E+01,    0.1679907607351031950670972E+01,    0.4369330262988774249421908E-01,    0.1636214304721144152665602E+01,   3744.77%
   -0.4676666666666666749563319E+01,    0.1670739130410655137737308E+01,    0.4372308904595733486386777E-01,    0.1627016041364697906956849E+01,   3721.18%
   -0.4674999999999999822364316E+01,    0.1661532985855391553187133E+01,    0.4375290546637862487688864E-01,    0.1617780080389012997699183E+01,   3697.54%
   -0.4673333333333333783343733E+01,    0.1652290452127098019374785E+01,    0.4378275193081935384720182E-01,    0.1608507700196278644710901E+01,   3673.84%
   -0.4671666666666666856144730E+01,    0.1643012793437352181413758E+01,    0.4381262847901173929088259E-01,    0.1599200164958340497634026E+01,   3650.09%
   -0.4669999999999999928945726E+01,    0.1633701259873841848957454E+01,    0.4384253515075255819288813E-01,    0.1589858724723089311581248E+01,   3626.29%
   -0.4668333333333333001746723E+01,    0.1624357087505456043174945E+01,    0.4387247198590329272382959E-01,    0.1580484615519552660245495E+01,   3602.45%
   -0.4666666666666666962726140E+01,    0.1614981498487527256102680E+01,    0.4390243902439023432338061E-01,    0.1571079059463136973207043E+01,   3578.57%
   -0.4665000000000000035527137E+01,    0.1605575701165659729952040E+01,    0.4393243630620468492820052E-01,    0.1561643264859455149107248E+01,   3554.65%
   -0.4663333333333333108328134E+01,    0.1596140890179691185224442E+01,    0.4396246387140295697193437E-01,    0.1552178426308288283763659E+01,   3530.69%
   -0.4661666666666667069307550E+01,    0.1586678246566668892825192E+01,    0.4399252176010656767424223E-01,    0.1542685724806562408417676E+01,   3506.70%
   -0.4660000000000000142108547E+01,    0.1577188937863309270426271E+01,    0.4402261001250241945204067E-01,    0.1533166327850806753829715E+01,   3482.68%
   -0.4658333333333333214909544E+01,    0.1567674118207908584565757E+01,    0.4405272866884278604171499E-01,    0.1523621389539065784646255E+01,   3458.63%
   -0.4656666666666666287710541E+01,    0.1558134928441774702534417E+01,    0.4408287776944557617708753E-01,    0.1514052050672329174929587E+01,   3434.56%
   -0.4655000000000000248689958E+01,    0.1548572496210034676877854E+01,    0.4411305735469434052831161E-01,    0.1504459438855340280838391E+01,   3410.46%
   -0.4653333333333333321490954E+01,    0.1538987936061467554083038E+01,    0.4414326746503852844094595E-01,    0.1494844668596428949314259E+01,   3386.35%
   -0.4651666666666666394291951E+01,    0.1529382349548556563334500E+01,    0.4417350814099350181374248E-01,    0.1485208841407563040704076E+01,   3362.22%
   -0.4650000000000000355271368E+01,    0.1519756825326320059943441E+01,    0.4420377942314067387652443E-01,    0.1475553045903179372189129E+01,   3338.07%
   -0.4648333333333333428072365E+01,    0.1510112439250856031236481E+01,    0.4423408135212773817368515E-01,    0.1465878357898728223673857E+01,   3313.91%
   -0.4646666666666666500873362E+01,    0.1500450254477197375990727E+01,    0.4426441396866866856418810E-01,    0.1456185840508528617220918E+01,   3289.74%
   -0.4644999999999999573674359E+01,    0.1490771321556743522762645E+01,    0.4429477731354390657170228E-01,    0.1446476544243199713335457E+01,   3265.57%
   -0.4643333333333333534653775E+01,    0.1481076678534027024625175E+01,    0.4432517142760049322358640E-01,    0.1436751507106426517523801E+01,   3241.39%
   -0.4641666666666666607454772E+01,    0.1471367351043096682872147E+01,    0.4435559635175220088987302E-01,    0.1427011754691344558310107E+01,   3217.21%
   -0.4639999999999999680255769E+01,    0.1461644352402961866133069E+01,    0.4438605212697962348888936E-01,    0.1417258300275982207949710E+01,   3193.03%
   -0.4638333333333333641235185E+01,    0.1451908683713037717666339E+01,    0.4441653879433032220402922E-01,    0.1407492144918707444034567E+01,   3168.85%
   -0.4636666666666666714036182E+01,    0.1442161333947375334574303E+01,    0.4444705639491900589499451E-01,    0.1397714277552456252351476E+01,   3144.67%
   -0.4634999999999999786837179E+01,    0.1432403280049300731135986E+01,    0.4447760496992758660894651E-01,    0.1387925675079373144527040E+01,   3120.50%
   -0.4633333333333333747816596E+01,    0.1422635487024225486862861E+01,    0.4450818456060530448059609E-01,    0.1378127302463620251771204E+01,   3096.35%
   -0.4631666666666666820617593E+01,    0.1412858908033135296733462E+01,    0.4453879520826897059349037E-01,    0.1368320112824866319201078E+01,   3072.20%
   -0.4629999999999999893418590E+01,    0.1403074484484903905467945E+01,    0.4456943695430296004111881E-01,    0.1358505047530600862160099E+01,   3048.06%
   -0.4628333333333332966219587E+01,    0.1393283146127998195495934E+01,    0.4460010984015940621594254E-01,    0.1348683036287838810096673E+01,   3023.95%
   -0.4626666666666666927199003E+01,    0.1383485811142161292508490E+01,    0.4463081390735832570948460E-01,    0.1338854997234802945982324E+01,   2999.84%
   -0.4625000000000000000000000E+01,    0.1373683386229000547018586E+01,    0.4466154919748778484578366E-01,    0.1329021837031512776050590E+01,   2975.76%
   -0.4623333333333333072800997E+01,    0.1363876766702458498414785E+01,    0.4469231575220395519254524E-01,    0.1319184450950254605672285E+01,   2951.70%
   -0.4621666666666667033780413E+01,    0.1354066836578432297955032E+01,    0.4472311361323128009459538E-01,    0.1309343722965200962349286E+01,   2927.67%
   -0.4620000000000000106581410E+01,    0.1344254468664216828344138E+01,    0.4475394282236264814622828E-01,    0.1299500525841854159381228E+01,   2903.66%
   -0.4618333333333333179382407E+01,    0.1334440524647191317342276E+01,    0.4478480342145946258014533E-01,    0.1289655721225731799250980E+01,   2879.67%
   -0.4616666666666666252183404E+01,    0.1324625855182868239268146E+01,    0.4481569545245180086201486E-01,    0.1279810159730416341261616E+01,   2855.72%
   -0.4615000000000000213162821E+01,    0.1314811299982938885833050E+01,    0.4484661895733852571277467E-01,    0.1269964681025600450325896E+01,   2831.80%
   -0.4613333333333333285963818E+01,    0.1304997687902076375365823E+01,    0.4487757397818750715323688E-01,    0.1260120113923888895968162E+01,   2807.91%
   -0.4611666666666666358764815E+01,    0.1295185837025045083592545E+01,    0.4490856055713560862630018E-01,    0.1250277276467909537416290E+01,   2784.05%
   -0.4610000000000000319744231E+01,    0.1285376554752354794075586E+01,    0.4493957873638892291934255E-01,    0.1240436976015965919728501E+01,   2760.23%
   -0.4608333333333333392545228E+01,    0.1275570637886437319608035E+01,    0.4497062855822291094209930E-01,    0.1230600009328214339276997E+01,   2736.45%
   -0.4606666666666666465346225E+01,    0.1265768872716553250512561E+01,    0.4500171006498247805449608E-01,    0.1220767162651570814091428E+01,   2712.71%
   -0.4605000000000000426325641E+01,    0.1255972035103391393207062E+01,    0.4503282329908211284452690E-01,    0.1210939211804309190156914E+01,   2689.01%
   -0.4603333333333333499126638E+01,    0.1246180890563329812792404E+01,    0.4506396830300611611175299E-01,    0.1201116922260323738314014E+01,   2665.36%
   -0.4601666666666666571927635E+01,    0.1236396194352110899927766E+01,    0.4509514511930860086730277E-01,    0.1191301049232802222732630E+01,   2641.75%
   -0.4599999999999999644728632E+01,    0.1226618691548025719129100E+01,    0.4512635379061372825626464E-01,    0.1181492337757412025567305E+01,   2618.19%
   -0.4598333333333333605708049E+01,    0.1216849117134438662546359E+01,    0.4515759435961576306883813E-01,    0.1171691522774822802333006E+01,   2594.67%
   -0.4596666666666666678509046E+01,    0.1207088196082115372220755E+01,    0.4518886686907931660162063E-01,    0.1161899329213035958474620E+01,   2571.21%
   -0.4594999999999999751310042E+01,    0.1197336643430927827225219E+01,    0.4522017136183938135207683E-01,    0.1152116472069088404239778E+01,   2547.79%
   -0.4593333333333333712289459E+01,    0.1187595164370853551005780E+01,    0.4525150788080149061309854E-01,    0.1142343656490051984064849E+01,   2524.43%
   -0.4591666666666666785090456E+01,    0.1177864454322957277199180E+01,    0.4528287646894191970092791E-01,    0.1132581577854015364437146E+01,   2501.13%
   -0.4589999999999999857891453E+01,    0.1168145199019535507289902E+01,    0.4531427716930774146630867E-01,    0.1122830921850227703373548E+01,   2477.87%
   -0.4588333333333332930692450E+01,    0.1158438074583783006232807E+01,    0.4534571002501698588904588E-01,    0.1113092364558766034221549E+01,   2454.68%
   -0.4586666666666666891671866E+01,    0.1148743747609169751910940E+01,    0.4537717507925879967256577E-01,    0.1103366572529910882849435E+01,   2431.55%
   -0.4584999999999999964472863E+01,    0.1139062875238300298619265E+01,    0.4540867237529359889958158E-01,    0.1093654202863006741353047E+01,   2408.47%
   -0.4583333333333333037273860E+01,    0.1129396105241056824652901E+01,    0.4544020195645314535992654E-01,    0.1083955903284603783376383E+01,   2385.46%
   -0.4581666666666666998253277E+01,    0.1119744076092791251753056E+01,    0.4547176386614072002290143E-01,    0.1074272312226650427646746E+01,   2362.50%
   -0.4580000000000000071054274E+01,    0.1110107417051256373241586E+01,    0.4550335814783130344851614E-01,    0.1064604058903425132243115E+01,   2339.62%
   -0.4578333333333333143855270E+01,    0.1100486748234038358873477E+01,    0.4553498484507164517642863E-01,    0.1054951763388966679002579E+01,   2316.79%
   -0.4576666666666666216656267E+01,    0.1090882680694568396262412E+01,    0.4556664400148041638161089E-01,    0.1045316036693088035391952E+01,   2294.04%
   -0.4575000000000000177635684E+01,    0.1081295816498571538133433E+01,    0.4559833566074837640780260E-01,    0.1035697480837823203358994E+01,   2271.35%
   -0.4573333333333333250436681E+01,    0.1071726748799110229271037E+01,    0.4563005986663854623985870E-01,    0.1026096688932471634458921E+01,   2248.73%
   -0.4571666666666666323237678E+01,    0.1062176061912153857136332E+01,    0.4566181666298624319821897E-01,    0.1016514245249167558426961E+01,   2226.18%
   -0.4570000000000000284217094E+01,    0.1052644331390901077938338E+01,    0.4569360609369930298351292E-01,    0.1006950725297201865160446E+01,   2203.70%
   -0.4568333333333333357018091E+01,    0.1043132124100024649138163E+01,    0.4572542820275823233222567E-01,    0.9974066958972663821114679E+00,   2181.30%
   -0.4566666666666666429819088E+01,    0.1033639998289354267058116E+01,    0.4575728303421628534453092E-01,    0.9878827152551379331413273E+00,   2158.96%
   -0.4565000000000000390798505E+01,    0.1024168503667314711336189E+01,    0.4578917063219962307885069E-01,    0.9783793330351150396850812E+00,   2136.70%
   -0.4563333333333333463599502E+01,    0.1014718181473677649506726E+01,    0.4582109104090754253535422E-01,    0.9688970904327700583991145E+00,   2114.52%
   -0.4561666666666666536400498E+01,    0.1005289564551724801333421E+01,    0.4585304430461246971706402E-01,    0.9594365202471123454941448E+00,   2092.42%
   -0.4559999999999999609201495E+01,    0.9958831774206187148479330E+00,    0.4588503046766023718561200E-01,    0.9499981469529584776623210E+00,   2070.39%
   -0.4558333333333333570180912E+01,    0.9864995363464149624732613E+00,    0.4591704957447011181681518E-01,    0.9405824867719448922898096E+00,   2048.44%
   -0.4556666666666666642981909E+01,    0.9771391494134714639230310E+00,    0.4594910166953507929532563E-01,    0.9311900477439364331999627E+00,   2026.57%
   -0.4554999999999999715782906E+01,    0.9678025165949976083012984E+00,    0.4598118679742183717573667E-01,    0.9218213297975758058200313E+00,   2004.78%
   -0.4553333333333333676762322E+01,    0.9584901298231669475313765E+00,    0.4601330500277100998829383E-01,    0.9124768248203959375430827E+00,   1983.07%
   -0.4551666666666666749563319E+01,    0.9492024730588334291425667E+00,    0.4604545633029735740571198E-01,    0.9031570167285360994924304E+00,   1961.45%
   -0.4549999999999999822364316E+01,    0.9399400223610552274067231E+00,    0.4607764082478977424317534E-01,    0.8938623815362654045912905E+00,   1939.90%
   -0.4548333333333333783343733E+01,    0.9307032459557851300502307E+00,    0.4610985853111152638073023E-01,    0.8845933874246736383639700E+00,   1918.45%
   -0.4546666666666666856144730E+01,    0.9214926043044197045972510E+00,    0.4614210949420044505231431E-01,    0.8753504948102193150560879E+00,   1897.08%
   -0.4544999999999999928945726E+01,    0.9123085501718118939251667E+00,    0.4617439375906894072354447E-01,    0.8661341564127429393238344E+00,   1875.79%
   -0.4543333333333333001746723E+01,    0.9031515286939859610271242E+00,    0.4620671137080424595300343E-01,    0.8569448173231817289519086E+00,   1854.59%
   -0.4541666666666666962726140E+01,    0.8940219774452318191038103E+00,    0.4623906237456850559786048E-01,    0.8477829150706632788114803E+00,   1833.48%
   -0.4540000000000000035527137E+01,    0.8849203265048978250817413E+00,    0.4627144681559903355294594E-01,    0.8386488796892987984676893E+00,   1812.45%
   -0.4538333333333333108328134E+01,    0.8758469985238164223773083E+00,    0.4630386473920827805628164E-01,    0.8295431337846081998321779E+00,   1791.52%
   -0.4536666666666667069307550E+01,    0.8668024087902328478350000E+00,    0.4633631619078411312262489E-01,    0.8204660925994486930790117E+00,   1770.68%
   -0.4535000000000000142108547E+01,    0.8577869652952702095305426E+00,    0.4636880121578996344355872E-01,    0.8114181640794801975147266E+00,   1749.92%
   -0.4533333333333333214909544E+01,    0.8488010687981379920330482E+00,    0.4640131985976490847090048E-01,    0.8023997489383730696843600E+00,   1729.26%
   -0.4531666666666666287710541E+01,    0.8398451128908455132204836E+00,    0.4643387216832382813347380E-01,    0.7934112407225216712092219E+00,   1708.69%
   -0.4530000000000000248689958E+01,    0.8309194840624578581866899E+00,    0.4646645818715759712613789E-01,    0.7844530258753003026939155E+00,   1688.21%
   -0.4528333333333333321490954E+01,    0.8220245617630825840649322E+00,    0.4649907796203324450434735E-01,    0.7755254838010493534383727E+00,   1667.83%
   -0.4526666666666666394291951E+01,    0.8131607184672142718540044E+00,    0.4653173153879403001198511E-01,    0.7666289869284201863308681E+00,   1647.54%
   -0.4525000000000000355271368E+01,    0.8043283197371030590616670E+00,    0.4656441896335961061481612E-01,    0.7577639007737434484468508E+00,   1627.35%
   -0.4523333333333333428072365E+01,    0.7955277242851686025915114E+00,    0.4659714028172631111734958E-01,    0.7489305840034422567796923E+00,   1607.25%
   -0.4521666666666666500873362E+01,    0.7867592840364892037285927E+00,    0.4662989553996707559058166E-01,    0.7401293884965221003824354E+00,   1587.24%
   -0.4519999999999999573674359E+01,    0.7780233441906770908147450E+00,    0.4666268478423175880553941E-01,    0.7313606594064453458869934E+00,   1567.34%
   -0.4518333333333333534653775E+01,    0.7693202432833509130105654E+00,    0.4669550806074721643890157E-01,    0.7226247352226037312661333E+00,   1547.53%
   -0.4516666666666666607454772E+01,    0.7606503132472536288233300E+00,    0.4672836541581755487317906E-01,    0.7139219478314360323167875E+00,   1527.81%
   -0.4514999999999999680255769E+01,    0.7520138794731148212946437E+00,    0.4676125689582410344113939E-01,    0.7052526225772907109146104E+00,   1508.20%
   -0.4513333333333333641235185E+01,    0.7434112608698878466029214E+00,    0.4679418254722572667603231E-01,    0.6966170783226621754380403E+00,   1488.68%
   -0.4511666666666666714036182E+01,    0.7348427699245838606856296E+00,    0.4682714241655890757831671E-01,    0.6880156275080249184128434E+00,   1469.27%
   -0.4509999999999999786837179E+01,    0.7263087127622116501157734E+00,    0.4686013655043790721022035E-01,    0.6794485762117737914778104E+00,   1449.95%
   -0.4508333333333333747816596E+01,    0.7178093892045807056234707E+00,    0.4689316499555491041251187E-01,    0.6709162242090257466387015E+00,   1430.73%
   -0.4506666666666666820617593E+01,    0.7093450928293929536039286E+00,    0.4692622779868022009353012E-01,    0.6624188650307127890215497E+00,   1411.62%
   -0.4504999999999999893418590E+01,    0.7009161110285516693707564E+00,    0.4695932500666235437369878E-01,    0.6539567860218893358137393E+00,   1392.60%
   -0.4503333333333332966219587E+01,    0.6925227250662651101720257E+00,    0.4699245666642823393566175E-01,    0.6455302683998368484807884E+00,   1373.69%
   -0.4501666666666666927199003E+01,    0.6841652101366949567662346E+00,    0.4702562282498329304658569E-01,    0.6371395873117116082084976E+00,   1354.88%
   -0.4500000000000000000000000E+01,    0.6758438354213021082017576E+00,    0.4705882352941176405280999E-01,    0.6287850118918902886377964E+00,   1336.17%
   -0.4498333333333333072800997E+01,    0.6675588641457649297095145E+00,    0.4709205882687664268537731E-01,    0.6204668053188883147797128E+00,   1317.56%
   -0.4496666666666667033780413E+01,    0.6593105536366288266236779E+00,    0.4712532876461997255468361E-01,    0.6121852248720088818245699E+00,   1299.06%
   -0.4495000000000000106581410E+01,    0.6510991553773395335014129E+00,    0.4715863338996298392835627E-01,    0.6039405219873765773286323E+00,   1280.66%
   -0.4493333333333333179382407E+01,    0.6429249150643080445988176E+00,    0.4719197275030622557023818E-01,    0.5957329423140018676008367E+00,   1262.36%
   -0.4491666666666667140361824E+01,    0.6347880726621557556654807E+00,    0.4722534689312968270158422E-01,    0.5875627257690261284750477E+00,   1244.17%
   -0.4490000000000000213162821E+01,    0.6266888624590483125587070E+00,    0.4725875586599306149571120E-01,    0.5794301065930552718796775E+00,   1226.08%
   -0.4488333333333333285963818E+01,    0.6186275131212656264168004E+00,    0.4729219971653580989467969E-01,    0.5713353134047298720332719E+00,   1208.10%
   -0.4486666666666666358764815E+01,    0.6106042477476784080536731E+00,    0.4732567849247732577611103E-01,    0.5632785692552010337053048E+00,   1190.22%
   -0.4485000000000000319744231E+01,    0.6026192839238397880308185E+00,    0.4735919224161712348664111E-01,    0.5552600916822226784219652E+00,   1172.44%
   -0.4483333333333333392545228E+01,    0.5946728337755265991759757E+00,    0.4739274101183502119205571E-01,    0.5472800927636916057394956E+00,   1154.78%
   -0.4481666666666666465346225E+01,    0.5867651040221874003677272E+00,    0.4742632485109123108291129E-01,    0.5393387791710961831626037E+00,   1137.21%
   -0.4480000000000000426325641E+01,    0.5788962960298982274309765E+00,    0.4745994380742652590798869E-01,    0.5314363522224716529507305E+00,   1119.76%
   -0.4478333333333333499126638E+01,    0.5710666058639317643752520E+00,    0.4749359792896250959115534E-01,    0.5235730079349693033563540E+00,   1102.41%
   -0.4476666666666666571927635E+01,    0.5632762243411018054928263E+00,    0.4752728726390160335357749E-01,    0.5157489370772001535669915E+00,   1085.16%
   -0.4474999999999999644728632E+01,    0.5555253370816790603470281E+00,    0.4756101186052733714726415E-01,    0.5079643252211517578942335E+00,   1068.03%
   -0.4473333333333333605708049E+01,    0.5478141245609515763703712E+00,    0.4759477176720444679958177E-01,    0.5002193527937470740596382E+00,   1051.00%
   -0.4471666666666666678509046E+01,    0.5401427621605279227878782E+00,    0.4762856703237908911896525E-01,    0.4925141951281488128522312E+00,   1034.07%
   -0.4469999999999999751310042E+01,    0.5325114202191348899972922E+00,    0.4766239770457893210053868E-01,    0.4848490225145559717745414E+00,   1017.26%
   -0.4468333333333333712289459E+01,    0.5249202640833530164599097E+00,    0.4769626383241334227625075E-01,    0.4772240002509396950003406E+00,   1000.55%
   -0.4466666666666666785090456E+01,    0.5173694541576637773161451E+00,    0.4773016546457361369837358E-01,    0.4696392886930901844344532E+00,    983.95%
   -0.4464999999999999857891453E+01,    0.5098591459544385973146063E+00,    0.4776410264983300263397226E-01,    0.4620950433046056016195280E+00,    967.45%
   -0.4463333333333332930692450E+01,    0.5023894901434979853860341E+00,    0.4779807543704702593734268E-01,    0.4545914147064509802653731E+00,    951.07%
   -0.4461666666666666891671866E+01,    0.4949606326012953028126162E+00,    0.4783208387515347492779938E-01,    0.4471285487261418278848168E+00,    934.79%
   -0.4459999999999999964472863E+01,    0.4875727144598244189310776E+00,    0.4786612801317275539547680E-01,    0.4397065864466516704744947E+00,    918.62%
   -0.4458333333333333037273860E+01,    0.4802258721551874720567810E+00,    0.4790020790020790841801102E-01,    0.4323256642549795358831943E+00,    902.55%
   -0.4456666666666666998253277E+01,    0.4729202374758448845781800E+00,    0.4793432358544479077178124E-01,    0.4249859138904000799286109E+00,    886.60%
   -0.4455000000000000071054274E+01,    0.4656559376104582037569912E+00,    0.4796847511815234554877208E-01,    0.4176874624923058720860070E+00,    870.75%
   -0.4453333333333333143855270E+01,    0.4584330951955873367786864E+00,    0.4800266254768265072883082E-01,    0.4104304326479046860498556E+00,    855.02%
   -0.4451666666666666216656267E+01,    0.4512518283628267345974905E+00,    0.4803688592347111346869681E-01,    0.4032149424393556280676876E+00,    839.39%
   -0.4450000000000000177635684E+01,    0.4441122507858302759231606E+00,    0.4807114529503665051324290E-01,    0.3960411054907936323488116E+00,    823.86%
   -0.4448333333333333250436681E+01,    0.4370144717269233147760588E+00,    0.4810544071198190330118649E-01,    0.3889090310149413975970845E+00,    808.45%
   -0.4446666666666666323237678E+01,    0.4299585960833552933380020E+00,    0.4813977222399330041513466E-01,    0.3818188238593619998617612E+00,    793.15%
   -0.4445000000000000284217094E+01,    0.4229447244333353617129490E+00,    0.4817413988084125880950737E-01,    0.3747705845524941237201233E+00,    777.95%
   -0.4443333333333333357018091E+01,    0.4159729530816597131703816E+00,    0.4820854373238044748850584E-01,    0.3677644093492792864985574E+00,    762.86%
   -0.4441666666666666429819088E+01,    0.4090433741051127114474184E+00,    0.4824298382854979444500643E-01,    0.3608003902765629100635181E+00,    747.88%
   -0.4439999999999999502620085E+01,    0.4021560753975117474823264E+00,    0.4827746021937279197189241E-01,    0.3538786151781389555104340E+00,    733.01%
   -0.4438333333333333463599502E+01,    0.3953111407143854449941500E+00,    0.4831197295495753829541741E-01,    0.3469991677594279066987326E+00,    718.25%
   -0.4436666666666666536400498E+01,    0.3885086497174546904531667E+00,    0.4834652208549706370321886E-01,    0.3401621276319576336888417E+00,    703.59%
   -0.4435000000000000497379915E+01,    0.3817486780187359096672139E+00,    0.4838110766126933748321193E-01,    0.3333675703574665583062142E+00,    689.04%
   -0.4433333333333333570180912E+01,    0.3750312972243721176823783E+00,    0.4841572973263757323492129E-01,    0.3266155674917345375085631E+00,    674.61%
   -0.4431666666666666642981909E+01,    0.3683565749780941533941814E+00,    0.4845038835005029131952625E-01,    0.3199061866280438759524429E+00,    660.28%
   -0.4429999999999999715782906E+01,    0.3617245750045002261607863E+00,    0.4848508356404152702667787E-01,    0.3132394914404587060730023E+00,    646.05%
   -0.4428333333333333676762322E+01,    0.3551353571518973128995356E+00,    0.4851981542523102486352826E-01,    0.3066155417266662741582195E+00,    631.94%
   -0.4426666666666666749563319E+01,    0.3485889774349704706146724E+00,    0.4855458398432442590486602E-01,    0.3000343934506460308320186E+00,    617.93%
   -0.4424999999999999822364316E+01,    0.3420854880770062833583722E+00,    0.4858938929211333718205523E-01,    0.2934960987848929669929987E+00,    604.03%
   -0.4423333333333333783343733E+01,    0.3356249375520341526879520E+00,    0.4862423139947560229989776E-01,    0.2870007061525585712047359E+00,    590.24%
   -0.4421666666666666856144730E+01,    0.3292073706264185273262513E+00,    0.4865911035737548184787471E-01,    0.2805482602690430593561643E+00,    576.56%
   -0.4419999999999999928945726E+01,    0.3228328284003571524429788E+00,    0.4869402621686371585019160E-01,    0.2741388021834934574094689E+00,    562.98%
   -0.4418333333333333001746723E+01,    0.3165013483490366485995082E+00,    0.4872897902907780826042838E-01,    0.2677723693199588472779737E+00,    549.51%
   -0.4416666666666666962726140E+01,    0.3102129643633931288526639E+00,    0.4876396884524212410605415E-01,    0.2614489955181509839299281E+00,    536.15%
   -0.4415000000000000035527137E+01,    0.3039677067907384233613755E+00,    0.4879899571666814622750152E-01,    0.2551687110740702979505556E+00,    522.90%
   -0.4413333333333333108328134E+01,    0.2977656024750038321613488E+00,    0.4883405969475457242268135E-01,    0.2489315427802492597386674E+00,    509.75%
   -0.4411666666666667069307550E+01,    0.2916066747967592243107049E+00,    0.4886916083098748891933027E-01,    0.2427375139657717284524807E+00,    496.71%
   -0.4410000000000000142108547E+01,    0.2854909437128427263097308E+00,    0.4890429917694064099187301E-01,    0.2365866445359020853178578E+00,    483.77%
   -0.4408333333333333214909544E+01,    0.2794184257958371997432323E+00,    0.4893947478427548153367965E-01,    0.2304789510115617112706587E+00,    470.95%
   -0.4406666666666666287710541E+01,    0.2733891342731775142560480E+00,    0.4897468770474140697945842E-01,    0.2244144465684361211543774E+00,    458.23%
   -0.4405000000000000248689958E+01,    0.2674030790660382739254430E+00,    0.4900993799017595853317886E-01,    0.2183931410758623292700520E+00,    445.61%
   -0.4403333333333333321490954E+01,    0.2614602668278582231486951E+00,    0.4904522569250496788484384E-01,    0.2124150411353532552638512E+00,    433.10%
   -0.4401666666666666394291951E+01,    0.2555607009827082221065098E+00,    0.4908055086374271680504933E-01,    0.2064801501189655053014604E+00,    420.70%
   -0.4400000000000000355271368E+01,    0.2497043817632480233736914E+00,    0.4911591355599213143401371E-01,    0.2005884682072558988785715E+00,    408.40%
   -0.4398333333333333428072365E+01,    0.2438913062485191518558025E+00,    0.4915131382144501126507663E-01,    0.1947399924270741267129381E+00,    396.21%
   -0.4396666666666666500873362E+01,    0.2381214684014328619721113E+00,    0.4918675171238211241142579E-01,    0.1889347166890507634384733E+00,    384.12%
   -0.4394999999999999573674359E+01,    0.2323948591059431800776025E+00,    0.4922222728117336965070194E-01,    0.1831726318247698104269006E+00,    372.13%
   -0.4393333333333333534653775E+01,    0.2267114662040109751561801E+00,    0.4925774058027806989734643E-01,    0.1774537256237329052588336E+00,    360.26%
   -0.4391666666666666607454772E+01,    0.2210712745322613026477399E+00,    0.4929329166224510200278175E-01,    0.1717779828700161937060642E+00,    348.48%
   -0.4389999999999999680255769E+01,    0.2154742659584019670582222E+00,    0.4932888057971301226656280E-01,    0.1661453853786889478527655E+00,    336.81%
   -0.4388333333333333641235185E+01,    0.2099204194173384663280046E+00,    0.4936450738541023341987568E-01,    0.1605559120319282329081290E+00,    325.25%
   -0.4386666666666666714036182E+01,    0.2044097109470657258611936E+00,    0.4940017213215534136461216E-01,    0.1550095388149103914354754E+00,    313.78%
   -0.4384999999999999786837179E+01,    0.1989421137242778359066619E+00,    0.4943587487285711068452088E-01,    0.1495062388514207252221411E+00,    302.42%
   -0.4383333333333332859638176E+01,    0.1935175980997050348975108E+00,    0.4947161566051479220096354E-01,    0.1440459824391902565743351E+00,    291.17%
   -0.4381666666666666820617593E+01,    0.1881361316332242905602357E+00,    0.4950739454821821011742955E-01,    0.1386287370850060873817000E+00,    280.02%
   -0.4379999999999999893418590E+01,    0.1827976791286651248036321E+00,    0.4954321158914805345307997E-01,    0.1332544675395170852283400E+00,    268.97%
   -0.4378333333333332966219587E+01,    0.1775022026684178744204701E+00,    0.4957906683657597318726218E-01,    0.1279231358318418942943140E+00,    258.02%
   -0.4376666666666666927199003E+01,    0.1722496616477185160665186E+00,    0.4961496034386474185406968E-01,    0.1226347013038537742124490E+00,    247.17%
   -0.4375000000000000000000000E+01,    0.1670400128087181357283697E+00,    0.4965089216446857967035555E-01,    0.1173891206442495560580142E+00,    236.43%
   -0.4373333333333333072800997E+01,    0.1618732102743253575827254E+00,    0.4968686235193315453573248E-01,    0.1121863479223922099858868E+00,    225.79%
   -0.4371666666666667033780413E+01,    0.1567492055817288898467154E+00,    0.4972287095989586652722281E-01,    0.1070263346218330302583865E+00,    215.25%
   -0.4370000000000000106581410E+01,    0.1516679477157314437363311E+00,    0.4975891804208609076054515E-01,    0.1019090296736453460368921E+00,    204.81%
   -0.4368333333333333179382407E+01,    0.1466293831417832538299706E+00,    0.4979500365232519820679613E-01,    0.9683437948945805562317446E-01,    194.47%
   -0.4366666666666667140361824E+01,    0.1416334558388393227712498E+00,    0.4983112784452687488156997E-01,    0.9180232799431245482857378E-01,    184.23%
   -0.4365000000000000213162821E+01,    0.1366801073318612280704798E+00,    0.4986729067269728143951824E-01,    0.8681281665916394663096156E-01,    174.09%
   -0.4363333333333333285963818E+01,    0.1317692767242036322450360E+00,    0.4990349219093519889112187E-01,    0.8186578453326842641502026E-01,    164.05%
   -0.4361666666666666358764815E+01,    0.1269009007296514057738790E+00,    0.4993973245343224370840218E-01,    0.7696116827621915512658290E-01,    154.11%
   -0.4360000000000000319744231E+01,    0.1220749137042695942056980E+00,    0.4997601151447304823616236E-01,    0.7209890218979654596953566E-01,    144.27%
   -0.4358333333333333392545228E+01,    0.1172912476779859741737866E+00,    0.5001232942843547579769847E-01,    0.6727891824955049837608811E-01,    134.52%
   -0.4356666666666666465346225E+01,    0.1125498323859587257445014E+00,    0.5004868624979076641157150E-01,    0.6250114613616795933292991E-01,    124.88%
   -0.4355000000000000426325641E+01,    0.1078505952996896416484773E+00,    0.5008508203310372414174267E-01,    0.5776551326658591750673466E-01,    115.33%
   -0.4353333333333333499126638E+01,    0.1031934616578891322768996E+00,    0.5012151683303296689775408E-01,    0.5307194482485616537914552E-01,    105.89%
   -0.4351666666666666571927635E+01,    0.9857835449713736597487923E-01,    0.5015799070433104439592498E-01,    0.4842036379280632157895425E-01,     96.54%
   -0.4349999999999999644728632E+01,    0.9400519468227891417555497E-01,    0.5019450370184466020395675E-01,    0.4381069098043425397159822E-01,     87.28%
   -0.4348333333333333605708049E+01,    0.8947390093660444188028436E-01,    0.5023105588051481745770488E-01,    0.3924284505608962442257948E-01,     78.12%
   -0.4346666666666666678509046E+01,    0.8498438987178696946145351E-01,    0.5026764729537716580587414E-01,    0.3471674257640980365557937E-01,     69.06%
   -0.4344999999999999751310042E+01,    0.8053657601759692252763045E-01,    0.5030427800156195283776128E-01,    0.3023229801603496968986917E-01,     60.10%
   -0.4343333333333333712289459E+01,    0.7613037185139151508117550E-01,    0.5034094805429438490573801E-01,    0.2578942379709713017543748E-01,     51.23%
   -0.4341666666666666785090456E+01,    0.7176568782734871199124882E-01,    0.5037765750889480059759862E-01,    0.2138803031845391139365020E-01,     42.46%
   -0.4339999999999999857891453E+01,    0.6744243240551620055533988E-01,    0.5041440642077880257554412E-01,    0.1702802598473739797979576E-01,     33.78%
   -0.4338333333333332930692450E+01,    0.6316051208059737798183875E-01,    0.5045119484545748655968112E-01,    0.1270931723513989142215763E-01,     25.19%
   -0.4336666666666666891671866E+01,    0.5891983141053610401050022E-01,    0.5048802283853761480036937E-01,    0.8431808571998489210130856E-02,     16.70%
   -0.4334999999999999964472863E+01,    0.5472029304485805795144060E-01,    0.5052489045572188669508407E-01,    0.4195402589136171256356533E-02,      8.30%
   -0.4333333333333333037273860E+01,    0.5056179775281562788213918E-01,    0.5056179775280899429956705E-01,    0.6633582572135310329031199E-14,      0.00%
   -0.4331666666666666998253277E+01,    0.4644424445129115286423627E-01,    0.5059874478569392070026467E-01,   -0.4154500334402767836028403E-02,     -8.21%
   -0.4330000000000000071054274E+01,    0.4236753023248013977353210E-01,    0.5063573161036817593672055E-01,   -0.8268201377888036163188445E-02,    -16.33%
   -0.4328333333333333143855270E+01,    0.3833155039137695757611723E-01,    0.5067275828291981087936335E-01,   -0.1234120789154285330324612E-01,    -24.35%
   -0.4326666666666666216656267E+01,    0.3433619845301771889012343E-01,    0.5070982485953379886867154E-01,   -0.1637362640651607997854811E-01,    -32.29%
   -0.4325000000000000177635684E+01,    0.3038136619952796352306379E-01,    0.5074693139649211204300627E-01,   -0.2036556519696414851994248E-01,    -40.13%
   -0.4323333333333333250436681E+01,    0.2646694369693083914718557E-01,    0.5078407795017405440551883E-01,   -0.2431713425324321525833327E-01,    -47.88%
   -0.4321666666666666323237678E+01,    0.2259281932177571727837773E-01,    0.5082126457705626876304450E-01,   -0.2822844525528055148466677E-01,    -55.54%
   -0.4320000000000000284217094E+01,    0.1875887978752377449609412E-01,    0.5085849133371306979300996E-01,   -0.3209961154618929529691584E-01,    -63.12%
   -0.4318333333333333357018091E+01,    0.1496501017073501894893983E-01,    0.5089575827681665914914433E-01,   -0.3593074810608164193492797E-01,    -70.60%
   -0.4316666666666666429819088E+01,    0.1121109393704748657949466E-01,    0.5093306546313720178931206E-01,   -0.3972197152608971520981740E-01,    -77.99%
   -0.4314999999999999502620085E+01,    0.7497012966941830371114808E-02,    0.5097041294954312434795085E-01,   -0.4347339998260129484419778E-01,    -85.29%
   -0.4313333333333333463599502E+01,    0.3822647581303727139928617E-02,    0.5100780079300127473063142E-01,   -0.4718515321169754889174541E-01,    -92.51%
   -0.4311666666666666536400498E+01,    0.1878765667649006786566607E-03,    0.5104522905057717191423805E-01,   -0.5085735248381226952796297E-01,    -99.63%
   -0.4310000000000000497379915E+01,   -0.3407422799129074340168666E-02,    0.5108269777943511696927104E-01,   -0.5449012057856419261048231E-01,   -106.67%
   -0.4308333333333333570180912E+01,   -0.6963374722998732536949351E-02,    0.5112020703683849143228457E-01,   -0.5808358175983722310187218E-01,   -113.62%
   -0.4306666666666666642981909E+01,   -0.1048010487087677050643819E-01,    0.5115775688014987526708310E-01,   -0.6163786175102664577352130E-01,   -120.49%
   -0.4304999999999999715782906E+01,   -0.1395774034367347309071317E-01,    0.5119534736683130360379579E-01,   -0.6515308771050477842923243E-01,   -127.26%
   -0.4303333333333333676762322E+01,   -0.1739640965283851745115662E-01,    0.5123297855444441939454236E-01,   -0.6862938820728294031514594E-01,   -133.96%
   -0.4301666666666666749563319E+01,   -0.2079624269623774404647243E-01,    0.5127065050065077872476493E-01,   -0.7206689319688852624068431E-01,   -140.56%
   -0.4299999999999999822364316E+01,   -0.2415737073418944974578793E-01,    0.5130836326321190632437919E-01,   -0.7546573399740136300906101E-01,   -147.08%
   -0.4298333333333333783343733E+01,   -0.2747992636575234334794793E-01,    0.5134611689998958700131837E-01,   -0.7882604326574192687981935E-01,   -153.52%
   -0.4296666666666666856144730E+01,   -0.3076404350515292429601999E-01,    0.5138391146894612931950164E-01,   -0.8214795497409904667662772E-01,   -159.87%
   -0.4294999999999999928945726E+01,   -0.3400985735846288188222175E-01,    0.5142174702814440723219747E-01,   -0.8543160438660729605331312E-01,   -166.14%
   -0.4293333333333333001746723E+01,   -0.3721750440042272123353229E-01,    0.5145962363574820702671886E-01,   -0.8867712803617092132135724E-01,   -172.32%
   -0.4291666666666666962726140E+01,   -0.4038712235148900209225076E-01,    0.5149754135002235222451361E-01,   -0.9188466370151135431676437E-01,   -178.43%
   -0.4290000000000000035527137E+01,   -0.4351885015507499232523259E-01,    0.5153550022933297419802656E-01,   -0.9505435038440795958436524E-01,   -184.44%
   -0.4288333333333333108328134E+01,   -0.4661282795494864350516195E-01,    0.5157350033214767870415329E-01,   -0.9818632828709632220931525E-01,   -190.38%
   -0.4286666666666667069307550E+01,   -0.4966919707285483154279859E-01,    0.5161154171703569160101210E-01,   -0.1012807387898905231438107E+00,   -196.24%
   -0.4285000000000000142108547E+01,   -0.5268809998632083962943895E-01,    0.5164962444266826824268435E-01,   -0.1043377244289891148110172E+00,   -202.01%
   -0.4283333333333333214909544E+01,   -0.5566968030664260630446805E-01,    0.5168774856781863796806320E-01,   -0.1073574288744612442725312E+00,   -207.70%
   -0.4281666666666666287710541E+01,   -0.5861408275703374609610918E-01,    0.5172591415136239267891227E-01,   -0.1103399969083961318361276E+00,   -213.32%
   -0.4280000000000000248689958E+01,   -0.6152145315102051925659765E-01,    0.5176412125227761867884979E-01,   -0.1132855744032981448743413E+00,   -218.85%
   -0.4278333333333333321490954E+01,   -0.6439193837095968930839263E-01,    0.5180236992964518810689256E-01,   -0.1161943083006048704763913E+00,   -224.30%
   -0.4276666666666666394291951E+01,   -0.6722568634677544840982932E-01,    0.5184066024264885608197062E-01,   -0.1190663465894243044917999E+00,   -229.68%
   -0.4275000000000000355271368E+01,   -0.7002284603486688685514139E-01,    0.5187899225057553131978949E-01,   -0.1219018382854424181749309E+00,   -234.97%
   -0.4273333333333333428072365E+01,   -0.7278356739719314683068063E-01,    0.5191736601281551205522291E-01,   -0.1247009334100086519470096E+00,   -240.19%
   -0.4271666666666666500873362E+01,   -0.7550800138055113741586410E-01,    0.5195578158886264563687263E-01,   -0.1274637829694137969305245E+00,   -245.33%
   -0.4269999999999999573674359E+01,   -0.7819629989600912489677853E-01,    0.5199423903831456444946113E-01,   -0.1301905389343236962851336E+00,   -250.39%
   -0.4268333333333333534653775E+01,   -0.8084861579855967539387507E-01,    0.5203273842087286632507315E-01,   -0.1328813542194325347800543E+00,   -255.38%
   -0.4266666666666666607454772E+01,   -0.8346510286690173030521578E-01,    0.5207127979634344067116913E-01,   -0.1355363826632451640374910E+00,   -260.29%
   -0.4264999999999999680255769E+01,   -0.8604591578342829505388067E-01,    0.5210986322463650316505479E-01,   -0.1381557790080648051578294E+00,   -265.12%
   -0.4263333333333333641235185E+01,   -0.8859121011438179926766878E-01,    0.5214848876576694963747016E-01,   -0.1407396988801487558440328E+00,   -269.88%
   -0.4261666666666666714036182E+01,   -0.9110114229018446974084355E-01,    0.5218715647985452260604333E-01,   -0.1432882987700389854079930E+00,   -274.57%
   -0.4259999999999999786837179E+01,   -0.9357586958592603587625547E-01,    0.5222586642712403331989535E-01,   -0.1458017360130500761350447E+00,   -279.18%
   -0.4258333333333332859638176E+01,   -0.9601555010206705431663465E-01,    0.5226461866790554217088172E-01,   -0.1482801687699726034264103E+00,   -283.71%
   -0.4256666666666666820617593E+01,   -0.9842034274525737758132493E-01,    0.5230341326263460849377296E-01,   -0.1507237560078919791362040E+00,   -288.17%
   -0.4254999999999999893418590E+01,   -0.1007904072093675357235654E+00,    0.5234225027185256812201075E-01,   -0.1531326574812200969066822E+00,   -292.56%
   -0.4253333333333332966219587E+01,   -0.1031259039566458923786740E+00,    0.5238112975620658889885917E-01,   -0.1555070337128524882164271E+00,   -296.88%
   -0.4251666666666666927199003E+01,   -0.1054269941991085451915566E+00,    0.5242005177645001762209986E-01,   -0.1578470459755585697525504E+00,   -301.12%
   -0.4250000000000000000000000E+01,   -0.1076938398800214857775615E+00,    0.5245901639344262290531873E-01,   -0.1601528562734640948050924E+00,   -305.29%
   -0.4248333333333333072800997E+01,   -0.1099266036556159620296569E+00,    0.5249802366815066456684491E-01,   -0.1624246273237666127187140E+00,   -309.39%
   -0.4246666666666667033780413E+01,   -0.1121254488768979179491581E+00,    0.5253707366164722669665821E-01,   -0.1646625225385451307680285E+00,   -313.42%
   -0.4245000000000000106581410E+01,   -0.1142905395717140476508078E+00,    0.5257616643511246745656962E-01,   -0.1668667060068265151073774E+00,   -317.38%
   -0.4243333333333333179382407E+01,   -0.1164220404268754005538966E+00,    0.5261530204983370928584208E-01,   -0.1690373424767090959619509E+00,   -321.27%
   -0.4241666666666667140361824E+01,   -0.1185201167705216551695457E+00,    0.5265448056720575115141614E-01,   -0.1711745973377274132598558E+00,   -325.09%
   -0.4240000000000000213162821E+01,   -0.1205849345546256973227273E+00,    0.5269370204873113222587833E-01,   -0.1732786366033568226097117E+00,   -328.84%
   -0.4238333333333333285963818E+01,   -0.1226166603376444980133542E+00,    0.5273296655602020127640017E-01,   -0.1753496268936647062286482E+00,   -332.52%
   -0.4236666666666666358764815E+01,   -0.1246154612673215783535952E+00,    0.5277227415079150524279683E-01,   -0.1773877354181130905352859E+00,   -336.14%
   -0.4235000000000000319744231E+01,   -0.1265815050636818483997814E+00,    0.5281162489487185168757222E-01,   -0.1793931299585536931484597E+00,   -339.68%
   -0.4233333333333333392545228E+01,   -0.1285149600021699978213974E+00,    0.5285101885019671819065934E-01,   -0.1813659788523667160120567E+00,   -343.16%
   -0.4231666666666666465346225E+01,   -0.1304159948969231541671121E+00,    0.5289045607881030786057153E-01,   -0.1833064509757334481498958E+00,   -346.58%
   -0.4230000000000000426325641E+01,   -0.1322847790842126558530367E+00,    0.5292993664286582689015859E-01,   -0.1852147157270784827431953E+00,   -349.92%
   -0.4228333333333333499126638E+01,   -0.1341214824060772692337906E+00,    0.5296946060462578986793858E-01,   -0.1870909430107030591017292E+00,   -353.21%
   -0.4226666666666666571927635E+01,   -0.1359262751940360502977967E+00,    0.5300902802646210998371856E-01,   -0.1889353032204981741593031E+00,   -356.42%
   -0.4224999999999999644728632E+01,   -0.1376993282530109830030796E+00,    0.5304863897085641127882027E-01,   -0.1907479672238673873430059E+00,   -359.57%
   -0.4223333333333333605708049E+01,   -0.1394408128453774597943493E+00,    0.5308829350040022293510944E-01,   -0.1925291063457776896683527E+00,   -362.66%
   -0.4221666666666666678509046E+01,   -0.1411509006751918982036642E+00,    0.5312799167779526376964583E-01,   -0.1942788923529871758510978E+00,   -365.68%
   -0.4219999999999999751310042E+01,   -0.1428297638725199159015489E+00,    0.5316773356585356019587962E-01,   -0.1959974974383734691585346E+00,   -368.64%
   -0.4218333333333333712289459E+01,   -0.1444775749779618478907395E+00,    0.5320751922749775153498319E-01,   -0.1976850942054595994257227E+00,   -371.54%
   -0.4216666666666666785090456E+01,   -0.1460945069273016927446918E+00,    0.5324734872576136063271335E-01,   -0.1993418556530630603162990E+00,   -374.37%
   -0.4214999999999999857891453E+01,   -0.1476807330362936709899913E+00,    0.5328722212378888406503208E-01,   -0.2009679551600825619939172E+00,   -377.14%
   -0.4213333333333332930692450E+01,   -0.1492364269856419067838971E+00,    0.5332713948483613908280176E-01,   -0.2025635664704780458666988E+00,   -379.85%
   -0.4211666666666666891671866E+01,   -0.1507617628060514969323691E+00,    0.5336710087227043014523886E-01,   -0.2041288636783219201387141E+00,   -382.50%
   -0.4209999999999999964472863E+01,   -0.1522569148635075364506264E+00,    0.5340710634957087504792739E-01,   -0.2056640212130784184374477E+00,   -385.09%
   -0.4208333333333333037273860E+01,   -0.1537220578446193142152509E+00,    0.5344715598032848125065186E-01,   -0.2071692138249477954659028E+00,   -387.62%
   -0.4206666666666666998253277E+01,   -0.1551573667421659030729586E+00,    0.5348724982824649282209251E-01,   -0.2086446165704123889561572E+00,   -390.08%
   -0.4205000000000000071054274E+01,   -0.1565630168407403655095322E+00,    0.5352738795714061942332407E-01,   -0.2100904047978809918717502E+00,   -392.49%
   -0.4203333333333333143855270E+01,   -0.1579391837025719558251780E+00,    0.5356757043093920284126952E-01,   -0.2115067541335111656053414E+00,   -394.84%
   -0.4201666666666666216656267E+01,   -0.1592860431534739162895420E+00,    0.5360779731368350842224402E-01,   -0.2128938404671574247117860E+00,   -397.13%
   -0.4200000000000000177635684E+01,   -0.1606037712689018237544047E+00,    0.5364806866952789854430250E-01,   -0.2142518399384297222987072E+00,   -399.37%
   -0.4198333333333333250436681E+01,   -0.1618925443602080849192504E+00,    0.5368838456274017262304099E-01,   -0.2155809289229482506033975E+00,   -401.54%
   -0.4196666666666666323237678E+01,   -0.1631525389609635723342507E+00,    0.5372874505770169201168684E-01,   -0.2168812840186652712848314E+00,   -403.66%
   -0.4195000000000000284217094E+01,   -0.1643839318135023042088960E+00,    0.5376915021890764367906712E-01,   -0.2181530820324099617657509E+00,   -405.72%
   -0.4193333333333333357018091E+01,   -0.1655868998554977378212527E+00,    0.5380960011096735245983425E-01,   -0.2193964999664650972199809E+00,   -407.73%
   -0.4191666666666666429819088E+01,   -0.1667616202067735420300210E+00,    0.5385009479860439207676848E-01,   -0.2206117150053779341067894E+00,   -409.68%
   -0.4189999999999999502620085E+01,   -0.1679082701561845913929005E+00,    0.5389063434665690432989749E-01,   -0.2217989045028415096005858E+00,   -411.57%
   -0.4188333333333333463599502E+01,   -0.1690270271486500885949056E+00,    0.5393121882007780726331347E-01,   -0.2229582459687279027971130E+00,   -413.41%
   -0.4186666666666666536400498E+01,   -0.1701180687723143902800871E+00,    0.5397184828393510047650494E-01,   -0.2240899170562494768788042E+00,   -415.20%
   -0.4185000000000000497379915E+01,   -0.1711815727458586011699992E+00,    0.5401252280341196226887135E-01,   -0.2251940955492705564999767E+00,   -416.93%
   -0.4183333333333333570180912E+01,   -0.1722177169059217194391209E+00,    0.5405324244380714515667563E-01,   -0.2262709593497288507180087E+00,   -418.61%
   -0.4181666666666666642981909E+01,   -0.1732266791946377171296234E+00,    0.5409400727053510077313447E-01,   -0.2273206864651728109638640E+00,   -420.23%
   -0.4179999999999999715782906E+01,   -0.1742086376473643005713399E+00,    0.5413481734912627130196228E-01,   -0.2283434549964905579955143E+00,   -421.81%
   -0.4178333333333333676762322E+01,   -0.1751637703804442558475074E+00,    0.5417567274522730458308217E-01,   -0.2293394431256715604305896E+00,   -423.33%
   -0.4176666666666666749563319E+01,   -0.1760922555792101829030827E+00,    0.5421657352460136636285171E-01,   -0.2303088291038115631437222E+00,   -424.79%
   -0.4174999999999999822364316E+01,   -0.1769942714859643606573059E+00,    0.5425751975312828601083481E-01,   -0.2312517912390926466681407E+00,   -426.21%
   -0.4173333333333333783343733E+01,   -0.1778699963882896528666322E+00,    0.5429851149680482019777017E-01,   -0.2321685078850944661255085E+00,   -427.58%
   -0.4171666666666666856144730E+01,   -0.1787196086072285750034894E+00,    0.5433954882174499290137248E-01,   -0.2330591574289735679048619E+00,   -428.89%
   -0.4169999999999999928945726E+01,   -0.1795432864858548249742398E+00,    0.5438063179418018561195325E-01,   -0.2339239182800350036472992E+00,   -430.16%
   -0.4168333333333333001746723E+01,   -0.1803412083777548580165728E+00,    0.5442176048045949121600984E-01,   -0.2347629688582143492325827E+00,   -431.38%
   -0.4166666666666666962726140E+01,   -0.1811135526357584568657444E+00,    0.5446293494704991522414872E-01,   -0.2355764875828083582121053E+00,   -432.54%
   -0.4165000000000000035527137E+01,   -0.1818604976007243134716873E+00,    0.5450415526053666720462942E-01,   -0.2363646528612609876152106E+00,   -433.66%
   -0.4163333333333333108328134E+01,   -0.1825822215904771006478313E+00,    0.5454542148762334813349995E-01,   -0.2371276430781004418424374E+00,   -434.73%
   -0.4161666666666667069307550E+01,   -0.1832789028888775484382734E+00,    0.5458673369513217243920167E-01,   -0.2378656365840097208774750E+00,   -435.76%
   -0.4160000000000000142108547E+01,   -0.1839507197349579126210983E+00,    0.5462809195000436351952189E-01,   -0.2385788116849622830795141E+00,   -436.73%
   -0.4158333333333333214909544E+01,   -0.1845978503122269465119842E+00,    0.5466949631930023700832066E-01,   -0.2392673466315271835203049E+00,   -437.66%
   -0.4156666666666666287710541E+01,   -0.1852204727380916682299983E+00,    0.5471094687019950608686258E-01,   -0.2399314196082911743168609E+00,   -438.54%
   -0.4155000000000000248689958E+01,   -0.1858187650533620338677565E+00,    0.5475244367000153822289121E-01,   -0.2405712087233635720906477E+00,   -439.38%
   -0.4153333333333333321490954E+01,   -0.1863929052118772633495070E+00,    0.5479398678612567435974867E-01,   -0.2411868919980029446481495E+00,   -440.17%
   -0.4151666666666666394291951E+01,   -0.1869430710703121334415044E+00,    0.5483557628611133299978420E-01,   -0.2417786473564234595023947E+00,   -440.92%
   -0.4150000000000000355271368E+01,   -0.1874694403779802731602189E+00,    0.5487721223761831551568591E-01,   -0.2423466526155985956147987E+00,   -441.62%
   -0.4148333333333333428072365E+01,   -0.1879721907668603086971615E+00,    0.5491889470842719472853943E-01,   -0.2428910854752875103645948E+00,   -442.27%
   -0.4146666666666666500873362E+01,   -0.1884514997416938397734043E+00,    0.5496062376643934266340352E-01,   -0.2434121235081331824368078E+00,   -442.88%
   -0.4144999999999999573674359E+01,   -0.1889075446701628246959359E+00,    0.5500239947967730524958085E-01,   -0.2439099441498401299455168E+00,   -443.45%
   -0.4143333333333333534653775E+01,   -0.1893405027732411316510053E+00,    0.5504422191628507987637420E-01,   -0.2443847246895262115273795E+00,   -443.98%
   -0.4141666666666666607454772E+01,   -0.1897505511156277469009268E+00,    0.5508609114452830274322181E-01,   -0.2448366422601560565830425E+00,   -444.46%
   -0.4139999999999999680255769E+01,   -0.1901378665962651648424497E+00,    0.5512800723279455417102923E-01,   -0.2452658738290597328912668E+00,   -444.90%
   -0.4138333333333333641235185E+01,   -0.1905026259390062426390955E+00,    0.5516997024959353207451684E-01,   -0.2456725961885997677747184E+00,   -445.30%
   -0.4136666666666666714036182E+01,   -0.1908450056833649044474299E+00,    0.5521198026355745441806633E-01,   -0.2460569859469223519266023E+00,   -445.66%
   -0.4134999999999999786837179E+01,   -0.1911651821754024038746422E+00,    0.5525403734344114248244750E-01,   -0.2464192195188435463570897E+00,   -445.98%
   -0.4133333333333332859638176E+01,   -0.1914633315587004613878008E+00,    0.5529614155812240250398304E-01,   -0.2467594731168228638917839E+00,   -446.25%
   -0.4131666666666666820617593E+01,   -0.1917396297653981840358739E+00,    0.5533829297660219914689606E-01,   -0.2470779227420003831827700E+00,   -446.49%
   -0.4129999999999999893418590E+01,   -0.1919942525074752326386118E+00,    0.5538049166800503020358093E-01,   -0.2473747441754802767199806E+00,   -446.68%
   -0.4128333333333332966219587E+01,   -0.1922273752679385105945897E+00,    0.5542273770157905149469357E-01,   -0.2476501129695175551503894E+00,   -446.84%
   -0.4126666666666666927199003E+01,   -0.1924391732923020625900534E+00,    0.5546503114669637524158929E-01,   -0.2479042044389984378316427E+00,   -446.96%
   -0.4125000000000000000000000E+01,   -0.1926298215800364421745883E+00,    0.5550737207285342394991190E-01,   -0.2481371936528898591856063E+00,   -447.03%
   -0.4123333333333333072800997E+01,   -0.1927994948762106475204092E+00,    0.5554976054967106224857787E-01,   -0.2483492554258817097689871E+00,   -447.08%
   -0.4121666666666667033780413E+01,   -0.1929483676631748578778058E+00,    0.5559219664689488138442641E-01,   -0.2485405643100697392622322E+00,   -447.08%
   -0.4120000000000000106581410E+01,   -0.1930766141523769796606302E+00,    0.5563468043439558780027809E-01,   -0.2487112945867725743998022E+00,   -447.04%
   -0.4118333333333333179382407E+01,   -0.1931844082762898817673403E+00,    0.5567721198216907252387387E-01,   -0.2488616202584589542912141E+00,   -446.97%
   -0.4116666666666667140361824E+01,   -0.1932719236803656925882677E+00,    0.5571979136033678586814588E-01,   -0.2489917150407024715175197E+00,   -446.86%
   -0.4115000000000000213162821E+01,   -0.1933393337152286284297276E+00,    0.5576241863914605662033708E-01,   -0.2491017523543746781111707E+00,   -446.72%
   -0.4113333333333333285963818E+01,   -0.1933868114288143924550667E+00,    0.5580509388897018918651582E-01,   -0.2491919053177845677637947E+00,   -446.54%
   -0.4111666666666666358764815E+01,   -0.1934145295587124391278877E+00,    0.5584781718030887298631626E-01,   -0.2492623467390213121142040E+00,   -446.32%
   -0.4110000000000000319744231E+01,   -0.1934226605245570884683559E+00,    0.5589058858378836980307369E-01,   -0.2493132491083454582714296E+00,   -446.07%
   -0.4108333333333333392545228E+01,   -0.1934113764205334096146771E+00,    0.5593340817016185378962589E-01,   -0.2493447845906952564654091E+00,   -445.79%
   -0.4106666666666666465346225E+01,   -0.1933808490079749198287118E+00,    0.5597627601030959187955460E-01,   -0.2493571250182844978304786E+00,   -445.47%
   -0.4105000000000000426325641E+01,   -0.1933312497080550418360190E+00,    0.5601919217523922828183558E-01,   -0.2493504418832942770567485E+00,   -445.12%
   -0.4103333333333333499126638E+01,   -0.1932627495945832274415466E+00,    0.5606215673608614530332162E-01,   -0.2493249063306693658059743E+00,   -444.73%
   -0.4101666666666666571927635E+01,   -0.1931755193868548159397136E+00,    0.5610516976411360906551451E-01,   -0.2492806891509684319441220E+00,   -444.31%
   -0.4099999999999999644728632E+01,   -0.1930697294426862165028780E+00,    0.5614823133071308869368465E-01,   -0.2492179607733993051965626E+00,   -443.86%
   -0.4098333333333333605708049E+01,   -0.1929455497514281914206435E+00,    0.5619134150740452693373328E-01,   -0.2491368912588327044765890E+00,   -443.37%
   -0.4096666666666666678509046E+01,   -0.1928031499271574411569219E+00,    0.5623450036583666628020595E-01,   -0.2490376502929941004982339E+00,   -442.86%
   -0.4094999999999999751310042E+01,   -0.1926426992019170392200778E+00,    0.5627770797778719469306452E-01,   -0.2489204071797042339131423E+00,   -442.31%
   -0.4093333333333333712289459E+01,   -0.1924643664190622549536869E+00,    0.5632096441516309254238237E-01,   -0.2487853308342253544349632E+00,   -441.73%
   -0.4091666666666666785090456E+01,   -0.1922683200266979974824011E+00,    0.5636426975000097261414567E-01,   -0.2486325897766989700965468E+00,   -441.12%
   -0.4089999999999999857891453E+01,   -0.1920547280711946969145032E+00,    0.5640762405446721194923754E-01,   -0.2484623521256619227415285E+00,   -440.48%
   -0.4088333333333332930692450E+01,   -0.1918237581908113498219137E+00,    0.5645102740085829184923938E-01,   -0.2482747855916696555489409E+00,   -439.81%
   -0.4086666666666666891671866E+01,   -0.1915755776093829021444748E+00,    0.5649447986160107543218700E-01,   -0.2480700574709839845155557E+00,   -439.10%
   -0.4084999999999999964472863E+01,   -0.1913103531301491855298735E+00,    0.5653798150925315457726583E-01,   -0.2478483346394023401071394E+00,   -438.37%
   -0.4083333333333333037273860E+01,   -0.1910282511295474106027825E+00,    0.5658153241650296094711337E-01,   -0.2476097835460503715498959E+00,   -437.62%
   -0.4081666666666666998253277E+01,   -0.1907294375512748885181935E+00,    0.5662513265617014068808999E-01,   -0.2473545702074450292062835E+00,   -436.83%
   -0.4080000000000000071054274E+01,   -0.1904140779002569394684485E+00,    0.5666878230120591525276197E-01,   -0.2470828602014628616601044E+00,   -436.01%
   -0.4078333333333333143855270E+01,   -0.1900823372368448949121245E+00,    0.5671248142469315772773442E-01,   -0.2467948186615380457009650E+00,   -435.17%
   -0.4076666666666666216656267E+01,   -0.1897343801709600874527695E+00,    0.5675623009984683692286112E-01,   -0.2464906102708069313145245E+00,   -434.30%
   -0.4075000000000000177635684E+01,   -0.1893703708564934695690596E+00,    0.5680002840001419778248604E-01,   -0.2461703992565076604126517E+00,   -433.40%
   -0.4073333333333333250436681E+01,   -0.1889904729855937381977071E+00,    0.5684387639867516384128976E-01,   -0.2458343493842689020389969E+00,   -432.47%
   -0.4071666666666666323237678E+01,   -0.1885948497832120873685113E+00,    0.5688777416944246212437974E-01,   -0.2454826239526545494928911E+00,   -431.52%
   -0.4070000000000000284217094E+01,   -0.1881836640016001094277698E+00,    0.5693172178606197009198553E-01,   -0.2451153857876620656419675E+00,   -430.54%
   -0.4068333333333333357018091E+01,   -0.1877570779149713153799439E+00,    0.5697571932241309033972954E-01,   -0.2447327972373843918418856E+00,   -429.54%
   -0.4066666666666666429819088E+01,   -0.1873152533142161957346872E+00,    0.5701976685250887549871734E-01,   -0.2443350201667250642945106E+00,   -428.51%
   -0.4064999999999999502620085E+01,   -0.1868583515016728202606799E+00,    0.5706386445049638905802070E-01,   -0.2439222159521692023798067E+00,   -427.45%
   -0.4063333333333333463599502E+01,   -0.1863865332860505374945603E+00,    0.5710801219065699679822146E-01,   -0.2434945454767075412316757E+00,   -426.38%
   -0.4061666666666666536400498E+01,   -0.1858999589773258354075125E+00,    0.5715221014740666516384948E-01,   -0.2430521691247324866935742E+00,   -425.27%
   -0.4060000000000000497379915E+01,   -0.1853987883817973525424350E+00,    0.5719645839529615555241193E-01,   -0.2425952467770935150337408E+00,   -424.14%
   -0.4058333333333333570180912E+01,   -0.1848831807972114438243239E+00,    0.5724075700901143370913360E-01,   -0.2421239378062228775334574E+00,   -422.99%
   -0.4056666666666666642981909E+01,   -0.1843532950079356524941687E+00,    0.5728510606337387789377402E-01,   -0.2416384010713095165101549E+00,   -421.82%
   -0.4054999999999999715782906E+01,   -0.1838092892802218325520869E+00,    0.5732950563334054949748975E-01,   -0.2411387949135623820495766E+00,   -420.62%
   -0.4053333333333333676762322E+01,   -0.1832513213575654720255415E+00,    0.5737395579400453998752951E-01,   -0.2406252771515700050741771E+00,   -419.40%
   -0.4051666666666666749563319E+01,   -0.1826795484560924109906921E+00,    0.5741845662059526927967212E-01,   -0.2400980050766876872092581E+00,   -418.15%
   -0.4049999999999999822364316E+01,   -0.1820941272600866689401755E+00,    0.5746300818847866614946795E-01,   -0.2395571354485653281507496E+00,   -416.89%
   -0.4048333333333333783343733E+01,   -0.1814952139175292633588299E+00,    0.5750761057315757068808537E-01,   -0.2390028244906868271080214E+00,   -415.60%
   -0.4046666666666666856144730E+01,   -0.1808829640357484391799403E+00,    0.5755226385027202573585470E-01,   -0.2384352278860204510380072E+00,   -414.29%
   -0.4044999999999999928945726E+01,   -0.1802575326771516384116723E+00,    0.5759696809559945035461581E-01,   -0.2378545007727510818273942E+00,   -412.96%
   -0.4043333333333333001746723E+01,   -0.1796190743549863910732967E+00,    0.5764172338505504228356457E-01,   -0.2372607977400414402957551E+00,   -411.61%
   -0.4041666666666666962726140E+01,   -0.1789677430292178350601517E+00,    0.5768652979469203467832727E-01,   -0.2366542728239098836162668E+00,   -410.24%
   -0.4040000000000000035527137E+01,   -0.1783036921024807597291328E+00,    0.5773138740070201530008021E-01,   -0.2360350795031827819681070E+00,   -408.85%
   -0.4038333333333333108328134E+01,   -0.1776270744160283743262596E+00,    0.5777629627941515549904850E-01,   -0.2354033706954435367642020E+00,   -407.44%
   -0.4036666666666667069307550E+01,   -0.1769380422458431967314141E+00,    0.5782125650730056409809521E-01,   -0.2347592987531437747072971E+00,   -406.01%
   -0.4035000000000000142108547E+01,   -0.1762367472987975414167039E+00,    0.5786626816096658576515921E-01,   -0.2341030154597641410596509E+00,   -404.56%
   -0.4033333333333333214909544E+01,   -0.1755233407088341024415712E+00,    0.5791133131716105775232961E-01,   -0.2334346720259951601939008E+00,   -403.09%
   -0.4031666666666666287710541E+01,   -0.1747979730332864523045799E+00,    0.5795644605277160826828364E-01,   -0.2327544190860580675117575E+00,   -401.60%
   -0.4030000000000000248689958E+01,   -0.1740607942491858295408491E+00,    0.5800161244482595485072451E-01,   -0.2320624066940117913304675E+00,   -400.10%
   -0.4028333333333333321490954E+01,   -0.1733119537497311013485302E+00,    0.5804683057049231376112175E-01,   -0.2313587843202234151096519E+00,   -398.57%
   -0.4026666666666666394291951E+01,   -0.1725516003407346621312257E+00,    0.5809210050707949712922584E-01,   -0.2306437008478141592604516E+00,   -397.03%
   -0.4025000000000000355271368E+01,   -0.1717798822372103850764091E+00,    0.5813742233203734316449030E-01,   -0.2299173045692477213020055E+00,   -395.47%
   -0.4023333333333333428072365E+01,   -0.1709969470599815022371359E+00,    0.5818279612295705616187291E-01,   -0.2291797431829385445212210E+00,   -393.90%
   -0.4021666666666666500873362E+01,   -0.1702029418323685872049822E+00,    0.5822822195757136609639559E-01,   -0.2284311637899399394235900E+00,   -392.30%
   -0.4019999999999999573674359E+01,   -0.1693980129769557252394918E+00,    0.5827369991375493801788465E-01,   -0.2276717128907106701962704E+00,   -390.69%
   -0.4018333333333333534653775E+01,   -0.1685823063123888243541870E+00,    0.5831923006952462185115138E-01,   -0.2269015363819134600831262E+00,   -389.07%
   -0.4016666666666666607454772E+01,   -0.1677559670502749011866683E+00,    0.5836481250303983403515673E-01,   -0.2261207795533147213440373E+00,   -387.43%
   -0.4014999999999999680255769E+01,   -0.1669191397921337971510525E+00,    0.5841044729260276568982846E-01,   -0.2253295870847365489630931E+00,   -385.77%
   -0.4013333333333333641235185E+01,   -0.1660719685263938316666099E+00,    0.5845613451665868792739289E-01,   -0.2245281030430525126551089E+00,   -384.10%
   -0.4011666666666666714036182E+01,   -0.1652145966254735254263863E+00,    0.5850187425379640288047867E-01,   -0.2237164708792699352457589E+00,   -382.41%
   -0.4009999999999999786837179E+01,   -0.1643471668429156984370110E+00,    0.5854766658274834778552531E-01,   -0.2228948334256640462225363E+00,   -380.71%
   -0.4008333333333332859638176E+01,   -0.1634698213105963693347888E+00,    0.5859351158239103213309917E-01,   -0.2220633328929874084067819E+00,   -378.99%
   -0.4006666666666666820617593E+01,   -0.1625827015359771754443585E+00,    0.5863940933174528746807397E-01,   -0.2212221108677224767902203E+00,   -377.26%
   -0.4004999999999999893418590E+01,   -0.1616859483994219637281731E+00,    0.5868535990997665596768940E-01,   -0.2203713083093986058180747E+00,   -375.51%
   -0.4003333333333332966219587E+01,   -0.1607797021515866564556063E+00,    0.5873136339639560554726216E-01,   -0.2195110655479822758806563E+00,   -373.75%
   -0.4001666666666666927199003E+01,   -0.1598641024108691799376913E+00,    0.5877741987045782823262385E-01,   -0.2186415222813269942925274E+00,   -371.98%
   -0.4000000000000000000000000E+01,   -0.1589392881608710783591931E+00,    0.5882352941176470506601248E-01,   -0.2177628175726357695474178E+00,   -370.20%
   -0.3998333333333333072800997E+01,   -0.1580053977480190829929541E+00,    0.5886969210006343100616277E-01,   -0.2168750898480825139991168E+00,   -368.40%
   -0.3996666666666666589691204E+01,   -0.1570625688791405238919907E+00,    0.5891590801524744513972820E-01,   -0.2159784768943879829095067E+00,   -366.59%
   -0.3995000000000000106581410E+01,   -0.1561109386191414094557928E+00,    0.5896217723735665966477981E-01,   -0.2150731158564980760594665E+00,   -364.76%
   -0.3993333333333333179382407E+01,   -0.1551506433887670510785028E+00,    0.5900849984657790398001609E-01,   -0.2141591432353449619974128E+00,   -362.93%
   -0.3991666666666666696272614E+01,   -0.1541818189623660462217458E+00,    0.5905487592324506346264101E-01,   -0.2132366948856111166232807E+00,   -361.08%
   -0.3990000000000000213162821E+01,   -0.1532046004657699467266241E+00,    0.5910130554783954437425564E-01,   -0.2123059060136094911008797E+00,   -359.22%
   -0.3988333333333333285963818E+01,   -0.1522191223741655718981747E+00,    0.5914778880099053059993253E-01,   -0.2113669111751561024981072E+00,   -357.35%
   -0.3986666666666666358764815E+01,   -0.1512255185100673804399207E+00,    0.5919432576347526120397191E-01,   -0.2104198442735426555216804E+00,   -355.47%
   -0.3985000000000000319744231E+01,   -0.1502239220413515707885921E+00,    0.5924091651621941206906641E-01,   -0.2094648385575709759187646E+00,   -353.58%
   -0.3983333333333333392545228E+01,   -0.1492144654793022551242387E+00,    0.5928756114029743590210231E-01,   -0.2085020266195996840874471E+00,   -351.68%
   -0.3981666666666666465346225E+01,   -0.1481972806767406780625862E+00,    0.5933425971693273570650717E-01,   -0.2075315403936734137690934E+00,   -349.77%
   -0.3979999999999999982236432E+01,   -0.1471724988262378686076914E+00,    0.5938101232749815050482312E-01,   -0.2065535111537360191125146E+00,   -347.84%
   -0.3978333333333333499126638E+01,   -0.1461402504582764161344954E+00,    0.5942781905351623289446295E-01,   -0.2055680695117926559678523E+00,   -345.91%
   -0.3976666666666666571927635E+01,   -0.1451006654396120310046570E+00,    0.5947467997665949884789072E-01,   -0.2045753454162715367914416E+00,   -343.97%
   -0.3975000000000000088817842E+01,   -0.1440538729715677424003673E+00,    0.5952159517875078853510473E-01,   -0.2035754681503185170576842E+00,   -342.02%
   -0.3973333333333333605708049E+01,   -0.1430000015884457797987750E+00,    0.5956856474176365490169616E-01,   -0.2025685663302094208226833E+00,   -340.06%
   -0.3971666666666666678509046E+01,   -0.1419391791559368176667277E+00,    0.5961558874782257877456004E-01,   -0.2015547679037593964412878E+00,   -338.09%
   -0.3969999999999999751310042E+01,   -0.1408715328696553414911108E+00,    0.5966266727920338519552956E-01,   -0.2005342001488587266866404E+00,   -336.11%
   -0.3968333333333333268200249E+01,   -0.1397971892536606364210172E+00,    0.5970980041833350016045046E-01,   -0.1995069896719941504592555E+00,   -334.13%
   -0.3966666666666666785090456E+01,   -0.1387162741590425574234047E+00,    0.5975698824779230450277012E-01,   -0.1984732624068348549872809E+00,   -332.13%
   -0.3964999999999999857891453E+01,   -0.1376289127625926478337703E+00,    0.5980423085031151553270234E-01,   -0.1974331436129041494886849E+00,   -330.13%
   -0.3963333333333333374781660E+01,   -0.1365352295654784775535973E+00,    0.5985152830877536050957488E-01,   -0.1963867578742538311242782E+00,   -328.12%
   -0.3961666666666666891671866E+01,   -0.1354353483919963074821879E+00,    0.5989888070622110399776616E-01,   -0.1953342290982174045410602E+00,   -326.11%
   -0.3959999999999999964472863E+01,   -0.1343293923883462637203223E+00,    0.5994628812583924909462851E-01,   -0.1942756805141855058760569E+00,   -324.08%
   -0.3958333333333333037273860E+01,   -0.1332174840214949695926805E+00,    0.5999375065097386355850162E-01,   -0.1932112346724688400900760E+00,   -322.05%
   -0.3956666666666666998253277E+01,   -0.1320997450780384274704460E+00,    0.6004126836512294757008945E-01,   -0.1921410134431613681016415E+00,   -320.01%
   -0.3955000000000000071054274E+01,   -0.1309762966631725644717221E+00,    0.6008884135193884312720058E-01,   -0.1910651380151114075989227E+00,   -317.97%
   -0.3953333333333333143855270E+01,   -0.1298472591996291114480044E+00,    0.6013646969522837976152019E-01,   -0.1899837288948574842706307E+00,   -315.92%
   -0.3951666666666666660745477E+01,   -0.1287127524267403511082364E+00,    0.6018415347895336026118329E-01,   -0.1888969059056937183083136E+00,   -313.86%
   -0.3950000000000000177635684E+01,   -0.1275728953995097503248957E+00,    0.6023189278723084516542485E-01,   -0.1878047881867405954903205E+00,   -311.80%
   -0.3948333333333333250436681E+01,   -0.1264278064877009943867137E+00,    0.6027968770433349970927495E-01,   -0.1867074941920345010348825E+00,   -309.74%
   -0.3946666666666666767326888E+01,   -0.1252776033750500062069477E+00,    0.6032753831468988525710273E-01,   -0.1856051416897399053418383E+00,   -307.66%
   -0.3945000000000000284217094E+01,   -0.1241224030584376081254305E+00,    0.6037544470288487563625068E-01,   -0.1844978477613224976394690E+00,   -305.58%
   -0.3943333333333333357018091E+01,   -0.1229623218471597861922717E+00,    0.6042340695365993469279076E-01,   -0.1833857288008197139461686E+00,   -303.50%
   -0.3941666666666666429819088E+01,   -0.1217974753622350636561578E+00,    0.6047142515191345629732567E-01,   -0.1822689005141485130145895E+00,   -301.41%
   -0.3939999999999999946709295E+01,   -0.1206279785357277922752672E+00,    0.6051949938270109741189628E-01,   -0.1811474779184288896871635E+00,   -299.32%
   -0.3938333333333333463599502E+01,   -0.1194539456101634811169276E+00,    0.6056762973123618054582806E-01,   -0.1800215753413996755405435E+00,   -297.22%
   -0.3936666666666666536400498E+01,   -0.1182754901379111101000774E+00,    0.6061581628288997825038109E-01,   -0.1788913064208010883504585E+00,   -295.12%
   -0.3935000000000000053290705E+01,   -0.1170927249806966441436629E+00,    0.6066405912319201149118797E-01,   -0.1777567841038886486959569E+00,   -293.02%
   -0.3933333333333333570180912E+01,   -0.1159057623091177685603625E+00,    0.6071235833783053537082708E-01,   -0.1766181206469483178089774E+00,   -290.91%
   -0.3931666666666666642981909E+01,   -0.1147147136021490071433604E+00,    0.6076071401265274035674580E-01,   -0.1754754276148017544390001E+00,   -288.80%
   -0.3929999999999999715782906E+01,   -0.1135196896468121663392736E+00,    0.6080912623366516167600082E-01,   -0.1743288158804773280152745E+00,   -286.68%
   -0.3928333333333333232673112E+01,   -0.1123208005377470536378937E+00,    0.6085759508703397768769605E-01,   -0.1731783956247810452033775E+00,   -284.56%
   -0.3926666666666666749563319E+01,   -0.1111181556769267747553087E+00,    0.6090612065908543315551071E-01,   -0.1720242763360121940330316E+00,   -282.44%
   -0.3924999999999999822364316E+01,   -0.1099118637733808023781990E+00,    0.6095470303630614455903114E-01,   -0.1708665668096869538761240E+00,   -280.32%
   -0.3923333333333333339254523E+01,   -0.1087020328429188775754000E+00,    0.6100334230534341234397644E-01,   -0.1697053751482622829804825E+00,   -278.19%
   -0.3921666666666666856144730E+01,   -0.1074887702079558443601925E+00,    0.6105203855300563031693883E-01,   -0.1685408087609614746771314E+00,   -276.06%
   -0.3919999999999999928945726E+01,   -0.1062721824973597434249584E+00,    0.6110079186626259095671543E-01,   -0.1673729743636223343816738E+00,   -273.93%
   -0.3918333333333333001746723E+01,   -0.1050523756462820312851392E+00,    0.6114960233224584623679121E-01,   -0.1662019779785278705830365E+00,   -271.80%
   -0.3916666666666666962726140E+01,   -0.1038294548961180424617723E+00,    0.6119847003824904069224644E-01,   -0.1650279249343670762151248E+00,   -269.66%
   -0.3915000000000000035527137E+01,   -0.1026035247944335204728361E+00,    0.6124739507172836244786041E-01,   -0.1638509198661618759818026E+00,   -267.52%
   -0.3913333333333333108328134E+01,   -0.1013746891949641737440402E+00,    0.6129637752030273056824683E-01,   -0.1626710667152669043122870E+00,   -265.38%
   -0.3911666666666666625218340E+01,   -0.1001430512576373249578054E+00,    0.6134541747175425996374543E-01,   -0.1614884687293915987993387E+00,   -263.24%
   -0.3910000000000000142108547E+01,   -0.9890871344862575686995854E-01,    0.6139451501402864996848052E-01,   -0.1603032284626544068384391E+00,   -261.10%
   -0.3908333333333333214909544E+01,   -0.9767177754047974558293532E-01,    0.6144367023523538556828427E-01,   -0.1591154477757151242123257E+00,   -258.96%
   -0.3906666666666666731799751E+01,   -0.9643234461221719677759268E-01,    0.6149288322364824393995164E-01,   -0.1579252278358654337786504E+00,   -256.82%
   -0.3905000000000000248689958E+01,   -0.9519051504954166575966923E-01,    0.6154215406770558588478437E-01,   -0.1567326691172472585833475E+00,   -254.68%
   -0.3903333333333333321490954E+01,   -0.9394638854501041747013801E-01,    0.6159148285601074440664959E-01,   -0.1555378714010211549378937E+00,   -252.53%
   -0.3901666666666666394291951E+01,   -0.9270006409831144100763822E-01,    0.6164086967733231614552381E-01,   -0.1543409337756437571531620E+00,   -250.39%
   -0.3899999999999999911182158E+01,   -0.9145164001650402108012372E-01,    0.6169031462060456383333928E-01,   -0.1531419546371085849134630E+00,   -248.24%
   -0.3898333333333333428072365E+01,   -0.9020121391436813906850034E-01,    0.6173981777492784650540614E-01,   -0.1519410316892959855739065E+00,   -246.10%
   -0.3896666666666666500873362E+01,   -0.8894888271472667362615994E-01,    0.6178937922956882766722941E-01,   -0.1507382619442955151711772E+00,   -243.95%
   -0.3895000000000000017763568E+01,   -0.8769474264882007319421575E-01,    0.6183899907396098877265800E-01,   -0.1495337417227810550279798E+00,   -241.81%
   -0.3893333333333333534653775E+01,   -0.8643888925673834378038407E-01,    0.6188867739770488596295905E-01,   -0.1483275666544432436211309E+00,   -239.67%
   -0.3891666666666666607454772E+01,   -0.8518141738786179362197259E-01,    0.6193841429056858027824006E-01,   -0.1471198316784303739002127E+00,   -237.53%
   -0.3889999999999999680255769E+01,   -0.8392242120132333005333436E-01,    0.6198820984248797072435622E-01,   -0.1459106310438113007776906E+00,   -235.38%
   -0.3888333333333333641235185E+01,   -0.8266199416653181863967603E-01,    0.6203806414356709958424219E-01,   -0.1447000583100989112850243E+00,   -233.24%
   -0.3886666666666666714036182E+01,   -0.8140022906372269828612076E-01,    0.6208797728407870059053053E-01,   -0.1434882063478014058155452E+00,   -231.10%
   -0.3884999999999999786837179E+01,   -0.8013721798451679811936543E-01,    0.6213794935446439321458101E-01,   -0.1422751673389811843950525E+00,   -228.97%
   -0.3883333333333333303727386E+01,   -0.7887305233253795455627966E-01,    0.6218798044533504348896358E-01,   -0.1410610327778729911063493E+00,   -226.83%
   -0.3881666666666666820617593E+01,   -0.7760782282403934362324804E-01,    0.6223807064747129830228900E-01,   -0.1398458934715106349866431E+00,   -224.70%
   -0.3879999999999999893418590E+01,   -0.7634161948857839941062764E-01,    0.6228822005182379356602596E-01,   -0.1386298395404021999155475E+00,   -222.56%
   -0.3878333333333333410308796E+01,   -0.7507453166971841951315980E-01,    0.6233842874951362605928651E-01,   -0.1374129604192320386335524E+00,   -220.43%
   -0.3876666666666666927199003E+01,   -0.7380664802574055105566231E-01,    0.6238869683183265180126398E-01,   -0.1361953448575732028569263E+00,   -218.30%
   -0.3875000000000000000000000E+01,   -0.7253805653042477707970193E-01,    0.6243902439024390238486717E-01,   -0.1349770809206686794645691E+00,   -216.17%
   -0.3873333333333333072800997E+01,   -0.7126884447380886500322816E-01,    0.6248941151638194579920338E-01,   -0.1337582559901908108024315E+00,   -214.05%
   -0.3871666666666666589691204E+01,   -0.6999909846304112892578786E-01,    0.6253985830205327500763701E-01,   -0.1325389567650944178112127E+00,   -211.93%
   -0.3870000000000000106581410E+01,   -0.6872890442318004000643583E-01,    0.6259036483923664795359088E-01,   -0.1313192692624166879600267E+00,   -209.81%
   -0.3868333333333333179382407E+01,   -0.6745834759812063818884553E-01,    0.6264093122008351777196822E-01,   -0.1300992788182041559608138E+00,   -207.69%
   -0.3866666666666666696272614E+01,   -0.6618751255143406897474279E-01,    0.6269155753691836585606012E-01,   -0.1288790700883524209530151E+00,   -205.58%
   -0.3865000000000000213162821E+01,   -0.6491648316736718660191485E-01,    0.6274224388223907655781630E-01,   -0.1276587270496062631597312E+00,   -203.47%
   -0.3863333333333333285963818E+01,   -0.6364534265173403537740882E-01,    0.6279299034871738127705498E-01,   -0.1264383330004514305322516E+00,   -201.36%
   -0.3861666666666666358764815E+01,   -0.6237417353295066774210298E-01,    0.6284379702919916377279463E-01,   -0.1252179705621498384537915E+00,   -199.25%
   -0.3860000000000000319744231E+01,   -0.6110305766301955820996028E-01,    0.6289466401670480710794919E-01,   -0.1239977216797243653179095E+00,   -197.15%
   -0.3858333333333333392545228E+01,   -0.5983207621856451857711434E-01,    0.6294559140442979039420379E-01,   -0.1227776676229943020324242E+00,   -195.05%
   -0.3856666666666666465346225E+01,   -0.5856130970192045814837201E-01,    0.6299657928574478593652941E-01,   -0.1215578889876652440849014E+00,   -192.96%
   -0.3854999999999999982236432E+01,   -0.5729083794220053010848304E-01,    0.6304762775419621434469519E-01,   -0.1203384656963967513920721E+00,   -190.87%
   -0.3853333333333333499126638E+01,   -0.5602074009641540286441597E-01,    0.6309873690350660535575145E-01,   -0.1191194769999220082201674E+00,   -188.78%
   -0.3851666666666666571927635E+01,   -0.5475109465062093228038265E-01,    0.6314990682757497253430046E-01,   -0.1179010014781959048146831E+00,   -186.70%
   -0.3850000000000000088817842E+01,   -0.5348197942109897407014785E-01,    0.6320113762047716021719168E-01,   -0.1166831170415761342873395E+00,   -184.62%
   -0.3848333333333333605708049E+01,   -0.5221347155551004509677071E-01,    0.6325242937646632923609502E-01,   -0.1154659009319763673939718E+00,   -182.55%
   -0.3846666666666666678509046E+01,   -0.5094564753415151137083683E-01,    0.6330378218997324835104479E-01,   -0.1142494297241247597218816E+00,   -180.48%
   -0.3844999999999999751310042E+01,   -0.4967858317116864014240107E-01,    0.6335519615560671058407394E-01,   -0.1130337793267753576653689E+00,   -178.41%
   -0.3843333333333333268200249E+01,   -0.4841235361583730995027608E-01,    0.6340667136815393567506050E-01,   -0.1118190249839912386864427E+00,   -176.35%
   -0.3841666666666666785090456E+01,   -0.4714703335383811644287988E-01,    0.6345820792258098641536179E-01,   -0.1106052412764191028582417E+00,   -174.30%
   -0.3839999999999999857891453E+01,   -0.4588269620859119352074273E-01,    0.6350980591403312947029747E-01,   -0.1093925021226243299299341E+00,   -172.25%
   -0.3838333333333333374781660E+01,   -0.4461941534255751268256418E-01,    0.6356146543783521007942028E-01,   -0.1081808807803927297008784E+00,   -170.20%
   -0.3836666666666666891671866E+01,   -0.4335726325862786917353375E-01,    0.6361318658949208226793814E-01,   -0.1069704498481199583803658E+00,   -168.16%
   -0.3834999999999999964472863E+01,   -0.4209631180148403623020315E-01,    0.6366496946468902518034838E-01,   -0.1057612812661730683494454E+00,   -166.12%
   -0.3833333333333333037273860E+01,   -0.4083663215901052467859955E-01,    0.6371681415929204839176947E-01,   -0.1045534463183025730703690E+00,   -164.09%
   -0.3831666666666666998253277E+01,   -0.3957829486371720190129864E-01,    0.6376872076934834987493872E-01,   -0.1033470156330655587151313E+00,   -162.07%
   -0.3830000000000000071054274E+01,   -0.3832136979419244887656859E-01,    0.6382068939108680172278554E-01,   -0.1021420591852792436604602E+00,   -160.05%
   -0.3828333333333333143855270E+01,   -0.3706592617655808663545969E-01,    0.6387272012091815831524855E-01,   -0.1009386462974762449507082E+00,   -158.03%
   -0.3826666666666666660745477E+01,   -0.3581203258596499933164026E-01,    0.6392481305543559755300009E-01,   -0.9973684564140058994574645E-01,   -156.02%
   -0.3825000000000000177635684E+01,   -0.3455975694811360549030255E-01,    0.6397696829141508167992924E-01,   -0.9853672523952869410912569E-01,   -154.02%
   -0.3823333333333333250436681E+01,   -0.3330916654076493399472270E-01,    0.6402918592581578749456384E-01,   -0.9733835246658072148928653E-01,   -152.02%
   -0.3821666666666666767326888E+01,   -0.3206032799531847304885801E-01,    0.6408146605578042553919005E-01,   -0.9614179405109890552694196E-01,   -150.03%
   -0.3820000000000000284217094E+01,   -0.3081330729836145171374184E-01,    0.6413380877863573970021349E-01,   -0.9494711607699718447506143E-01,   -148.05%
   -0.3818333333333333357018091E+01,   -0.2956816979326343242107100E-01,    0.6418621419189288190843001E-01,   -0.9375438398515631432950101E-01,   -146.07%
   -0.3816666666666666429819088E+01,   -0.2832498018180975088431417E-01,    0.6423868239324780071708432E-01,   -0.9256366257505754813195153E-01,   -144.09%
   -0.3814999999999999946709295E+01,   -0.2708380252580385588734302E-01,    0.6429121348058164375771639E-01,   -0.9137501600638550658395332E-01,   -142.13%
   -0.3813333333333333463599502E+01,   -0.2584470024873685226052267E-01,    0.6434380755196120182937136E-01,   -0.9018850780069805062044708E-01,   -140.17%
   -0.3811666666666666536400498E+01,   -0.2460773613744652796309076E-01,    0.6439646470563929747665810E-01,   -0.8900420084308582890919581E-01,   -138.21%
   -0.3810000000000000053290705E+01,   -0.2337297234381413915671466E-01,    0.6444918504005517356780786E-01,   -0.8782215738386930925507556E-01,   -136.27%
   -0.3808333333333333570180912E+01,   -0.2214047038646547657658736E-01,    0.6450196865383495126167190E-01,   -0.8664243904030043130770622E-01,   -134.33%
   -0.3806666666666666642981909E+01,   -0.2091029115248866504517267E-01,    0.6455481564579203246356798E-01,   -0.8546510679828070444763455E-01,   -132.39%
   -0.3804999999999999715782906E+01,   -0.1968249489919174019525450E-01,    0.6460772611492746064776327E-01,   -0.8429022101411920431246472E-01,   -130.46%
   -0.3803333333333333232673112E+01,   -0.1845714125585413284413860E-01,    0.6466070016043037882447209E-01,   -0.8311784141628450472971679E-01,   -128.54%
   -0.3801666666666666749563319E+01,   -0.1723428922550555852932774E-01,    0.6471373788167847362906571E-01,   -0.8194802710718403215839345E-01,   -126.63%
   -0.3799999999999999822364316E+01,   -0.1601399718671504129874350E-01,    0.6476683937823835002234318E-01,   -0.8078083656495338438219278E-01,   -124.73%
   -0.3798333333333333339254523E+01,   -0.1479632289541529116538854E-01,    0.6482000474986590599080216E-01,   -0.7961632764528120409508460E-01,   -122.83%
   -0.3796666666666666856144730E+01,   -0.1358132348671918683546966E-01,    0.6487323409650685990257557E-01,   -0.7845455758322604500332176E-01,   -120.94%
   -0.3794999999999999928945726E+01,   -0.1236905547677630626268730E-01,    0.6492652751829711132991463E-01,   -0.7729558299507341412315498E-01,   -119.05%
   -0.3793333333333333001746723E+01,   -0.1115957476461997173455831E-01,    0.6497988511556312962724746E-01,   -0.7613945988018309962708230E-01,   -117.17%
   -0.3791666666666666962726140E+01,   -0.9952936634059843593047567E-02,    0.6503330698882239802038896E-01,   -0.7498624362288223987871305E-01,   -115.30%
   -0.3790000000000000035527137E+01,   -0.8749195755565829929478738E-02,    0.6508679323878391320690184E-01,   -0.7383598899434974660582753E-01,   -113.44%
   -0.3788333333333333108328134E+01,   -0.7548406188175605865953166E-02,    0.6514034396634850454521626E-01,   -0.7268875015452411214589290E-01,   -111.59%
   -0.3786666666666666625218340E+01,   -0.6350621381422345834710796E-02,    0.6519395927260926426605181E-01,   -0.7154458065403160316186870E-01,   -109.74%
   -0.3785000000000000142108547E+01,   -0.5155894177278421385002272E-02,    0.6524763925885206095056645E-01,   -0.7040353343613048320293046E-01,   -107.90%
   -0.3783333333333333214909544E+01,   -0.3964276812100857999565662E-02,    0.6530138402655590035283950E-01,   -0.6926566083865676182185211E-01,   -106.07%
   -0.3781666666666666731799751E+01,   -0.2775820918601415877163818E-02,    0.6535519367739332785571804E-01,   -0.6813101459599474329920099E-01,   -104.25%
   -0.3780000000000000248689958E+01,   -0.1590577527837439691937860E-02,    0.6540906831323094194896584E-01,   -0.6699964584106837817145674E-01,   -102.43%
   -0.3778333333333333321490954E+01,   -0.4085970711988535261464939E-03,    0.6546300803612976892953412E-01,   -0.6587160510732861795624160E-01,   -100.62%
   -0.3776666666666666394291951E+01,    0.7700706175729200809662589E-03,    0.6551701294834566535740805E-01,   -0.6474694233077274430065984E-01,    -98.82%
   -0.3774999999999999911182158E+01,    0.1945376300362684340167219E-02,    0.6557108315232983153375557E-01,   -0.6362570685196715369880138E-01,    -97.03%
   -0.3773333333333333428072365E+01,    0.3117271332647155931971916E-02,    0.6562521875072917232341041E-01,   -0.6250794741808202159560892E-01,    -95.25%
   -0.3771666666666666500873362E+01,    0.4285707661430095301302590E-02,    0.6567941984638679675523321E-01,   -0.6139371218495669885184540E-01,    -93.47%
   -0.3770000000000000017763568E+01,    0.5450637823196510453604979E-02,    0.6573368654234235108901885E-01,   -0.6028304871914583890069039E-01,    -91.71%
   -0.3768333333333333534653775E+01,    0.6612014941815723759188650E-02,    0.6578801894183260168258442E-01,   -0.5917600400001687965811925E-01,    -89.95%
   -0.3766666666666666607454772E+01,    0.7769792726460285348100143E-02,    0.6584241714829175418088880E-01,   -0.5807262442183146883278866E-01,    -88.20%
   -0.3764999999999999680255769E+01,    0.8923925469505251603652418E-02,    0.6589688126535192536081809E-01,   -0.5697295579584667202244219E-01,    -86.46%
   -0.3763333333333333641235185E+01,    0.1007436804440134565929998E-01,    0.6595141139684355946481986E-01,   -0.5587704335244221554024335E-01,    -84.72%
   -0.3761666666666666714036182E+01,    0.1122107590356293850553104E-01,    0.6600600764679598331241550E-01,   -0.5478493174323304654160793E-01,    -83.00%
   -0.3759999999999999786837179E+01,    0.1236400507621701790050839E-01,    0.6606067011943769773374413E-01,   -0.5369666504322068156795922E-01,    -81.28%
   -0.3758333333333333303727386E+01,    0.1350311216625136277735830E-01,    0.6611539891919689104771152E-01,   -0.5261228675294552653562974E-01,    -79.58%
   -0.3756666666666666820617593E+01,    0.1463835435006212611075416E-01,    0.6617019415070188315119992E-01,   -0.5153183980063975877516924E-01,    -77.88%
   -0.3754999999999999893418590E+01,    0.1576968937437296311432355E-01,    0.6622505591878159736385356E-01,   -0.5045536654440863078008306E-01,    -76.19%
   -0.3753333333333333410308796E+01,    0.1689707555404767330697879E-01,    0.6627998432846592125056162E-01,   -0.4938290877441824794358283E-01,    -74.51%
   -0.3751666666666666927199003E+01,    0.1802047176990222501768990E-01,    0.6633497948498626173297055E-01,   -0.4831450771508404018472760E-01,    -72.83%
   -0.3750000000000000000000000E+01,    0.1913983746649159170538645E-01,    0.6639004149377593366754269E-01,   -0.4725020402728434543160319E-01,    -71.17%
   -0.3748333333333333072800997E+01,    0.2025513264989629511059199E-01,    0.6644517046047057617919052E-01,   -0.4619003781057427759915157E-01,    -69.52%
   -0.3746666666666666589691204E+01,    0.2136631788549505500673931E-01,    0.6650036649090866613942552E-01,   -0.4513404860541361113268621E-01,    -67.87%
   -0.3745000000000000106581410E+01,    0.2247335429572589957092354E-01,    0.6655562969113196225556806E-01,   -0.4408227539540605921519756E-01,    -66.23%
   -0.3743333333333333179382407E+01,    0.2357620355783861254561629E-01,    0.6661096016738594915995719E-01,   -0.4303475660954733661434091E-01,    -64.61%
   -0.3741666666666666696272614E+01,    0.2467482790164462341797602E-01,    0.6666635802612025374358495E-01,   -0.4199153012447563032560893E-01,    -62.99%
   -0.3740000000000000213162821E+01,    0.2576919010724038061610486E-01,    0.6672182337398915863424520E-01,   -0.4095263326674877801814034E-01,    -61.38%
   -0.3738333333333333285963818E+01,    0.2685925350273926301425398E-01,    0.6677735631785206016353129E-01,   -0.3991810281511279367983036E-01,    -59.78%
   -0.3736666666666666358764815E+01,    0.2794498196198289680092230E-01,    0.6683295696477384306710690E-01,   -0.3888797500279094626618459E-01,    -58.19%
   -0.3735000000000000319744231E+01,    0.2902633990224982168948387E-01,    0.6688862542202540784064269E-01,   -0.3786228551977558615115882E-01,    -56.60%
   -0.3733333333333333392545228E+01,    0.3010329228195468206918939E-01,    0.6694436179708419809575304E-01,   -0.3684106951512951255711670E-01,    -55.03%
   -0.3731666666666666465346225E+01,    0.3117580459832980377399281E-01,    0.6700016619763449199354000E-01,   -0.3582436159930468821954719E-01,    -53.47%
   -0.3729999999999999982236432E+01,    0.3224384288511308871427730E-01,    0.6705603873156797123389339E-01,   -0.3481219584645488251961609E-01,    -51.92%
   -0.3728333333333333499126638E+01,    0.3330737371021869064335874E-01,    0.6711197950698420677806411E-01,   -0.3380460579676551613470536E-01,    -50.37%
   -0.3726666666666666571927635E+01,    0.3436636417339971466544668E-01,    0.6716798863219108906008614E-01,   -0.3280162445879137439463946E-01,    -48.84%
   -0.3725000000000000088817842E+01,    0.3542078190390501868378692E-01,    0.6722406621570521656483521E-01,   -0.3180328431180019788104829E-01,    -47.31%
   -0.3723333333333333605708049E+01,    0.3647059505812819818482140E-01,    0.6728021236625253420626791E-01,   -0.3080961730812433602144651E-01,    -45.79%
   -0.3721666666666666678509046E+01,    0.3751577231725127664629937E-01,    0.6733642719276866639432910E-01,   -0.2982065487551738974802973E-01,    -44.29%
   -0.3719999999999999751310042E+01,    0.3855628288487181198895826E-01,    0.6739271080439940275752519E-01,   -0.2883642791952759076856694E-01,    -42.79%
   -0.3718333333333333268200249E+01,    0.3959209648463792030614883E-01,    0.6744906331050119774328522E-01,   -0.2785696682586327743713639E-01,    -41.30%
   -0.3716666666666666785090456E+01,    0.4062318335786091472172643E-01,    0.6750548482064167021832191E-01,   -0.2688230146278075549659548E-01,    -39.82%
   -0.3714999999999999857891453E+01,    0.4164951426113758931046860E-01,    0.6756197544460003368005374E-01,   -0.2591246118346244436958514E-01,    -38.35%
   -0.3713333333333333374781660E+01,    0.4267106046394200657978502E-01,    0.6761853529236751259023919E-01,   -0.2494747482842550601045417E-01,    -36.89%
   -0.3711666666666666891671866E+01,    0.4368779374623774081065619E-01,    0.6767516447414798075321585E-01,   -0.2398737072791023994255966E-01,    -35.44%
   -0.3709999999999999964472863E+01,    0.4469968639606947125031411E-01,    0.6773186310035830826059566E-01,   -0.2303217670428883701028155E-01,    -34.00%
   -0.3708333333333333037273860E+01,    0.4570671120714221019598611E-01,    0.6778863128162881945826257E-01,   -0.2208192007448660926227646E-01,    -32.57%
   -0.3706666666666666998253277E+01,    0.4670884147641272271522794E-01,    0.6784546912880384805788481E-01,   -0.2113662765239112534265686E-01,    -31.15%
   -0.3705000000000000071054274E+01,    0.4770605100165777739951167E-01,    0.6790237675294229224842724E-01,   -0.2019632575128451484891556E-01,    -29.74%
   -0.3703333333333333143855270E+01,    0.4869831407904890580029544E-01,    0.6795935426531785061854407E-01,   -0.1926104018626894481824863E-01,    -28.34%
   -0.3701666666666666660745477E+01,    0.4968560550071176445952048E-01,    0.6801640177741972992375707E-01,   -0.1833079627670796546423659E-01,    -26.95%
   -0.3700000000000000177635684E+01,    0.5066790055228900108152956E-01,    0.6807351940095301978672637E-01,   -0.1740561884866401870519681E-01,    -25.57%
   -0.3698333333333333250436681E+01,    0.5164517501049165765225624E-01,    0.6813070724783926168655057E-01,   -0.1648553223734760403429433E-01,    -24.20%
   -0.3696666666666666767326888E+01,    0.5261740514064915802405764E-01,    0.6818796543021680978124976E-01,   -0.1557056028956765175719212E-01,    -22.83%
   -0.3695000000000000284217094E+01,    0.5358456769425326560174483E-01,    0.6824529406044144153042907E-01,   -0.1466072636618817592868425E-01,    -21.48%
   -0.3693333333333333357018091E+01,    0.5454663990649422089518339E-01,    0.6830269325108677402891288E-01,   -0.1375605334459255313372950E-01,    -20.14%
   -0.3691666666666666429819088E+01,    0.5550359949379917584577626E-01,    0.6836016311494477748489373E-01,   -0.1285656362114560163911747E-01,    -18.81%
   -0.3689999999999999946709295E+01,    0.5645542465135924836694414E-01,    0.6841770376502624706471778E-01,   -0.1196227911366699869777364E-01,    -17.48%
   -0.3688333333333333463599502E+01,    0.5740209405065747200191950E-01,    0.6847531531456133024882149E-01,   -0.1107322126390385824690199E-01,    -16.17%
   -0.3686666666666666536400498E+01,    0.5834358683698856462562787E-01,    0.6853299787700002643209274E-01,   -0.1018941104001146180646487E-01,    -14.87%
   -0.3685000000000000053290705E+01,    0.5927988262697671956180656E-01,    0.6859075156601258937971721E-01,   -0.9310868939035869817910651E-02,    -13.57%
   -0.3683333333333333570180912E+01,    0.6021096150609175218226810E-01,    0.6864857649549015172762978E-01,   -0.8437614989398399545361684E-02,    -12.29%
   -0.3681666666666666642981909E+01,    0.6113680402615613573846787E-01,    0.6870647277954516907172433E-01,   -0.7569668753389033333256464E-02,    -11.02%
   -0.3679999999999999715782906E+01,    0.6205739120285261312126579E-01,    0.6876444053251183630148802E-01,   -0.6707049329659223180222227E-02,     -9.75%
   -0.3678333333333333232673112E+01,    0.6297270451322843631825066E-01,    0.6882247986894671210045260E-01,   -0.5849775355718275782201943E-02,     -8.50%
   -0.3676666666666666749563319E+01,    0.6388272589319400618368405E-01,    0.6888059090362916303540430E-01,   -0.4997865010435156851720251E-02,     -7.26%
   -0.3674999999999999822364316E+01,    0.6478743773502097791361365E-01,    0.6893877375156190479010831E-01,   -0.4151336016540926876494666E-02,     -6.02%
   -0.3673333333333333339254523E+01,    0.6568682288483375375509610E-01,    0.6899702852797140462115522E-01,   -0.3310205643137650866059118E-02,     -4.80%
   -0.3671666666666666856144730E+01,    0.6658086464010333493934723E-01,    0.6905535534830849198062452E-01,   -0.2474490708205157041277289E-02,     -3.58%
   -0.3669999999999999928945726E+01,    0.6746954674713362409832484E-01,    0.6911375432824887199423358E-01,   -0.1644207581115247895908738E-02,     -2.38%
   -0.3668333333333333001746723E+01,    0.6835285339854778319246265E-01,    0.6917222558369350016160837E-01,   -0.8193721851457169691457239E-03,     -1.18%
   -0.3666666666666666962726140E+01,    0.6923076923077091382463522E-01,    0.6923076923076922073452266E-01,    0.1693090112553363724146038E-14,      0.00%
   -0.3665000000000000035527137E+01,    0.7010327932151318164333276E-01,    0.6928938538582928019504692E-01,    0.8138939356839014482858374E-03,      1.17%
   -0.3663333333333333108328134E+01,    0.7097036918724579368511485E-01,    0.6934807416545371583360691E-01,    0.1622295021792077851507941E-02,      2.34%
   -0.3661666666666666625218340E+01,    0.7183202478067914065196220E-01,    0.6940683568644999412722285E-01,    0.2425189094229146524739349E-02,      3.49%
   -0.3660000000000000142108547E+01,    0.7268823248823863547585233E-01,    0.6946567006585344095093149E-01,    0.3222562422385194524920848E-02,      4.64%
   -0.3658333333333333214909544E+01,    0.7353897912753648569150755E-01,    0.6952457742092786607823740E-01,    0.4014401706608619613270150E-02,      5.77%
   -0.3656666666666666731799751E+01,    0.7438425194484335478684045E-01,    0.6958355786916589624802043E-01,    0.4800694075677458538820019E-02,      6.90%
   -0.3655000000000000248689958E+01,    0.7522403861255952395303837E-01,    0.6964261152828968293171386E-01,    0.5581427084269841021324510E-02,      8.01%
   -0.3653333333333333321490954E+01,    0.7605832722668205703175914E-01,    0.6970173851625134642251425E-01,    0.6356588710430710609244898E-02,      9.12%
   -0.3651666666666666394291951E+01,    0.7688710630427353365234922E-01,    0.6976093895123343380237912E-01,    0.7126167353040099849970090E-02,     10.22%
   -0.3649999999999999911182158E+01,    0.7771036478092659127714370E-01,    0.6982021295164950180911489E-01,    0.7890151829277089468028805E-02,     11.30%
   -0.3648333333333333428072365E+01,    0.7852809200823154811565985E-01,    0.6987956063614469970346477E-01,    0.8648531372086848412195081E-02,     12.38%
   -0.3646666666666666500873362E+01,    0.7934027775123903003517967E-01,    0.6993898212359617172495518E-01,    0.9401295627642858310224483E-02,     13.44%
   -0.3645000000000000017763568E+01,    0.8014691218592323584957171E-01,    0.6999847753311365383677156E-01,    0.1014843465280958201280015E-01,     14.50%
   -0.3643333333333333534653775E+01,    0.8094798589664740917637431E-01,    0.7005804698403998720390717E-01,    0.1088993891260742197246714E-01,     15.54%
   -0.3641666666666666607454772E+01,    0.8174348987362381468990691E-01,    0.7011769059595167330467547E-01,    0.1162579927767214138523144E-01,     16.58%
   -0.3639999999999999680255769E+01,    0.8253341551037481071961821E-01,    0.7017740848865934577549552E-01,    0.1235600702171546494412269E-01,     17.61%
   -0.3638333333333333641235185E+01,    0.8331775460119933418567939E-01,    0.7023720078220828388904096E-01,    0.1308055381899105029663843E-01,     18.62%
   -0.3636666666666666714036182E+01,    0.8409649933863086457286329E-01,    0.7029706759687912032141810E-01,    0.1379943174175174425144519E-01,     19.63%
   -0.3634999999999999786837179E+01,    0.8486964231089799692853148E-01,    0.7035700905318814646349779E-01,    0.1451263325770985046503370E-01,     20.63%
   -0.3633333333333333303727386E+01,    0.8563717649939005249759560E-01,    0.7041702527188796467694232E-01,    0.1522015122750208782065329E-01,     21.61%
   -0.3631666666666666820617593E+01,    0.8639909527611498718524530E-01,    0.7047711637396801565014215E-01,    0.1592197890214697153510315E-01,     22.59%
   -0.3629999999999999893418590E+01,    0.8715539240116432218030695E-01,    0.7053728248065514738751602E-01,    0.1661810992050917479279093E-01,     23.56%
   -0.3628333333333333410308796E+01,    0.8790606202017377246438201E-01,    0.7059752371341405929872082E-01,    0.1730853830675971316566120E-01,     24.52%
   -0.3626666666666666927199003E+01,    0.8865109866178759456811775E-01,    0.7065784019394791282131507E-01,    0.1799325846783968174680268E-01,     25.47%
   -0.3625000000000000000000000E+01,    0.8939049723512099143718501E-01,    0.7071823204419890041005914E-01,    0.1867226519092209102712587E-01,     26.40%
   -0.3623333333333333072800997E+01,    0.9012425302722495978891004E-01,    0.7077869938634868962612501E-01,    0.1934555364087627016278503E-01,     27.33%
   -0.3621666666666666589691204E+01,    0.9085236170055324689265319E-01,    0.7083924234281903375975986E-01,    0.2001311935773421313289333E-01,     28.25%
   -0.3620000000000000106581410E+01,    0.9157481929042546320296481E-01,    0.7089986103627236857516181E-01,    0.2067495825415309462780300E-01,     29.16%
   -0.3618333333333333179382407E+01,    0.9229162220249674530858641E-01,    0.7096055558961225639968973E-01,    0.2133106661288448890889669E-01,     30.06%
   -0.3616666666666666696272614E+01,    0.9300276721022382453440969E-01,    0.7102132612598394123537560E-01,    0.2198144108423988329903409E-01,     30.95%
   -0.3615000000000000213162821E+01,    0.9370825145233717401449525E-01,    0.7108217276877501489273925E-01,    0.2262607868356215912175600E-01,     31.83%
   -0.3613333333333333285963818E+01,    0.9440807243031298923163774E-01,    0.7114309564161586107999824E-01,    0.2326497678869712815163950E-01,     32.70%
   -0.3611666666666666358764815E+01,    0.9510222800583903457471990E-01,    0.7120409486838022439236795E-01,    0.2389813313745881018235195E-01,     33.56%
   -0.3610000000000000319744231E+01,    0.9579071639829771223073607E-01,    0.7126517057318576542357391E-01,    0.2452554582511194680716216E-01,     34.41%
   -0.3608333333333333392545228E+01,    0.9647353618223454552182972E-01,    0.7132632288039467138851535E-01,    0.2514721330183987413331437E-01,     35.26%
   -0.3606666666666666465346225E+01,    0.9715068628484109514165112E-01,    0.7138755191461414184583845E-01,    0.2576313437022695329581268E-01,     36.09%
   -0.3604999999999999982236432E+01,    0.9782216598342767521767627E-01,    0.7144885780069698544281209E-01,    0.2637330818273068977486417E-01,     36.91%
   -0.3603333333333333499126638E+01,    0.9848797490291517908733709E-01,    0.7151024066374216114905238E-01,    0.2697773423917301793828472E-01,     37.73%
   -0.3601666666666666571927635E+01,    0.9914811301330753168237209E-01,    0.7157170062909537500139834E-01,    0.2757641238421215668097375E-01,     38.53%
   -0.3600000000000000088817842E+01,    0.9980258062718198874829767E-01,    0.7163323782234956582648522E-01,    0.2816934280483242292181245E-01,     39.32%
   -0.3598333333333333605708049E+01,    0.1004513783971796858640602E+00,    0.7169485236934558525234706E-01,    0.2875652602783410061171310E-01,     40.11%
   -0.3596666666666666678509046E+01,    0.1010945073134920657587088E+00,    0.7175654439617265567541438E-01,    0.2933796291731941008329443E-01,     40.89%
   -0.3594999999999999751310042E+01,    0.1017319687013524820429211E+00,    0.7181831402916902251654108E-01,    0.2991365467218345952638003E-01,     41.65%
   -0.3593333333333333268200249E+01,    0.1023637642185361296132129E+00,    0.7188016139492238443242655E-01,    0.3048360282361374518078634E-01,     42.41%
   -0.3591666666666666785090456E+01,    0.1029898958528529806510932E+00,    0.7194208662027067047173290E-01,    0.3104780923258231017936026E-01,     43.16%
   -0.3589999999999999857891453E+01,    0.1036103659196549592325098E+00,    0.7200408983230247028650695E-01,    0.3160627608735248894600289E-01,     43.90%
   -0.3588333333333333374781660E+01,    0.1042251770593278364929191E+00,    0.7206617115835760312148039E-01,    0.3215900590097023337143867E-01,     44.62%
   -0.3586666666666666891671866E+01,    0.1048343322348105899344262E+00,    0.7212833072602774231452116E-01,    0.3270600150878284761990500E-01,     45.34%
   -0.3584999999999999964472863E+01,    0.1054378347290950007630883E+00,    0.7219056866315701204150912E-01,    0.3324726606593798872157919E-01,     46.05%
   -0.3583333333333333037273860E+01,    0.1060356881427433478615185E+00,    0.7225288509784245916112155E-01,    0.3378280304490088870039699E-01,     46.76%
   -0.3581666666666666998253277E+01,    0.1066278963913998428791885E+00,    0.7231528015843473322643575E-01,    0.3431261623296510965275274E-01,     47.45%
   -0.3580000000000000071054274E+01,    0.1072144637033144443094557E+00,    0.7237775397353869710759255E-01,    0.3483670972977574720186311E-01,     48.13%
   -0.3578333333333333143855270E+01,    0.1077953946168602183952601E+00,    0.7244030667201384332543057E-01,    0.3535508794484637506982949E-01,     48.81%
   -0.3576666666666666660745477E+01,    0.1083706939780593736522007E+00,    0.7250293838297501569645220E-01,    0.3586775559508435795574854E-01,     49.47%
   -0.3575000000000000177635684E+01,    0.1089403669381160538742748E+00,    0.7256564923579300607769937E-01,    0.3637471770232304779657539E-01,     50.13%
   -0.3573333333333333250436681E+01,    0.1095044189509424559236805E+00,    0.7262843936009502621153899E-01,    0.3687597959084742971214155E-01,     50.77%
   -0.3571666666666666767326888E+01,    0.1100628557707028776224689E+00,    0.7269130888576540161505335E-01,    0.3737154688493747600741557E-01,     51.41%
   -0.3570000000000000284217094E+01,    0.1106156834493453172685307E+00,    0.7275425794294609893597681E-01,    0.3786142550639921833255386E-01,     52.04%
   -0.3568333333333333357018091E+01,    0.1111629083341528212436344E+00,    0.7281728666203737820872277E-01,    0.3834562167211544303491166E-01,     52.66%
   -0.3566666666666666429819088E+01,    0.1117045370652851865589383E+00,    0.7288039517369827857695697E-01,    0.3882414189158690798198137E-01,     53.27%
   -0.3564999999999999946709295E+01,    0.1122405765733326538091674E+00,    0.7294358360884732606077563E-01,    0.3929699296448532774839180E-01,     53.87%
   -0.3563333333333333463599502E+01,    0.1127710340768765251429073E+00,    0.7300685209866307479043002E-01,    0.3976418197821345035247731E-01,     54.47%
   -0.3561666666666666536400498E+01,    0.1132959170800385551025613E+00,    0.7307020077458473150677776E-01,    0.4022571630545382359578355E-01,     55.05%
   -0.3560000000000000053290705E+01,    0.1138152333700549606598784E+00,    0.7313362976831265516164393E-01,    0.4068160360174230549823449E-01,     55.63%
   -0.3558333333333333570180912E+01,    0.1143289910148372751086399E+00,    0.7319713921180913407393831E-01,    0.4113185180302814103470155E-01,     56.19%
   -0.3556666666666666642981909E+01,    0.1148371983605506463366197E+00,    0.7326072923729883001886520E-01,    0.4157646912325181631775450E-01,     56.75%
   -0.3554999999999999715782906E+01,    0.1153398640291891652509548E+00,    0.7332439997726944436173824E-01,    0.4201546405191972088921659E-01,     57.30%
   -0.3553333333333333232673112E+01,    0.1158369969161546497726789E+00,    0.7338815156447231480285609E-01,    0.4244884535168233496982282E-01,     57.84%
   -0.3551666666666666749563319E+01,    0.1163286061878472804620444E+00,    0.7345198413192302600016603E-01,    0.4287662205592425446187832E-01,     58.37%
   -0.3549999999999999822364316E+01,    0.1168147012792518230073213E+00,    0.7351589781290204794750309E-01,    0.4329880346634977505981823E-01,     58.90%
   -0.3548333333333333339254523E+01,    0.1172952918915375480901631E+00,    0.7357989274095524945273894E-01,    0.4371539915058229863742412E-01,     59.41%
   -0.3546666666666666856144730E+01,    0.1177703879896569855167954E+00,    0.7364396904989460590496009E-01,    0.4412641893976237961183529E-01,     59.92%
   -0.3544999999999999928945726E+01,    0.1182399997999473290066774E+00,    0.7370812687379879601934363E-01,    0.4453187292614853298733379E-01,     60.42%
   -0.3543333333333333001746723E+01,    0.1187041378077492159714978E+00,    0.7377236634701374307088173E-01,    0.4493177146073547290061612E-01,     60.91%
   -0.3541666666666666962726140E+01,    0.1191628127550112548060923E+00,    0.7383668760415329490598424E-01,    0.4532612515085795990010809E-01,     61.39%
   -0.3540000000000000035527137E+01,    0.1196160356379179362518173E+00,    0.7390109078009990395408124E-01,    0.4571494485781803229773601E-01,     61.86%
   -0.3538333333333333108328134E+01,    0.1200638177045118271113466E+00,    0.7396557601000508519462073E-01,    0.4609824169450674191672590E-01,     62.32%
   -0.3536666666666666625218340E+01,    0.1205061704523265331268078E+00,    0.7403014342929011004645901E-01,    0.4647602702303642308034881E-01,     62.78%
   -0.3535000000000000142108547E+01,    0.1209431056260165671112361E+00,    0.7409479317364670025725104E-01,    0.4684831245236986685398506E-01,     63.23%
   -0.3533333333333333214909544E+01,    0.1213746352150039398143377E+00,    0.7415952537903758301496282E-01,    0.4721510983596635679937492E-01,     63.67%
   -0.3531666666666666731799751E+01,    0.1218007714511263328560631E+00,    0.7422434018169705993717145E-01,    0.4757643126942927291889163E-01,     64.10%
   -0.3530000000000000248689958E+01,    0.1222215268062800952453273E+00,    0.7428923771813175647160676E-01,    0.4793228908814833877372052E-01,     64.52%
   -0.3528333333333333321490954E+01,    0.1226369139900861798819776E+00,    0.7435421812512121864102710E-01,    0.4828269586496496124095046E-01,     64.94%
   -0.3526666666666666394291951E+01,    0.1230469459475469484743826E+00,    0.7441928153971841264358034E-01,    0.4862766440782853583080225E-01,     65.34%
   -0.3524999999999999911182158E+01,    0.1234516358567211702368382E+00,    0.7448442809925050200892116E-01,    0.4896720775747066822791709E-01,     65.74%
   -0.3523333333333333428072365E+01,    0.1238509971263949405173577E+00,    0.7454965794131948597645021E-01,    0.4930133918507545454090746E-01,     66.13%
   -0.3521666666666666500873362E+01,    0.1242450433937561660169280E+00,    0.7461497120380271297346297E-01,    0.4963007218995345304346500E-01,     66.51%
   -0.3520000000000000017763568E+01,    0.1246337885220927532703428E+00,    0.7468036802485363001569141E-01,    0.4995342049723912325465136E-01,     66.89%
   -0.3518333333333333534653775E+01,    0.1250172465984700220786863E+00,    0.7474584854290233781881625E-01,    0.5027139805556768425987002E-01,     67.26%
   -0.3516666666666666607454772E+01,    0.1253954319314399823426243E+00,    0.7481141289665635407679645E-01,    0.5058401903478362826582782E-01,     67.62%
   -0.3514999999999999680255769E+01,    0.1257683590487381763978192E+00,    0.7487706122510105755107901E-01,    0.5089129782363711884674018E-01,     67.97%
   -0.3513333333333333641235185E+01,    0.1261360426949934276930065E+00,    0.7494279366750046522671624E-01,    0.5119324902749296246629029E-01,     68.31%
   -0.3511666666666666714036182E+01,    0.1264984978294511341889717E+00,    0.7500861036339796783511957E-01,    0.5148988746605316635385208E-01,     68.65%
   -0.3509999999999999786837179E+01,    0.1268557396236837941927433E+00,    0.7507451145261673230990596E-01,    0.5178122817106706188283738E-01,     68.97%
   -0.3508333333333333303727386E+01,    0.1272077834593225709181041E+00,    0.7514049707526052057637855E-01,    0.5206728638406205034172558E-01,     69.29%
   -0.3506666666666666820617593E+01,    0.1275546449257976555635707E+00,    0.7520656737171430017419027E-01,    0.5234807755408335538938047E-01,     69.61%
   -0.3504999999999999893418590E+01,    0.1278963398180727462083439E+00,    0.7527272248264493814673415E-01,    0.5262361733542780806160977E-01,     69.91%
   -0.3503333333333333410308796E+01,    0.1282328841343929048957051E+00,    0.7533896254900171451929225E-01,    0.5289392158539119037641285E-01,     70.21%
   -0.3501666666666666927199003E+01,    0.1285642940740347461847648E+00,    0.7540528771201714108851633E-01,    0.5315900636201760509624847E-01,     70.50%
   -0.3500000000000000000000000E+01,    0.1288905860350762766497468E+00,    0.7547169811320754428951574E-01,    0.5341888792186873236023104E-01,     70.78%
   -0.3498333333333333072800997E+01,    0.1292117766121465838313753E+00,    0.7553819389437368969630882E-01,    0.5367358271777289413506651E-01,     71.05%
   -0.3496666666666666589691204E+01,    0.1295278825942194067533109E+00,    0.7560477519760148978900105E-01,    0.5392310739661791696430981E-01,     71.32%
   -0.3495000000000000106581410E+01,    0.1298389209623714013464024E+00,    0.7567144216526264233202426E-01,    0.5416747879710875901437817E-01,     71.58%
   -0.3493333333333333179382407E+01,    0.1301449088875815673915781E+00,    0.7573819494001536589689039E-01,    0.5440671394756620149468773E-01,     71.84%
   -0.3491666666666666696272614E+01,    0.1304458637285192679211576E+00,    0.7580503366480487170697700E-01,    0.5464083006371439621418062E-01,     72.08%
   -0.3490000000000000213162821E+01,    0.1307418030293440447398012E+00,    0.7587195848286430732709817E-01,    0.5486984454647973741270306E-01,     72.32%
   -0.3488333333333333285963818E+01,    0.1310327445175136773514168E+00,    0.7593896953771520075271440E-01,    0.5509377497979847659870245E-01,     72.55%
   -0.3486666666666666358764815E+01,    0.1313187061015890222392954E+00,    0.7600606697316818205489852E-01,    0.5531263912842084018439692E-01,     72.77%
   -0.3485000000000000319744231E+01,    0.1315997058690679955006431E+00,    0.7607325093332369114751401E-01,    0.5552645493574430435312905E-01,     72.99%
   -0.3483333333333333392545228E+01,    0.1318757620841977673542544E+00,    0.7614052156257269943218091E-01,    0.5573524052162506792207353E-01,     73.20%
   -0.3481666666666666465346225E+01,    0.1321468931858170436921540E+00,    0.7620787900559726490978818E-01,    0.5593901418021977878236584E-01,     73.40%
   -0.3479999999999999982236432E+01,    0.1324131177851947116508313E+00,    0.7627532340737123994767188E-01,    0.5613779437782347170315944E-01,     73.60%
   -0.3478333333333333499126638E+01,    0.1326744546638767008328585E+00,    0.7634285491316104843573243E-01,    0.5633159975071565239712612E-01,     73.79%
   -0.3476666666666666571927635E+01,    0.1329309227715417263127051E+00,    0.7641047366852628253131030E-01,    0.5652044910301544378139482E-01,     73.97%
   -0.3475000000000000088817842E+01,    0.1331825412238588079993917E+00,    0.7647817981932029940406181E-01,    0.5670436140453850859532992E-01,     74.14%
   -0.3473333333333333605708049E+01,    0.1334293293003658842366121E+00,    0.7654597351169110941437879E-01,    0.5688335578867477482223336E-01,     74.31%
   -0.3471666666666666678509046E+01,    0.1336713064423351582377109E+00,    0.7661385489208193122490087E-01,    0.5705745155025322701280999E-01,     74.47%
   -0.3469999999999999751310042E+01,    0.1339084922506628139160512E+00,    0.7668182410723187181211813E-01,    0.5722666814343094210393303E-01,     74.63%
   -0.3468333333333333268200249E+01,    0.1341409064837581488482954E+00,    0.7674988130417662035576143E-01,    0.5739102517958152849253395E-01,     74.78%
   -0.3466666666666666785090456E+01,    0.1343685690554418388220626E+00,    0.7681802663024922539491968E-01,    0.5755054242519261342714287E-01,     74.92%
   -0.3464999999999999857891453E+01,    0.1345915000328516963890024E+00,    0.7688626023308070545070336E-01,    0.5770523979977099093829906E-01,     75.05%
   -0.3463333333333333374781660E+01,    0.1348097196343542858443243E+00,    0.7695458226060071516005934E-01,    0.5785513737375357068426496E-01,     75.18%
   -0.3461666666666666891671866E+01,    0.1350232482274650869236154E+00,    0.7702299286103830855410024E-01,    0.5800025536642677836951520E-01,     75.30%
   -0.3459999999999999964472863E+01,    0.1352321063267763467941052E+00,    0.7709149218292268845864612E-01,    0.5814061414385365833545904E-01,     75.42%
   -0.3458333333333333037273860E+01,    0.1354363145918917599175302E+00,    0.7716008037508373385016114E-01,    0.5827623421680802606736904E-01,     75.53%
   -0.3456666666666666998253277E+01,    0.1356358938253741375223882E+00,    0.7722875758665279088965860E-01,    0.5840713623872134663272959E-01,     75.63%
   -0.3455000000000000071054274E+01,    0.1358308649706836956916334E+00,    0.7729752396706351946775726E-01,    0.5853334100362017622387611E-01,     75.72%
   -0.3453333333333333143855270E+01,    0.1360212491101513709867987E+00,    0.7736637966605232341610332E-01,    0.5865486944409904757069540E-01,     75.81%
   -0.3451666666666666660745477E+01,    0.1362070674629294042556893E+00,    0.7743532483365923868579017E-01,    0.5877174262927016556989912E-01,     75.90%
   -0.3450000000000000177635684E+01,    0.1363883413829732882405210E+00,    0.7750435962022862723674876E-01,    0.5888398176274466100377225E-01,     75.98%
   -0.3448333333333333250436681E+01,    0.1365650923570238262083620E+00,    0.7757348417640987092713800E-01,    0.5899160818061395528122404E-01,     76.05%
   -0.3446666666666666767326888E+01,    0.1367373420025865538018905E+00,    0.7764269865315798213600829E-01,    0.5909464334942857166588226E-01,     76.11%
   -0.3445000000000000284217094E+01,    0.1369051120659362796860847E+00,    0.7771200320173451969729683E-01,    0.5919310886420175998878790E-01,     76.17%
   -0.3443333333333333357018091E+01,    0.1370684244201173518362680E+00,    0.7778139797370815788912779E-01,    0.5928702644640919394714018E-01,     76.22%
   -0.3441666666666666429819088E+01,    0.1372273010629574963026300E+00,    0.7785088312095540807877825E-01,    0.5937641794200208822385179E-01,     76.27%
   -0.3439999999999999946709295E+01,    0.1373817641150849866438222E+00,    0.7792045879566139587879547E-01,    0.5946130531942359076502669E-01,     76.31%
   -0.3438333333333333463599502E+01,    0.1375318358179588307255159E+00,    0.7799012515032054115859950E-01,    0.5954171066763828956691640E-01,     76.35%
   -0.3436666666666666536400498E+01,    0.1376775385318989297633863E+00,    0.7805988233773736295617596E-01,    0.5961765619416156680721031E-01,     76.37%
   -0.3435000000000000053290705E+01,    0.1378188947341393022494316E+00,    0.7812973051102703458958842E-01,    0.5968916422311226765984316E-01,     76.40%
   -0.3433333333333333570180912E+01,    0.1379559270168690676694467E+00,    0.7819966982361628571318590E-01,    0.5975625719325278195626083E-01,     76.41%
   -0.3431666666666666642981909E+01,    0.1380886580852944967023888E+00,    0.7826970042924408232920541E-01,    0.5981895765605041437318334E-01,     76.43%
   -0.3429999999999999715782906E+01,    0.1382171107557114142494470E+00,    0.7833982248196227904379896E-01,    0.5987728827374913520564803E-01,     76.43%
   -0.3428333333333333232673112E+01,    0.1383413079535756040616690E+00,    0.7841003613613638234536296E-01,    0.5993127181743922171630601E-01,     76.43%
   -0.3426666666666666749563319E+01,    0.1384612727115855368431596E+00,    0.7848034154644639714959453E-01,    0.5998093116513913969356508E-01,     76.43%
   -0.3424999999999999822364316E+01,    0.1385770281677753679172582E+00,    0.7855073886788749293330625E-01,    0.6002628929988787498395197E-01,     76.42%
   -0.3423333333333333339254523E+01,    0.1386885975636159840096440E+00,    0.7862122825577058660151408E-01,    0.6006736930784539740812988E-01,     76.40%
   -0.3421666666666666856144730E+01,    0.1387960042421198247897252E+00,    0.7869180986572334168815956E-01,    0.6010419437639648310156559E-01,     76.38%
   -0.3419999999999999928945726E+01,    0.1388992716459598042444412E+00,    0.7876248385369082061213675E-01,    0.6013678779226898363230447E-01,     76.35%
   -0.3418333333333333001746723E+01,    0.1389984233155866222286789E+00,    0.7883325037593608142216794E-01,    0.6016517293965054080651100E-01,     76.32%
   -0.3416666666666666962726140E+01,    0.1390934828873685857875131E+00,    0.7890410958904109373079905E-01,    0.6018937329832749205671405E-01,     76.28%
   -0.3415000000000000035527137E+01,    0.1391844740917304312777247E+00,    0.7897506164990750199272895E-01,    0.6020941244182292928499578E-01,     76.24%
   -0.3413333333333333108328134E+01,    0.1392714207512977808711696E+00,    0.7904610671575723612747311E-01,    0.6022531403554054474369650E-01,     76.19%
   -0.3411666666666666625218340E+01,    0.1393543467790546441786859E+00,    0.7911724494413334418663197E-01,    0.6023710183492129999205389E-01,     76.14%
   -0.3410000000000000142108547E+01,    0.1394332761765159078848342E+00,    0.7918847649290074175443266E-01,    0.6024479968361516613040152E-01,     76.08%
   -0.3408333333333333214909544E+01,    0.1395082330318909435984409E+00,    0.7925980152024703073720957E-01,    0.6024843151164391286123134E-01,     76.01%
   -0.3406666666666666731799751E+01,    0.1395792415182666168504966E+00,    0.7933122018468306835270454E-01,    0.6024802133358354849779204E-01,     75.94%
   -0.3405000000000000248689958E+01,    0.1396463258918044236800426E+00,    0.7940273264504396633078898E-01,    0.6024359324676045734925367E-01,     75.87%
   -0.3403333333333333321490954E+01,    0.1397095104899345741067407E+00,    0.7947433906048968765833962E-01,    0.6023517142944488644840106E-01,     75.79%
   -0.3401666666666666394291951E+01,    0.1397688197295627043903465E+00,    0.7954603959050583761314357E-01,    0.6022278013905686677720297E-01,     75.71%
   -0.3399999999999999911182158E+01,    0.1398242781052779215578141E+00,    0.7961783439490446867559115E-01,    0.6020644371037345288222298E-01,     75.62%
   -0.3398333333333333428072365E+01,    0.1398759101875939048209574E+00,    0.7968972363382482992921751E-01,    0.6018618655376907489173988E-01,     75.53%
   -0.3396666666666666500873362E+01,    0.1399237406211612244621989E+00,    0.7976170746773418585018334E-01,    0.6016203315342703861201556E-01,     75.43%
   -0.3395000000000000017763568E+01,    0.1399677941230227096180982E+00,    0.7983378605742842692993833E-01,    0.6013400806559428268815992E-01,     75.32%
   -0.3393333333333333534653775E+01,    0.1400080954808522737398135E+00,    0.7990595956403306887594340E-01,    0.6010213591681920486387014E-01,     75.22%
   -0.3391666666666666607454772E+01,    0.1400446695512164441144165E+00,    0.7997822814900387711212204E-01,    0.6006644140221256700229446E-01,     75.10%
   -0.3389999999999999680255769E+01,    0.1400775412578415535236331E+00,    0.8005059197412767169055314E-01,    0.6002694928371388183307999E-01,     74.99%
   -0.3388333333333333641235185E+01,    0.1401067355898839572603265E+00,    0.8012305120152303505864921E-01,    0.5998368438836092220167728E-01,     74.86%
   -0.3386666666666666714036182E+01,    0.1401322776002150993779338E+00,    0.8019560599364136677102977E-01,    0.5993667160657373260690406E-01,     74.74%
   -0.3384999999999999786837179E+01,    0.1401541924037137121228369E+00,    0.8026825651326734145651898E-01,    0.5988593589044637066631793E-01,     74.61%
   -0.3383333333333333303727386E+01,    0.1401725051755638995487629E+00,    0.8034100292351982475214101E-01,    0.5983150225204407479662194E-01,     74.47%
   -0.3381666666666666820617593E+01,    0.1401872411495627690491972E+00,    0.8041384538785273372596407E-01,    0.5977339576171003532323311E-01,     74.33%
   -0.3379999999999999893418590E+01,    0.1401984256164391096088906E+00,    0.8048678407005570301091524E-01,    0.5971164154638340659797535E-01,     74.19%
   -0.3378333333333333410308796E+01,    0.1402060839221793975273300E+00,    0.8055981913425495910541230E-01,    0.5964626478792443842191773E-01,     74.04%
   -0.3376666666666666927199003E+01,    0.1402102414663591867238779E+00,    0.8063295074491406977390540E-01,    0.5957729072144511694997249E-01,     73.89%
   -0.3375000000000000000000000E+01,    0.1402109237004859620956410E+00,    0.8070617906683480446972112E-01,    0.5950474463365115762591984E-01,     73.73%
   -0.3373333333333333072800997E+01,    0.1402081561263544828843663E+00,    0.8077950426515782822445289E-01,    0.5942865186119665465991346E-01,     73.57%
   -0.3371666666666666589691204E+01,    0.1402019642944020150210349E+00,    0.8085292650536357594859282E-01,    0.5934903778903843907244209E-01,     73.40%
   -0.3370000000000000106581410E+01,    0.1401923738020781073920773E+00,    0.8092644595327305734322465E-01,    0.5926592784880505004885265E-01,     73.23%
   -0.3368333333333333179382407E+01,    0.1401794102922224727336697E+00,    0.8100006277504866181171650E-01,    0.5917934751717381092195325E-01,     73.06%
   -0.3366666666666666696272614E+01,    0.1401630994514483363744262E+00,    0.8107377713719483847132352E-01,    0.5908932231425349790310264E-01,     72.88%
   -0.3365000000000000213162821E+01,    0.1401434670085422162788547E+00,    0.8114758920655915086506127E-01,    0.5899587780198306541379338E-01,     72.70%
   -0.3363333333333333285963818E+01,    0.1401205387328599560881059E+00,    0.8122149915033287370658144E-01,    0.5889903958252708238152451E-01,     72.52%
   -0.3361666666666666358764815E+01,    0.1400943404327439911760678E+00,    0.8129550713605188105859156E-01,    0.5879883329669211011747620E-01,     72.33%
   -0.3360000000000000319744231E+01,    0.1400648979539407534833373E+00,    0.8136961333159743736676006E-01,    0.5869528462234331611657723E-01,     72.13%
   -0.3358333333333333392545228E+01,    0.1400322371780280128472640E+00,    0.8144381790519712727149937E-01,    0.5858841927283088557576463E-01,     71.94%
   -0.3356666666666666465346225E+01,    0.1399963840208598986336597E+00,    0.8151812102542550786399289E-01,    0.5847826299543439076966678E-01,     71.74%
   -0.3354999999999999982236432E+01,    0.1399573644310042053184873E+00,    0.8159252286120501074240252E-01,    0.5836484156979919457608474E-01,     71.53%
   -0.3353333333333333499126638E+01,    0.1399152043882032903088231E+00,    0.8166702358180674692356149E-01,    0.5824818080639654338526157E-01,     71.32%
   -0.3351666666666666571927635E+01,    0.1398699299018343888967308E+00,    0.8174162335685146441033311E-01,    0.5812830654498292448639774E-01,     71.11%
   -0.3350000000000000088817842E+01,    0.1398215670093883589153450E+00,    0.8181632235631008942533526E-01,    0.5800524465307826949000969E-01,     70.90%
   -0.3348333333333333605708049E+01,    0.1397701417749424301906203E+00,    0.8189112075050480887838944E-01,    0.5787902102443762131223082E-01,     70.68%
   -0.3346666666666666678509046E+01,    0.1397156802876531878077060E+00,    0.8196601871010986140042576E-01,    0.5774966157754332640728023E-01,     70.46%
   -0.3344999999999999751310042E+01,    0.1396582086602617955861660E+00,    0.8204101640615225898844898E-01,    0.5761719225410953659771707E-01,     70.23%
   -0.3343333333333333268200249E+01,    0.1395977530275880618138018E+00,    0.8211611401001270293953382E-01,    0.5748163901757535887426798E-01,     70.00%
   -0.3341666666666666785090456E+01,    0.1395343395450616696962243E+00,    0.8219131169342640264030564E-01,    0.5734302785163526705591863E-01,     69.77%
   -0.3339999999999999857891453E+01,    0.1394679943872358107714859E+00,    0.8226660962848399150093570E-01,    0.5720138475875181927055024E-01,     69.53%
   -0.3338333333333333374781660E+01,    0.1393987437463229950296295E+00,    0.8234200798763223472231942E-01,    0.5705673575869076030731009E-01,     69.29%
   -0.3336666666666666891671866E+01,    0.1393266138307424351072683E+00,    0.8241750694367494523007167E-01,    0.5690910688706748987719664E-01,     69.05%
   -0.3334999999999999964472863E+01,    0.1392516308636652100361175E+00,    0.8249310666977389960852207E-01,    0.5675852419389131042759544E-01,     68.80%
   -0.3333333333333333037273860E+01,    0.1391738210815758880478654E+00,    0.8256880733944955974568103E-01,    0.5660501374212632830218439E-01,     68.55%
   -0.3331666666666666998253277E+01,    0.1390932107328410882729486E+00,    0.8264460912658191937829599E-01,    0.5644860160625916889465259E-01,     68.30%
   -0.3330000000000000071054274E+01,    0.1390098260762901716258710E+00,    0.8272051220541157268151267E-01,    0.5628931387087859894435837E-01,     68.05%
   -0.3328333333333333143855270E+01,    0.1389236933797974027360311E+00,    0.8279651675054031101375074E-01,    0.5612717662925709172228039E-01,     67.79%
   -0.3326666666666666660745477E+01,    0.1388348389188713560837840E+00,    0.8287262293693209436185043E-01,    0.5596221598193926172193358E-01,     67.53%
   -0.3325000000000000177635684E+01,    0.1387432889752731046684175E+00,    0.8294883093991393951949220E-01,    0.5579445803535916514892534E-01,     67.26%
   -0.3323333333333333250436681E+01,    0.1386490698356135087276897E+00,    0.8302514093517673887667740E-01,    0.5562392890043676985101229E-01,     67.00%
   -0.3321666666666666767326888E+01,    0.1385522077899817849910846E+00,    0.8310155309877610696478456E-01,    0.5545065469120567802630006E-01,     66.73%
   -0.3320000000000000284217094E+01,    0.1384527291305765461792987E+00,    0.8317806760713333802392810E-01,    0.5527466152344320815537060E-01,     66.45%
   -0.3318333333333333357018091E+01,    0.1383506601503366184591215E+00,    0.8325468463703616928128781E-01,    0.5509597551330044917783368E-01,     66.18%
   -0.3316666666666666429819088E+01,    0.1382460271415960895158292E+00,    0.8333140436563969688510412E-01,    0.5491462277595639263072513E-01,     65.90%
   -0.3314999999999999946709295E+01,    0.1381388563947383574248562E+00,    0.8340822697046723632752219E-01,    0.5473062942427112109733400E-01,     65.62%
   -0.3313333333333333463599502E+01,    0.1380291741968558139053158E+00,    0.8348515262941125225637506E-01,    0.5454402156744456164894075E-01,     65.33%
   -0.3311666666666666536400498E+01,    0.1379170068304274299197942E+00,    0.8356218152073421889802773E-01,    0.5435482530969321102176650E-01,     65.05%
   -0.3310000000000000053290705E+01,    0.1378023805720023642340522E+00,    0.8363931382306938333570656E-01,    0.5416306674893298089834559E-01,     64.76%
   -0.3308333333333333570180912E+01,    0.1376853216908905386262063E+00,    0.8371654971542186185473611E-01,    0.5396877197546867677147020E-01,     64.47%
   -0.3306666666666666642981909E+01,    0.1375658564478562662092287E+00,    0.8379388937716933383192952E-01,    0.5377196707068693237729917E-01,     64.17%
   -0.3304999999999999715782906E+01,    0.1374440110938276449203954E+00,    0.8387133298806302705852289E-01,    0.5357267810576461786187252E-01,     63.87%
   -0.3303333333333333232673112E+01,    0.1373198118686240476460370E+00,    0.8394888072822856428523153E-01,    0.5337093114039548336080543E-01,     63.58%
   -0.3301666666666666749563319E+01,    0.1371932849996718162266518E+00,    0.8402653277816692078960870E-01,    0.5316675222150489543704310E-01,     63.27%
   -0.3299999999999999822364316E+01,    0.1370644567007347214282476E+00,    0.8410428931875527092110190E-01,    0.5296016738197945050714566E-01,     62.97%
   -0.3298333333333333339254523E+01,    0.1369333531706714845999073E+00,    0.8418215053124783464610914E-01,    0.5275120263942364995379819E-01,     62.66%
   -0.3296666666666666856144730E+01,    0.1368000005921762018967769E+00,    0.8426011659727689062648892E-01,    0.5253988399489931127028797E-01,     62.35%
   -0.3294999999999999928945726E+01,    0.1366644251305373369831386E+00,    0.8433818769885363664240430E-01,    0.5232623743168370034073433E-01,     62.04%
   -0.3293333333333333001746723E+01,    0.1365266529324184185956170E+00,    0.8441636401836900838180355E-01,    0.5211028891404941021381347E-01,     61.73%
   -0.3291666666666666962726140E+01,    0.1363867101246253599189373E+00,    0.8449464573859467864114237E-01,    0.5189206438603068127779494E-01,     61.41%
   -0.3290000000000000035527137E+01,    0.1362446228128935399315225E+00,    0.8457303304268401489274254E-01,    0.5167158977020952503877993E-01,     61.10%
   -0.3288333333333333108328134E+01,    0.1361004170806904001178594E+00,    0.8465152611417281480754582E-01,    0.5144889096651758531031362E-01,     60.78%
   -0.3286666666666666625218340E+01,    0.1359541189880117406652005E+00,    0.8473012513698037484477510E-01,    0.5122399385103136582042538E-01,     60.46%
   -0.3285000000000000142108547E+01,    0.1358057545701969182072588E+00,    0.8480883029541035067477850E-01,    0.5099692427478656753248032E-01,     60.13%
   -0.3283333333333333214909544E+01,    0.1356553498367498999943592E+00,    0.8488764177415172862417592E-01,    0.5076770806259817137018331E-01,     59.81%
   -0.3281666666666666731799751E+01,    0.1355029307701708651823225E+00,    0.8496655975827957507640065E-01,    0.5053637101189129010592183E-01,     59.48%
   -0.3280000000000000248689958E+01,    0.1353485233247889996111013E+00,    0.8504558443325621608366305E-01,    0.5030293889153278352743826E-01,     59.15%
   -0.3278333333333333321490954E+01,    0.1351921534256142753971375E+00,    0.8512471598493197288970435E-01,    0.5006743744068230250743312E-01,     58.82%
   -0.3276666666666666394291951E+01,    0.1350338469671940044847247E+00,    0.8520395459954616113051884E-01,    0.4982989236764784335420586E-01,     58.48%
   -0.3274999999999999911182158E+01,    0.1348736298124710297763329E+00,    0.8528330046372795125719790E-01,    0.4959032934874307851913500E-01,     58.15%
   -0.3273333333333333428072365E+01,    0.1347115277916604014762925E+00,    0.8536275376449743712559126E-01,    0.4934877402716296435070120E-01,     57.81%
   -0.3271666666666666500873362E+01,    0.1345475667011350184854024E+00,    0.8544231468926648254136325E-01,    0.4910525201186853594403914E-01,     57.47%
   -0.3270000000000000017763568E+01,    0.1343817723023041088570295E+00,    0.8552198342583960943841248E-01,    0.4885978887646449941861704E-01,     57.13%
   -0.3268333333333333534653775E+01,    0.1342141703205219915862045E+00,    0.8560176016241506646853310E-01,    0.4861241015810692511767144E-01,     56.79%
   -0.3266666666666666607454772E+01,    0.1340447864439930913960097E+00,    0.8568164508758567554647101E-01,    0.4836314135640741584953872E-01,     56.45%
   -0.3264999999999999680255769E+01,    0.1338736463226787853919575E+00,    0.8576163839033981717285826E-01,    0.4811200793233896821909923E-01,     56.10%
   -0.3263333333333333641235185E+01,    0.1337007755672372510957757E+00,    0.8584174026006230473484493E-01,    0.4785903530717494636093079E-01,     55.75%
   -0.3261666666666666714036182E+01,    0.1335261997479426643309353E+00,    0.8592195088653552248469936E-01,    0.4760424886140714184623590E-01,     55.40%
   -0.3259999999999999786837179E+01,    0.1333499443936312922609488E+00,    0.8600227045994014718477416E-01,    0.4734767393369114507617468E-01,     55.05%
   -0.3258333333333333303727386E+01,    0.1331720349906479750057287E+00,    0.8608269917085623057495525E-01,    0.4708933581979174443077341E-01,     54.70%
   -0.3256666666666666820617593E+01,    0.1329924969818127855614165E+00,    0.8616323721026412918444493E-01,    0.4682925977154865637697156E-01,     54.35%
   -0.3254999999999999893418590E+01,    0.1328113557653781973133533E+00,    0.8624388476954555904363531E-01,    0.4656747099583263826971802E-01,     54.00%
   -0.3253333333333333410308796E+01,    0.1326286366940065131192483E+00,    0.8632464204048433120686212E-01,    0.4630399465352218191238620E-01,     53.64%
   -0.3251666666666666927199003E+01,    0.1324443650737567035324815E+00,    0.8640550921526755911994400E-01,    0.4603885585848914441253754E-01,     53.28%
   -0.3250000000000000000000000E+01,    0.1322585661630716891146164E+00,    0.8648648648648649128745092E-01,    0.4577207967658519782716553E-01,     52.92%
   -0.3248333333333333072800997E+01,    0.1320712651717836638720627E+00,    0.8656757404713749659563859E-01,    0.4550369112464616727642408E-01,     52.56%
   -0.3246666666666666589691204E+01,    0.1318824872601173925357187E+00,    0.8664877209062306351317062E-01,    0.4523371516949432902254813E-01,     52.20%
   -0.3245000000000000106581410E+01,    0.1316922575377124926543360E+00,    0.8673008081075279929184063E-01,    0.4496217672695969336249533E-01,     51.84%
   -0.3243333333333333179382407E+01,    0.1315006010626427468412913E+00,    0.8681150040174434590056762E-01,    0.4468910066089840094072372E-01,     51.48%
   -0.3241666666666666696272614E+01,    0.1313075428404570643703408E+00,    0.8689303105822436534833031E-01,    0.4441451178223269902201054E-01,     51.11%
   -0.3240000000000000213162821E+01,    0.1311131078232183888587770E+00,    0.8697467297522959439604051E-01,    0.4413843484798879446273645E-01,     50.75%
   -0.3238333333333333285963818E+01,    0.1309173209085529310247153E+00,    0.8705642634820781600168971E-01,    0.4386089456034511502302564E-01,     50.38%
   -0.3236666666666666358764815E+01,    0.1307202069387087828289395E+00,    0.8713829137301870586540531E-01,    0.4358191556569007696353424E-01,     50.01%
   -0.3235000000000000319744231E+01,    0.1305217906996289922716414E+00,    0.8722026824593497040805090E-01,    0.4330152245369402186359054E-01,     49.65%
   -0.3233333333333333392545228E+01,    0.1303220969200206691418487E+00,    0.8730235716364341536088745E-01,    0.4301973975637725378096121E-01,     49.28%
   -0.3231666666666666465346225E+01,    0.1301211502704381350881135E+00,    0.8738455832324568128832709E-01,    0.4273659194719245379978645E-01,     48.91%
   -0.3229999999999999982236432E+01,    0.1299189753623824217232396E+00,    0.8746687192225943707768465E-01,    0.4245210344012298464555499E-01,     48.54%
   -0.3228333333333333499126638E+01,    0.1297155967473947180135241E+00,    0.8754929815861937913989976E-01,    0.4216629858877533887362432E-01,     48.16%
   -0.3226666666666666571927635E+01,    0.1295110389161695518822626E+00,    0.8763183723067816122132001E-01,    0.4187920168549139066094256E-01,     47.79%
   -0.3225000000000000088817842E+01,    0.1293053262976641137882439E+00,    0.8771448933720739360442309E-01,    0.4159083696045672018382078E-01,     47.42%
   -0.3223333333333333605708049E+01,    0.1290984832582351138352550E+00,    0.8779725467739872557526581E-01,    0.4130122858083638825998918E-01,     47.04%
   -0.3221666666666666678509046E+01,    0.1288905341007627325389251E+00,    0.8788013345086488625756971E-01,    0.4101040064989784628135538E-01,     46.67%
   -0.3219999999999999751310042E+01,    0.1286815030637907808497289E+00,    0.8796312585764048952441385E-01,    0.4071837720615029132531504E-01,     46.29%
   -0.3218333333333333268200249E+01,    0.1284714143206884262582435E+00,    0.8804623209818329687692540E-01,    0.4042518222250512938131806E-01,     45.91%
   -0.3216666666666666785090456E+01,    0.1282602919787916850857812E+00,    0.8812945237337511950048707E-01,    0.4013083960541656558529411E-01,     45.54%
   -0.3214999999999999857891453E+01,    0.1280481600785804141562352E+00,    0.8821278688452285909882278E-01,    0.3983537319405755505741240E-01,     45.16%
   -0.3213333333333333374781660E+01,    0.1278350425928510836204310E+00,    0.8829623583335949321693192E-01,    0.3953880675949159040349912E-01,     44.78%
   -0.3211666666666666891671866E+01,    0.1276209634258936298500942E+00,    0.8837979942204521321968969E-01,    0.3924116400384841663040447E-01,     44.40%
   -0.3209999999999999964472863E+01,    0.1274059464126850449439132E+00,    0.8846347785316831247026670E-01,    0.3894246855951673247364653E-01,     44.02%
   -0.3208333333333333037273860E+01,    0.1271900153180892667492685E+00,    0.8854727132974636594209272E-01,    0.3864274398834290080717579E-01,     43.64%
   -0.3206666666666666998253277E+01,    0.1269731938360590950409801E+00,    0.8863118005522704900833730E-01,    0.3834201378083204603264278E-01,     43.26%
   -0.3205000000000000071054274E+01,    0.1267555055888538451114300E+00,    0.8871520423348953909847836E-01,    0.3804030135536430601295166E-01,     42.88%
   -0.3203333333333333143855270E+01,    0.1265369741262601932518805E+00,    0.8879934406884515407654135E-01,    0.3773763005741503917533919E-01,     42.50%
   -0.3201666666666666660745477E+01,    0.1263176229248223203516233E+00,    0.8888359976603861511978977E-01,    0.3743402315878370523183349E-01,     42.12%
   -0.3200000000000000177635684E+01,    0.1260974753870807707478718E+00,    0.8896797153024910143059856E-01,    0.3712950385683166931727328E-01,     41.73%
   -0.3198333333333333250436681E+01,    0.1258765548408175005690168E+00,    0.8905245956709124943717626E-01,    0.3682409527372625113184057E-01,     41.35%
   -0.3196666666666666767326888E+01,    0.1256548845383102519512875E+00,    0.8913706408261619362765060E-01,    0.3651782045569405832363685E-01,     40.97%
   -0.3195000000000000284217094E+01,    0.1254324876555983347969914E+00,    0.8922178528331262126194190E-01,    0.3621070237228571353504947E-01,     40.59%
   -0.3193333333333333357018091E+01,    0.1252093872917452443971342E+00,    0.8930662337610789647257548E-01,    0.3590276391563734792455875E-01,     40.20%
   -0.3191666666666666429819088E+01,    0.1249856064681213463352094E+00,    0.8939157856836904558761603E-01,    0.3559402789975230074759338E-01,     39.82%
   -0.3189999999999999946709295E+01,    0.1247611681276886153035832E+00,    0.8947665106790382572032883E-01,    0.3528451705978478958325439E-01,     39.43%
   -0.3188333333333333463599502E+01,    0.1245360951342954075604652E+00,    0.8956184108296187662556775E-01,    0.3497425405133353093489745E-01,     39.05%
   -0.3186666666666666536400498E+01,    0.1243104102719740783333791E+00,    0.8964714882223569214492187E-01,    0.3466326144973838618845718E-01,     38.67%
   -0.3185000000000000053290705E+01,    0.1240841362442531292664682E+00,    0.8973257449486168879637660E-01,    0.3435156174939144047009165E-01,     38.28%
   -0.3183333333333333570180912E+01,    0.1238572956734736024708710E+00,    0.8981811831042138538627739E-01,    0.3403917736305221708459356E-01,     37.90%
   -0.3181666666666666642981909E+01,    0.1236299111001124689801500E+00,    0.8990378047894241608783972E-01,    0.3372613062117005289231031E-01,     37.51%
   -0.3179999999999999715782906E+01,    0.1234020049821163145242764E+00,    0.8998956121089955739744681E-01,    0.3341244377121675712682958E-01,     37.13%
   -0.3178333333333333232673112E+01,    0.1231735996942403960074941E+00,    0.9007546071721585223546214E-01,    0.3309813897702454377203196E-01,     36.74%
   -0.3176666666666666749563319E+01,    0.1229447175273978981602241E+00,    0.9016147920926378955819303E-01,    0.3278323831813410860203106E-01,     36.36%
   -0.3174999999999999822364316E+01,    0.1227153806880128678047370E+00,    0.9024761689886626192524943E-01,    0.3246776378914660587948759E-01,     35.98%
   -0.3173333333333333339254523E+01,    0.1224856112973851524072799E+00,    0.9033387399829770347814417E-01,    0.3215173729908744892913575E-01,     35.59%
   -0.3171666666666666856144730E+01,    0.1222554313910607370896599E+00,    0.9042025072028520016331754E-01,    0.3183518067077553692634240E-01,     35.21%
   -0.3169999999999999928945726E+01,    0.1220248629182111577140546E+00,    0.9050674727800957219958633E-01,    0.3151811564020158551446826E-01,     34.82%
   -0.3168333333333333001746723E+01,    0.1217939277410159393255640E+00,    0.9059336388510649817895626E-01,    0.3120056385590944114660772E-01,     34.44%
   -0.3166666666666666962726140E+01,    0.1215626476340611189508323E+00,    0.9068010075566748651176852E-01,    0.3088254687839363243906377E-01,     34.06%
   -0.3165000000000000035527137E+01,    0.1213310442837344793609589E+00,    0.9076695810424131871663178E-01,    0.3056408617949316064432708E-01,     33.67%
   -0.3163333333333333108328134E+01,    0.1210991392876410721601843E+00,    0.9085393614583471555423699E-01,    0.3024520314180635660594731E-01,     33.29%
   -0.3161666666666666625218340E+01,    0.1208669541540131897594534E+00,    0.9094103509591373868392594E-01,    0.2992591905809945107552750E-01,     32.91%
   -0.3160000000000000142108547E+01,    0.1206345103011349784161155E+00,    0.9102825517040488700892809E-01,    0.2960625513073009140718739E-01,     32.52%
   -0.3158333333333333214909544E+01,    0.1204018290567793608714098E+00,    0.9111559658569612363265833E-01,    0.2928623247108323723875145E-01,     32.14%
   -0.3156666666666666731799751E+01,    0.1201689316576347865694885E+00,    0.9120305955863799995952945E-01,    0.2896587209899678660995903E-01,     31.76%
   -0.3155000000000000248689958E+01,    0.1199358392487656910230243E+00,    0.9129064430654484918470359E-01,    0.2864519494222084183832067E-01,     31.38%
   -0.3153333333333333321490954E+01,    0.1197025728830525964641041E+00,    0.9137835104719591039490467E-01,    0.2832422183585668606919938E-01,     31.00%
   -0.3151666666666666394291951E+01,    0.1194691535206608284935825E+00,    0.9146617999883635552471617E-01,    0.2800297352182447296886636E-01,     30.62%
   -0.3149999999999999911182158E+01,    0.1192356020285055134833030E+00,    0.9155413138017853835748383E-01,    0.2768147064832697512581916E-01,     30.24%
   -0.3148333333333333428072365E+01,    0.1190019391797281639311379E+00,    0.9164220541040307699276468E-01,    0.2735973376932508693837320E-01,     29.85%
   -0.3146666666666666500873362E+01,    0.1187681856531783153307913E+00,    0.9173040230915999182492726E-01,    0.2703778334401832350586403E-01,     29.48%
   -0.3145000000000000017763568E+01,    0.1185343620329023101023225E+00,    0.9181872229656987127732748E-01,    0.2671563973633243882499499E-01,     29.10%
   -0.3143333333333333534653775E+01,    0.1183004888076442107092134E+00,    0.9190716559322499590312106E-01,    0.2639332321441921480609238E-01,     28.72%
   -0.3141666666666666607454772E+01,    0.1180665863703463797085291E+00,    0.9199573242019050411943937E-01,    0.2607085395015587558908976E-01,     28.34%
   -0.3139999999999999680255769E+01,    0.1178326750176619114318655E+00,    0.9208442299900550243041408E-01,    0.2574825201865640900145138E-01,     27.96%
   -0.3138333333333333641235185E+01,    0.1175987749494764034174921E+00,    0.9217323755168420340577740E-01,    0.2542553739779220001171467E-01,     27.58%
   -0.3136666666666666714036182E+01,    0.1173649062684289784419533E+00,    0.9226217630071728570406719E-01,    0.2510272996771169273788615E-01,     27.21%
   -0.3134999999999999786837179E+01,    0.1171310889794510423644880E+00,    0.9235123946907274061768334E-01,    0.2477984951037830174680465E-01,     26.83%
   -0.3133333333333333303727386E+01,    0.1168973429893009896574085E+00,    0.9244042728019720434051720E-01,    0.2445691570910378531689133E-01,     26.46%
   -0.3131666666666666820617593E+01,    0.1166636881061137581694354E+00,    0.9252973995801719309106659E-01,    0.2413394814809656507836877E-01,     26.08%
   -0.3129999999999999893418590E+01,    0.1164301440389577668721444E+00,    0.9261917772694014394652129E-01,    0.2381096631201762292562307E-01,     25.71%
   -0.3128333333333333410308796E+01,    0.1161967303973911874725999E+00,    0.9270874081185559445472677E-01,    0.2348798958553559301787317E-01,     25.34%
   -0.3126666666666666927199003E+01,    0.1159634666910369371617406E+00,    0.9279842943813643163508686E-01,    0.2316503725290050552665377E-01,     24.96%
   -0.3125000000000000000000000E+01,    0.1157303723291506769577097E+00,    0.9288824383164005771273963E-01,    0.2284212849751061924497009E-01,     24.59%
   -0.3123333333333333072800997E+01,    0.1154974666202088495747802E+00,    0.9297818421870950034158199E-01,    0.2251928240149934923319819E-01,     24.22%
   -0.3121666666666666589691204E+01,    0.1152647687714964397365236E+00,    0.9306825082617461997180897E-01,    0.2219651794532181976471463E-01,     23.85%
   -0.3120000000000000106581410E+01,    0.1150322978887030195283003E+00,    0.9315844388135340048417987E-01,    0.2187385400734961904412046E-01,     23.48%
   -0.3118333333333333179382407E+01,    0.1148000729755247889540826E+00,    0.9324876361205303165746727E-01,    0.2155130936347175729661529E-01,     23.11%
   -0.3116666666666666696272614E+01,    0.1145681129332768027895284E+00,    0.9333921024657107490263286E-01,    0.2122890268670572788689554E-01,     22.74%
   -0.3115000000000000213162821E+01,    0.1143364365605085142263420E+00,    0.9342978401369679553045700E-01,    0.2090665254681171869588496E-01,     22.38%
   -0.3113333333333333285963818E+01,    0.1141050625526278394783475E+00,    0.9352048514271225909677554E-01,    0.2058457740991558038157194E-01,     22.01%
   -0.3111666666666666358764815E+01,    0.1138740095015325498595260E+00,    0.9361131386339353877001912E-01,    0.2026269563813901108950688E-01,     21.65%
   -0.3110000000000000319744231E+01,    0.1136432958952454108647601E+00,    0.9370227040601192269875241E-01,    0.1994102548923348816600765E-01,     21.28%
   -0.3108333333333333392545228E+01,    0.1134129401175607287921565E+00,    0.9379335500133526015709151E-01,    0.1961958511622546863506500E-01,     20.92%
   -0.3106666666666666465346225E+01,    0.1131829604476933953671747E+00,    0.9388456788062891911206265E-01,    0.1929839256706447625511203E-01,     20.56%
   -0.3104999999999999982236432E+01,    0.1129533750599381602963689E+00,    0.9397590927565718788017080E-01,    0.1897746578428097241619810E-01,     20.19%
   -0.3103333333333333499126638E+01,    0.1127242020233302777221240E+00,    0.9406737941868449637272676E-01,    0.1865682260464578134939728E-01,     19.83%
   -0.3101666666666666571927635E+01,    0.1124954593013212655883137E+00,    0.9415897854247656795223520E-01,    0.1833648075884469763607854E-01,     19.47%
   -0.3100000000000000088817842E+01,    0.1122671647514530968159363E+00,    0.9425070688030158516657053E-01,    0.1801645787115151164936577E-01,     19.12%
   -0.3098333333333333605708049E+01,    0.1120393361250408281737379E+00,    0.9434256466593164691669671E-01,    0.1769677145910918125704114E-01,     18.76%
   -0.3096666666666666678509046E+01,    0.1118119910668679273246795E+00,    0.9443455213364378153517720E-01,    0.1737743893322414578950230E-01,     18.40%
   -0.3094999999999999751310042E+01,    0.1115851471148798373933531E+00,    0.9452666951822120966486551E-01,    0.1705847759665862772848755E-01,     18.05%
   -0.3093333333333333268200249E+01,    0.1113588216998879498742525E+00,    0.9461891705495467652653474E-01,    0.1673990464493327334771777E-01,     17.69%
   -0.3091666666666666785090456E+01,    0.1111330321452814046123692E+00,    0.9471129497964363153084122E-01,    0.1642173716563777308152794E-01,     17.34%
   -0.3089999999999999857891453E+01,    0.1109077956667404440960212E+00,    0.9480380352859757442374189E-01,    0.1610399213814286967227929E-01,     16.99%
   -0.3088333333333333374781660E+01,    0.1106831293719659631280550E+00,    0.9489644293863706836500427E-01,    0.1578668643332889476305070E-01,     16.64%
   -0.3086666666666666891671866E+01,    0.1104590502604001350794860E+00,    0.9498921344709522485150188E-01,    0.1546983681330491022798412E-01,     16.29%
   -0.3084999999999999964472863E+01,    0.1102355752229692564814201E+00,    0.9508211529181889720696574E-01,    0.1515345993115035927445433E-01,     15.94%
   -0.3083333333333333037273860E+01,    0.1100127210418233303368396E+00,    0.9517514871116987407173582E-01,    0.1483757233065345626510378E-01,     15.59%
   -0.3081666666666666998253277E+01,    0.1097905043900852944949165E+00,    0.9526831394402614228145154E-01,    0.1452219044605915221346493E-01,     15.24%
   -0.3080000000000000071054274E+01,    0.1095689418316046492840599E+00,    0.9536161122978334403477163E-01,    0.1420733060182130524928823E-01,     14.90%
   -0.3078333333333333143855270E+01,    0.1093480498207195922288903E+00,    0.9545504080835572058294503E-01,    0.1389300901236387164594532E-01,     14.55%
   -0.3076666666666666660745477E+01,    0.1091278447020248981713664E+00,    0.9554860292017763878646974E-01,    0.1357924178184725938489663E-01,     14.21%
   -0.3075000000000000177635684E+01,    0.1089083427101448231510972E+00,    0.9564229780620478460484435E-01,    0.1326604490394003854625282E-01,     13.87%
   -0.3073333333333333250436681E+01,    0.1086895599695129333017718E+00,    0.9573612570791546760862190E-01,    0.1295343426159746569314990E-01,     13.53%
   -0.3071666666666666767326888E+01,    0.1084715124941580954853748E+00,    0.9583008686731180059137358E-01,    0.1264142562684629489400123E-01,     13.19%
   -0.3070000000000000284217094E+01,    0.1082542161874978509095158E+00,    0.9592418152692111510404516E-01,    0.1233003466057673580547061E-01,     12.85%
   -0.3068333333333333357018091E+01,    0.1080376868421348557358641E+00,    0.9601840992979721045585961E-01,    0.1201927691233764528000449E-01,     12.52%
   -0.3066666666666666429819088E+01,    0.1078219401396625920508399E+00,    0.9611277231952157495964428E-01,    0.1170916782014101709119558E-01,     12.18%
   -0.3064999999999999946709295E+01,    0.1076069916504754225838880E+00,    0.9620726894020477371061162E-01,    0.1139972271027064887327640E-01,     11.85%
   -0.3063333333333333463599502E+01,    0.1073928568335857092197472E+00,    0.9630190003648771146504970E-01,    0.1109095679709799775469747E-01,     11.52%
   -0.3061666666666666536400498E+01,    0.1071795510364442760575798E+00,    0.9639666585354293715237617E-01,    0.1078288518290133890520366E-01,     11.19%
   -0.3060000000000000053290705E+01,    0.1069670894947721273560148E+00,    0.9649156663707592063161655E-01,    0.1047552285769620672439828E-01,     10.86%
   -0.3058333333333333570180912E+01,    0.1067554873323919434335849E+00,    0.9658660263332638495903382E-01,    0.1016888469906555847455110E-01,     10.53%
   -0.3056666666666666642981909E+01,    0.1065447595610707343105616E+00,    0.9668177408906969416690913E-01,    0.9862985472001040143652517E-02,     10.20%
   -0.3054999999999999715782906E+01,    0.1063349210803645056300226E+00,    0.9677708125161801899771774E-01,    0.9557839828746486632304880E-02,      9.88%
   -0.3053333333333333232673112E+01,    0.1061259866774718063631155E+00,    0.9687252436882169692733413E-01,    0.9253462308650109435781417E-02,      9.55%
   -0.3051666666666666749563319E+01,    0.1059179710270902879942767E+00,    0.9696810368907068933275184E-01,    0.8949867338019598661524867E-02,      9.23%
   -0.3049999999999999822364316E+01,    0.1057108886912825201909172E+00,    0.9706381946129581661519836E-01,    0.8647069229986703575718821E-02,      8.91%
   -0.3048333333333333339254523E+01,    0.1055047541193435967077363E+00,    0.9715967193496993781209881E-01,    0.8345082184373658895637504E-02,      8.59%
   -0.3046666666666666856144730E+01,    0.1052995816476781920645323E+00,    0.9725566136010960205382503E-01,    0.8043920287568590010707226E-02,      8.27%
   -0.3044999999999999928945726E+01,    0.1050953854996814068600841E+00,    0.9735178798727613103114464E-01,    0.7743597512405275828939466E-02,      7.95%
   -0.3043333333333333001746723E+01,    0.1048921797856242066337984E+00,    0.9744805206757699289621399E-01,    0.7444127718047213737584400E-02,      7.64%
   -0.3041666666666666962726140E+01,    0.1046899785025487833456381E+00,    0.9754445385266721779693455E-01,    0.7145524649881565548703577E-02,      7.33%
   -0.3040000000000000035527137E+01,    0.1044887955341637503225982E+00,    0.9764099359475081341130931E-01,    0.6847801939412936911288909E-02,      7.01%
   -0.3038333333333333108328134E+01,    0.1042886446507510223025150E+00,    0.9773767154658193068161864E-01,    0.6550973104169091620896381E-02,      6.70%
   -0.3036666666666666625218340E+01,    0.1040895395090724179221198E+00,    0.9783448796146626547098890E-01,    0.6255051547606152451130868E-02,      6.39%
   -0.3035000000000000142108547E+01,    0.1038914936522873505575504E+00,    0.9793144309326255736447564E-01,    0.5960050559024793193074743E-02,      6.09%
   -0.3033333333333333214909544E+01,    0.1036945205098715044877977E+00,    0.9802853719638383866996634E-01,    0.5665983313487665817831385E-02,      5.78%
   -0.3031666666666666731799751E+01,    0.1034986333975439487531389E+00,    0.9812577052579876668580994E-01,    0.5372862871745182067328983E-02,      5.48%
   -0.3030000000000000248689958E+01,    0.1033038455171987890501839E+00,    0.9822314333703306699074886E-01,    0.5080702180165722059435041E-02,      5.17%
   -0.3028333333333333321490954E+01,    0.1031101699568414270524741E+00,    0.9832065588617089346712419E-01,    0.4789514070670533585349915E-02,      4.87%
   -0.3026666666666666394291951E+01,    0.1029176196905323414920730E+00,    0.9841830842985620220186860E-01,    0.4499311260676139290204389E-02,      4.57%
   -0.3024999999999999911182158E+01,    0.1027262075783342970547452E+00,    0.9851610122529401436519692E-01,    0.4210106353040282689548235E-02,      4.27%
   -0.3023333333333333428072365E+01,    0.1025359463662653680682268E+00,    0.9861403453025205378956741E-01,    0.3921911836013314278659436E-02,      3.98%
   -0.3021666666666666500873362E+01,    0.1023468486862586790397955E+00,    0.9871210860306189882606986E-01,    0.3634740083196780213725674E-02,      3.68%
   -0.3020000000000000017763568E+01,    0.1021589270561255174962767E+00,    0.9881032370262045338993318E-01,    0.3348603353505064106343525E-02,      3.39%
   -0.3018333333333333534653775E+01,    0.1019721938795250804066228E+00,    0.9890868008839139025045739E-01,    0.3063513791133690156165414E-02,      3.10%
   -0.3016666666666666607454772E+01,    0.1017866614459386059854396E+00,    0.9900717802040649717643106E-01,    0.2779483425532108809008491E-02,      2.81%
   -0.3014999999999999680255769E+01,    0.1016023419306500835679330E+00,    0.9910581775926702308154859E-01,    0.2496524171383060486384409E-02,      2.52%
   -0.3013333333333333641235185E+01,    0.1014192473947306272208380E+00,    0.9920459956614520458106909E-01,    0.2214647828585422639768865E-02,      2.23%
   -0.3011666666666666714036182E+01,    0.1012373897850284421018330E+00,    0.9930352370278565377059721E-01,    0.1933866082242788331235772E-02,      1.95%
   -0.3009999999999999786837179E+01,    0.1010567809341653688903762E+00,    0.9940259043150666273813698E-01,    0.1654190502658706152239176E-02,      1.66%
   -0.3008333333333333303727386E+01,    0.1008774325605361760205270E+00,    0.9950180001520166073181173E-01,    0.1375632545334515288715238E-02,      1.38%
   -0.3006666666666666820617593E+01,    0.1006993562683151377523671E+00,    0.9960115271734076847209849E-01,    0.1098203550974369280268661E-02,      1.10%
   -0.3004999999999999893418590E+01,    0.1005225635474657208678906E+00,    0.9970064880197207490830635E-01,    0.8219147454936459595842280E-03,      0.82%
   -0.3003333333333333410308796E+01,    0.1003470657737575294499166E+00,    0.9980028853372306663072067E-01,    0.5467772400344628191959373E-03,      0.55%
   -0.3001666666666666927199003E+01,    0.1001728742087864276744114E+00,    0.9990007217780212667168627E-01,    0.2728020309843010027250898E-03,      0.27%
   -0.3000000000000000000000000E+01,    0.1000000000000000055511151E+00,    0.1000000000000000055511151E+00,    0.0000000000000000000000000E+00,      0.00%
   -0.2998333333333333516890207E+01,    0.9982845418072923415753195E-01,    0.1001000722666910563996012E+00,   -0.2716180859618222420692746E-03,     -0.27%
   -0.2996666666666666589691204E+01,    0.9965824767022314623066137E-01,    0.1002002892448349558041087E+00,   -0.5420415746118095734473741E-03,     -0.54%
   -0.2995000000000000106581410E+01,    0.9948939127369023360802913E-01,    0.1003006512019779111755113E+00,   -0.8112599282876775674822056E-03,     -0.81%
   -0.2993333333333333179382407E+01,    0.9932189568234306431548930E-01,    0.1004011584062543260831291E+00,   -0.1079262723911261767639758E-02,     -1.07%
   -0.2991666666666666696272614E+01,    0.9915577147344960262653757E-01,    0.1005018111263880076222677E+00,   -0.1346039652938404995730082E-02,     -1.34%
   -0.2990000000000000213162821E+01,    0.9899102911038729080139831E-01,    0.1006026096316938317487555E+00,   -0.1611580521306540947357178E-02,     -1.60%
   -0.2988333333333333285963818E+01,    0.9882767894270363950859348E-01,    0.1007035541920791726910878E+00,   -0.1875875249375533182494280E-02,     -1.86%
   -0.2986666666666666802854024E+01,    0.9866573120618091219391488E-01,    0.1008046450780451797069048E+00,   -0.2138913871864267512989954E-02,     -2.12%
   -0.2984999999999999875655021E+01,    0.9850519602290495890795086E-01,    0.1009058825606885950731950E+00,   -0.2400686537783636165244161E-02,     -2.38%
   -0.2983333333333333392545228E+01,    0.9834608340134012860467294E-01,    0.1010072669117028226759558E+00,   -0.2661183510362694071282874E-02,     -2.63%
   -0.2981666666666666465346225E+01,    0.9818840323640752598688408E-01,    0.1011087984033797460003967E+00,   -0.2920395166972220013512640E-02,     -2.89%
   -0.2979999999999999982236432E+01,    0.9803216530956863905554854E-01,    0.1012104773086109910096297E+00,   -0.3178311999042351954081198E-02,     -3.14%
   -0.2978333333333333499126638E+01,    0.9787737928891353245131057E-01,    0.1013123039008895359680551E+00,   -0.3434924611976003516744527E-02,     -3.39%
   -0.2976666666666666571927635E+01,    0.9772405472925321801014320E-01,    0.1014142784543111963646567E+00,   -0.3690223725057978354513466E-02,     -3.64%
   -0.2975000000000000088817842E+01,    0.9757220107221761806748361E-01,    0.1015164012435759016694803E+00,   -0.3944200171358283601996675E-02,     -3.89%
   -0.2973333333333333161618839E+01,    0.9742182764635641534223254E-01,    0.1016186725439895965905635E+00,   -0.4196844897633181248330914E-02,     -4.13%
   -0.2971666666666666678509046E+01,    0.9727294366724602292517687E-01,    0.1017210926314653235413843E+00,   -0.4448148964219300616207420E-02,     -4.37%
   -0.2970000000000000195399252E+01,    0.9712555823760044004799852E-01,    0.1018236617825249989977010E+00,   -0.4698103544924558949702487E-02,     -4.61%
   -0.2968333333333333268200249E+01,    0.9697968034738571607711322E-01,    0.1019263802743008845430595E+00,   -0.4946699926915168465946238E-02,     -4.85%
   -0.2966666666666666785090456E+01,    0.9683531887394040971184239E-01,    0.1020292483845368913808471E+00,   -0.5193929510596481669004731E-02,     -5.09%
   -0.2964999999999999857891453E+01,    0.9669248258209969804077843E-01,    0.1021322663915904399578594E+00,   -0.5439783809490741917080925E-02,     -5.33%
   -0.2963333333333333374781660E+01,    0.9655118012432320484528248E-01,    0.1022354345744336395762630E+00,   -0.5684254450110434730980558E-02,     -5.56%
   -0.2961666666666666447582656E+01,    0.9641142004082832450695406E-01,    0.1023387532126551063837994E+00,   -0.5927333171826781876845303E-02,     -5.79%
   -0.2959999999999999964472863E+01,    0.9627321075972697372868936E-01,    0.1024422225864612401302622E+00,   -0.6169011826734266401572881E-02,     -6.02%
   -0.2958333333333333481363070E+01,    0.9613656059716735313713798E-01,    0.1025458429766779311353986E+00,   -0.6409282379510577998260601E-02,     -6.25%
   -0.2956666666666666554164067E+01,    0.9600147775747916445432395E-01,    0.1026496146647520729677794E+00,   -0.6648136907272908513455434E-02,     -6.48%
   -0.2955000000000000071054274E+01,    0.9586797033332368489499942E-01,    0.1027535379327529502235805E+00,   -0.6885567599429265328581096E-02,     -6.70%
   -0.2953333333333333143855270E+01,    0.9573604630584850450070178E-01,    0.1028576130633740148834221E+00,   -0.7121566757525510382720313E-02,     -6.92%
   -0.2951666666666666660745477E+01,    0.9560571354484447004207226E-01,    0.1029618403399342324577859E+00,   -0.7356126795089762415713608E-02,     -7.14%
   -0.2950000000000000177635684E+01,    0.9547697980890930413711004E-01,    0.1030662200463797889549156E+00,   -0.7589240237470484817805527E-02,     -7.36%
   -0.2948333333333333250436681E+01,    0.9534985274561313950414387E-01,    0.1031707524672855619263245E+00,   -0.7820899721672422422180659E-02,     -7.58%
   -0.2946666666666666767326888E+01,    0.9522433989167020107480255E-01,    0.1032754378878566331456668E+00,   -0.8051097996186432070864214E-02,     -7.80%
   -0.2944999999999999840127884E+01,    0.9510044867311230609718820E-01,    0.1033802765939300372100007E+00,   -0.8279827920817731112812510E-02,     -8.01%
   -0.2943333333333333357018091E+01,    0.9497818640546862312135090E-01,    0.1034852688719760660518432E+00,   -0.8507082466507442930492289E-02,     -8.22%
   -0.2941666666666666873908298E+01,    0.9485756029394809552002243E-01,    0.1035904150091001146849479E+00,   -0.8732854715152019164925434E-02,     -8.43%
   -0.2939999999999999946709295E+01,    0.9473857743362509853390918E-01,    0.1036957152930440967386616E+00,   -0.8957137859418998204752427E-02,     -8.64%
   -0.2938333333333333463599502E+01,    0.9462124480963254868903789E-01,    0.1038011700121879710145834E+00,   -0.9179925202555422325545464E-02,     -8.84%
   -0.2936666666666666536400498E+01,    0.9450556929735359767974501E-01,    0.1039067794555515733545548E+00,   -0.9401210158197975674809754E-02,     -9.05%
   -0.2935000000000000053290705E+01,    0.9439155766262180558001660E-01,    0.1040125439127958656415629E+00,   -0.9620986250174060061546299E-02,     -9.25%
   -0.2933333333333333126091702E+01,    0.9427921656192297938936520E-01,    0.1041184636742249064456090E+00,   -0.9839247112301927056243755E-02,     -9.45%
   -0.2931666666666666642981909E+01,    0.9416855254260199370452966E-01,    0.1042245390307870722690353E+00,   -0.1005598648818507856450566E-01,     -9.65%
   -0.2930000000000000159872116E+01,    0.9405957204307198449289018E-01,    0.1043307702740769171700919E+00,   -0.1027119823100493267720168E-01,     -9.84%
   -0.2928333333333333232673112E+01,    0.9395228139302784498010368E-01,    0.1044371576963367964641094E+00,   -0.1048487630330895148400572E-01,    -10.04%
   -0.2926666666666666749563319E+01,    0.9384668681366534204180141E-01,    0.1045437015904581712355537E+00,   -0.1069701477679282919375225E-01,    -10.23%
   -0.2924999999999999822364316E+01,    0.9374279441790001055068160E-01,    0.1046504022499836622506209E+00,   -0.1090760783208365169993925E-01,    -10.42%
   -0.2923333333333333339254523E+01,    0.9364061021059456868531612E-01,    0.1047572599691082573247769E+00,   -0.1111664975851368863946078E-01,    -10.61%
   -0.2921666666666666856144730E+01,    0.9354014008878576424965701E-01,    0.1048642750426811987018993E+00,   -0.1132413495389543445224234E-01,    -10.80%
   -0.2919999999999999928945726E+01,    0.9344138984191766028608583E-01,    0.1049714477662076067554509E+00,   -0.1153005792428994646936502E-01,    -10.98%
   -0.2918333333333333445835933E+01,    0.9334436515207664153415124E-01,    0.1050787784358498261338966E+00,   -0.1173441328377318459974532E-01,    -11.17%
   -0.2916666666666666518636930E+01,    0.9324907159423204139336860E-01,    0.1051862673484295213066630E+00,   -0.1193719575419747991329444E-01,    -11.35%
   -0.2915000000000000035527137E+01,    0.9315551463647778196452975E-01,    0.1052939148014288422983142E+00,   -0.1213840016495106033378448E-01,    -11.53%
   -0.2913333333333333552417344E+01,    0.9306369964027995378419433E-01,    0.1054017210929924092122079E+00,   -0.1233802145271245542801353E-01,    -11.71%
   -0.2911666666666666625218340E+01,    0.9297363186072664376080610E-01,    0.1055096865219288804205178E+00,   -0.1253605466120223665971167E-01,    -11.88%
   -0.2910000000000000142108547E+01,    0.9288531644678196808051496E-01,    0.1056178113877124097319538E+00,   -0.1273249494093044165143880E-01,    -12.06%
   -0.2908333333333333214909544E+01,    0.9279875844154156228071884E-01,    0.1057260959904846586709937E+00,   -0.1292733754894309639027483E-01,    -12.23%
   -0.2906666666666666731799751E+01,    0.9271396278249507960644848E-01,    0.1058345406310560871121496E+00,   -0.1312057784856100750570107E-01,    -12.40%
   -0.2904999999999999804600748E+01,    0.9263093430178796772178629E-01,    0.1059431456109079100480486E+00,   -0.1331221130911994232626228E-01,    -12.57%
   -0.2903333333333333321490954E+01,    0.9254967772649108637139648E-01,    0.1060519112321935963905162E+00,   -0.1350223350570251001911970E-01,    -12.73%
   -0.2901666666666666838381161E+01,    0.9247019767886829888503541E-01,    0.1061608377977406036940522E+00,   -0.1369064011887230480901678E-01,    -12.90%
   -0.2899999999999999911182158E+01,    0.9239249867665265403271491E-01,    0.1062699256110520712459433E+00,   -0.1387742693439941721322839E-01,    -13.06%
   -0.2898333333333333428072365E+01,    0.9231658513332291482456071E-01,    0.1063791749763084715230121E+00,   -0.1406258984298555669845143E-01,    -13.22%
   -0.2896666666666666500873362E+01,    0.9224246135838307103504974E-01,    0.1064885861983693171595178E+00,   -0.1424612483998624612446804E-01,    -13.38%
   -0.2895000000000000017763568E+01,    0.9217013155764766652033870E-01,    0.1065981595827748124039047E+00,   -0.1442802802512714588356602E-01,    -13.53%
   -0.2893333333333333534653775E+01,    0.9209959983352698775771472E-01,    0.1067078954357476017200668E+00,   -0.1460829560222061396235205E-01,    -13.69%
   -0.2891666666666666607454772E+01,    0.9203087018531815044486422E-01,    0.1068177940641945322663986E+00,   -0.1478692387887638182153438E-01,    -13.84%
   -0.2890000000000000124344979E+01,    0.9196394650949776816695191E-01,    0.1069278557757081249413034E+00,   -0.1496390926621035677435145E-01,    -13.99%
   -0.2888333333333333197145976E+01,    0.9189883260001797948834934E-01,    0.1070380808785685866624249E+00,   -0.1513924827855060717407554E-01,    -14.14%
   -0.2886666666666666714036182E+01,    0.9183553214860691593646180E-01,    0.1071484696817452259010039E+00,   -0.1531293753313830996454215E-01,    -14.29%
   -0.2884999999999999786837179E+01,    0.9177404874507076593115329E-01,    0.1072590224948985065944740E+00,   -0.1548497374982774066332070E-01,    -14.44%
   -0.2883333333333333303727386E+01,    0.9171438587759790650455471E-01,    0.1073697396283813942918783E+00,   -0.1565535375078348778732362E-01,    -14.58%
   -0.2881666666666666820617593E+01,    0.9165654693306878042502461E-01,    0.1074806213932414239442537E+00,   -0.1582407446017264351922904E-01,    -14.72%
   -0.2879999999999999893418590E+01,    0.9160053519736821581176400E-01,    0.1075916681012222403390766E+00,   -0.1599113290385402452731256E-01,    -14.86%
   -0.2878333333333333410308796E+01,    0.9154635385569814820527768E-01,    0.1077028800647653189459518E+00,   -0.1615652620906717074067416E-01,    -15.00%
   -0.2876666666666666483109793E+01,    0.9149400599289572721950492E-01,    0.1078142575970118810513299E+00,   -0.1632025160411615383182493E-01,    -15.14%
   -0.2875000000000000000000000E+01,    0.9144349459375276933936760E-01,    0.1079258010118043786818021E+00,   -0.1648230641805160934243446E-01,    -15.27%
   -0.2873333333333333516890207E+01,    0.9139482254334223287894901E-01,    0.1080375106236885346389087E+00,   -0.1664268808034630175995972E-01,    -15.40%
   -0.2871666666666666589691204E+01,    0.9134799262733940550251788E-01,    0.1081493867479149106891612E+00,   -0.1680139412057550518664328E-01,    -15.54%
   -0.2870000000000000106581410E+01,    0.9130300753235510990979407E-01,    0.1082614297004406145319422E+00,   -0.1695842216808550462214811E-01,    -15.66%
   -0.2868333333333333179382407E+01,    0.9125986984626480169602303E-01,    0.1083736397979313259565259E+00,   -0.1711376995166652426050291E-01,    -15.79%
   -0.2866666666666666696272614E+01,    0.9121858205854346812735400E-01,    0.1084860173577627678875857E+00,   -0.1726743529921929976023165E-01,    -15.92%
   -0.2865000000000000213162821E+01,    0.9117914656060352451838469E-01,    0.1085985626980226909088501E+00,   -0.1741941613741916639046536E-01,    -16.04%
   -0.2863333333333333285963818E+01,    0.9114156564613466737778680E-01,    0.1087112761375125108420647E+00,   -0.1756971049137784346427793E-01,    -16.16%
   -0.2861666666666666802854024E+01,    0.9110584151144654474485662E-01,    0.1088241579957491822483462E+00,   -0.1771831648430263750348956E-01,    -16.28%
   -0.2859999999999999875655021E+01,    0.9107197625581336941635868E-01,    0.1089372085929670302961725E+00,   -0.1786523233715366087981380E-01,    -16.40%
   -0.2858333333333333392545228E+01,    0.9103997188182134936429435E-01,    0.1090504282501192634402543E+00,   -0.1801045636829791407595991E-01,    -16.52%
   -0.2856666666666666465346225E+01,    0.9100983029572189131339854E-01,    0.1091638172888802216231596E+00,   -0.1815398699315833030976108E-01,    -16.63%
   -0.2854999999999999982236432E+01,    0.9098155330778380511791426E-01,    0.1092773760316467224207315E+00,   -0.1829582272386291730281727E-01,    -16.74%
   -0.2853333333333333499126638E+01,    0.9095514263264403709285943E-01,    0.1093911048015402120991979E+00,   -0.1843596216889617500633847E-01,    -16.85%
   -0.2851666666666666571927635E+01,    0.9093059988967551465766093E-01,    0.1095050039224084170719209E+00,   -0.1857440403273290241425997E-01,    -16.96%
   -0.2850000000000000088817842E+01,    0.9090792660333911479053626E-01,    0.1096190737188270647450850E+00,   -0.1871114711548794995454870E-01,    -17.07%
   -0.2848333333333333161618839E+01,    0.9088712420355210541700330E-01,    0.1097333145161020068192315E+00,   -0.1884619031254990140222816E-01,    -17.17%
   -0.2846666666666666678509046E+01,    0.9086819402605221529523050E-01,    0.1098477266402706764569785E+00,   -0.1897953261421846116174805E-01,    -17.28%
   -0.2845000000000000195399252E+01,    0.9085113731276418802540462E-01,    0.1099623104181041977067679E+00,   -0.1911117310534000968136326E-01,    -17.38%
   -0.2843333333333333268200249E+01,    0.9083595521217453783169304E-01,    0.1100770661771091202263406E+00,   -0.1924111096493458239464758E-01,    -17.48%
   -0.2841666666666666785090456E+01,    0.9082264877969961625048256E-01,    0.1101919942455291817617891E+00,   -0.1936934546582956551130650E-01,    -17.58%
   -0.2839999999999999857891453E+01,    0.9081121897806487819337917E-01,    0.1103070949523473343045765E+00,   -0.1949587597428245611119735E-01,    -17.67%
   -0.2838333333333333374781660E+01,    0.9080166667768008181838013E-01,    0.1104223686272873816704987E+00,   -0.1962070194960729985211856E-01,    -17.77%
   -0.2836666666666666447582656E+01,    0.9079399265702162158397925E-01,    0.1105378156008160195344914E+00,   -0.1974382294379439795051212E-01,    -17.86%
   -0.2834999999999999964472863E+01,    0.9078819760301065633356643E-01,    0.1106534362041445285207431E+00,   -0.1986523860113387218717662E-01,    -17.95%
   -0.2833333333333333481363070E+01,    0.9078428211140257553246613E-01,    0.1107692307692307587263514E+00,   -0.1998494865782818319388525E-01,    -18.04%
   -0.2831666666666666554164067E+01,    0.9078224668717072010082347E-01,    0.1108851996287809893448895E+00,   -0.2010295294161026924406599E-01,    -18.13%
   -0.2830000000000000071054274E+01,    0.9078209174489475230540592E-01,    0.1110013431162517050232452E+00,   -0.2021925137135695271783931E-01,    -18.22%
   -0.2828333333333333143855270E+01,    0.9078381760915513187804038E-01,    0.1111176615658515803852779E+00,   -0.2033384395669644850723756E-01,    -18.30%
   -0.2826666666666666660745477E+01,    0.9078742451492251286371271E-01,    0.1112341553125432702664455E+00,   -0.2044673079762075740273275E-01,    -18.38%
   -0.2825000000000000177635684E+01,    0.9079291260795584184162266E-01,    0.1113508246920453803596729E+00,   -0.2055791208408953851805023E-01,    -18.46%
   -0.2823333333333333250436681E+01,    0.9080028194519886020064092E-01,    0.1114676700408343407167067E+00,   -0.2066738809563548051606574E-01,    -18.54%
   -0.2821666666666666767326888E+01,    0.9080953249517922931666192E-01,    0.1115846916961461959827417E+00,   -0.2077515920096696666607983E-01,    -18.62%
   -0.2819999999999999840127884E+01,    0.9082066413841119456584750E-01,    0.1117018899959787425757440E+00,   -0.2088122585756754800989654E-01,    -18.69%
   -0.2818333333333333357018091E+01,    0.9083367666779813831556822E-01,    0.1118192652790931107542605E+00,   -0.2098558861129497243869224E-01,    -18.77%
   -0.2816666666666666873908298E+01,    0.9084856978903918522938454E-01,    0.1119368178850159989412560E+00,   -0.2108824809597681371187150E-01,    -18.84%
   -0.2814999999999999946709295E+01,    0.9086534312103672350602324E-01,    0.1120545481540413945698020E+00,   -0.2118920503300467106377880E-01,    -18.91%
   -0.2813333333333333463599502E+01,    0.9088399619630575798634453E-01,    0.1121724564272324892177934E+00,   -0.2128846023092673123144891E-01,    -18.98%
   -0.2811666666666666536400498E+01,    0.9090452846138472042802903E-01,    0.1122905430464237186427567E+00,   -0.2138601458503899821472771E-01,    -19.05%
   -0.2810000000000000053290705E+01,    0.9092693927725130353945104E-01,    0.1124088083542226362832039E+00,   -0.2148186907697133274375290E-01,    -19.11%
   -0.2808333333333333126091702E+01,    0.9095122791973384024366567E-01,    0.1125272526940118561489257E+00,   -0.2157602477427801590526002E-01,    -19.17%
   -0.2806666666666666642981909E+01,    0.9097739357993285536085892E-01,    0.1126458764099508846889819E+00,   -0.2166848283001802932812296E-01,    -19.24%
   -0.2805000000000000159872116E+01,    0.9100543536463717719797728E-01,    0.1127646798469783134821753E+00,   -0.2175924448234113628419806E-01,    -19.30%
   -0.2803333333333333232673112E+01,    0.9103535229674523943099729E-01,    0.1128836633508135678383155E+00,   -0.2184831105406832840731823E-01,    -19.35%
   -0.2801666666666666749563319E+01,    0.9106714331568870057775911E-01,    0.1130028272679589051996629E+00,   -0.2193568395227020462190382E-01,    -19.41%
   -0.2799999999999999822364316E+01,    0.9110080727785499488113885E-01,    0.1131221719457013580312221E+00,   -0.2202136466784636315008328E-01,    -19.47%
   -0.2798333333333333339254523E+01,    0.9113634295701646126364182E-01,    0.1132416977321148154889130E+00,   -0.2210535477509835422527118E-01,    -19.52%
   -0.2796666666666666856144730E+01,    0.9117374904475399055581164E-01,    0.1133614049760618414097735E+00,   -0.2218765593130785085396184E-01,    -19.57%
   -0.2794999999999999928945726E+01,    0.9121302415089031778716588E-01,    0.1134812940271958114912820E+00,   -0.2226826987630549370411615E-01,    -19.62%
   -0.2793333333333333445835933E+01,    0.9125416680391876256273065E-01,    0.1136013652359626480148336E+00,   -0.2234719843204388545210293E-01,    -19.67%
   -0.2791666666666666518636930E+01,    0.9129717545143749279912271E-01,    0.1137216189536031651918790E+00,   -0.2242444350216567239275633E-01,    -19.72%
   -0.2790000000000000035527137E+01,    0.9134204846058166515909704E-01,    0.1138420555321546789873111E+00,   -0.2250000707157301382821402E-01,    -19.76%
   -0.2788333333333333552417344E+01,    0.9138878411846365623638633E-01,    0.1139626753244532969544522E+00,   -0.2257389120598964071806591E-01,    -19.81%
   -0.2786666666666666625218340E+01,    0.9143738063260462012316054E-01,    0.1140834786841358194919849E+00,   -0.2264609805153119936882433E-01,    -19.85%
   -0.2785000000000000142108547E+01,    0.9148783613138029846556520E-01,    0.1142044659656415855897293E+00,   -0.2271662983426128712416414E-01,    -19.89%
   -0.2783333333333333214909544E+01,    0.9154014866445588094467922E-01,    0.1143256375242148042969959E+00,   -0.2278548885975892335231663E-01,    -19.93%
   -0.2781666666666666731799751E+01,    0.9159431620323146838735795E-01,    0.1144469937159063033238482E+00,   -0.2285267751267483493649024E-01,    -19.97%
   -0.2779999999999999804600748E+01,    0.9165033664128377499658029E-01,    0.1145685348975757494871530E+00,   -0.2291819825629197449057273E-01,    -20.00%
   -0.2778333333333333321490954E+01,    0.9170820779481267392974075E-01,    0.1146902614268933834340558E+00,   -0.2298205363208070950431505E-01,    -20.04%
   -0.2776666666666666838381161E+01,    0.9176792740308761797685122E-01,    0.1148121736623424898882107E+00,   -0.2304424625925487191135943E-01,    -20.07%
   -0.2774999999999999911182158E+01,    0.9182949312889346349386699E-01,    0.1149342719632210491065294E+00,   -0.2310477883432758561266240E-01,    -20.10%
   -0.2773333333333333428072365E+01,    0.9189290255898173442883348E-01,    0.1150565566896438879362918E+00,   -0.2316365413066215350745836E-01,    -20.13%
   -0.2771666666666666500873362E+01,    0.9195815320452140062545965E-01,    0.1151790282025449002611950E+00,   -0.2322087499802349963573533E-01,    -20.16%
   -0.2770000000000000017763568E+01,    0.9202524250154837937021313E-01,    0.1153016868636788094804047E+00,   -0.2327644436213043011019153E-01,    -20.19%
   -0.2768333333333333534653775E+01,    0.9209416781142083785471897E-01,    0.1154245330356235416102706E+00,   -0.2333036522420270375555162E-01,    -20.21%
   -0.2766666666666666607454772E+01,    0.9216492642127395440443394E-01,    0.1155475670817820155189537E+00,   -0.2338264066050806111451976E-01,    -20.24%
   -0.2765000000000000124344979E+01,    0.9223751554447387479562792E-01,    0.1156707893663843356168996E+00,   -0.2343327382191046082127173E-01,    -20.26%
   -0.2763333333333333197145976E+01,    0.9231193232107709478739821E-01,    0.1157942002544899429139491E+00,   -0.2348226793341284812655090E-01,    -20.28%
   -0.2761666666666666714036182E+01,    0.9238817381828512420582911E-01,    0.1159178001119894746429040E+00,   -0.2352962629370435043707488E-01,    -20.30%
   -0.2759999999999999786837179E+01,    0.9246623703090887935740483E-01,    0.1160415893056071373612426E+00,   -0.2357535227469825800383774E-01,    -20.32%
   -0.2758333333333333303727386E+01,    0.9254611888182438794725471E-01,    0.1161655682029025526968979E+00,   -0.2361944932107816474964324E-01,    -20.33%
   -0.2756666666666666820617593E+01,    0.9262781622243720924814170E-01,    0.1162897371722728945275804E+00,   -0.2366192094983568527943874E-01,    -20.35%
   -0.2754999999999999893418590E+01,    0.9271132583314607711333366E-01,    0.1164140965829552204491293E+00,   -0.2370277074980914333579562E-01,    -20.36%
   -0.2753333333333333410308796E+01,    0.9279664442380322619818855E-01,    0.1165386468050282481323521E+00,   -0.2374200238122502193416352E-01,    -20.37%
   -0.2751666666666666483109793E+01,    0.9288376863418294770990968E-01,    0.1166633882094147006691642E+00,   -0.2377961957523175295925455E-01,    -20.38%
   -0.2750000000000000000000000E+01,    0.9297269503444718918849787E-01,    0.1167883211678832078295187E+00,   -0.2381562613343601864102084E-01,    -20.39%
   -0.2748333333333333516890207E+01,    0.9306342012561154286576226E-01,    0.1169134460530507763076358E+00,   -0.2385002592743923344187351E-01,    -20.40%
   -0.2746666666666666589691204E+01,    0.9315594034001302425895830E-01,    0.1170387632383845522010546E+00,   -0.2388282289837152794209629E-01,    -20.41%
   -0.2745000000000000106581410E+01,    0.9325025204178088999995566E-01,    0.1171642730982041524789850E+00,   -0.2391402105642326247902929E-01,    -20.41%
   -0.2743333333333333179382407E+01,    0.9334635152730665075271332E-01,    0.1172899760076838160394175E+00,   -0.2394362448037716528670416E-01,    -20.41%
   -0.2741666666666666696272614E+01,    0.9344423502571219675161274E-01,    0.1174158723428543465994167E+00,   -0.2397163731714214984780398E-01,    -20.42%
   -0.2740000000000000213162821E+01,    0.9354389869932640266814161E-01,    0.1175419624806055690635631E+00,   -0.2399806378127916639542150E-01,    -20.42%
   -0.2738333333333333285963818E+01,    0.9364533864415476582809816E-01,    0.1176682467986882724142461E+00,   -0.2402290815453350658614795E-01,    -20.42%
   -0.2736666666666666802854024E+01,    0.9374855089035427635479891E-01,    0.1177947256757163468909866E+00,   -0.2404617478536207053618767E-01,    -20.41%
   -0.2734999999999999875655021E+01,    0.9385353140270787097865224E-01,    0.1179213994911691709699397E+00,   -0.2406786808846129999128749E-01,    -20.41%
   -0.2733333333333333392545228E+01,    0.9396027608109966400284918E-01,    0.1180482686253935126208248E+00,   -0.2408799254429384861797558E-01,    -20.41%
   -0.2731666666666666465346225E+01,    0.9406878076099074725835436E-01,    0.1181753334596058885308523E+00,   -0.2410655269861514127249791E-01,    -20.40%
   -0.2729999999999999982236432E+01,    0.9417904121389977789569059E-01,    0.1183025943758946735284709E+00,   -0.2412355316199489563278036E-01,    -20.39%
   -0.2728333333333333499126638E+01,    0.9429105314787591951564139E-01,    0.1184300517572223071516291E+00,   -0.2413899860934638763598770E-01,    -20.38%
   -0.2726666666666666571927635E+01,    0.9440481220798162265150921E-01,    0.1185577059874276389939141E+00,   -0.2415289377944601634240485E-01,    -20.37%
   -0.2725000000000000088817842E+01,    0.9452031397676720347877932E-01,    0.1186855574512276495502405E+00,   -0.2416524347446044607146121E-01,    -20.36%
   -0.2723333333333333161618839E+01,    0.9463755397475687169972502E-01,    0.1188136065342203090411388E+00,   -0.2417605255946343734141379E-01,    -20.35%
   -0.2721666666666666678509046E+01,    0.9475652766092484968751819E-01,    0.1189418536228862566250797E+00,   -0.2418532596196140693756149E-01,    -20.33%
   -0.2720000000000000195399252E+01,    0.9487723043317869420221200E-01,    0.1190702991045913122780675E+00,   -0.2419306867141261807585551E-01,    -20.32%
   -0.2718333333333333268200249E+01,    0.9499965762884246545105782E-01,    0.1191989433675886972396896E+00,   -0.2419928573874623178863175E-01,    -20.30%
   -0.2716666666666666785090456E+01,    0.9512380452513605200159930E-01,    0.1193277868010209213922579E+00,   -0.2420398227588486939065859E-01,    -20.28%
   -0.2714999999999999857891453E+01,    0.9524966633966286400081458E-01,    0.1194568297949225033072196E+00,   -0.2420716345525963930640501E-01,    -20.26%
   -0.2713333333333333374781660E+01,    0.9537723823089011565556916E-01,    0.1195860727402218576242987E+00,   -0.2420883450933174196872955E-01,    -20.24%
   -0.2711666666666666447582656E+01,    0.9550651529863449229473815E-01,    0.1197155160287437236643626E+00,   -0.2420900073010923136962447E-01,    -20.22%
   -0.2709999999999999964472863E+01,    0.9563749258454916357674591E-01,    0.1198451600532112332198054E+00,   -0.2420766746866206964305945E-01,    -20.20%
   -0.2708333333333333481363070E+01,    0.9577016507260556477110214E-01,    0.1199750052072484640675043E+00,   -0.2420484013464289929640216E-01,    -20.17%
   -0.2706666666666666554164067E+01,    0.9590452768958319940129087E-01,    0.1201050518853824244924766E+00,   -0.2420052419579922509118575E-01,    -20.15%
   -0.2705000000000000071054274E+01,    0.9604057530555286381623858E-01,    0.1202353004830453014895042E+00,   -0.2419472517749243767326561E-01,    -20.12%
   -0.2703333333333333143855270E+01,    0.9617830273436771271189372E-01,    0.1203657513965770836650293E+00,   -0.2418744866220937095313559E-01,    -20.09%
   -0.2701666666666666660745477E+01,    0.9631770473414572042436532E-01,    0.1204964050232273514717818E+00,   -0.2417870028908163104741647E-01,    -20.07%
   -0.2700000000000000177635684E+01,    0.9645877600776298077533966E-01,    0.1206272617611580111329772E+00,   -0.2416848575339503035763755E-01,    -20.04%
   -0.2698333333333333250436681E+01,    0.9660151120333565488706995E-01,    0.1207583220094453207993368E+00,   -0.2415681080610966591226685E-01,    -20.00%
   -0.2696666666666666767326888E+01,    0.9674590491471643516341317E-01,    0.1208895861680821803840757E+00,   -0.2414368125336574522066257E-01,    -19.97%
   -0.2694999999999999840127884E+01,    0.9689195168197657637154663E-01,    0.1210210546379806573202842E+00,   -0.2412910295600408094873757E-01,    -19.94%
   -0.2693333333333333357018091E+01,    0.9703964599189822404223804E-01,    0.1211527278209739572067960E+00,   -0.2411308182907573316455796E-01,    -19.90%
   -0.2691666666666666873908298E+01,    0.9718898227846552162478844E-01,    0.1212846061198190467100844E+00,   -0.2409562384135352508529593E-01,    -19.87%
   -0.2689999999999999946709295E+01,    0.9733995492335295596220135E-01,    0.1214166899381989017658867E+00,   -0.2407673501484594580368537E-01,    -19.83%
   -0.2688333333333333463599502E+01,    0.9749255825641409134441062E-01,    0.1215489796807245892473759E+00,   -0.2405642142431049790296527E-01,    -19.79%
   -0.2686666666666666536400498E+01,    0.9764678655617645142150707E-01,    0.1216814757529379453782070E+00,   -0.2403468919676149395669995E-01,    -19.75%
   -0.2685000000000000053290705E+01,    0.9780263405032826873330976E-01,    0.1218141785613136435229009E+00,   -0.2401154451098537478959116E-01,    -19.71%
   -0.2683333333333333126091702E+01,    0.9796009491621131270999712E-01,    0.1219470885132617754553763E+00,   -0.2398699359705046274537921E-01,    -19.67%
   -0.2681666666666666642981909E+01,    0.9811916328131255193856219E-01,    0.1220802060171298913937576E+00,   -0.2396104273581733945519545E-01,    -19.63%
   -0.2680000000000000159872116E+01,    0.9827983322375546948457270E-01,    0.1222135314822056922912097E+00,   -0.2393369825845022280663699E-01,    -19.58%
   -0.2678333333333333232673112E+01,    0.9844209877279029574648206E-01,    0.1223470653187192225264113E+00,   -0.2390496654592892677992921E-01,    -19.54%
   -0.2676666666666666749563319E+01,    0.9860595390928776626804364E-01,    0.1224808079378450625940289E+00,   -0.2387485402855729632598525E-01,    -19.49%
   -0.2674999999999999822364316E+01,    0.9877139256622954888165111E-01,    0.1226147597517051324178539E+00,   -0.2384336718547558353620275E-01,    -19.45%
   -0.2673333333333333339254523E+01,    0.9893840862920096068666709E-01,    0.1227489211733705787299442E+00,   -0.2381051254416961804327713E-01,    -19.40%
   -0.2671666666666666856144730E+01,    0.9910699593688401809465915E-01,    0.1228832926168645506281862E+00,   -0.2377629667998053253352708E-01,    -19.35%
   -0.2669999999999999928945726E+01,    0.9927714828154683701644245E-01,    0.1230178744971644477779193E+00,   -0.2374072621561761076147690E-01,    -19.30%
   -0.2668333333333333445835933E+01,    0.9944885940953980540957247E-01,    0.1231526672302041547357732E+00,   -0.2370380782066434932620069E-01,    -19.25%
   -0.2666666666666666518636930E+01,    0.9962212302178476142078267E-01,    0.1232876712328767193627144E+00,   -0.2366554821109195794193170E-01,    -19.20%
   -0.2665000000000000035527137E+01,    0.9979693277426907038751835E-01,    0.1234228869230365593923082E+00,   -0.2362595414876748900478987E-01,    -19.14%
   -0.2663333333333333552417344E+01,    0.9997328227853709281536254E-01,    0.1235583147195020159436751E+00,   -0.2358503244096492312831259E-01,    -19.09%
   -0.2661666666666666625218340E+01,    0.1001511651021830678898183E+00,    0.1236939550420576711120546E+00,   -0.2354278993987460322223626E-01,    -19.03%
   -0.2660000000000000142108547E+01,    0.1003305747693425398203715E+00,    0.1238298083114567071927326E+00,   -0.2349923354211416737236107E-01,    -18.98%
   -0.2658333333333333214909544E+01,    0.1005115047611861989196314E+00,    0.1239658749494236544830272E+00,   -0.2345437018823745556339588E-01,    -18.92%
   -0.2656666666666666731799751E+01,    0.1006939485164104197689738E+00,    0.1241021553786563619281580E+00,   -0.2340820686224594215918415E-01,    -18.86%
   -0.2654999999999999804600748E+01,    0.1008778994317324345653120E+00,    0.1242386500228288698233214E+00,   -0.2336075059109643525800948E-01,    -18.80%
   -0.2653333333333333321490954E+01,    0.1010633508623765691725183E+00,    0.1243753593065935469930139E+00,   -0.2331200844421697782049563E-01,    -18.74%
   -0.2651666666666666838381161E+01,    0.1012502961225717895699105E+00,    0.1245122836555837830818660E+00,   -0.2326198753301199351195550E-01,    -18.68%
   -0.2649999999999999911182158E+01,    0.1014387284860415738840800E+00,    0.1246494234964163200229947E+00,   -0.2321069501037474613891476E-01,    -18.62%
   -0.2648333333333333428072365E+01,    0.1016286411864938954430215E+00,    0.1247867792566936667730815E+00,   -0.2315813807019977133005995E-01,    -18.56%
   -0.2646666666666666500873362E+01,    0.1018200274181158271336045E+00,    0.1249243513650067499698437E+00,   -0.2310432394689092283623921E-01,    -18.49%
   -0.2645000000000000017763568E+01,    0.1020128803360610819650489E+00,    0.1250621402509371760114476E+00,   -0.2304925991487609404639869E-01,    -18.43%
   -0.2643333333333333534653775E+01,    0.1022071930569453251935741E+00,    0.1252001463450599372251304E+00,   -0.2299295328811461203155631E-01,    -18.36%
   -0.2641666666666666607454772E+01,    0.1024029586593321328180650E+00,    0.1253383700789457710911279E+00,   -0.2293541141961363827306286E-01,    -18.30%
   -0.2640000000000000124344979E+01,    0.1026001701842279845156014E+00,    0.1254768118851636027333285E+00,   -0.2287664170093561821772710E-01,    -18.23%
   -0.2638333333333333197145976E+01,    0.1027988206355699846161755E+00,    0.1256154721972832788434715E+00,   -0.2281665156171329422729599E-01,    -18.16%
   -0.2636666666666666714036182E+01,    0.1029989029807168582353327E+00,    0.1257543514498778158827719E+00,   -0.2275544846916095764743915E-01,    -18.10%
   -0.2634999999999999786837179E+01,    0.1032004101509377269607626E+00,    0.1258934500785260646171793E+00,   -0.2269303992758833765641668E-01,    -18.03%
   -0.2633333333333333303727386E+01,    0.1034033350419037294853908E+00,    0.1260327685198151526080323E+00,   -0.2262943347791142312264157E-01,    -17.96%
   -0.2631666666666666820617593E+01,    0.1036076705141745490923455E+00,    0.1261723072113431765028935E+00,   -0.2256463669716862741054797E-01,    -17.88%
   -0.2629999999999999893418590E+01,    0.1038134093936886048759050E+00,    0.1263120665917215335039003E+00,   -0.2249865719803292862799537E-01,    -17.81%
   -0.2628333333333333410308796E+01,    0.1040205444722515915056960E+00,    0.1264520471005775026362983E+00,   -0.2243150262832591113060232E-01,    -17.74%
   -0.2626666666666666483109793E+01,    0.1042290685080234091675067E+00,    0.1265922491785569647948506E+00,   -0.2236318067053355562734396E-01,    -17.67%
   -0.2625000000000000000000000E+01,    0.1044389742260079800839634E+00,    0.1267326732673267342121903E+00,   -0.2229369904131875412822694E-01,    -17.59%
   -0.2623333333333333516890207E+01,    0.1046502543185375000422965E+00,    0.1268733198095772229940792E+00,   -0.2222306549103972295178266E-01,    -17.52%
   -0.2621666666666666589691204E+01,    0.1048629014457621577705027E+00,    0.1270141892490250778990912E+00,   -0.2215128780326292012858858E-01,    -17.44%
   -0.2620000000000000106581410E+01,    0.1050769082361337480868713E+00,    0.1271552820304155395625401E+00,   -0.2207837379428179147566880E-01,    -17.36%
   -0.2618333333333333179382407E+01,    0.1052922672868950720870274E+00,    0.1272965985995252735651917E+00,   -0.2200433131263020147816434E-01,    -17.29%
   -0.2616666666666666696272614E+01,    0.1055089711645620098590115E+00,    0.1274381394031647019016162E+00,   -0.2192916823860269204260476E-01,    -17.21%
   -0.2615000000000000213162821E+01,    0.1057270124054093263232801E+00,    0.1275799048891808895600519E+00,   -0.2185289248377156323677184E-01,    -17.13%
   -0.2613333333333333285963818E+01,    0.1059463835159582534295453E+00,    0.1277218955064599037463324E+00,   -0.2177551199050165031678716E-01,    -17.05%
   -0.2611666666666666802854024E+01,    0.1061670769734547326024199E+00,    0.1278641117049293951524191E+00,   -0.2169703473147466254999927E-01,    -16.97%
   -0.2609999999999999875655021E+01,    0.1063890852263588565618235E+00,    0.1280065539355615122918408E+00,   -0.2161746870920265573001728E-01,    -16.89%
   -0.2608333333333333392545228E+01,    0.1066124006948232505465057E+00,    0.1281492226503750941901671E+00,   -0.2153682195555184364366141E-01,    -16.81%
   -0.2606666666666666465346225E+01,    0.1068370157711771989417215E+00,    0.1282921183024386957427510E+00,   -0.2145510253126149680102941E-01,    -16.72%
   -0.2604999999999999982236432E+01,    0.1070629228204087457498872E+00,    0.1284352413458728914275042E+00,   -0.2137231852546414567761701E-01,    -16.64%
   -0.2603333333333333499126638E+01,    0.1072901141806441305259767E+00,    0.1285785922358531341291865E+00,   -0.2128847805520900360320979E-01,    -16.56%
   -0.2601666666666666571927635E+01,    0.1075185821636318039828950E+00,    0.1287221714286123086523617E+00,   -0.2120358926498050466946665E-01,    -16.47%
   -0.2600000000000000088817842E+01,    0.1077483190552165209785684E+00,    0.1288659793814432852343543E+00,   -0.2111766032622676425578589E-01,    -16.39%
   -0.2598333333333333161618839E+01,    0.1079793171158256737118819E+00,    0.1290100165527018616362653E+00,   -0.2103069943687618792438343E-01,    -16.30%
   -0.2596666666666666678509046E+01,    0.1082115685809424410201984E+00,    0.1291542834018090113445965E+00,   -0.2094271482086657032439803E-01,    -16.22%
   -0.2595000000000000195399252E+01,    0.1084450656615851965591801E+00,    0.1292987803892539644401438E+00,   -0.2085371472766876788096369E-01,    -16.13%
   -0.2593333333333333268200249E+01,    0.1086798005447855014482528E+00,    0.1294435079765966223330764E+00,   -0.2076370743181112088482365E-01,    -16.04%
   -0.2591666666666666785090456E+01,    0.1089157653940652364932262E+00,    0.1295884666264702500537709E+00,   -0.2067270123240501356054466E-01,    -15.95%
   -0.2589999999999999857891453E+01,    0.1091529523499095294392092E+00,    0.1297336568025843073215242E+00,   -0.2058070445267477788231503E-01,    -15.86%
   -0.2588333333333333374781660E+01,    0.1093913535302461770282179E+00,    0.1298790789697270020575104E+00,   -0.2048772543948082502929253E-01,    -15.77%
   -0.2586666666666666447582656E+01,    0.1096309610309163795616172E+00,    0.1300247335937680659423421E+00,   -0.2039377256285168638072491E-01,    -15.68%
   -0.2584999999999999964472863E+01,    0.1098717669261483065312746E+00,    0.1301706211416614467069053E+00,   -0.2029885421551314017563072E-01,    -15.59%
   -0.2583333333333333481363070E+01,    0.1101137632690343537422706E+00,    0.1303167420814479449120427E+00,   -0.2020297881241359116977208E-01,    -15.50%
   -0.2581666666666666554164067E+01,    0.1103569420919960630822487E+00,    0.1304630968822581560395690E+00,   -0.2010615479026209295732031E-01,    -15.41%
   -0.2580000000000000071054274E+01,    0.1106012954072635168234484E+00,    0.1306096860143148019606230E+00,   -0.2000839060705128513717455E-01,    -15.32%
   -0.2578333333333333143855270E+01,    0.1108468152073387030798202E+00,    0.1307565099489359783380138E+00,   -0.1990969474159727525819363E-01,    -15.23%
   -0.2576666666666666660745477E+01,    0.1110934934654691091937551E+00,    0.1309035691585373195611197E+00,   -0.1981007569306821036736466E-01,    -15.13%
   -0.2575000000000000177635684E+01,    0.1113413221361152782851178E+00,    0.1310508641166352461482347E+00,   -0.1970954198051996786311690E-01,    -15.04%
   -0.2573333333333333250436681E+01,    0.1115902931554187682561263E+00,    0.1311983952978495182595253E+00,   -0.1960810214243075000339900E-01,    -14.95%
   -0.2571666666666666767326888E+01,    0.1118403984416692087400236E+00,    0.1313461631779058169655627E+00,   -0.1950576473623660822553916E-01,    -14.85%
   -0.2569999999999999840127884E+01,    0.1120916298957712609052351E+00,    0.1314941682336388528717919E+00,   -0.1940253833786759196655680E-01,    -14.76%
   -0.2568333333333333357018091E+01,    0.1123439794017077608678790E+00,    0.1316424109429948086091855E+00,   -0.1929843154128704774130654E-01,    -14.66%
   -0.2566666666666666873908298E+01,    0.1125974388270070125628308E+00,    0.1317908917850343919475620E+00,   -0.1919345295802737938473115E-01,    -14.56%
   -0.2564999999999999946709295E+01,    0.1128520000232036690768211E+00,    0.1319396112399354725752687E+00,   -0.1908761121673180349844756E-01,    -14.47%
   -0.2563333333333333463599502E+01,    0.1131076548263033332286653E+00,    0.1320885697889958299011681E+00,   -0.1898091496269249667250278E-01,    -14.37%
   -0.2561666666666666536400498E+01,    0.1133643950572410935562218E+00,    0.1322377679146361229012285E+00,   -0.1887337285739502934500678E-01,    -14.27%
   -0.2560000000000000053290705E+01,    0.1136222125223456808074118E+00,    0.1323872061004024436314808E+00,   -0.1876499357805676282406893E-01,    -14.17%
   -0.2558333333333333126091702E+01,    0.1138810990137972545266365E+00,    0.1325368848309694536080627E+00,   -0.1865578581717219908142624E-01,    -14.08%
   -0.2556666666666666642981909E+01,    0.1141410463100849259632241E+00,    0.1326868045921428818090249E+00,   -0.1854575828205795584580073E-01,    -13.98%
   -0.2555000000000000159872116E+01,    0.1144020461764676671601038E+00,    0.1328369658708625500320721E+00,   -0.1843491969439488287196838E-01,    -13.88%
   -0.2553333333333333232673112E+01,    0.1146640903654274068479424E+00,    0.1329873691552051206965501E+00,   -0.1832327878977771384860773E-01,    -13.78%
   -0.2551666666666666749563319E+01,    0.1149271706171273582652859E+00,    0.1331380149343869834233089E+00,   -0.1821084431725962515802308E-01,    -13.68%
   -0.2549999999999999822364316E+01,    0.1151912786598641158519740E+00,    0.1332889036987670861034161E+00,   -0.1809762503890297025144207E-01,    -13.58%
   -0.2548333333333333339254523E+01,    0.1154564062105230687338420E+00,    0.1334400359398496827001424E+00,   -0.1798362972932661396630039E-01,    -13.48%
   -0.2546666666666666856144730E+01,    0.1157225449750300255713498E+00,    0.1335914121502873586067039E+00,   -0.1786886717525733303535418E-01,    -13.38%
   -0.2544999999999999928945726E+01,    0.1159896866488027283859097E+00,    0.1337430328238838339593997E+00,   -0.1775334617508110557348999E-01,    -13.27%
   -0.2543333333333333445835933E+01,    0.1162578229172013810632791E+00,    0.1338948984555967114395969E+00,   -0.1763707553839533037631782E-01,    -13.17%
   -0.2541666666666666518636930E+01,    0.1165269454559765827106332E+00,    0.1340470095415406126537761E+00,   -0.1752006408556402994314283E-01,    -13.07%
   -0.2540000000000000035527137E+01,    0.1167970459317200504489875E+00,    0.1341993665789897594020630E+00,   -0.1740232064726970895307545E-01,    -12.97%
   -0.2538333333333333552417344E+01,    0.1170681160023080286114450E+00,    0.1343519700663810545471222E+00,   -0.1728385406407302593567721E-01,    -12.86%
   -0.2536666666666666625218340E+01,    0.1173401473173508319236547E+00,    0.1345048205033170241051721E+00,   -0.1716467318596619218151744E-01,    -12.76%
   -0.2535000000000000142108547E+01,    0.1176131315186337844558295E+00,    0.1346579183905685372923955E+00,   -0.1704478687193475283656596E-01,    -12.66%
   -0.2533333333333333214909544E+01,    0.1178870602405635292786457E+00,    0.1348112642300778873938327E+00,   -0.1692420398951435811518706E-01,    -12.55%
   -0.2531666666666666731799751E+01,    0.1181619251106097029380138E+00,    0.1349648585249615673209433E+00,   -0.1680293341435186438292959E-01,    -12.45%
   -0.2529999999999999804600748E+01,    0.1184377177497446115284063E+00,    0.1351187017795133227249238E+00,   -0.1668098402976871119651747E-01,    -12.35%
   -0.2528333333333333321490954E+01,    0.1187144297728852521123244E+00,    0.1352727944992069830654202E+00,   -0.1655836472632173095309582E-01,    -12.24%
   -0.2526666666666666838381161E+01,    0.1189920527893314622369658E+00,    0.1354271371906994592126949E+00,   -0.1643508440136799697572911E-01,    -12.14%
   -0.2524999999999999911182158E+01,    0.1192705784032016685936028E+00,    0.1355817303618337410497929E+00,   -0.1631115195863207245619009E-01,    -12.03%
   -0.2523333333333333428072365E+01,    0.1195499982138717304236408E+00,    0.1357365745216416730301034E+00,   -0.1618657630776994260646262E-01,    -11.92%
   -0.2521666666666666500873362E+01,    0.1198303038164093559103662E+00,    0.1358916701803471183129801E+00,   -0.1606136636393776240261388E-01,    -11.82%
   -0.2520000000000000017763568E+01,    0.1201114868020066589471284E+00,    0.1360470178493687343213026E+00,   -0.1593553104736207537417414E-01,    -11.71%
   -0.2518333333333333534653775E+01,    0.1203935387584131877503069E+00,    0.1362026180413230813659453E+00,   -0.1580907928290989361563845E-01,    -11.61%
   -0.2516666666666666607454772E+01,    0.1206764512703686620387344E+00,    0.1363584712700276480035200E+00,   -0.1568201999965898596478553E-01,    -11.50%
   -0.2515000000000000124344979E+01,    0.1209602159200316578990808E+00,    0.1365145780505035710827855E+00,   -0.1555436213047191318370466E-01,    -11.39%
   -0.2513333333333333197145976E+01,    0.1212448242874080983622065E+00,    0.1366709388989789386581464E+00,   -0.1542611461157084029593989E-01,    -11.29%
   -0.2511666666666666714036182E+01,    0.1215302679507791611124290E+00,    0.1368275543328915655472144E+00,   -0.1529728638211240443478545E-01,    -11.18%
   -0.2509999999999999786837179E+01,    0.1218165384871276596401302E+00,    0.1369844248708922129775800E+00,   -0.1516788638376455333744985E-01,    -11.07%
   -0.2508333333333333303727386E+01,    0.1221036274725625508930094E+00,    0.1371415510328473086332224E+00,   -0.1503792356028475774021302E-01,    -10.97%
   -0.2506666666666666820617593E+01,    0.1223915264827419024928901E+00,    0.1372989333398423050791592E+00,   -0.1490740685710040258626918E-01,    -10.86%
   -0.2504999999999999893418590E+01,    0.1226802270932957072968605E+00,    0.1374565723141845108301595E+00,   -0.1477634522088880353329898E-01,    -10.75%
   -0.2503333333333333410308796E+01,    0.1229697208802465052679409E+00,    0.1376144684794060046861830E+00,   -0.1464474759915949941824209E-01,    -10.64%
   -0.2501666666666666483109793E+01,    0.1232599994204279375553668E+00,    0.1377726223602669941570298E+00,   -0.1451262293983905660166300E-01,    -10.53%
   -0.2500000000000000000000000E+01,    0.1235510542919038279308097E+00,    0.1379310344827586187754775E+00,   -0.1437998019085479084466783E-01,    -10.43%
   -0.2498333333333333516890207E+01,    0.1238428770743841278445529E+00,    0.1380897053741060864773260E+00,   -0.1424682829972195863277307E-01,    -10.32%
   -0.2496666666666666589691204E+01,    0.1241354593496409725039697E+00,    0.1382486355627718099814416E+00,   -0.1411317621313083747747186E-01,    -10.21%
   -0.2495000000000000106581410E+01,    0.1244287927019210732160204E+00,    0.1384078255784582101028946E+00,   -0.1397903287653713688687418E-01,    -10.10%
   -0.2493333333333333179382407E+01,    0.1247228687183590811748957E+00,    0.1385672759521111574443353E+00,   -0.1384440723375207626943961E-01,     -9.99%
   -0.2491666666666666696272614E+01,    0.1250176789893887585591870E+00,    0.1387269872159227757091315E+00,   -0.1370930822653401714994459E-01,     -9.88%
   -0.2490000000000000213162821E+01,    0.1253132151091514157048579E+00,    0.1388869599033346613481399E+00,   -0.1357374479418324564328202E-01,     -9.77%
   -0.2488333333333333285963818E+01,    0.1256094686759063050462970E+00,    0.1390471945490409921841746E+00,   -0.1343772587313468713787756E-01,     -9.66%
   -0.2486666666666666802854024E+01,    0.1259064312924332018628348E+00,    0.1392076916889914417474472E+00,   -0.1330126039655823988461236E-01,     -9.55%
   -0.2484999999999999875655021E+01,    0.1262040945664426316863427E+00,    0.1393684518603946487225187E+00,   -0.1316435729395201703617602E-01,     -9.45%
   -0.2483333333333333392545228E+01,    0.1265024501109754673233709E+00,    0.1395294756017208537279828E+00,   -0.1302702549074538640461185E-01,     -9.34%
   -0.2481666666666666465346225E+01,    0.1268014895448073275918688E+00,    0.1396907634527055630524472E+00,   -0.1288927390789823546057846E-01,     -9.23%
   -0.2479999999999999982236432E+01,    0.1271012044928484241435029E+00,    0.1398523159543521854342174E+00,   -0.1275111146150376129071446E-01,     -9.12%
   -0.2478333333333333499126638E+01,    0.1274015865865436858417326E+00,    0.1400141336489355292638237E+00,   -0.1261254706239184342209114E-01,     -9.01%
   -0.2476666666666666571927635E+01,    0.1277026274642691361371760E+00,    0.1401762170800048001861882E+00,   -0.1247358961573566404901214E-01,     -8.90%
   -0.2475000000000000088817842E+01,    0.1280043187717291586213975E+00,    0.1403385667923866264583665E+00,   -0.1233424802065746783696909E-01,     -8.79%
   -0.2473333333333333161618839E+01,    0.1283066521623512645788878E+00,    0.1405011833321885283965003E+00,   -0.1219453116983726381761244E-01,     -8.68%
   -0.2471666666666666678509046E+01,    0.1286096192976789454043285E+00,    0.1406640672468017494445292E+00,   -0.1205444794912280404020066E-01,     -8.57%
   -0.2470000000000000195399252E+01,    0.1289132118477624988628349E+00,    0.1408272190849046978655679E+00,   -0.1191400723714219900273292E-01,     -8.46%
   -0.2468333333333333268200249E+01,    0.1292174214915510210843763E+00,    0.1409906393964660831219504E+00,   -0.1177321790491506203757410E-01,     -8.35%
   -0.2466666666666666785090456E+01,    0.1295222399172785976428912E+00,    0.1411543287327478024550942E+00,   -0.1163208881546920481220297E-01,     -8.24%
   -0.2464999999999999857891453E+01,    0.1298276588228536865265994E+00,    0.1413182876463086046214812E+00,   -0.1149062882345491809488180E-01,     -8.13%
   -0.2463333333333333374781660E+01,    0.1301336699162417842590145E+00,    0.1414825166910068932057953E+00,   -0.1134884677476510894678086E-01,     -8.02%
   -0.2461666666666666447582656E+01,    0.1304402649158521443339964E+00,    0.1416470164220042515790254E+00,   -0.1120675150615210724502901E-01,     -7.91%
   -0.2459999999999999964472863E+01,    0.1307474355509168628675098E+00,    0.1418117873957683572339050E+00,   -0.1106435184485149436639517E-01,     -7.80%
   -0.2458333333333333481363070E+01,    0.1310551735618747104528126E+00,    0.1419768301700763957207130E+00,   -0.1092165660820168526790042E-01,     -7.69%
   -0.2456666666666666554164067E+01,    0.1313634707007473034767742E+00,    0.1421421453040183635607718E+00,   -0.1077867460327106008399767E-01,     -7.58%
   -0.2455000000000000071054274E+01,    0.1316723187315184118162392E+00,    0.1423077333580000103374630E+00,   -0.1063541462648159852122376E-01,     -7.47%
   -0.2453333333333333143855270E+01,    0.1319817094305085758421114E+00,    0.1424735948937463636543299E+00,   -0.1049188546323778781221847E-01,     -7.36%
   -0.2451666666666666660745477E+01,    0.1322916345867496124011353E+00,    0.1426397304743048377595471E+00,   -0.1034809588755522535841180E-01,     -7.25%
   -0.2450000000000000177635684E+01,    0.1326020860023575387298678E+00,    0.1428061406640485364594184E+00,   -0.1020405466169099772955065E-01,     -7.15%
   -0.2448333333333333250436681E+01,    0.1329130554929027763222393E+00,    0.1429728260286795560318751E+00,   -0.1005977053577677970963578E-01,     -7.04%
   -0.2446666666666666767326888E+01,    0.1332245348877788559960322E+00,    0.1431397871352320938509450E+00,   -0.9915252247453237854912800E-02,     -6.93%
   -0.2444999999999999840127884E+01,    0.1335365160305715670485682E+00,    0.1433070245520760011004313E+00,   -0.9770508521504434051863086E-02,     -6.82%
   -0.2443333333333333357018091E+01,    0.1338489907794231659199369E+00,    0.1434745388489197248649276E+00,   -0.9625548069496558944990738E-02,     -6.71%
   -0.2441666666666666873908298E+01,    0.1341619510073978616127022E+00,    0.1436423305968139163546482E+00,   -0.9480379589416054741946027E-02,     -6.60%
   -0.2439999999999999946709295E+01,    0.1344753886028430545085399E+00,    0.1438104003681546227966237E+00,   -0.9335011765311568288083777E-02,     -6.49%
   -0.2438333333333333463599502E+01,    0.1347892954697511858075387E+00,    0.1439787487366864515703213E+00,   -0.9189453266935265762782592E-02,     -6.38%
   -0.2436666666666666536400498E+01,    0.1351036635281180897649733E+00,    0.1441473762775061506768992E+00,   -0.9043712749388060911925891E-02,     -6.27%
   -0.2435000000000000053290705E+01,    0.1354184847143010128611706E+00,    0.1443162835670655785857974E+00,   -0.8897798852764565724626777E-02,     -6.17%
   -0.2433333333333333126091702E+01,    0.1357337509813738296582386E+00,    0.1444854711831754789930216E+00,   -0.8751720201801649334782951E-02,     -6.06%
   -0.2431666666666666642981909E+01,    0.1360494542994813704783752E+00,    0.1446549397050083951565824E+00,   -0.8605485405527024678207226E-02,     -5.95%
   -0.2430000000000000159872116E+01,    0.1363655866561913343470991E+00,    0.1448246897131022781213261E+00,   -0.8459103056910943774227007E-02,     -5.84%
   -0.2428333333333333232673112E+01,    0.1366821400568452582469092E+00,    0.1449947217893637618768565E+00,   -0.8312581732518503629947304E-02,     -5.73%
   -0.2426666666666666749563319E+01,    0.1369991065249067940801098E+00,    0.1451650365170714107598826E+00,   -0.8165929992164616679772848E-02,     -5.63%
   -0.2424999999999999822364316E+01,    0.1373164781023089586753372E+00,    0.1453356344808792999234726E+00,   -0.8019156378570341248135378E-02,     -5.52%
   -0.2423333333333333339254523E+01,    0.1376342468497997184595505E+00,    0.1455065162668201517170985E+00,   -0.7872269417020433257548007E-02,     -5.41%
   -0.2421666666666666856144730E+01,    0.1379524048472850206170648E+00,    0.1456776824623089161558909E+00,   -0.7725277615023895538826082E-02,     -5.30%
   -0.2419999999999999928945726E+01,    0.1382709441941708250478626E+00,    0.1458491336561460738341367E+00,   -0.7578189461975248786274051E-02,     -5.20%
   -0.2418333333333333445835933E+01,    0.1385898570097031379244612E+00,    0.1460208704385209388387779E+00,   -0.7431013428817800914316649E-02,     -5.09%
   -0.2416666666666666518636930E+01,    0.1389091354333062688919398E+00,    0.1461928934010152392186654E+00,   -0.7283757967708970326725648E-02,     -4.98%
   -0.2415000000000000035527137E+01,    0.1392287716249190065997965E+00,    0.1463652031366063088757556E+00,   -0.7136431511687302275959155E-02,     -4.88%
   -0.2413333333333333552417344E+01,    0.1395487577653295729884775E+00,    0.1465378002396706957899397E+00,   -0.6989042474341122801462234E-02,     -4.77%
   -0.2411666666666666625218340E+01,    0.1398690860565083848854329E+00,    0.1467106853059875481992691E+00,   -0.6841599249479163313836239E-02,     -4.66%
   -0.2410000000000000142108547E+01,    0.1401897487219392057777867E+00,    0.1468838589327418620023025E+00,   -0.6694110210802656224515772E-02,     -4.56%
   -0.2408333333333333214909544E+01,    0.1405107380069484379614408E+00,    0.1470573217185282277608138E+00,   -0.6546583711579789799372975E-02,     -4.45%
   -0.2406666666666666731799751E+01,    0.1408320461790320277106758E+00,    0.1472310742633538560575346E+00,   -0.6399028084321828346858752E-02,     -4.35%
   -0.2404999999999999804600748E+01,    0.1411536655281820928919956E+00,    0.1474051171686425465434667E+00,   -0.6251451640460453651471084E-02,     -4.24%
   -0.2403333333333333321490954E+01,    0.1414755883672097480641128E+00,    0.1475794510372375745177465E+00,   -0.6103862670027826453633679E-02,     -4.14%
   -0.2401666666666666838381161E+01,    0.1417978070320681793781148E+00,    0.1477540764734056877305335E+00,   -0.5956269441337508352418695E-02,     -4.03%
   -0.2399999999999999911182158E+01,    0.1421203138821716949191654E+00,    0.1479289940828402427630550E+00,   -0.5808680200668547843889655E-02,     -3.93%
   -0.2398333333333333428072365E+01,    0.1424431013007144697368744E+00,    0.1481042044726646744745580E+00,   -0.5661103171950204737683521E-02,     -3.82%
   -0.2396666666666666500873362E+01,    0.1427661616949879308524629E+00,    0.1482797082514362707605926E+00,   -0.5513546556448339908129697E-02,     -3.72%
   -0.2395000000000000017763568E+01,    0.1430894874966935625959508E+00,    0.1484555060291492534219060E+00,   -0.5366018532455690825955230E-02,     -3.61%
   -0.2393333333333333534653775E+01,    0.1434130711622574050334578E+00,    0.1486315984172386084338768E+00,   -0.5218527254981203400419076E-02,     -3.51%
   -0.2391666666666666607454772E+01,    0.1437369051731401115024056E+00,    0.1488079860285835276378918E+00,   -0.5071080855443416135486245E-02,     -3.41%
   -0.2390000000000000124344979E+01,    0.1440609820361464510352079E+00,    0.1489846694775107671659953E+00,   -0.4923687441364316130787415E-02,     -3.30%
   -0.2388333333333333197145976E+01,    0.1443852942837318131807933E+00,    0.1491616493797983111768701E+00,   -0.4776355096066497996076805E-02,     -3.20%
   -0.2386666666666666714036182E+01,    0.1447098344743084907815245E+00,    0.1493389263526788135472145E+00,   -0.4629091878370322765690048E-02,     -3.10%
   -0.2384999999999999786837179E+01,    0.1450345951925481879918323E+00,    0.1495165010148432616077230E+00,   -0.4481905822295073615890715E-02,     -3.00%
   -0.2383333333333333303727386E+01,    0.1453595690496845838080020E+00,    0.1496943739864443345677358E+00,   -0.4334804936759750759733834E-02,     -2.90%
   -0.2381666666666666820617593E+01,    0.1456847486838123983954318E+00,    0.1498725458891001227623718E+00,   -0.4187797205287724366939983E-02,     -2.79%
   -0.2379999999999999893418590E+01,    0.1460101267601852104149884E+00,    0.1500510173458976248550556E+00,   -0.4040890585712414440067164E-02,     -2.69%
   -0.2378333333333333410308796E+01,    0.1463356959715112759479183E+00,    0.1502297889813961062621672E+00,   -0.3894093009884830314248916E-02,     -2.59%
   -0.2376666666666666483109793E+01,    0.1466614490382482094421590E+00,    0.1504088614216311514670821E+00,   -0.3747412383382942024923068E-02,     -2.49%
   -0.2375000000000000000000000E+01,    0.1469873787088944172563032E+00,    0.1505882352941176338667617E+00,   -0.3600856585223216610458508E-02,     -2.39%
   -0.2373333333333333516890207E+01,    0.1473134777602791989359332E+00,    0.1507679112278538513525206E+00,   -0.3454433467574652416587355E-02,     -2.29%
   -0.2371666666666666589691204E+01,    0.1476397389978519603115359E+00,    0.1509478898533248014679486E+00,   -0.3308150855472841156412755E-02,     -2.19%
   -0.2370000000000000106581410E+01,    0.1479661552559677073492850E+00,    0.1511281718025057063670147E+00,   -0.3162016546537999017729703E-02,     -2.09%
   -0.2368333333333333179382407E+01,    0.1482927193981716240678281E+00,    0.1513087577088660096169548E+00,   -0.3016038310694385549126650E-02,     -1.99%
   -0.2366666666666666696272614E+01,    0.1486194243174823459430201E+00,    0.1514896482073725125783170E+00,   -0.2870223889890166635296964E-02,     -1.89%
   -0.2365000000000000213162821E+01,    0.1489462629366712920209181E+00,    0.1516708439344933434522744E+00,   -0.2724580997822051431356272E-02,     -1.80%
   -0.2363333333333333285963818E+01,    0.1492732282085426354090174E+00,    0.1518523455282015099943038E+00,   -0.2579117319658874585286412E-02,     -1.70%
   -0.2361666666666666802854024E+01,    0.1496003131162089716532648E+00,    0.1520341536279783134499866E+00,   -0.2433840511769341796721733E-02,     -1.60%
   -0.2359999999999999875655021E+01,    0.1499275106733675977377374E+00,    0.1522162688748173453578971E+00,   -0.2288758201449747620159769E-02,     -1.50%
   -0.2358333333333333392545228E+01,    0.1502548139245714897693773E+00,    0.1523986919112277627075258E+00,   -0.2143877986656272938148504E-02,     -1.41%
   -0.2356666666666666465346225E+01,    0.1505822159455018349749622E+00,    0.1525814233812382569865918E+00,   -0.1999207435736422011629543E-02,     -1.31%
   -0.2354999999999999982236432E+01,    0.1509097098432356787167663E+00,    0.1527644639304004958724192E+00,   -0.1854754087164817155652941E-02,     -1.21%
   -0.2353333333333333499126638E+01,    0.1512372887565144319310662E+00,    0.1529478142057929812569483E+00,   -0.1710525449278549325882182E-02,     -1.12%
   -0.2351666666666666571927635E+01,    0.1515649458560079931856990E+00,    0.1531314748560245186936868E+00,   -0.1566529000016525507987808E-02,     -1.02%
   -0.2350000000000000088817842E+01,    0.1518926743445776772478695E+00,    0.1533154465312379921559938E+00,   -0.1422772186660314908124292E-02,     -0.93%
   -0.2348333333333333161618839E+01,    0.1522204674575382832291126E+00,    0.1534997298831142498176661E+00,   -0.1279262425575966588553456E-02,     -0.83%
   -0.2346666666666666678509046E+01,    0.1525483184629163602163970E+00,    0.1536843255648752681885583E+00,   -0.1136007101958907972161228E-02,     -0.74%
   -0.2345000000000000195399252E+01,    0.1528762206617080288140187E+00,    0.1538692342312885374955300E+00,   -0.9930135695805086815113327E-03,     -0.65%
   -0.2343333333333333268200249E+01,    0.1532041673881340826390840E+00,    0.1540544565386702535736418E+00,   -0.8502891505361709345578447E-03,     -0.55%
   -0.2341666666666666785090456E+01,    0.1535321520098932301934269E+00,    0.1542399931448891758911657E+00,   -0.7078411349959456977387617E-03,     -0.46%
   -0.2339999999999999857891453E+01,    0.1538601679284137824232914E+00,    0.1544258447093705688413223E+00,   -0.5656767809567864180309016E-03,     -0.37%
   -0.2338333333333333374781660E+01,    0.1541882085791021483878183E+00,    0.1546120118930995324113553E+00,   -0.4238033139973840235370517E-03,     -0.27%
   -0.2336666666666666447582656E+01,    0.1545162674315912199052292E+00,    0.1547984953586251377632976E+00,   -0.2822279270339178580684347E-03,     -0.18%
   -0.2334999999999999964472863E+01,    0.1548443379899850369518788E+00,    0.1549852957700638411697724E+00,   -0.1409577800788042178936621E-03,     -0.09%
   -0.2333333333333333481363070E+01,    0.1551724137931023150827059E+00,    0.1551724137931034253057305E+00,   -0.1110223024625156540423632E-14,      0.00%
   -0.2331666666666666554164067E+01,    0.1555004884147181687392703E+00,    0.1553598500950068850290364E+00,    0.1406383197112837102338290E-03,      0.09%
   -0.2330000000000000071054274E+01,    0.1558285554638032255336810E+00,    0.1555476053446157025383911E+00,    0.2809501191875229952898962E-03,      0.18%
   -0.2328333333333333143855270E+01,    0.1561566085847614082648960E+00,    0.1557356802123542605098550E+00,    0.4209283724071477550410236E-03,      0.27%
   -0.2326666666666666660745477E+01,    0.1564846414576645805549759E+00,    0.1559240753702330617436189E+00,    0.5605660874315188113570230E-03,      0.36%
   -0.2325000000000000177635684E+01,    0.1568126477984871369741882E+00,    0.1561127914918528369891959E+00,    0.6998563066342999849922535E-03,      0.45%
   -0.2323333333333333250436681E+01,    0.1571406213593364020741916E+00,    0.1563018292524083474592800E+00,    0.8387921069280546149116162E-03,      0.54%
   -0.2321666666666666767326888E+01,    0.1574685559286826408431637E+00,    0.1564911893286919097878496E+00,    0.9773665999907310553140860E-03,      0.62%
   -0.2319999999999999840127884E+01,    0.1577964453315863768700922E+00,    0.1566808723990975316109342E+00,    0.1115572932488845259157983E-02,      0.71%
   -0.2318333333333333357018091E+01,    0.1581242834299237398631988E+00,    0.1568708791436244365247177E+00,    0.1253404286299303338481081E-02,      0.80%
   -0.2316666666666666873908298E+01,    0.1584520641226102311005519E+00,    0.1570612102438811441551536E+00,    0.1390853878729086945398308E-02,      0.89%
   -0.2314999999999999946709295E+01,    0.1587797813458217133231187E+00,    0.1572518663830891338939466E+00,    0.1527914962732579429172119E-02,      0.97%
   -0.2313333333333333463599502E+01,    0.1591074290732138463155820E+00,    0.1574428482460866474124117E+00,    0.1664580827127198903170324E-02,      1.06%
   -0.2311666666666666536400498E+01,    0.1594350013161399404193475E+00,    0.1576341565193327409755142E+00,    0.1800844796807199443833269E-02,      1.14%
   -0.2310000000000000053290705E+01,    0.1597624921238658679545352E+00,    0.1578257918909108103999728E+00,    0.1936700232955057554562472E-02,      1.23%
   -0.2308333333333333126091702E+01,    0.1600898955837836978854938E+00,    0.1580177550505327821461776E+00,    0.2072140533250915739316156E-02,      1.31%
   -0.2306666666666666642981909E+01,    0.1604172058216226937066295E+00,    0.1582100466895426660318691E+00,    0.2207159132080027674760458E-02,      1.40%
   -0.2305000000000000159872116E+01,    0.1607444170016596451944224E+00,    0.1584026675009206908129045E+00,    0.2341749500738954381517942E-02,      1.48%
   -0.2303333333333333232673112E+01,    0.1610715233269248147784936E+00,    0.1585956181792870789415417E+00,    0.2475905147637735836951833E-02,      1.56%
   -0.2301666666666666749563319E+01,    0.1613985190394084390241858E+00,    0.1587888994209057103024207E+00,    0.2609619618502728721765038E-02,      1.64%
   -0.2299999999999999822364316E+01,    0.1617253984202630667788014E+00,    0.1589825119236884243267838E+00,    0.2742886496574642452017656E-02,      1.73%
   -0.2298333333333333339254523E+01,    0.1620521557900056752732354E+00,    0.1591764563871984894394274E+00,    0.2875699402807185833808035E-02,      1.81%
   -0.2296666666666666856144730E+01,    0.1623787855087160392209000E+00,    0.1593707335126549051729228E+00,    0.3008051996061134047977248E-02,      1.89%
   -0.2294999999999999928945726E+01,    0.1627052819762351554278013E+00,    0.1595653440029360103924461E+00,    0.3139937973299145035355195E-02,      1.97%
   -0.2293333333333333445835933E+01,    0.1630316396323588656880332E+00,    0.1597602885625834245875154E+00,    0.3271351069775441100517810E-02,      2.05%
   -0.2291666666666666518636930E+01,    0.1633578529570325899022976E+00,    0.1599555678978061834527580E+00,    0.3402285059226406449539581E-02,      2.13%
   -0.2290000000000000035527137E+01,    0.1636839164705414795264460E+00,    0.1601511827164843471127398E+00,    0.3532733754057132413706199E-02,      2.21%
   -0.2288333333333333552417344E+01,    0.1640098247336995718193009E+00,    0.1603471337281732744806106E+00,    0.3662691005526297338690256E-02,      2.28%
   -0.2286666666666666625218340E+01,    0.1643355723480375008005439E+00,    0.1605434216441073425052366E+00,    0.3792150703930158295307251E-02,      2.36%
   -0.2285000000000000142108547E+01,    0.1646611539559868775395302E+00,    0.1607400471772038319517861E+00,    0.3921106778783045587744027E-02,      2.44%
   -0.2283333333333333214909544E+01,    0.1649865642410641153325912E+00,    0.1609370110420671462492237E+00,    0.4049553198996969083367503E-02,      2.52%
   -0.2281666666666666731799751E+01,    0.1653117979280502858330237E+00,    0.1611343139549925029818667E+00,    0.4177483973057782851157071E-02,      2.59%
   -0.2279999999999999804600748E+01,    0.1656368497831716135593183E+00,    0.1613319566339700694701520E+00,    0.4304893149201544089166305E-02,      2.67%
   -0.2278333333333333321490954E+01,    0.1659617146142746968440207E+00,    0.1615299397986888207956468E+00,    0.4431774815585876048373848E-02,      2.74%
   -0.2276666666666666838381161E+01,    0.1662863872710028945167693E+00,    0.1617282641705406198706640E+00,    0.4558123100462274646105243E-02,      2.82%
   -0.2274999999999999911182158E+01,    0.1666108626449684382286875E+00,    0.1619269304726242419967264E+00,    0.4683932172344196231961178E-02,      2.89%
   -0.2273333333333333428072365E+01,    0.1669351356699234345537519E+00,    0.1621259394297490108449722E+00,    0.4809196240174423708779727E-02,      2.97%
   -0.2271666666666666500873362E+01,    0.1672592013219287854219886E+00,    0.1623252917684393781261321E+00,    0.4933909553489407295856495E-02,      3.04%
   -0.2270000000000000017763568E+01,    0.1675830546195208048398939E+00,    0.1625249882169383652819050E+00,    0.5058066402582439557988891E-02,      3.11%
   -0.2268333333333333534653775E+01,    0.1679066906238766421211039E+00,    0.1627250295052119211103303E+00,    0.5181661118664721010773633E-02,      3.18%
   -0.2266666666666666607454772E+01,    0.1682301044389758748476282E+00,    0.1629254163649529463242516E+00,    0.5304688074022928523376663E-02,      3.26%
   -0.2265000000000000124344979E+01,    0.1685532912117619352976305E+00,    0.1631261495295849572872982E+00,    0.5427141682176978010332391E-02,      3.33%
   -0.2263333333333333197145976E+01,    0.1688762461323010388714039E+00,    0.1633272297342666101727104E+00,    0.5549016398034428698693432E-02,      3.40%
   -0.2261666666666666714036182E+01,    0.1691989644339376708259692E+00,    0.1635286577158953091881699E+00,    0.5670306718042361637799331E-02,      3.47%
   -0.2259999999999999786837179E+01,    0.1695214413934511277215478E+00,    0.1637304342131115642011707E+00,    0.5791007180339563520377055E-02,      3.54%
   -0.2258333333333333303727386E+01,    0.1698436723312059248858219E+00,    0.1639325599663027654973035E+00,    0.5911112364903159388518361E-02,      3.61%
   -0.2256666666666666820617593E+01,    0.1701656526113040079906114E+00,    0.1641350357176074858944759E+00,    0.6030616893696522096135482E-02,      3.67%
   -0.2254999999999999893418590E+01,    0.1704873776417327457810558E+00,    0.1643378622109194220346495E+00,    0.6149515430813323746406240E-02,      3.74%
   -0.2253333333333333410308796E+01,    0.1708088428745105080697186E+00,    0.1645410401918913911867293E+00,    0.6267802682619116882989374E-02,      3.81%
   -0.2251666666666666483109793E+01,    0.1711300438058328821089304E+00,    0.1647445704079396056052076E+00,    0.6385473397893276503722859E-02,      3.88%
   -0.2250000000000000000000000E+01,    0.1714509759762136986704917E+00,    0.1649484536082474195328729E+00,    0.6502522367966279137618812E-02,      3.94%
   -0.2248333333333333516890207E+01,    0.1717716349706261691476783E+00,    0.1651526905437697978484834E+00,    0.6618944426856371299194848E-02,      4.01%
   -0.2246666666666666589691204E+01,    0.1720920164186410528106563E+00,    0.1653572819672372296029295E+00,    0.6734734451403823207726873E-02,      4.07%
   -0.2245000000000000106581410E+01,    0.1724121159945630199494815E+00,    0.1655622286331596137998190E+00,    0.6849887361403406149662487E-02,      4.14%
   -0.2243333333333333179382407E+01,    0.1727319294175648778377763E+00,    0.1657675312978308668210303E+00,    0.6964398119734011016745967E-02,      4.20%
   -0.2241666666666666696272614E+01,    0.1730514524518202978953241E+00,    0.1659731907193324196292394E+00,    0.7078261732487878266084635E-02,      4.26%
   -0.2240000000000000213162821E+01,    0.1733706809066336007596476E+00,    0.1661792076575378807046235E+00,    0.7191473249095720055024117E-02,      4.33%
   -0.2238333333333333285963818E+01,    0.1736896106365680703120802E+00,    0.1663855828741168385587201E+00,    0.7304027762451231753360048E-02,      4.39%
   -0.2236666666666666802854024E+01,    0.1740082375415730464585096E+00,    0.1665923171325389695596186E+00,    0.7415920409034076898890930E-02,      4.45%
   -0.2234999999999999875655021E+01,    0.1743265575671071043739602E+00,    0.1667994111980784788240584E+00,    0.7527146369028625549901790E-02,      4.51%
   -0.2233333333333333392545228E+01,    0.1746445667042608729246922E+00,    0.1670068658378177917089857E+00,    0.7637700866443081215706457E-02,      4.57%
   -0.2231666666666666465346225E+01,    0.1749622609898767167102562E+00,    0.1672146818206520779703794E+00,    0.7747579169224638739876809E-02,      4.63%
   -0.2229999999999999982236432E+01,    0.1752796365066678074828843E+00,    0.1674228599172931097882611E+00,    0.7856776589374697694623251E-02,      4.69%
   -0.2228333333333333499126638E+01,    0.1755966893833333652974460E+00,    0.1676314009002737304143693E+00,    0.7965288483059634883076683E-02,      4.75%
   -0.2226666666666666571927635E+01,    0.1759134157946734833277702E+00,    0.1678403055439517954638973E+00,    0.8073110250721687863872944E-02,      4.81%
   -0.2225000000000000088817842E+01,    0.1762298119617008718140738E+00,    0.1680495746245142252295324E+00,    0.8180237337186646584541450E-02,      4.87%
   -0.2223333333333333161618839E+01,    0.1765458741517512142316093E+00,    0.1682592089199815565958573E+00,    0.8286665231769657635751969E-02,      4.92%
   -0.2221666666666666678509046E+01,    0.1768615986785914973022926E+00,    0.1684692092102116622864827E+00,    0.8392389468379835015809931E-02,      4.98%
   -0.2220000000000000195399252E+01,    0.1771769819025254821820425E+00,    0.1686795762769043582895989E+00,    0.8497405625621123892443620E-02,      5.04%
   -0.2218333333333333268200249E+01,    0.1774920202304985372698809E+00,    0.1688903109036053729052895E+00,    0.8601709326893164364591371E-02,      5.09%
   -0.2216666666666666785090456E+01,    0.1778067101161994456592907E+00,    0.1691014138757104268151465E+00,    0.8705296240489018844144198E-02,      5.15%
   -0.2214999999999999857891453E+01,    0.1781210480601601031658276E+00,    0.1693128859804697849966715E+00,    0.8808162079690318169156171E-02,      5.20%
   -0.2213333333333333374781660E+01,    0.1784350306098549110433993E+00,    0.1695247280069919482148322E+00,    0.8910302602862962828567106E-02,      5.26%
   -0.2211666666666666447582656E+01,    0.1787486543597957278084465E+00,    0.1697369407462484824922200E+00,    0.9011713613547245316226508E-02,      5.31%
   -0.2209999999999999964472863E+01,    0.1790619159516262381970364E+00,    0.1699495249910776550894553E+00,    0.9112390960548583107581067E-02,      5.36%
   -0.2208333333333333481363070E+01,    0.1793748120742142682093601E+00,    0.1701624815361890419307400E+00,    0.9212330538025226278620039E-02,      5.41%
   -0.2206666666666666554164067E+01,    0.1796873394637417131747270E+00,    0.1703758111781676631846238E+00,    0.9311528285574049990103163E-02,      5.47%
   -0.2205000000000000071054274E+01,    0.1799994949037932723268085E+00,    0.1705895147154780078224690E+00,    0.9409980188315264504339552E-02,      5.52%
   -0.2203333333333333143855270E+01,    0.1803112752254422412878654E+00,    0.1708035929484685855328507E+00,    0.9507682276973655755014647E-02,      5.57%
   -0.2201666666666666660745477E+01,    0.1806226773073337232844437E+00,    0.1710180466793758402577197E+00,    0.9604630627957883026724062E-02,      5.62%
   -0.2200000000000000177635684E+01,    0.1809336980757694501864563E+00,    0.1712328767123287576179536E+00,    0.9700821363440692568502755E-02,      5.67%
   -0.2198333333333333250436681E+01,    0.1812443345047847764739402E+00,    0.1714480838533528339606704E+00,    0.9796250651431942513269746E-02,      5.71%
   -0.2196666666666666767326888E+01,    0.1815545836162294757176738E+00,    0.1716636689103743784734490E+00,    0.9890914705855097244224794E-02,      5.76%
   -0.2194999999999999840127884E+01,    0.1818644424798422642997053E+00,    0.1718796326932249540764275E+00,    0.9984809786617310223277855E-02,      5.81%
   -0.2193333333333333357018091E+01,    0.1821739082133265741347827E+00,    0.1720959760136452909584648E+00,    0.1007793219968128317631795E-01,      5.86%
   -0.2191666666666666873908298E+01,    0.1824829779824218289885351E+00,    0.1723126996852899772694201E+00,    0.1017027829713185171911505E-01,      5.90%
   -0.2189999999999999946709295E+01,    0.1827916490009742211952926E+00,    0.1725298045237314836786169E+00,    0.1026184447724273751667567E-01,      5.95%
   -0.2188333333333333463599502E+01,    0.1830999185310047128183442E+00,    0.1727472913464643544667609E+00,    0.1035262718454035835158322E-01,      5.99%
   -0.2186666666666666536400498E+01,    0.1834077838827764261875330E+00,    0.1729651609729098149514925E+00,    0.1044262290986661123604051E-01,      6.04%
   -0.2185000000000000053290705E+01,    0.1837152424148577600782062E+00,    0.1731834142244197127791239E+00,    0.1053182819043804729908231E-01,      6.08%
   -0.2183333333333333126091702E+01,    0.1840222915341863385574328E+00,    0.1734020519242811253501912E+00,    0.1062023960990521320724156E-01,      6.12%
   -0.2181666666666666642981909E+01,    0.1843289286961279915821876E+00,    0.1736210748977203011111925E+00,    0.1070785379840769047099514E-01,      6.17%
   -0.2180000000000000159872116E+01,    0.1846351514045367903094075E+00,    0.1738404839719073502468660E+00,    0.1079466743262944006254145E-01,      6.21%
   -0.2178333333333333232673112E+01,    0.1849409572118113909144910E+00,    0.1740602799759603525053819E+00,    0.1088067723585103840910904E-01,      6.25%
   -0.2176666666666666749563319E+01,    0.1852463437189488248968416E+00,    0.1742804637409494927791087E+00,    0.1096587997799933211773293E-01,      6.29%
   -0.2174999999999999822364316E+01,    0.1855513085755984836744403E+00,    0.1745010360999018628191948E+00,    0.1105027247569662085524556E-01,      6.33%
   -0.2173333333333333339254523E+01,    0.1858558494801118010641972E+00,    0.1747219978878051804827010E+00,    0.1113385159230662058149619E-01,      6.37%
   -0.2171666666666666856144730E+01,    0.1861599641795923798515133E+00,    0.1749433499416126192027576E+00,    0.1121661423797976064875570E-01,      6.41%
   -0.2169999999999999928945726E+01,    0.1864636504699416219565933E+00,    0.1751650931002469990804826E+00,    0.1129855736969462287611066E-01,      6.45%
   -0.2168333333333333445835933E+01,    0.1867669061959048304455422E+00,    0.1753872282046047836878699E+00,    0.1137967799130004675767225E-01,      6.49%
   -0.2166666666666666518636930E+01,    0.1870697292511144249615995E+00,    0.1756097560975609928046737E+00,    0.1145997315355343215692585E-01,      6.53%
   -0.2165000000000000035527137E+01,    0.1873721175781295766871182E+00,    0.1758326776239730326878430E+00,    0.1153943995415654399927519E-01,      6.56%
   -0.2163333333333333552417344E+01,    0.1876740691684776196623829E+00,    0.1760559936306853590082255E+00,    0.1161807553779226065415742E-01,      6.60%
   -0.2161666666666666625218340E+01,    0.1879755820626891060776131E+00,    0.1762797049665338067203635E+00,    0.1169587709615529935724965E-01,      6.63%
   -0.2160000000000000142108547E+01,    0.1882766543503351097665899E+00,    0.1765038124823496146209578E+00,    0.1177284186798549514563206E-01,      6.67%
   -0.2158333333333333214909544E+01,    0.1885772841700598945191558E+00,    0.1767283170309643103301767E+00,    0.1184896713909558418897916E-01,      6.70%
   -0.2156666666666666731799751E+01,    0.1888774697096124999262656E+00,    0.1769532194672135128055146E+00,    0.1192425024239898712075103E-01,      6.74%
   -0.2154999999999999804600748E+01,    0.1891772092058768839351046E+00,    0.1771785206479418728342523E+00,    0.1199868855793501110085231E-01,      6.77%
   -0.2153333333333333321490954E+01,    0.1894765009448991233131920E+00,    0.1774042214320068755473159E+00,    0.1207227951289224776587616E-01,      6.80%
   -0.2151666666666666838381161E+01,    0.1897753432619138092007915E+00,    0.1776303226802836421338583E+00,    0.1214502058163016706693327E-01,      6.84%
   -0.2149999999999999911182158E+01,    0.1900737345413676671057601E+00,    0.1778568252556692041999042E+00,    0.1221690928569846290585588E-01,      6.87%
   -0.2148333333333333428072365E+01,    0.1903716732169415948305868E+00,    0.1780837300230865560823901E+00,    0.1228794319385503874819676E-01,      6.90%
   -0.2146666666666666500873362E+01,    0.1906691577715724505992512E+00,    0.1783110378494896508527745E+00,    0.1235811992208279974647667E-01,      6.93%
   -0.2145000000000000017763568E+01,    0.1909661867374686516907190E+00,    0.1785387496038671473197468E+00,    0.1242743713360150437097218E-01,      6.96%
   -0.2143333333333333534653775E+01,    0.1912627586961288261857561E+00,    0.1787668661572472672549594E+00,    0.1249589253888155893079670E-01,      6.99%
   -0.2141666666666666607454772E+01,    0.1915588722783554687101315E+00,    0.1789953883827020975072486E+00,    0.1256348389565337120288291E-01,      7.02%
   -0.2140000000000000124344979E+01,    0.1918545261642681243330344E+00,    0.1792243171553516423166741E+00,    0.1263020900891648201636031E-01,      7.05%
   -0.2138333333333333197145976E+01,    0.1921497190833145740640475E+00,    0.1794536533523687360514032E+00,    0.1269606573094583801264434E-01,      7.07%
   -0.2136666666666666714036182E+01,    0.1924444498142771076132362E+00,    0.1796833978529830400105993E+00,    0.1276105196129406760263691E-01,      7.10%
   -0.2134999999999999786837179E+01,    0.1927387171852851521780536E+00,    0.1799135515384857886278525E+00,    0.1282516564679936355020118E-01,      7.13%
   -0.2133333333333333303727386E+01,    0.1930325200738140511980134E+00,    0.1801441152922337862740676E+00,    0.1288840478158026492394583E-01,      7.15%
   -0.2131666666666666820617593E+01,    0.1933258574066943624725212E+00,    0.1803750899996542644831976E+00,    0.1295076740704009798932361E-01,      7.18%
   -0.2129999999999999893418590E+01,    0.1936187281601093601590691E+00,    0.1806064765482490452885855E+00,    0.1301225161186031487048353E-01,      7.20%
   -0.2128333333333333410308796E+01,    0.1939111313595964780631675E+00,    0.1808382758275988155816094E+00,    0.1307285553199766248155811E-01,      7.23%
   -0.2126666666666666483109793E+01,    0.1942030660800447561253890E+00,    0.1810704887293680398485662E+00,    0.1313257735067671627682273E-01,      7.25%
   -0.2125000000000000000000000E+01,    0.1944945314456912044409620E+00,    0.1813031161473087904401069E+00,    0.1319141529838241400085508E-01,      7.28%
   -0.2123333333333333516890207E+01,    0.1947855266301159182784630E+00,    0.1815361589772656047969690E+00,    0.1324936765285031348149403E-01,      7.30%
   -0.2121666666666666589691204E+01,    0.1950760508562319195391410E+00,    0.1817696181171798153197727E+00,    0.1330643273905210421936829E-01,      7.32%
   -0.2120000000000000106581410E+01,    0.1953661033962790505302820E+00,    0.1820034944670937404609390E+00,    0.1336260892918531006934302E-01,      7.34%
   -0.2118333333333333179382407E+01,    0.1956556835718100961774013E+00,    0.1822377889291555974615733E+00,    0.1341789464265449871582803E-01,      7.36%
   -0.2116666666666666696272614E+01,    0.1959447907536787658600019E+00,    0.1824725024076232771097494E+00,    0.1347228834605548875025249E-01,      7.38%
   -0.2115000000000000213162821E+01,    0.1962334243620250107120739E+00,    0.1827076358088695062775741E+00,    0.1352578855315550443449979E-01,      7.40%
   -0.2113333333333333285963818E+01,    0.1965215838662584535434519E+00,    0.1829431900413858169685000E+00,    0.1357839382487263657495191E-01,      7.42%
   -0.2111666666666666802854024E+01,    0.1968092687850397648485767E+00,    0.1831791660157869872094238E+00,    0.1363010276925277763915290E-01,      7.44%
   -0.2109999999999999875655021E+01,    0.1970964786862601236805403E+00,    0.1834155646448157594985418E+00,    0.1368091404144436418199859E-01,      7.46%
   -0.2108333333333333392545228E+01,    0.1973832131870195960576808E+00,    0.1836523868433470596528423E+00,    0.1373082634367253640483852E-01,      7.48%
   -0.2106666666666666465346225E+01,    0.1976694719536035704798849E+00,    0.1838896335283925764780832E+00,    0.1377983842521099400180162E-01,      7.49%
   -0.2104999999999999982236432E+01,    0.1979552547014561125759968E+00,    0.1841273056191050361274364E+00,    0.1382794908235107644856043E-01,      7.51%
   -0.2103333333333333499126638E+01,    0.1982405611951537915960131E+00,    0.1843654040367829205493422E+00,    0.1387515715837087104667091E-01,      7.53%
   -0.2101666666666666571927635E+01,    0.1985253912483763150120808E+00,    0.1846039297048747418461545E+00,    0.1392146154350157316592629E-01,      7.54%
   -0.2100000000000000088817842E+01,    0.1988097447238747206288423E+00,    0.1848428835489833721439368E+00,    0.1396686117489134848490551E-01,      7.56%
   -0.2098333333333333161618839E+01,    0.1990936215334400682941407E+00,    0.1850822664968708453070434E+00,    0.1401135503656922298709731E-01,      7.57%
   -0.2096666666666666678509046E+01,    0.1993770216378683290958662E+00,    0.1853220794784624925188865E+00,    0.1405494215940583657697971E-01,      7.58%
   -0.2095000000000000195399252E+01,    0.1996599450469244418915338E+00,    0.1855623234258515774630638E+00,    0.1409762162107286442846998E-01,      7.60%
   -0.2093333333333333268200249E+01,    0.1999423918193030669243626E+00,    0.1858029992733038204821838E+00,    0.1413939254599924644217879E-01,      7.61%
   -0.2091666666666666785090456E+01,    0.2002243620625915876409806E+00,    0.1860441079572615341586328E+00,    0.1418025410533005348234781E-01,      7.62%
   -0.2089999999999999857891453E+01,    0.2005058559332263956598297E+00,    0.1862856504163484527847316E+00,    0.1422020551687794287509803E-01,      7.63%
   -0.2088333333333333374781660E+01,    0.2007868736364514239411960E+00,    0.1865276275913739234546540E+00,    0.1425924604507750048654202E-01,      7.64%
   -0.2086666666666666447582656E+01,    0.2010674154262722113095663E+00,    0.1867700404253376522678565E+00,    0.1429737500093455904170980E-01,      7.66%
   -0.2084999999999999964472863E+01,    0.2013474816054091343087151E+00,    0.1870128898634338399098453E+00,    0.1433459174197529439886978E-01,      7.67%
   -0.2083333333333333481363070E+01,    0.2016270725252506113012174E+00,    0.1872561768530559001000313E+00,    0.1437089567219471120118612E-01,      7.67%
   -0.2081666666666666554164067E+01,    0.2019061885858011995420469E+00,    0.1874999023438008727282522E+00,    0.1440628624200032681379469E-01,      7.68%
   -0.2080000000000000071054274E+01,    0.2021848302356324955653122E+00,    0.1877440672874736982134181E+00,    0.1444076294815879735189412E-01,      7.69%
   -0.2078333333333333143855270E+01,    0.2024629979718257366538836E+00,    0.1879886726380920747292436E+00,    0.1447432533373366192464005E-01,      7.70%
   -0.2076666666666666660745477E+01,    0.2027406923399221183590413E+00,    0.1882337193518903717404100E+00,    0.1450697298803174661863125E-01,      7.71%
   -0.2075000000000000177635684E+01,    0.2030179139338609828335791E+00,    0.1884792083873247370284787E+00,    0.1453870554653624580510041E-01,      7.71%
   -0.2073333333333333250436681E+01,    0.2032946633959242521694222E+00,    0.1887251407050771490059304E+00,    0.1456952269084710316349174E-01,      7.72%
   -0.2071666666666666767326888E+01,    0.2035709414166753661312725E+00,    0.1889715172680597743415376E+00,    0.1459942414861559178973494E-01,      7.73%
   -0.2069999999999999840127884E+01,    0.2038467487348973872229863E+00,    0.1892183390414199084528235E+00,    0.1462840969347747877016275E-01,      7.73%
   -0.2068333333333333357018091E+01,    0.2041220861375299677753503E+00,    0.1894656069925440000645267E+00,    0.1465647914498596771082362E-01,      7.74%
   -0.2066666666666666873908298E+01,    0.2043969544596043186324152E+00,    0.1897133220910623696564556E+00,    0.1468363236854194897595960E-01,      7.74%
   -0.2064999999999999946709295E+01,    0.2046713545841763459698370E+00,    0.1899614853088536503555872E+00,    0.1470986927532269561424982E-01,      7.74%
   -0.2063333333333333463599502E+01,    0.2049452874422571513335356E+00,    0.1902100976200489790279846E+00,    0.1473518982220817230555099E-01,      7.75%
   -0.2061666666666666536400498E+01,    0.2052187540127446419013779E+00,    0.1904591600010369645268327E+00,    0.1475959401170767737454526E-01,      7.75%
   -0.2060000000000000053290705E+01,    0.2054917553223503945414308E+00,    0.1907086734304676289841751E+00,    0.1478308189188276555725565E-01,      7.75%
   -0.2058333333333333126091702E+01,    0.2057642924455271304928772E+00,    0.1909586388892572927922231E+00,    0.1480565355626983770065408E-01,      7.75%
   -0.2056666666666666642981909E+01,    0.2060363665043939140897322E+00,    0.1912090573605926824285461E+00,    0.1482730914380123166118608E-01,      7.75%
   -0.2055000000000000159872116E+01,    0.2063079786686582428600900E+00,    0.1914599298299357044150781E+00,    0.1484804883872253844501188E-01,      7.76%
   -0.2053333333333333232673112E+01,    0.2065791301555401637823906E+00,    0.1917112572850278029434890E+00,    0.1486787287051236083890160E-01,      7.76%
   -0.2051666666666666749563319E+01,    0.2068498222296891730920265E+00,    0.1919630407158941509671024E+00,    0.1488678151379502212492412E-01,      7.76%
   -0.2049999999999999822364316E+01,    0.2071200562031064174028927E+00,    0.1922152811148486462045071E+00,    0.1490477508825777119838563E-01,      7.75%
   -0.2048333333333333339254523E+01,    0.2073898334350591232677630E+00,    0.1924679794764977969201425E+00,    0.1492185395856132634762048E-01,      7.75%
   -0.2046666666666666856144730E+01,    0.2076591553319961924728432E+00,    0.1927211367977455513944562E+00,    0.1493801853425064107838693E-01,      7.75%
   -0.2044999999999999928945726E+01,    0.2079280233474634642654166E+00,    0.1929747540777977943271537E+00,    0.1495326926966566993826291E-01,      7.75%
   -0.2043333333333333445835933E+01,    0.2081964389820139815778788E+00,    0.1932288323181662881289355E+00,    0.1496760666384769344894323E-01,      7.75%
   -0.2041666666666666518636930E+01,    0.2084644037831213658762408E+00,    0.1934833725226738632141377E+00,    0.1498103126044750266210315E-01,      7.74%
   -0.2040000000000000035527137E+01,    0.2087319193450853926918853E+00,    0.1937383756974581650034395E+00,    0.1499354364762722768844583E-01,      7.74%
   -0.2038333333333333552417344E+01,    0.2089989873089416194673618E+00,    0.1939938428509765944163235E+00,    0.1500514445796502505103831E-01,      7.73%
   -0.2036666666666666625218340E+01,    0.2092656093623675161996545E+00,    0.1942497749940106377408711E+00,    0.1501583436835687845878340E-01,      7.73%
   -0.2035000000000000142108547E+01,    0.2095317872395859870593426E+00,    0.1945061731396700022145296E+00,    0.1502561409991598484481301E-01,      7.73%
   -0.2033333333333333214909544E+01,    0.2097975227212682813870970E+00,    0.1947630383033975565165719E+00,    0.1503448441787072487052512E-01,      7.72%
   -0.2031666666666666731799751E+01,    0.2100628176344355446669709E+00,    0.1950203715029732443042576E+00,    0.1504244613146230036271334E-01,      7.71%
   -0.2029999999999999804600748E+01,    0.2103276738523598143881799E+00,    0.1952781737585190524608691E+00,    0.1504950009384076192731072E-01,      7.71%
   -0.2028333333333333321490954E+01,    0.2105920932944593260138788E+00,    0.1955364460925028691207217E+00,    0.1505564720195645689315711E-01,      7.70%
   -0.2026666666666666838381161E+01,    0.2108560779261980933085852E+00,    0.1957951895297434241616230E+00,    0.1506088839645466914696215E-01,      7.69%
   -0.2024999999999999911182158E+01,    0.2111196297589788273274536E+00,    0.1960544050974145358079426E+00,    0.1506522466156429151951102E-01,      7.68%
   -0.2023333333333333428072365E+01,    0.2113827508500394081192297E+00,    0.1963140938250492184558027E+00,    0.1506865702499018966342703E-01,      7.68%
   -0.2021666666666666500873362E+01,    0.2116454433023422232462707E+00,    0.1965742567445446786766894E+00,    0.1507118655779754456958131E-01,      7.67%
   -0.2020000000000000017763568E+01,    0.2119077092644660875730978E+00,    0.1968348948901661177313116E+00,    0.1507281437429996984178615E-01,      7.66%
   -0.2018333333333333534653775E+01,    0.2121695509304969418096221E+00,    0.1970960092985516998176365E+00,    0.1507354163194524199198554E-01,      7.65%
   -0.2016666666666666607454772E+01,    0.2124309705399121117608274E+00,    0.1973576010087166321405050E+00,    0.1507336953119547962032243E-01,      7.64%
   -0.2015000000000000124344979E+01,    0.2126919703774706182919374E+00,    0.1976196710620574947814276E+00,    0.1507229931541312351050976E-01,      7.63%
   -0.2013333333333333197145976E+01,    0.2129525527730942446869022E+00,    0.1978822205023570146575906E+00,    0.1507033227073723002931160E-01,      7.62%
   -0.2011666666666666714036182E+01,    0.2132127201017529616322577E+00,    0.1981452503757879790580176E+00,    0.1506746972596498257424003E-01,      7.60%
   -0.2009999999999999786837179E+01,    0.2134724747833471880653633E+00,    0.1984087617309180928693024E+00,    0.1506371305242909519606087E-01,      7.59%
   -0.2008333333333333303727386E+01,    0.2137318192825867768647186E+00,    0.1986727556187138643561951E+00,    0.1505906366387291250852343E-01,      7.58%
   -0.2006666666666666820617593E+01,    0.2139907561088706389185177E+00,    0.1989372330925455734096374E+00,    0.1505352301632506550888024E-01,      7.57%
   -0.2004999999999999893418590E+01,    0.2142492878161648406365458E+00,    0.1992021952081912128385000E+00,    0.1504709260797362779804587E-01,      7.55%
   -0.2003333333333333410308796E+01,    0.2145074170028767324147623E+00,    0.1994676430238407904838027E+00,    0.1503977397903594193095955E-01,      7.54%
   -0.2001666666666666483109793E+01,    0.2147651463117325743024111E+00,    0.1997335776001012419555991E+00,    0.1503156871163133234681197E-01,      7.53%
   -0.2000000000000000000000000E+01,    0.2150224784296485003309840E+00,    0.2000000000000000111022302E+00,    0.1502247842964848922875376E-01,      7.51%
   -0.1998333333333333516890207E+01,    0.2152794160876025097994813E+00,    0.2002669112889901292806627E+00,    0.1501250479861238051881855E-01,      7.50%
   -0.1996666666666666589691204E+01,    0.2155359620605072079602138E+00,    0.2005343125349542676705283E+00,    0.1500164952555294028968547E-01,      7.48%
   -0.1995000000000000106581410E+01,    0.2157921191670753024993701E+00,    0.2008022048082087895881642E+00,    0.1498991435886651291120586E-01,      7.47%
   -0.1993333333333333179382407E+01,    0.2160478902696899849988910E+00,    0.2010705891815086632234966E+00,    0.1497730108818132177539439E-01,      7.45%
   -0.1991666666666666696272614E+01,    0.2163032782742700943501291E+00,    0.2013394667300513474206269E+00,    0.1496381154421874692950212E-01,      7.43%
   -0.1990000000000000213162821E+01,    0.2165582861301356409899910E+00,    0.2016088385314812048143551E+00,    0.1494944759865443617563585E-01,      7.42%
   -0.1988333333333333285963818E+01,    0.2168129168298694453564934E+00,    0.2018787056658941370113070E+00,    0.1493421116397530834518648E-01,      7.40%
   -0.1986666666666666802854024E+01,    0.2170671734091825511026030E+00,    0.2021490692158413038370668E+00,    0.1491810419334124726553625E-01,      7.38%
   -0.1984999999999999875655021E+01,    0.2173210589467730047275040E+00,    0.2024199302663340360730615E+00,    0.1490112868043896865444253E-01,      7.36%
   -0.1983333333333333392545228E+01,    0.2175745765641841911186560E+00,    0.2026912899048476934815710E+00,    0.1488328665933649763708502E-01,      7.34%
   -0.1981666666666666465346225E+01,    0.2178277294256653340287500E+00,    0.2029631492213262722312805E+00,    0.1486458020433906179746941E-01,      7.32%
   -0.1979999999999999982236432E+01,    0.2180805207380261678817845E+00,    0.2032355093081863184334424E+00,    0.1484501142983984944834219E-01,      7.30%
   -0.1978333333333333499126638E+01,    0.2183329537504947182036119E+00,    0.2035083712603216465897304E+00,    0.1482458249017307161388146E-01,      7.28%
   -0.1976666666666666571927635E+01,    0.2185850317545689480702720E+00,    0.2037817361751073919062804E+00,    0.1480329557946155616399153E-01,      7.26%
   -0.1975000000000000088817842E+01,    0.2188367580838711523583129E+00,    0.2040556051524040348521538E+00,    0.1478115293146711750615907E-01,      7.24%
   -0.1973333333333333161618839E+01,    0.2190881361139987160147058E+00,    0.2043299792945621196071926E+00,    0.1475815681943659640751321E-01,      7.22%
   -0.1971666666666666678509046E+01,    0.2193391692623745392598522E+00,    0.2046048597064261120870299E+00,    0.1473430955594842717282233E-01,      7.20%
   -0.1970000000000000195399252E+01,    0.2195898609880950758110885E+00,    0.2048802474953389518574909E+00,    0.1470961349275612395359758E-01,      7.18%
   -0.1968333333333333268200249E+01,    0.2198402147917805360410881E+00,    0.2051561437711460489374815E+00,    0.1468407102063448710360660E-01,      7.16%
   -0.1966666666666666785090456E+01,    0.2200902342154177904198775E+00,    0.2054325496461994748909063E+00,    0.1465768456921831552897117E-01,      7.14%
   -0.1964999999999999857891453E+01,    0.2203399228422078248712523E+00,    0.2057094662353625147410696E+00,    0.1463045660684531013018272E-01,      7.11%
   -0.1963333333333333374781660E+01,    0.2205892842964077560363734E+00,    0.2059868946560133307066565E+00,    0.1460238964039442532971691E-01,      7.09%
   -0.1961666666666666447582656E+01,    0.2208383222431755665837727E+00,    0.2062648360280497916718900E+00,    0.1457348621512577491188267E-01,      7.07%
   -0.1959999999999999964472863E+01,    0.2210870403884082346923634E+00,    0.2065432914738929426334835E+00,    0.1454374891451529205887994E-01,      7.04%
   -0.1958333333333333481363070E+01,    0.2213354424785857477164797E+00,    0.2068222621184919174375239E+00,    0.1451318036009383027895581E-01,      7.02%
   -0.1956666666666666554164067E+01,    0.2215835323006052903771490E+00,    0.2071017490893276025154535E+00,    0.1448178321127768786169554E-01,      6.99%
   -0.1955000000000000071054274E+01,    0.2218313136816220942915123E+00,    0.2073817535164168557315634E+00,    0.1444956016520523855994895E-01,      6.97%
   -0.1953333333333333143855270E+01,    0.2220787904888853747653599E+00,    0.2076622765323168917639407E+00,    0.1441651395656848300141917E-01,      6.94%
   -0.1951666666666666660745477E+01,    0.2223259666295724357176766E+00,    0.2079433192721290568627523E+00,    0.1438264735744337885492428E-01,      6.92%
   -0.1950000000000000177635684E+01,    0.2225728460506218031600412E+00,    0.2082248828735033807646460E+00,    0.1434796317711842239539521E-01,      6.89%
   -0.1948333333333333250436681E+01,    0.2228194327385682182995907E+00,    0.2085069684766422959398824E+00,    0.1431246426192592235970835E-01,      6.86%
   -0.1946666666666666767326888E+01,    0.2230657307193726623939511E+00,    0.2087895772243049397065562E+00,    0.1427615349506772268739496E-01,      6.84%
   -0.1944999999999999840127884E+01,    0.2233117440582521873171373E+00,    0.2090727102618113175669379E+00,    0.1423903379644086975019945E-01,      6.81%
   -0.1943333333333333357018091E+01,    0.2235574768595101902146638E+00,    0.2093563687370460502101821E+00,    0.1420110812246414000448169E-01,      6.78%
   -0.1941666666666666873908298E+01,    0.2238029332663633297340056E+00,    0.2096405538004629254267286E+00,    0.1416237946590040430727697E-01,      6.76%
   -0.1939999999999999946709295E+01,    0.2240481174607691639000251E+00,    0.2099252666050885895998590E+00,    0.1412285085568057430016609E-01,      6.73%
   -0.1938333333333333463599502E+01,    0.2242930336632510679439889E+00,    0.2102105083065266000197369E+00,    0.1408252535672446792425205E-01,      6.70%
   -0.1936666666666666536400498E+01,    0.2245376861327231798881598E+00,    0.2104962800629617825087792E+00,    0.1404140606976139737938070E-01,      6.67%
   -0.1935000000000000053290705E+01,    0.2247820791663126815951301E+00,    0.2107825830351638118909108E+00,    0.1399949613114886970421935E-01,      6.64%
   -0.1933333333333333126091702E+01,    0.2250262170991829957511499E+00,    0.2110694183864915973725118E+00,    0.1395679871269139837863804E-01,      6.61%
   -0.1931666666666666642981909E+01,    0.2252701043043550122035867E+00,    0.2113567872828969462783988E+00,    0.1391331702145806592518795E-01,      6.58%
   -0.1930000000000000159872116E+01,    0.2255137451925255109852486E+00,    0.2116446908929289216771963E+00,    0.1386905429959658930805233E-01,      6.55%
   -0.1928333333333333232673112E+01,    0.2257571442118876670068772E+00,    0.2119331303877375338728939E+00,    0.1382401382415013313398333E-01,      6.52%
   -0.1926666666666666749563319E+01,    0.2260003058479471138575434E+00,    0.2122221069410777094521592E+00,    0.1377819890686940440538422E-01,      6.49%
   -0.1924999999999999822364316E+01,    0.2262432346233400892732135E+00,    0.2125116217293133435983776E+00,    0.1373161289402674567483587E-01,      6.46%
   -0.1923333333333333339254523E+01,    0.2264859350976473340022466E+00,    0.2128016759314211026055119E+00,    0.1368425916622623139673465E-01,      6.43%
   -0.1921666666666666856144730E+01,    0.2267284118672093784496724E+00,    0.2130922707289945317032931E+00,    0.1363614113821484674637929E-01,      6.40%
   -0.1919999999999999928945726E+01,    0.2269706695649399974534788E+00,    0.2133834073062478575710799E+00,    0.1358726225869213988239892E-01,      6.37%
   -0.1918333333333333445835933E+01,    0.2272127128601371948146692E+00,    0.2136750868500196520738399E+00,    0.1353762601011754274082932E-01,      6.34%
   -0.1916666666666666518636930E+01,    0.2274545464582971299183356E+00,    0.2139673105497771343763702E+00,    0.1348723590851999554196539E-01,      6.30%
   -0.1915000000000000035527137E+01,    0.2276961751009202450379831E+00,    0.2142600795976195571235223E+00,    0.1343609550330068791446081E-01,      6.27%
   -0.1913333333333333552417344E+01,    0.2279376035653241927558810E+00,    0.2145533951882825085544226E+00,    0.1338420837704168420145834E-01,      6.24%
   -0.1911666666666666625218340E+01,    0.2281788366644481313993964E+00,    0.2148472585191413819494244E+00,    0.1333157814530674944997202E-01,      6.21%
   -0.1910000000000000142108547E+01,    0.2284198792466630156816620E+00,    0.2151416707902153446774207E+00,    0.1327820845644767100424133E-01,      6.17%
   -0.1908333333333333214909544E+01,    0.2286607361955760031602125E+00,    0.2154366332041710851985528E+00,    0.1322410299140491796165975E-01,      6.14%
   -0.1906666666666666731799751E+01,    0.2289014124298347219177430E+00,    0.2157321469663265878224934E+00,    0.1316926546350813409524960E-01,      6.10%
   -0.1904999999999999804600748E+01,    0.2291419129029329537772242E+00,    0.2160282132846550462446089E+00,    0.1311369961827790753261525E-01,      6.07%
   -0.1903333333333333321490954E+01,    0.2293822426030114602912846E+00,    0.2163248333697880831927307E+00,    0.1305740923322337709855390E-01,      6.04%
   -0.1901666666666666838381161E+01,    0.2296224065526618063337594E+00,    0.2166220084350202745859804E+00,    0.1300039811764153174777903E-01,      6.00%
   -0.1899999999999999911182158E+01,    0.2298624098087256040212623E+00,    0.2169197396963123969371168E+00,    0.1294267011241320708414548E-01,      5.97%
   -0.1898333333333333428072365E+01,    0.2301022574620961436142608E+00,    0.2172180283722947857771857E+00,    0.1288422908980135783707510E-01,      5.93%
   -0.1896666666666666500873362E+01,    0.2303419546375151671924186E+00,    0.2175168756842718875699205E+00,    0.1282507895324327962249811E-01,      5.90%
   -0.1895000000000000017763568E+01,    0.2305815064933730007545876E+00,    0.2178162828562249242470017E+00,    0.1276522363714807650758587E-01,      5.86%
   -0.1893333333333333534653775E+01,    0.2308209182215046617603349E+00,    0.2181162511148163618557305E+00,    0.1270466710668829990460438E-01,      5.82%
   -0.1891666666666666607454772E+01,    0.2310601950469854115599588E+00,    0.2184167816893931857169520E+00,    0.1264341335759222584300687E-01,      5.79%
   -0.1890000000000000124344979E+01,    0.2312993422279264188468062E+00,    0.2187178758119900923162504E+00,    0.1258146641593632653055579E-01,      5.75%
   -0.1888333333333333197145976E+01,    0.2315383650552693683977168E+00,    0.2190195347173339857071994E+00,    0.1251883033793538269051737E-01,      5.72%
   -0.1886666666666666714036182E+01,    0.2317772688525785440560867E+00,    0.2193217596428466975577720E+00,    0.1245550920973184649831467E-01,      5.68%
   -0.1884999999999999786837179E+01,    0.2320160589758338554045025E+00,    0.2196245518286489561976538E+00,    0.1239150714718489920684874E-01,      5.64%
   -0.1883333333333333303727386E+01,    0.2322547408132229485033804E+00,    0.2199279125175637172873166E+00,    0.1232682829565923121606374E-01,      5.60%
   -0.1881666666666666820617593E+01,    0.2324933197849300692272578E+00,    0.2202318429551197720428490E+00,    0.1226147682981029718440880E-01,      5.57%
   -0.1879999999999999893418590E+01,    0.2327318013429273413361642E+00,    0.2205363443895554109719370E+00,    0.1219545695337193036422718E-01,      5.53%
   -0.1878333333333333410308796E+01,    0.2329701909707623252998587E+00,    0.2208414180718213104537284E+00,    0.1212877289894101484613032E-01,      5.49%
   -0.1876666666666666483109793E+01,    0.2332084941833457158999465E+00,    0.2211470652555846128084482E+00,    0.1206142892776110309149828E-01,      5.45%
   -0.1875000000000000000000000E+01,    0.2334467165267389565652678E+00,    0.2214532871972318406328384E+00,    0.1199342932950711593242943E-01,      5.42%
   -0.1873333333333333516890207E+01,    0.2336848635779411043067455E+00,    0.2217600851558726438028657E+00,    0.1192477842206846050387981E-01,      5.38%
   -0.1871666666666666589691204E+01,    0.2339229409446716978493441E+00,    0.2220674603933431578983715E+00,    0.1185548055132853995097264E-01,      5.34%
   -0.1870000000000000106581410E+01,    0.2341609542651571784777076E+00,    0.2223754141742088907829356E+00,    0.1178554009094828769477203E-01,      5.30%
   -0.1868333333333333179382407E+01,    0.2343989092079137026569668E+00,    0.2226839477657686638956136E+00,    0.1171496144214503876135325E-01,      5.26%
   -0.1866666666666666696272614E+01,    0.2346368114715298436312452E+00,    0.2229930624380574710752256E+00,    0.1164374903347237255601954E-01,      5.22%
   -0.1865000000000000213162821E+01,    0.2348746667844470448205385E+00,    0.2233027594638500312740348E+00,    0.1157190732059701354650372E-01,      5.18%
   -0.1863333333333333285963818E+01,    0.2351124809047440145093333E+00,    0.2236130401186640082045187E+00,    0.1149944078608000630481456E-01,      5.14%
   -0.1861666666666666802854024E+01,    0.2353502596199135432630811E+00,    0.2239239056807628691636580E+00,    0.1142635393915067409942310E-01,      5.10%
   -0.1859999999999999875655021E+01,    0.2355880087466436512144696E+00,    0.2242353574311597430579468E+00,    0.1135265131548390815652283E-01,      5.06%
   -0.1858333333333333392545228E+01,    0.2358257341305964038813414E+00,    0.2245473966536200571830761E+00,    0.1127833747697634669826527E-01,      5.02%
   -0.1856666666666666465346225E+01,    0.2360634416461830364930563E+00,    0.2248600246346649511597349E+00,    0.1120341701151808533332144E-01,      4.98%
   -0.1854999999999999982236432E+01,    0.2363011371963454620992451E+00,    0.2251732426635743022913516E+00,    0.1112789453277115980789347E-01,      4.94%
   -0.1853333333333333499126638E+01,    0.2365388267123275656267367E+00,    0.2254870520323898896997150E+00,    0.1105177467993767592702170E-01,      4.90%
   -0.1851666666666666571927635E+01,    0.2367765161534553797206826E+00,    0.2258014540359187527496232E+00,    0.1097506211753662697105938E-01,      4.86%
   -0.1850000000000000088817842E+01,    0.2370142115069084343126349E+00,    0.2261164499717354392505086E+00,    0.1089776153517299506212623E-01,      4.82%
   -0.1848333333333333161618839E+01,    0.2372519187874944923688503E+00,    0.2264320411401859745037513E+00,    0.1081987764730851786509902E-01,      4.78%
   -0.1846666666666666678509046E+01,    0.2374896440374235917492030E+00,    0.2267482288443902760377568E+00,    0.1074141519303331571144611E-01,      4.74%
   -0.1845000000000000195399252E+01,    0.2377273933260799776423511E+00,    0.2270650143902452622324262E+00,    0.1066237893583471540992491E-01,      4.70%
   -0.1843333333333333268200249E+01,    0.2379651727497932300892103E+00,    0.2273823990864280719659263E+00,    0.1058277366336515812328400E-01,      4.65%
   -0.1841666666666666785090456E+01,    0.2382029884316104184627250E+00,    0.2277003842443983960830423E+00,    0.1050260418721202237968271E-01,      4.61%
   -0.1839999999999999857891453E+01,    0.2384408465210654803900781E+00,    0.2280189711784020856200073E+00,    0.1042187534266339477007079E-01,      4.57%
   -0.1838333333333333374781660E+01,    0.2386787531939492668087155E+00,    0.2283381612054732889838249E+00,    0.1034059198847597782489061E-01,      4.53%
   -0.1836666666666666447582656E+01,    0.2389167146520787543551023E+00,    0.2286579556454379491547968E+00,    0.1025875900664080520030552E-01,      4.49%
   -0.1834999999999999964472863E+01,    0.2391547371230639817962782E+00,    0.2289783558209160518881475E+00,    0.1017638130214792990813066E-01,      4.44%
   -0.1833333333333333481363070E+01,    0.2393928268600770681295842E+00,    0.2292993630573248176052203E+00,    0.1009346380275225052436383E-01,      4.40%
   -0.1831666666666666554164067E+01,    0.2396309901416172338795008E+00,    0.2296209786828813381731607E+00,    0.1001001145873589570634010E-01,      4.36%
   -0.1830000000000000071054274E+01,    0.2398692332712791530635599E+00,    0.2299432040286049083732678E+00,    0.9926029242674244690292085E-02,      4.32%
   -0.1828333333333333143855270E+01,    0.2401075625775171418219145E+00,    0.2302660404283204675923713E+00,    0.9841522149196674229543191E-02,      4.27%
   -0.1826666666666666660745477E+01,    0.2403459844134093748024839E+00,    0.2305894892186603484240948E+00,    0.9756495194749026378389090E-02,      4.23%
   -0.1825000000000000177635684E+01,    0.2405845051564235448360307E+00,    0.2309135517390676073379296E+00,    0.9670953417355937498101071E-02,      4.19%
   -0.1823333333333333250436681E+01,    0.2408231312081805242097943E+00,    0.2312382293317986059477676E+00,    0.9584901876381918262026716E-02,      4.15%
   -0.1821666666666666767326888E+01,    0.2410618689942146120053224E+00,    0.2315635233419247873687397E+00,    0.9498345652289824636582694E-02,      4.10%
   -0.1819999999999999840127884E+01,    0.2413007249637391937735487E+00,    0.2318894351173360901530174E+00,    0.9411289846403103620531283E-02,      4.06%
   -0.1818333333333333357018091E+01,    0.2415397055894062949832346E+00,    0.2322159660087429189356811E+00,    0.9323739580663376047553470E-02,      4.02%
   -0.1816666666666666873908298E+01,    0.2417788173670688822713970E+00,    0.2325431173696789199922819E+00,    0.9235699997389962279115139E-02,      3.97%
   -0.1814999999999999946709295E+01,    0.2420180668155407499586573E+00,    0.2328708905565032016848903E+00,    0.9147176259037548273767015E-02,      3.93%
   -0.1813333333333333463599502E+01,    0.2422574604763556016528980E+00,    0.2331992869284026104192975E+00,    0.9058173547952991233600528E-02,      3.88%
   -0.1811666666666666536400498E+01,    0.2424970049135286020991487E+00,    0.2335283078473944506914250E+00,    0.8968697066134151407723607E-02,      3.84%
   -0.1810000000000000053290705E+01,    0.2427367067133123501587733E+00,    0.2338579546783284002220427E+00,    0.8878752034983949936730596E-02,      3.80%
   -0.1808333333333333126091702E+01,    0.2429765724839573481919075E+00,    0.2341882287888891189808760E+00,    0.8788343695068229211031507E-02,      3.75%
   -0.1806666666666666642981909E+01,    0.2432166088554678640143436E+00,    0.2345191315495982198324754E+00,    0.8697477305869644181868239E-02,      3.71%
   -0.1805000000000000159872116E+01,    0.2434568224793602631006451E+00,    0.2348506643338167387824456E+00,    0.8606158145543524318199502E-02,      3.66%
   -0.1803333333333333232673112E+01,    0.2436972200284189538077584E+00,    0.2351828285177471611344657E+00,    0.8514391510671792673292657E-02,      3.62%
   -0.1801666666666666749563319E+01,    0.2439378081964526656655323E+00,    0.2355156254804355031584606E+00,    0.8422182716017162507071703E-02,      3.58%
   -0.1799999999999999822364316E+01,    0.2441785936980486459990658E+00,    0.2358490566037736158033766E+00,    0.8329537094275030195689169E-02,      3.53%
   -0.1798333333333333339254523E+01,    0.2444195832683291880194076E+00,    0.2361831232725008222761431E+00,    0.8236459995828365743264499E-02,      3.49%
   -0.1796666666666666856144730E+01,    0.2446607836627057164236021E+00,    0.2365178268742066380880829E+00,    0.8142956788499078335519243E-02,      3.44%
   -0.1794999999999999928945726E+01,    0.2449022016566311243934706E+00,    0.2368531687993320478113901E+00,    0.8049032857299076582080488E-02,      3.40%
   -0.1793333333333333445835933E+01,    0.2451438440453554412634674E+00,    0.2371891504411717810363314E+00,    0.7954693604183660227135988E-02,      3.35%
   -0.1791666666666666518636930E+01,    0.2453857176436773923633439E+00,    0.2375257731958763385282651E+00,    0.7859944447801053835078733E-02,      3.31%
   -0.1790000000000000035527137E+01,    0.2456278292856967915280819E+00,    0.2378630384624532967396959E+00,    0.7764790823243494788385988E-02,      3.26%
   -0.1788333333333333552417344E+01,    0.2458701858245666560520704E+00,    0.2382009476427700278566846E+00,    0.7669238181796628195385779E-02,      3.22%
   -0.1786666666666666625218340E+01,    0.2461127941322448497984965E+00,    0.2385395021415546712439948E+00,    0.7573291990690178554501699E-02,      3.17%
   -0.1785000000000000142108547E+01,    0.2463556610992451711972251E+00,    0.2388787033663981040909619E+00,    0.7476957732847067106263239E-02,      3.13%
   -0.1783333333333333214909544E+01,    0.2465987936343875530642578E+00,    0.2392185527277560230796638E+00,    0.7380240906631529984593953E-02,      3.09%
   -0.1781666666666666731799751E+01,    0.2468421986645482069100410E+00,    0.2395590516389498603189168E+00,    0.7283147025598346591124255E-02,      3.04%
   -0.1779999999999999804600748E+01,    0.2470858831344097950033500E+00,    0.2399002015161693091016559E+00,    0.7185681618240485901694115E-02,      3.00%
   -0.1778333333333333321490954E+01,    0.2473298540062100758785135E+00,    0.2402420037784728512608723E+00,    0.7087850227737224617641232E-02,      2.95%
   -0.1776666666666666838381161E+01,    0.2475741182594905498426385E+00,    0.2405844598477901996602668E+00,    0.6989658411700350182371722E-02,      2.91%
   -0.1774999999999999911182158E+01,    0.2478186828908457983722258E+00,    0.2409275711489233806616994E+00,    0.6891111741922417710526361E-02,      2.86%
   -0.1773333333333333428072365E+01,    0.2480635549136706308193112E+00,    0.2412713391095478998593649E+00,    0.6792215804122730959946352E-02,      2.82%
   -0.1771666666666666500873362E+01,    0.2483087413579083413406323E+00,    0.2416157651602147682368127E+00,    0.6692976197693573103819631E-02,      2.77%
   -0.1770000000000000017763568E+01,    0.2485542492697971894699549E+00,    0.2419608507343511683007620E+00,    0.6593398535446021169192932E-02,      2.72%
   -0.1768333333333333534653775E+01,    0.2488000857116176856020928E+00,    0.2423065972682622581935163E+00,    0.6493488443355427408576475E-02,      2.68%
   -0.1766666666666666607454772E+01,    0.2490462577614392380986885E+00,    0.2426530062011324206938667E+00,    0.6393251560306817404821800E-02,      2.63%
   -0.1765000000000000124344979E+01,    0.2492927725128651350594566E+00,    0.2430000789750256240395743E+00,    0.6292693537839511019882366E-02,      2.59%
   -0.1763333333333333197145976E+01,    0.2495396370747804681844428E+00,    0.2433478170348880031959027E+00,    0.6191820039892464988540155E-02,      2.54%
   -0.1761666666666666714036182E+01,    0.2497868585710946998101889E+00,    0.2436962218285475267887108E+00,    0.6090636742547173021478102E-02,      2.50%
   -0.1759999999999999786837179E+01,    0.2500344441404883655266644E+00,    0.2440452948067161342837750E+00,    0.5989149333772231242889461E-02,      2.45%
   -0.1758333333333333303727386E+01,    0.2502824009361584445265692E+00,    0.2443950374229901245648477E+00,    0.5887363513168319961721409E-02,      2.41%
   -0.1756666666666666820617593E+01,    0.2505307361255607601080442E+00,    0.2447454511338512661566824E+00,    0.5785284991709493951361765E-02,      2.36%
   -0.1754999999999999893418590E+01,    0.2507794568901550724682181E+00,    0.2450965373986679629592089E+00,    0.5682919491487109509009201E-02,      2.32%
   -0.1753333333333333410308796E+01,    0.2510285704251494220962115E+00,    0.2454482976796954207809875E+00,    0.5580272745454001315223991E-02,      2.27%
   -0.1751666666666666483109793E+01,    0.2512780839392416143418529E+00,    0.2458007334420774514516239E+00,    0.5477350497164162890229022E-02,      2.23%
   -0.1750000000000000000000000E+01,    0.2515280046543649228318884E+00,    0.2461538461538461675104372E+00,    0.5374158500518755321451181E-02,      2.18%
   -0.1748333333333333516890207E+01,    0.2517783398054286303491267E+00,    0.2465076372859234810075435E+00,    0.5270702519505149341583206E-02,      2.14%
   -0.1746666666666666589691204E+01,    0.2520290966400614562914484E+00,    0.2468621083121215198374898E+00,    0.5166988327939936453958580E-02,      2.09%
   -0.1745000000000000106581410E+01,    0.2522802824183547620862100E+00,    0.2472172607091426554948299E+00,    0.5063021709212106591380120E-02,      2.05%
   -0.1743333333333333179382407E+01,    0.2525319044126021483798183E+00,    0.2475730959565812239198124E+00,    0.4958808456020924460005972E-02,      2.00%
   -0.1741666666666666696272614E+01,    0.2527839699070433820971004E+00,    0.2479296155369225540532341E+00,    0.4854354370120828043866368E-02,      1.96%
   -0.1740000000000000213162821E+01,    0.2530364861976057699877174E+00,    0.2482868209355446609265528E+00,    0.4749665262061109061164643E-02,      1.91%
   -0.1738333333333333285963818E+01,    0.2532894605916434782599822E+00,    0.2486447136407180791284333E+00,    0.4644746950925399131548943E-02,      1.87%
   -0.1736666666666666802854024E+01,    0.2535429004076800163502980E+00,    0.2490032951436056685157183E+00,    0.4539605264074347834579726E-02,      1.82%
   -0.1734999999999999875655021E+01,    0.2537968129751495549584206E+00,    0.2493625669382640575033605E+00,    0.4434246036885497455060090E-02,      1.78%
   -0.1733333333333333392545228E+01,    0.2540512056341359126143686E+00,    0.2497225305216425883525488E+00,    0.4328675112493324261819794E-02,      1.73%
   -0.1731666666666666465346225E+01,    0.2543060857351138737136864E+00,    0.2500831873935844273937334E+00,    0.4222898341529446319952967E-02,      1.69%
   -0.1729999999999999982236432E+01,    0.2545614606386887301958666E+00,    0.2504445390568258433816595E+00,    0.4116921581862886814207059E-02,      1.64%
   -0.1728333333333333499126638E+01,    0.2548173377153363783342854E+00,    0.2508065870169969846514846E+00,    0.4010750698339393682800846E-02,      1.60%
   -0.1726666666666666571927635E+01,    0.2550737243451438596153480E+00,    0.2511693327826213240072661E+00,    0.3904391562522535608081853E-02,      1.55%
   -0.1725000000000000088817842E+01,    0.2553306279175472925935253E+00,    0.2515327778651155199440836E+00,    0.3797850052431772649441655E-02,      1.51%
   -0.1723333333333333161618839E+01,    0.2555880558310725803039531E+00,    0.2518969237787897497149459E+00,    0.3691132052282830589007290E-02,      1.47%
   -0.1721666666666666678509046E+01,    0.2558460154930736196732255E+00,    0.2522617720408467656412199E+00,    0.3584243452226854032005576E-02,      1.42%
   -0.1720000000000000195399252E+01,    0.2561045143194725093316322E+00,    0.2526273241713823392018412E+00,    0.3477190148090170129790977E-02,      1.38%
   -0.1718333333333333268200249E+01,    0.2563635597344967598232301E+00,    0.2529935816933844283660449E+00,    0.3369978041112331457185292E-02,      1.33%
   -0.1716666666666666785090456E+01,    0.2566231591704191128400225E+00,    0.2533605461327327335041559E+00,    0.3262613037686379335866604E-02,      1.29%
   -0.1714999999999999857891453E+01,    0.2568833200672963057442644E+00,    0.2537282190181986973875894E+00,    0.3155101049097608356674982E-02,      1.24%
   -0.1713333333333333374781660E+01,    0.2571440498727065593342900E+00,    0.2540966018814441729212206E+00,    0.3047447991262386413069407E-02,      1.20%
   -0.1711666666666666447582656E+01,    0.2574053560414888419671797E+00,    0.2544656962570217006991413E+00,    0.2939659784467141268038404E-02,      1.16%
   -0.1709999999999999964472863E+01,    0.2576672460354804128357387E+00,    0.2548355036823730657147280E+00,    0.2831742353107347121010662E-02,      1.11%
   -0.1708333333333333481363070E+01,    0.2579297273232545872900801E+00,    0.2552060256978289642937341E+00,    0.2723701625425622996345965E-02,      1.07%
   -0.1706666666666666554164067E+01,    0.2581928073798601119825946E+00,    0.2555772638466082269381729E+00,    0.2615543533251885044421670E-02,      1.02%
   -0.1705000000000000071054274E+01,    0.2584564936865566542323336E+00,    0.2559492196748164860586883E+00,    0.2507274011740168173645316E-02,      0.98%
   -0.1703333333333333143855270E+01,    0.2587207937305559535268173E+00,    0.2563218947314458984187979E+00,    0.2398898999110055108019424E-02,      0.94%
   -0.1701666666666666660745477E+01,    0.2589857150047562006633939E+00,    0.2566952905683732577557521E+00,    0.2290424436382942907641791E-02,      0.89%
   -0.1700000000000000177635684E+01,    0.2592512650074814684053592E+00,    0.2570694087403598837582308E+00,    0.2181856267121584647128429E-02,      0.85%
   -0.1698333333333333250436681E+01,    0.2595174512422187551585750E+00,    0.2574442508050496236648996E+00,    0.2073200437169131493675422E-02,      0.81%
   -0.1696666666666666767326888E+01,    0.2597842812173555837595984E+00,    0.2578198183229679640859899E+00,    0.1964462894387619673608469E-02,      0.76%
   -0.1694999999999999840127884E+01,    0.2600517624459176002638117E+00,    0.2581961128575209762914255E+00,    0.1855649588396623972386124E-02,      0.72%
   -0.1693333333333333357018091E+01,    0.2603199024453052845551326E+00,    0.2585731359749930957647734E+00,    0.1746766470312188790359187E-02,      0.68%
   -0.1691666666666666873908298E+01,    0.2605887087370323262902616E+00,    0.2589508892445466781140340E+00,    0.1637819492485648176227642E-02,      0.63%
   -0.1689999999999999946709295E+01,    0.2608581888464627795976014E+00,    0.2593293742382200006701964E+00,    0.1528814608242778927404970E-02,      0.59%
   -0.1688333333333333463599502E+01,    0.2611283503025462748858843E+00,    0.2597085925309251530634924E+00,    0.1419757771621121822391842E-02,      0.55%
   -0.1686666666666666536400498E+01,    0.2613992006375593368794341E+00,    0.2600885457004473710895809E+00,    0.1310654937111965789853230E-02,      0.50%
   -0.1685000000000000053290705E+01,    0.2616707473868387645588029E+00,    0.2604692353274423721742892E+00,    0.1201512059396392384513774E-02,      0.46%
   -0.1683333333333333126091702E+01,    0.2619429980885207842611351E+00,    0.2608506629954351341282859E+00,    0.1092335093085650132849196E-02,      0.42%
   -0.1681666666666666642981909E+01,    0.2622159602832782043790871E+00,    0.2612328302908174526564267E+00,    0.9831299924607517226604614E-03,      0.38%
   -0.1680000000000000159872116E+01,    0.2624896415140574035262944E+00,    0.2616157388028463315343686E+00,    0.8739027112110719919257917E-03,      0.33%
   -0.1678333333333333232673112E+01,    0.2627640493258161513701054E+00,    0.2619993901236419286959745E+00,    0.7646592021742226741309878E-03,      0.29%
   -0.1676666666666666749563319E+01,    0.2630391912652598751520827E+00,    0.2623837858481847251646002E+00,    0.6554054170751499874825186E-03,      0.25%
   -0.1674999999999999822364316E+01,    0.2633150748805800911434005E+00,    0.2627689275743143593189188E+00,    0.5461473062657318244816906E-03,      0.21%
   -0.1673333333333333339254523E+01,    0.2635917077211912817880091E+00,    0.2631548169027262962238467E+00,    0.4368908184649855641623617E-03,      0.17%
   -0.1671666666666666856144730E+01,    0.2638690973374682169350081E+00,    0.2635414554369699957625528E+00,    0.3276419004982211724552599E-03,      0.12%
   -0.1669999999999999928945726E+01,    0.2641472512804842742717426E+00,    0.2639288447834464146346534E+00,    0.2184064970378596370892410E-03,      0.08%
   -0.1668333333333333445835933E+01,    0.2644261771017480944223621E+00,    0.2643169865514048422205917E+00,    0.1091905503432522017703832E-03,      0.04%
   -0.1666666666666666518636930E+01,    0.2647058823529415683140087E+00,    0.2647058823529412352471013E+00,    0.3330669073875469621270895E-15,      0.00%
   -0.1665000000000000035527137E+01,    0.2649863745856577135207033E+00,    0.2650955338029942209843171E+00,   -0.1091592173365074636137706E-03,     -0.04%
   -0.1663333333333333552417344E+01,    0.2652676613511377179399631E+00,    0.2654859425193435429335409E+00,   -0.2182811682058249935778349E-03,     -0.08%
   -0.1661666666666666625218340E+01,    0.2655497502000101484043171E+00,    0.2658771101226062860689581E+00,   -0.3273599225961376646409917E-03,     -0.12%
   -0.1660000000000000142108547E+01,    0.2658326486820275502687139E+00,    0.2662690382362338792354706E+00,   -0.4363895542063289667567005E-03,     -0.16%
   -0.1658333333333333214909544E+01,    0.2661163643458062111335494E+00,    0.2666617284865095416357406E+00,   -0.5453641407033305021911929E-03,     -0.20%
   -0.1656666666666666731799751E+01,    0.2664009047385621498094110E+00,    0.2670551825025444525607554E+00,   -0.6542777639823027513443776E-03,     -0.24%
   -0.1654999999999999804600748E+01,    0.2666862774058511020847106E+00,    0.2674494019162750313434174E+00,   -0.7631245104239292587067212E-03,     -0.29%
   -0.1653333333333333321490954E+01,    0.2669724898913067856476289E+00,    0.2678443883624589405556549E+00,   -0.8718984711521549080259774E-03,     -0.33%
   -0.1651666666666666838381161E+01,    0.2672595497363786654076989E+00,    0.2682401434786722549397098E+00,   -0.9805937422935895320108557E-03,     -0.37%
   -0.1649999999999999911182158E+01,    0.2675474644800711065961707E+00,    0.2686366689053055756275512E+00,   -0.1089204425234469031380513E-02,     -0.41%
   -0.1648333333333333428072365E+01,    0.2678362416586829719555851E+00,    0.2690339662855600888491381E+00,   -0.1197724626877116893552966E-02,     -0.45%
   -0.1646666666666666500873362E+01,    0.2681258888055455535948113E+00,    0.2694320372654444573079502E+00,   -0.1306148459898903713138907E-02,     -0.48%
   -0.1645000000000000017763568E+01,    0.2684164134507616150671083E+00,    0.2698308834937702682665872E+00,   -0.1414470043008653199478886E-02,     -0.52%
   -0.1643333333333333534653775E+01,    0.2687078231209462653161779E+00,    0.2702305066221486473665436E+00,   -0.1522683501202382050365713E-02,     -0.56%
   -0.1641666666666666607454772E+01,    0.2690001253389646129754453E+00,    0.2706309083049860397807151E+00,   -0.1630782966021426805269812E-02,     -0.60%
   -0.1640000000000000124344979E+01,    0.2692933276236731954256243E+00,    0.2710320901994796027878465E+00,   -0.1738762575806407362222217E-02,     -0.64%
   -0.1638333333333333197145976E+01,    0.2695874374896580771832078E+00,    0.2714340539656138751034575E+00,   -0.1846616475955797920249779E-02,     -0.68%
   -0.1636666666666666714036182E+01,    0.2698824624469759458911255E+00,    0.2718368012661553922981739E+00,   -0.1954338819179446407048317E-02,     -0.72%
   -0.1634999999999999786837179E+01,    0.2701784100008951527982504E+00,    0.2722403337666492451063505E+00,   -0.2061923765754092308100098E-02,     -0.76%
   -0.1633333333333333303727386E+01,    0.2704752876516339776813425E+00,    0.2726446531354135283109485E+00,   -0.2169365483779550629606092E-02,     -0.80%
   -0.1631666666666666820617593E+01,    0.2707731028941041118152100E+00,    0.2730497610435354549629494E+00,   -0.2276658149431343147739426E-02,     -0.83%
   -0.1629999999999999893418590E+01,    0.2710718632176488673835024E+00,    0.2734556591648664158888948E+00,   -0.2383795947217548505392415E-02,     -0.87%
   -0.1628333333333333410308796E+01,    0.2713715761057861608485098E+00,    0.2738623491760166506203689E+00,   -0.2490773070230489771859084E-02,     -0.91%
   -0.1626666666666666483109793E+01,    0.2716722490359490538303078E+00,    0.2742698327563509175242018E+00,   -0.2597583720401863693894029E-02,     -0.95%
   -0.1625000000000000000000000E+01,    0.2719738894792277927869861E+00,    0.2746781115879828316650446E+00,   -0.2704222108755038878058485E-02,     -0.98%
   -0.1623333333333333516890207E+01,    0.2722765049001116821614232E+00,    0.2750871873557702018686655E+00,   -0.2810682455658519707242249E-02,     -1.02%
   -0.1621666666666666589691204E+01,    0.2725801027562306799723046E+00,    0.2754970617473095351179779E+00,   -0.2916958991078855145673288E-02,     -1.06%
   -0.1620000000000000106581410E+01,    0.2728846904980986587396785E+00,    0.2759077364529300968598591E+00,   -0.3023045954831438120180565E-02,     -1.10%
   -0.1618333333333333179382407E+01,    0.2731902755688547235202179E+00,    0.2763192131656894701130511E+00,   -0.3128937596834746592833199E-02,     -1.13%
   -0.1616666666666666696272614E+01,    0.2734968654040074720334985E+00,    0.2767314935813667275965599E+00,   -0.3234628177359255563061424E-02,     -1.17%
   -0.1615000000000000213162821E+01,    0.2738044674311779225206465E+00,    0.2771445793984576022594979E+00,   -0.3340111967279679738851428E-02,     -1.21%
   -0.1613333333333333285963818E+01,    0.2741130890698418864914743E+00,    0.2775584723181683810544484E+00,   -0.3445383248326494562974176E-02,     -1.24%
   -0.1611666666666666802854024E+01,    0.2744227377310755056072367E+00,    0.2779731740444092435993184E+00,   -0.3550436313333737992081751E-02,     -1.28%
   -0.1609999999999999875655021E+01,    0.2747334208172985126061860E+00,    0.2783886862837894882183321E+00,   -0.3655265466490975612146030E-02,     -1.31%
   -0.1608333333333333392545228E+01,    0.2750451457220179918294889E+00,    0.2788050107456097603808587E+00,   -0.3759865023591768551369796E-02,     -1.35%
   -0.1606666666666666465346225E+01,    0.2753579198295737495705282E+00,    0.2792221491418573342535581E+00,   -0.3864229312283584683029858E-02,     -1.38%
   -0.1604999999999999982236432E+01,    0.2756717505148838509576592E+00,    0.2796401031871980635834518E+00,   -0.3968352672314212625792607E-02,     -1.42%
   -0.1603333333333333499126638E+01,    0.2759866451431887135470333E+00,    0.2800588745989712191608589E+00,   -0.4072229455782505613825606E-02,     -1.45%
   -0.1601666666666666571927635E+01,    0.2763026110697980874952862E+00,    0.2804784650971819393028284E+00,   -0.4175854027383851807542214E-02,     -1.49%
   -0.1600000000000000088817842E+01,    0.2766196556398362038642347E+00,    0.2808988764044943464703863E+00,   -0.4279220764658142606151614E-02,     -1.52%
   -0.1598333333333333161618839E+01,    0.2769377861879887547935652E+00,    0.2813201102462254410419007E+00,   -0.4382324058236686248335445E-02,     -1.56%
   -0.1596666666666666678509046E+01,    0.2772570100382487634504969E+00,    0.2817421683503369966850016E+00,   -0.4485158312088233234504742E-02,     -1.59%
   -0.1595000000000000195399252E+01,    0.2775773345036646744254938E+00,    0.2821650524474290655518871E+00,   -0.4587717943764391126393321E-02,     -1.63%
   -0.1593333333333333268200249E+01,    0.2778987668860871118603484E+00,    0.2825887642707326508073606E+00,   -0.4689997384645538947012255E-02,     -1.66%
   -0.1591666666666666785090456E+01,    0.2782213144759169143327426E+00,    0.2830133055561014354672977E+00,   -0.4791991080184521134555098E-02,     -1.69%
   -0.1589999999999999857891453E+01,    0.2785449845518540024080778E+00,    0.2834386780420056761720105E+00,   -0.4893693490151673763932649E-02,     -1.73%
   -0.1588333333333333374781660E+01,    0.2788697843806445253456161E+00,    0.2838648834695227662905381E+00,   -0.4995099088878240944922027E-02,     -1.76%
   -0.1586666666666666447582656E+01,    0.2791957212168314494959986E+00,    0.2842919235823310186717094E+00,   -0.5096202365499569175710803E-02,     -1.79%
   -0.1584999999999999964472863E+01,    0.2795228023025019825631432E+00,    0.2847198001267003397707356E+00,   -0.5196997824198357207592380E-02,     -1.83%
   -0.1583333333333333481363070E+01,    0.2798510348670396052916942E+00,    0.2851485148514850687107014E+00,   -0.5297479984445463419007183E-02,     -1.86%
   -0.1581666666666666554164067E+01,    0.2801804261268723839073402E+00,    0.2855780695081155950987295E+00,   -0.5397643381243211191389264E-02,     -1.89%
   -0.1580000000000000071054274E+01,    0.2805109832852250573154151E+00,    0.2860084658505891441748759E+00,   -0.5497482565364086859460713E-02,     -1.92%
   -0.1578333333333333143855270E+01,    0.2808427135318687928311476E+00,    0.2864397056354625603624697E+00,   -0.5596992103593767531322101E-02,     -1.95%
   -0.1576666666666666660745477E+01,    0.2811756240428737174674723E+00,    0.2868717906218424262831945E+00,   -0.5696166578968708815722266E-02,     -1.99%
   -0.1575000000000000177635684E+01,    0.2815097219803597283771524E+00,    0.2873047225713771801736129E+00,   -0.5795000591017451796460591E-02,     -2.02%
   -0.1573333333333333250436681E+01,    0.2818450144922495237409521E+00,    0.2877385032482480120563650E+00,   -0.5893488755998488315412942E-02,     -2.05%
   -0.1571666666666666767326888E+01,    0.2821815087120210230331452E+00,    0.2881731344191589827552491E+00,   -0.5991625707137959722103915E-02,     -2.08%
   -0.1569999999999999840127884E+01,    0.2825192117584615081327115E+00,    0.2886086178533291413117468E+00,   -0.6089406094867633179035238E-02,     -2.11%
   -0.1568333333333333357018091E+01,    0.2828581307354194884773335E+00,    0.2890449553224818113328354E+00,   -0.6186824587062322855501861E-02,     -2.14%
   -0.1566666666666666873908298E+01,    0.2831982727315607850648860E+00,    0.2894821486008362643183034E+00,   -0.6283875869275479253417416E-02,     -2.17%
   -0.1564999999999999946709295E+01,    0.2835396448201225050311791E+00,    0.2899201994650972280531676E+00,   -0.6380554644974723021988439E-02,     -2.20%
   -0.1563333333333333463599502E+01,    0.2838822540586669052053992E+00,    0.2903591096944453942008124E+00,   -0.6476855635778488995413227E-02,     -2.23%
   -0.1561666666666666536400498E+01,    0.2842261074888386973569254E+00,    0.2907988810705276483403736E+00,   -0.6572773581688950983448194E-02,     -2.26%
   -0.1560000000000000053290705E+01,    0.2845712121361199109514928E+00,    0.2912395153774464118257015E+00,   -0.6668303241326500874208705E-02,     -2.29%
   -0.1558333333333333126091702E+01,    0.2849175750095874759537651E+00,    0.2916810144017501493785005E+00,   -0.6763439392162673424735431E-02,     -2.32%
   -0.1556666666666666642981909E+01,    0.2852652031016693623399760E+00,    0.2921233799324221003246294E+00,   -0.6858176830752737984653322E-02,     -2.35%
   -0.1555000000000000159872116E+01,    0.2856141033879026625008635E+00,    0.2925666137608706196537867E+00,   -0.6952510372967957152923191E-02,     -2.38%
   -0.1553333333333333232673112E+01,    0.2859642828266915071111498E+00,    0.2930107176809178537446599E+00,   -0.7046434854226346633510047E-02,     -2.40%
   -0.1551666666666666749563319E+01,    0.2863157483590655916216861E+00,    0.2934556934887887491569813E+00,   -0.7139945129723157535295286E-02,     -2.43%
   -0.1549999999999999822364316E+01,    0.2866685069084395909300156E+00,    0.2939015429831007275573995E+00,   -0.7233036074661136627383939E-02,     -2.46%
   -0.1548333333333333339254523E+01,    0.2870225653803720189394255E+00,    0.2943482679648515287773591E+00,   -0.7325702584479509837933620E-02,     -2.49%
   -0.1546666666666666856144730E+01,    0.2873779306623263640751986E+00,    0.2947958702374088857389722E+00,   -0.7417939575082521663773605E-02,     -2.52%
   -0.1544999999999999928945726E+01,    0.2877346096234317252005042E+00,    0.2952443516064983120017473E+00,   -0.7509741983066586801243147E-02,     -2.54%
   -0.1543333333333333445835933E+01,    0.2880926091142428924207763E+00,    0.2956937138801914444208307E+00,   -0.7601104765948552000054406E-02,     -2.57%
   -0.1541666666666666518636930E+01,    0.2884519359665040916240741E+00,    0.2961439588688946633610044E+00,   -0.7692022902390571736930269E-02,     -2.60%
   -0.1540000000000000035527137E+01,    0.2888125969929091763077622E+00,    0.2965950883853363251319024E+00,   -0.7782491392427148824140204E-02,     -2.62%
   -0.1538333333333333552417344E+01,    0.2891745989868668154088027E+00,    0.2970471042445554932243112E+00,   -0.7872505257688677815508527E-02,     -2.65%
   -0.1536666666666666625218340E+01,    0.2895379487222616288200072E+00,    0.2975000082638891152342353E+00,   -0.7962059541627486414228088E-02,     -2.68%
   -0.1535000000000000142108547E+01,    0.2899026529532207629991092E+00,    0.2979538022629590887646600E+00,   -0.8051149309738325765550826E-02,     -2.70%
   -0.1533333333333333214909544E+01,    0.2902687184138768028418554E+00,    0.2984084880636604930614908E+00,   -0.8139769649783690219635446E-02,     -2.73%
   -0.1531666666666666731799751E+01,    0.2906361518181330705345999E+00,    0.2988640674901478222480478E+00,   -0.8227915672014751713447822E-02,     -2.75%
   -0.1529999999999999804600748E+01,    0.2910049598594309228083432E+00,    0.2993205423688228283829460E+00,   -0.8315582509391905574602788E-02,     -2.78%
   -0.1528333333333333321490954E+01,    0.2913751492105144946798134E+00,    0.2997779145283202550942292E+00,   -0.8402765317805760414415772E-02,     -2.80%
   -0.1526666666666666838381161E+01,    0.2917467265231983852835640E+00,    0.3002361857994955141037963E+00,   -0.8489459276297128820232274E-02,     -2.83%
   -0.1524999999999999911182158E+01,    0.2921196984281357877932805E+00,    0.3006953580154106964172911E+00,   -0.8575659587274908624010550E-02,     -2.85%
   -0.1523333333333333428072365E+01,    0.2924940715345858421869707E+00,    0.3011554330113200839136312E+00,   -0.8661361476734241726660457E-02,     -2.88%
   -0.1521666666666666500873362E+01,    0.2928698524301843741923790E+00,    0.3016164126246576593359805E+00,   -0.8746560194473285143601515E-02,     -2.90%
   -0.1520000000000000017763568E+01,    0.2932470476807098602733959E+00,    0.3020782986950217297028587E+00,   -0.8831251014311869429462831E-02,     -2.92%
   -0.1518333333333333534653775E+01,    0.2936256638298574417333953E+00,    0.3025410930641613260760892E+00,   -0.8915429234303884342693891E-02,     -2.95%
   -0.1516666666666666607454772E+01,    0.2940057073990077207703564E+00,    0.3030047975759616041280253E+00,   -0.8999090176953883357668929E-02,     -2.97%
   -0.1515000000000000124344979E+01,    0.2943871848869979990226398E+00,    0.3034694140764287451084158E+00,   -0.9082229189430746085776036E-02,     -2.99%
   -0.1513333333333333197145976E+01,    0.2947701027698951259381488E+00,    0.3039349444136758005008403E+00,   -0.9164841643780674562691502E-02,     -3.02%
   -0.1511666666666666714036182E+01,    0.2951544675007679030542818E+00,    0.3044013904379067603223064E+00,   -0.9246922937138857268024594E-02,     -3.04%
   -0.1509999999999999786837179E+01,    0.2955402855094604319674545E+00,    0.3048687540014024532908365E+00,   -0.9328468491942021323382050E-02,     -3.06%
   -0.1508333333333333303727386E+01,    0.2959275632023662949698917E+00,    0.3053370369585038934800991E+00,   -0.9409473756137598510207454E-02,     -3.08%
   -0.1506666666666666820617593E+01,    0.2963163069622026801752668E+00,    0.3058062411655974588420293E+00,   -0.9489934203394778666762477E-02,     -3.10%
   -0.1504999999999999893418590E+01,    0.2967065231477875042465087E+00,    0.3062763684810989595064257E+00,   -0.9569845333311455259917011E-02,     -3.12%
   -0.1503333333333333410308796E+01,    0.2970982180938119832092070E+00,    0.3067474207654370399467325E+00,   -0.9649202671625056737525483E-02,     -3.15%
   -0.1501666666666666483109793E+01,    0.2974913981106211413596441E+00,    0.3072193998810379134134507E+00,   -0.9728001770416772053806653E-02,     -3.17%
   -0.1500000000000000000000000E+01,    0.2978860694839895462138202E+00,    0.3076923076923077093880465E+00,   -0.9806238208318163174226356E-02,     -3.19%
   -0.1498333333333333516890207E+01,    0.2982822384748993194136801E+00,    0.3081661460656170969940604E+00,   -0.9883907590717777580380243E-02,     -3.21%
   -0.1496666666666666589691204E+01,    0.2986799113193182586556418E+00,    0.3086409168692837434733178E+00,   -0.9961005549965484817676042E-02,     -3.23%
   -0.1495000000000000106581410E+01,    0.2990790942279822339777695E+00,    0.3091166219735550502178967E+00,   -0.1003752774557281624012717E-01,     -3.25%
   -0.1493333333333333179382407E+01,    0.2994797933861716998649172E+00,    0.3095932632505917214693625E+00,   -0.1011346986442002160444531E-01,     -3.27%
   -0.1491666666666666696272614E+01,    0.2998820149534949797143213E+00,    0.3100708425744493346165598E+00,   -0.1018882762095435490223849E-01,     -3.29%
   -0.1490000000000000213162821E+01,    0.3002857650636687747436326E+00,    0.3105493618210613537833353E+00,   -0.1026359675739257903970270E-01,     -3.30%
   -0.1488333333333333285963818E+01,    0.3006910498243023921460804E+00,    0.3110288228682214217712954E+00,   -0.1033777304391902962521499E-01,     -3.32%
   -0.1486666666666666802854024E+01,    0.3010978753166781984873523E+00,    0.3115092275955640976903283E+00,   -0.1041135227888589920297591E-01,     -3.34%
   -0.1484999999999999875655021E+01,    0.3015062475955376242175987E+00,    0.3119905778845479260574791E+00,   -0.1048433028901030183988041E-01,     -3.36%
   -0.1483333333333333392545228E+01,    0.3019161726888640040478151E+00,    0.3124728756184358968717163E+00,   -0.1055670292957189282390118E-01,     -3.38%
   -0.1481666666666666465346225E+01,    0.3023276565976700802629296E+00,    0.3129561226822774044897812E+00,   -0.1062846608460732422685169E-01,     -3.40%
   -0.1479999999999999982236432E+01,    0.3027407052957821753658152E+00,    0.3134403209628886521898039E+00,   -0.1069961566710647682398871E-01,     -3.41%
   -0.1478333333333333499126638E+01,    0.3031553247296267517008062E+00,    0.3139254723488339449133377E+00,   -0.1077014761920719321253159E-01,     -3.43%
   -0.1476666666666666571927635E+01,    0.3035715208180208568577996E+00,    0.3144115787304060938289751E+00,   -0.1084005791238523697117557E-01,     -3.45%
   -0.1475000000000000088817842E+01,    0.3039892994519570179612344E+00,    0.3148986419996063768067529E+00,   -0.1090934254764935884551846E-01,     -3.46%
   -0.1473333333333333161618839E+01,    0.3044086664943944642303109E+00,    0.3153866640501254980932799E+00,   -0.1097799755573103386296907E-01,     -3.48%
   -0.1471666666666666678509046E+01,    0.3048296277800477960262526E+00,    0.3158756467773225495854206E+00,   -0.1104601899727475355916795E-01,     -3.50%
   -0.1470000000000000195399252E+01,    0.3052521891151795396801560E+00,    0.3163655920782055264162125E+00,   -0.1111340296302598673605644E-01,     -3.51%
   -0.1468333333333333268200249E+01,    0.3056763562773883724510426E+00,    0.3168565018514101772062475E+00,   -0.1118014557402180475520481E-01,     -3.53%
   -0.1466666666666666785090456E+01,    0.3061021350154055076231430E+00,    0.3173483779971790763596573E+00,   -0.1124624298177356873651433E-01,     -3.54%
   -0.1464999999999999857891453E+01,    0.3065295310488838631535202E+00,    0.3178412224173414735162169E+00,   -0.1131169136845761036269664E-01,     -3.56%
   -0.1463333333333333374781660E+01,    0.3069585500681938916578417E+00,    0.3183350370152907005127929E+00,   -0.1137648694709680885495118E-01,     -3.57%
   -0.1461666666666666447582656E+01,    0.3073891977342184667065794E+00,    0.3188298236959639653242959E+00,   -0.1144062596174549861771652E-01,     -3.59%
   -0.1459999999999999964472863E+01,    0.3078214796781468809427906E+00,    0.3193255843658194259582217E+00,   -0.1150410468767254501543107E-01,     -3.60%
   -0.1458333333333333481363070E+01,    0.3082554015012721193578216E+00,    0.3198223209328150407060321E+00,   -0.1156691943154292134821048E-01,     -3.62%
   -0.1456666666666666554164067E+01,    0.3086909687747873554108935E+00,    0.3203200353063861416380576E+00,   -0.1162906653159878622716406E-01,     -3.63%
   -0.1455000000000000071054274E+01,    0.3091281870395854447508555E+00,    0.3208187293974221754311316E+00,   -0.1169054235783673068027610E-01,     -3.64%
   -0.1453333333333333143855270E+01,    0.3095670618060540890681409E+00,    0.3213184051182452205530637E+00,   -0.1175134331219113148492283E-01,     -3.66%
   -0.1451666666666666660745477E+01,    0.3100075985538791045748042E+00,    0.3218190643825856733784008E+00,   -0.1181146582870656880359661E-01,     -3.67%
   -0.1450000000000000177635684E+01,    0.3104498027318429165255509E+00,    0.3223207091055599882167826E+00,   -0.1187090637371707169123169E-01,     -3.68%
   -0.1448333333333333250436681E+01,    0.3108936797576254407182716E+00,    0.3228233412036468630290642E+00,   -0.1192966144602142231079256E-01,     -3.70%
   -0.1446666666666666767326888E+01,    0.3113392350176072964629270E+00,    0.3233269625946629255430764E+00,   -0.1198772757705562908014940E-01,     -3.71%
   -0.1444999999999999840127884E+01,    0.3117864738666717983051058E+00,    0.3238315751977396961258648E+00,   -0.1204510133106789782075907E-01,     -3.72%
   -0.1443333333333333357018091E+01,    0.3122354016280083910395149E+00,    0.3243371809332982191875772E+00,   -0.1210177930528982814806227E-01,     -3.73%
   -0.1441666666666666873908298E+01,    0.3126860235929193043702412E+00,    0.3248437817230255264533412E+00,   -0.1215775813010622208309996E-01,     -3.74%
   -0.1439999999999999946709295E+01,    0.3131383450206217111677631E+00,    0.3253513794898490463225471E+00,   -0.1221303446922733515478399E-01,     -3.75%
   -0.1438333333333333463599502E+01,    0.3135923711380565470641102E+00,    0.3258599761579117348730961E+00,   -0.1226760501985518780898587E-01,     -3.76%
   -0.1436666666666666536400498E+01,    0.3140481071396942769347049E+00,    0.3263695736525469848210435E+00,   -0.1232146651285270788633852E-01,     -3.78%
   -0.1435000000000000053290705E+01,    0.3145055581873444361384884E+00,    0.3268801739002524797683691E+00,   -0.1237461571290804362988069E-01,     -3.79%
   -0.1433333333333333126091702E+01,    0.3149647294099631178454501E+00,    0.3273917788286650476514694E+00,   -0.1242704941870192980601928E-01,     -3.80%
   -0.1431666666666666642981909E+01,    0.3154256259034625697879051E+00,    0.3279043903665333492547518E+00,   -0.1247876446307077946684672E-01,     -3.81%
   -0.1430000000000000159872116E+01,    0.3158882527305227339020632E+00,    0.3284180104436926761479754E+00,   -0.1252975771316994224591213E-01,     -3.82%
   -0.1428333333333333232673112E+01,    0.3163526149204033410811121E+00,    0.3289326409910375281775430E+00,   -0.1258002607063418709643088E-01,     -3.82%
   -0.1426666666666666749563319E+01,    0.3168187174687552287721815E+00,    0.3294482839404943019800953E+00,   -0.1262956647173907320791386E-01,     -3.83%
   -0.1424999999999999822364316E+01,    0.3172865653374327132851818E+00,    0.3299649412249948676745248E+00,   -0.1267837588756215438934305E-01,     -3.84%
   -0.1423333333333333339254523E+01,    0.3177561634543107360606484E+00,    0.3304826147784481471525453E+00,   -0.1272645132413741109189687E-01,     -3.85%
   -0.1421666666666666856144730E+01,    0.3182275167130975135343363E+00,    0.3310013065357126915699837E+00,   -0.1277378982261517803564743E-01,     -3.86%
   -0.1419999999999999928945726E+01,    0.3187006299731519609608199E+00,    0.3315210184325686482154083E+00,   -0.1282038845941668725458840E-01,     -3.87%
   -0.1418333333333333445835933E+01,    0.3191755080592992843691036E+00,    0.3320417524056885616445811E+00,   -0.1286624434638927727547753E-01,     -3.87%
   -0.1416666666666666518636930E+01,    0.3196521557616501807430609E+00,    0.3325635103926097291271446E+00,   -0.1291135463095954838408375E-01,     -3.88%
   -0.1415000000000000035527137E+01,    0.3201305778354193165569086E+00,    0.3330862943317039470692009E+00,   -0.1295571649628463051229232E-01,     -3.89%
   -0.1413333333333333552417344E+01,    0.3206107790007439728441341E+00,    0.3336101061621492558373347E+00,   -0.1299932716140528299320067E-01,     -3.90%
   -0.1411666666666666625218340E+01,    0.3210927639425064095135554E+00,    0.3341349478238997972034952E+00,   -0.1304218388139338768993980E-01,     -3.90%
   -0.1410000000000000142108547E+01,    0.3215765373101535096189707E+00,    0.3346608212576553387229694E+00,   -0.1308428394750182910399872E-01,     -3.91%
   -0.1408333333333333214909544E+01,    0.3220621037175206979874531E+00,    0.3351877284048323524245916E+00,   -0.1312562468731165443713849E-01,     -3.92%
   -0.1406666666666666731799751E+01,    0.3225494677426558598476447E+00,    0.3357156712075319848764821E+00,   -0.1316620346487612502883735E-01,     -3.92%
   -0.1404999999999999804600748E+01,    0.3230386339276418716792705E+00,    0.3362446516085104142312900E+00,   -0.1320601768086854255201956E-01,     -3.93%
   -0.1403333333333333321490954E+01,    0.3235296067784227402874819E+00,    0.3367746715511467092696307E+00,   -0.1324506477272396898214879E-01,     -3.93%
   -0.1401666666666666838381161E+01,    0.3240223907646297973883520E+00,    0.3373057329794120762223031E+00,   -0.1328334221478227883395107E-01,     -3.94%
   -0.1399999999999999911182158E+01,    0.3245169903194103366850243E+00,    0.3378378378378378288360295E+00,   -0.1332084751842749215100525E-01,     -3.94%
   -0.1398333333333333428072365E+01,    0.3250134098392531423193930E+00,    0.3383709880714826923053806E+00,   -0.1335757823222954998598766E-01,     -3.95%
   -0.1396666666666666500873362E+01,    0.3255116536838199015058137E+00,    0.3389051856259014949834807E+00,   -0.1339353194208159347766696E-01,     -3.95%
   -0.1395000000000000017763568E+01,    0.3260117261757737305849503E+00,    0.3394404324471109180016981E+00,   -0.1342870627133718741674784E-01,     -3.96%
   -0.1393333333333333534653775E+01,    0.3265136316006122529920219E+00,    0.3399767304815580759580484E+00,   -0.1346309888094582296602653E-01,     -3.96%
   -0.1391666666666666607454772E+01,    0.3270173742064964028664065E+00,    0.3405140816760859889811286E+00,   -0.1349670746958958611472212E-01,     -3.96%
   -0.1390000000000000124344979E+01,    0.3275229582040861120439956E+00,    0.3410524879778997764390169E+00,   -0.1352952977381366439502131E-01,     -3.97%
   -0.1388333333333333197145976E+01,    0.3280303877663741651815599E+00,    0.3415919513345333502485346E+00,   -0.1356156356815918506697471E-01,     -3.97%
   -0.1386666666666666714036182E+01,    0.3285396670285197773253572E+00,    0.3421324736938142763165160E+00,   -0.1359280666529449899115889E-01,     -3.97%
   -0.1384999999999999786837179E+01,    0.3290508000876853911265130E+00,    0.3426740570038294131371970E+00,   -0.1362325691614402201068401E-01,     -3.98%
   -0.1383333333333333303727386E+01,    0.3295637910028738626344591E+00,    0.3432167032128897177223337E+00,   -0.1365291221001585508787457E-01,     -3.98%
   -0.1381666666666666820617593E+01,    0.3300786437947652030011625E+00,    0.3437604142694947184644150E+00,   -0.1368177047472951546325248E-01,     -3.98%
   -0.1379999999999999893418590E+01,    0.3305953624455568173878817E+00,    0.3443051921222972100444792E+00,   -0.1370982967674039265659758E-01,     -3.98%
   -0.1378333333333333410308796E+01,    0.3311139508988029667158060E+00,    0.3448510387200661719830919E+00,   -0.1373708782126320526728591E-01,     -3.98%
   -0.1376666666666666483109793E+01,    0.3316344130592551731062656E+00,    0.3453979560116515190593134E+00,   -0.1376354295239634595304778E-01,     -3.98%
   -0.1375000000000000000000000E+01,    0.3321567527927050123004449E+00,    0.3459459459459459651498037E+00,   -0.1378919315324095284935879E-01,     -3.99%
   -0.1373333333333333516890207E+01,    0.3326809739258261844341291E+00,    0.3464950104718491630251265E+00,   -0.1381403654602297859099735E-01,     -3.99%
   -0.1371666666666666589691204E+01,    0.3332070802460191938365597E+00,    0.3470451515382295126777024E+00,   -0.1383807129221031884114268E-01,     -3.99%
   -0.1370000000000000106581410E+01,    0.3337350755012555292289278E+00,    0.3475963710938858031163079E+00,   -0.1386129559263027388738010E-01,     -3.99%
   -0.1368333333333333179382407E+01,    0.3342649633999243419246739E+00,    0.3481486710875101309170532E+00,   -0.1388370768758578899237932E-01,     -3.99%
   -0.1366666666666666696272614E+01,    0.3347967476106792905632403E+00,    0.3487020534676482097502515E+00,   -0.1390530585696891918701112E-01,     -3.99%
   -0.1365000000000000213162821E+01,    0.3353304317622852193103711E+00,    0.3492565201826610676860696E+00,   -0.1392608842037584837569852E-01,     -3.99%
   -0.1363333333333333285963818E+01,    0.3358660194434704981958362E+00,    0.3498120731806857452994564E+00,   -0.1394605373721524710362019E-01,     -3.99%
   -0.1361666666666666802854024E+01,    0.3364035142027723135349504E+00,    0.3503687144095946059962898E+00,   -0.1396520020682229246133943E-01,     -3.99%
   -0.1359999999999999875655021E+01,    0.3369429195483925609799769E+00,    0.3509264458169568112744230E+00,   -0.1398352626856425029444608E-01,     -3.98%
   -0.1358333333333333392545228E+01,    0.3374842389480471882556856E+00,    0.3514852693499963542933529E+00,   -0.1400103040194916603766728E-01,     -3.98%
   -0.1356666666666666465346225E+01,    0.3380274758288187575416828E+00,    0.3520451869555524249122413E+00,   -0.1401771112673366737055858E-01,     -3.98%
   -0.1354999999999999982236432E+01,    0.3385726335770126160795712E+00,    0.3526062005800371657038284E+00,   -0.1403356700302454962425713E-01,     -3.98%
   -0.1353333333333333499126638E+01,    0.3391197155380122896239925E+00,    0.3531683121693952043251841E+00,   -0.1404859663138291470119157E-01,     -3.98%
   -0.1351666666666666571927635E+01,    0.3396687250161330995368303E+00,    0.3537315236690606323755048E+00,   -0.1406279865292753283867455E-01,     -3.98%
   -0.1350000000000000088817842E+01,    0.3402196652744821636638051E+00,    0.3542958370239149279434798E+00,   -0.1407617174943276427967476E-01,     -3.97%
   -0.1348333333333333161618839E+01,    0.3407725395348162322761709E+00,    0.3548612541782449336658090E+00,   -0.1408871464342870138963804E-01,     -3.97%
   -0.1346666666666666678509046E+01,    0.3413273509773994129901098E+00,    0.3554277770756982257616130E+00,   -0.1410042609829881277150321E-01,     -3.97%
   -0.1345000000000000195399252E+01,    0.3418841027408663357789464E+00,    0.3559954076592411476021027E+00,   -0.1411130491837481182315628E-01,     -3.96%
   -0.1343333333333333268200249E+01,    0.3424427979220813211824748E+00,    0.3565641478711139567003841E+00,   -0.1412134994903263551790928E-01,     -3.96%
   -0.1341666666666666785090456E+01,    0.3430034395760027110533485E+00,    0.3571339996527863602793218E+00,   -0.1413056007678364922597325E-01,     -3.96%
   -0.1339999999999999857891453E+01,    0.3435660307155459225469940E+00,    0.3577049649449134949286133E+00,   -0.1413893422936757238161931E-01,     -3.95%
   -0.1338333333333333374781660E+01,    0.3441305743114471127341858E+00,    0.3582770456872897968381153E+00,   -0.1414647137584268410392951E-01,     -3.95%
   -0.1336666666666666447582656E+01,    0.3446970732921320057506875E+00,    0.3588502438188045928768588E+00,   -0.1415317052667258712617127E-01,     -3.94%
   -0.1334999999999999964472863E+01,    0.3452655305435787802537106E+00,    0.3594245612773949161145026E+00,   -0.1415903073381613586079197E-01,     -3.94%
   -0.1333333333333333481363070E+01,    0.3458359489091888949729992E+00,    0.3599999999999999311661725E+00,   -0.1416405109081103619317332E-01,     -3.93%
   -0.1331666666666666554164067E+01,    0.3464083311896559713716215E+00,    0.3605765619225141382919730E+00,   -0.1416823073285816692035155E-01,     -3.93%
   -0.1330000000000000071054274E+01,    0.3469826801428339546617963E+00,    0.3611542489797391897177192E+00,   -0.1417156883690523505592296E-01,     -3.92%
   -0.1328333333333333143855270E+01,    0.3475589984836112145138998E+00,    0.3617330631053377598682630E+00,   -0.1417406462172654535436322E-01,     -3.92%
   -0.1326666666666666660745477E+01,    0.3481372888837801493622237E+00,    0.3623130062317836963536877E+00,   -0.1417571734800354699146396E-01,     -3.91%
   -0.1325000000000000177635684E+01,    0.3487175539719120087589488E+00,    0.3628940802903152240688200E+00,   -0.1417652631840321530987126E-01,     -3.91%
   -0.1323333333333333250436681E+01,    0.3492997963332310495943034E+00,    0.3634762872108849296459709E+00,   -0.1417649087765388005166756E-01,     -3.90%
   -0.1321666666666666767326888E+01,    0.3498840185094906352070154E+00,    0.3640596289221104120414907E+00,   -0.1417561041261977683447526E-01,     -3.89%
   -0.1319999999999999840127884E+01,    0.3504702229988483352940420E+00,    0.3646441073512252661892319E+00,   -0.1417388435237693089518984E-01,     -3.89%
   -0.1318333333333333357018091E+01,    0.3510584122557451891566416E+00,    0.3652297244240276241633580E+00,   -0.1417131216828243500671647E-01,     -3.88%
   -0.1316666666666666873908298E+01,    0.3516485886907848024129919E+00,    0.3658164820648307502537477E+00,   -0.1416789337404594784075584E-01,     -3.87%
   -0.1314999999999999946709295E+01,    0.3522407546706119996215989E+00,    0.3664043821964111380395934E+00,   -0.1416362752579913841799453E-01,     -3.87%
   -0.1313333333333333463599502E+01,    0.3528349125177943634845690E+00,    0.3669934267399565519518490E+00,   -0.1415851422216218846727998E-01,     -3.86%
   -0.1311666666666666536400498E+01,    0.3534310645107052173408135E+00,    0.3675836176150154011033067E+00,   -0.1415255310431018376249312E-01,     -3.85%
   -0.1310000000000000053290705E+01,    0.3540292128834049978358678E+00,    0.3681749567394426159161469E+00,   -0.1414574385603761808027912E-01,     -3.84%
   -0.1308333333333333126091702E+01,    0.3546293598255282897291352E+00,    0.3687674460293478007066881E+00,   -0.1413808620381951097755291E-01,     -3.83%
   -0.1306666666666666642981909E+01,    0.3552315074821665308313356E+00,    0.3693610873990413323575410E+00,   -0.1412957991687480152620537E-01,     -3.83%
   -0.1305000000000000159872116E+01,    0.3558356579537579333916142E+00,    0.3699558827609807365455197E+00,   -0.1412022480722280315390549E-01,     -3.82%
   -0.1303333333333333232673112E+01,    0.3564418132959711327245600E+00,    0.3705518340257163423245856E+00,   -0.1411002072974520960002565E-01,     -3.81%
   -0.1301666666666666749563319E+01,    0.3570499755195979951771790E+00,    0.3711489431018360485303731E+00,   -0.1409896758223805335319412E-01,     -3.80%
   -0.1299999999999999822364316E+01,    0.3576601465904404864026844E+00,    0.3717472118959108673408309E+00,   -0.1408706530547038093814649E-01,     -3.79%
   -0.1298333333333333339254523E+01,    0.3582723284292040344389818E+00,    0.3723466423124380808573619E+00,   -0.1407431388323404641838010E-01,     -3.78%
   -0.1296666666666666856144730E+01,    0.3588865229113875066069284E+00,    0.3729472362537863960874063E+00,   -0.1406071334239888948047792E-01,     -3.77%
   -0.1294999999999999928945726E+01,    0.3595027318671801808136479E+00,    0.3735489956201381023248587E+00,   -0.1404626375295792151121077E-01,     -3.76%
   -0.1293333333333333445835933E+01,    0.3601209570813513893838831E+00,    0.3741519223094318946643000E+00,   -0.1403096522808050528041690E-01,     -3.75%
   -0.1291666666666666518636930E+01,    0.3607412002931500438762669E+00,    0.3747560182173064746713465E+00,   -0.1401481792415643079507959E-01,     -3.74%
   -0.1290000000000000035527137E+01,    0.3613634631961996634963441E+00,    0.3753612852370405983393198E+00,   -0.1399782204084093484297568E-01,     -3.73%
   -0.1288333333333333552417344E+01,    0.3619877474383964011117598E+00,    0.3759677252594960106257815E+00,   -0.1397997782109960951402172E-01,     -3.72%
   -0.1286666666666666625218340E+01,    0.3626140546218076798901109E+00,    0.3765753401730572713645984E+00,   -0.1396128555124959147448749E-01,     -3.71%
   -0.1285000000000000142108547E+01,    0.3632423863025742716281741E+00,    0.3771841318635724693564271E+00,   -0.1394174556099819772825299E-01,     -3.70%
   -0.1283333333333333214909544E+01,    0.3638727439908086558340017E+00,    0.3777941022142932148142336E+00,   -0.1392135822348455898023190E-01,     -3.68%
   -0.1281666666666666731799751E+01,    0.3645051291505001511694672E+00,    0.3784052531058136881192411E+00,   -0.1390012395531353694977383E-01,     -3.67%
   -0.1279999999999999804600748E+01,    0.3651395431994162721345276E+00,    0.3790175864160097995991805E+00,   -0.1387804321659352746465288E-01,     -3.66%
   -0.1278333333333333321490954E+01,    0.3657759875090085266435835E+00,    0.3796311040199770170389115E+00,   -0.1385511651096849039532799E-01,     -3.65%
   -0.1276666666666666838381161E+01,    0.3664144634043191017802599E+00,    0.3802458077899690813694633E+00,   -0.1383134438564997958920344E-01,     -3.64%
   -0.1274999999999999911182158E+01,    0.3670549721638860507511026E+00,    0.3808616995953344463998747E+00,   -0.1380672743144839564877202E-01,     -3.63%
   -0.1273333333333333428072365E+01,    0.3676975150196523656198622E+00,    0.3814787813024532736605465E+00,   -0.1378126628280090804068436E-01,     -3.61%
   -0.1271666666666666500873362E+01,    0.3683420931568764378205572E+00,    0.3820970547746742052019897E+00,   -0.1375496161779776738143255E-01,     -3.60%
   -0.1270000000000000017763568E+01,    0.3689887077140392990237672E+00,    0.3827165218722492490144305E+00,   -0.1372781415820994999066329E-01,     -3.59%
   -0.1268333333333333534653775E+01,    0.3696373597827595780529464E+00,    0.3833371844522696636481385E+00,   -0.1369982466951008559519209E-01,     -3.57%
   -0.1266666666666666607454772E+01,    0.3702880504077052381539659E+00,    0.3839590443686006770995789E+00,   -0.1367099396089543894561302E-01,     -3.56%
   -0.1265000000000000124344979E+01,    0.3709407805865065910211342E+00,    0.3845821034718149289410860E+00,   -0.1364132288530833791995178E-01,     -3.55%
   -0.1263333333333333197145976E+01,    0.3715955512696718088250236E+00,    0.3852063636091268561401080E+00,   -0.1361081233945504731508436E-01,     -3.53%
   -0.1261666666666666714036182E+01,    0.3722523633605029913518081E+00,    0.3858318266243251914993095E+00,   -0.1357946326382220014750146E-01,     -3.52%
   -0.1259999999999999786837179E+01,    0.3729112177150161744343393E+00,    0.3864584943577060727193384E+00,   -0.1354727664268989828499912E-01,     -3.51%
   -0.1258333333333333303727386E+01,    0.3735721151418543994893184E+00,    0.3870863686460041530601472E+00,   -0.1351425350414975357082881E-01,     -3.49%
   -0.1256666666666666820617593E+01,    0.3742350564022131620411926E+00,    0.3877154513223250442699452E+00,   -0.1348039492011188222875262E-01,     -3.48%
   -0.1254999999999999893418590E+01,    0.3749000422097578111291227E+00,    0.3883457442160755945792516E+00,   -0.1344570200631778345012890E-01,     -3.46%
   -0.1253333333333333410308796E+01,    0.3755670732305463332956208E+00,    0.3889772491528939446503443E+00,   -0.1341017592234761135472354E-01,     -3.45%
   -0.1251666666666666483109793E+01,    0.3762361500829537463985730E+00,    0.3896099679545801941493721E+00,   -0.1337381787162644775079912E-01,     -3.43%
   -0.1250000000000000000000000E+01,    0.3769072733375934958210962E+00,    0.3902439024390244037832076E+00,   -0.1333662910143090796211141E-01,     -3.42%
   -0.1248333333333333516890207E+01,    0.3775804435172483985994063E+00,    0.3908790544201362626708374E+00,   -0.1329861090288786407143107E-01,     -3.40%
   -0.1246666666666666589691204E+01,    0.3782556610967912069654062E+00,    0.3915154257077729238467612E+00,   -0.1325976461098171688135494E-01,     -3.39%
   -0.1245000000000000106581410E+01,    0.3789329265031164406529740E+00,    0.3921530181076655630079131E+00,   -0.1322009160454912235493907E-01,     -3.37%
   -0.1243333333333333179382407E+01,    0.3796122401150686664905720E+00,    0.3927918334213478801508757E+00,   -0.1317959330627921366030364E-01,     -3.36%
   -0.1241666666666666696272614E+01,    0.3802936022633718327057295E+00,    0.3934318734460807154285078E+00,   -0.1313827118270888272277830E-01,     -3.34%
   -0.1240000000000000213162821E+01,    0.3809770132305606016309696E+00,    0.3940731399747792740306807E+00,   -0.1309612674421867239971107E-01,     -3.32%
   -0.1238333333333333285963818E+01,    0.3816624732509160122795322E+00,    0.3947156347959375755074518E+00,   -0.1305316154502156322791961E-01,     -3.31%
   -0.1236666666666666802854024E+01,    0.3823499825103943705606468E+00,    0.3953593596935525145141810E+00,   -0.1300937718315814395353414E-01,     -3.29%
   -0.1234999999999999875655021E+01,    0.3830395411465660759908758E+00,    0.3960043164470493093354264E+00,   -0.1296477530048323334455063E-01,     -3.27%
   -0.1233333333333333392545228E+01,    0.3837311492485498964910562E+00,    0.3966505068312031201394063E+00,   -0.1291935758265322364835015E-01,     -3.26%
   -0.1231666666666666465346225E+01,    0.3844248068569506848746187E+00,    0.3972979326160635538123245E+00,   -0.1287312575911286893770580E-01,     -3.24%
   -0.1229999999999999982236432E+01,    0.3851205139637979280031743E+00,    0.3979465955668748944340507E+00,   -0.1282608160307696643087638E-01,     -3.22%
   -0.1228333333333333499126638E+01,    0.3858182705124853506539750E+00,    0.3985964974439998864674806E+00,   -0.1277822693151453581350552E-01,     -3.21%
   -0.1226666666666666571927635E+01,    0.3865180763977125177888183E+00,    0.3992476400028391325669475E+00,   -0.1272956360512661477812912E-01,     -3.19%
   -0.1225000000000000088817842E+01,    0.3872199314654249380218687E+00,    0.3999000249937514905873570E+00,   -0.1268009352832655256548833E-01,     -3.17%
   -0.1223333333333333161618839E+01,    0.3879238355127597737137535E+00,    0.4005536541619750812159850E+00,   -0.1262981864921530750223155E-01,     -3.15%
   -0.1221666666666666678509046E+01,    0.3886297882879878873296775E+00,    0.4012085292475445208459917E+00,   -0.1257874095955663351631415E-01,     -3.14%
   -0.1220000000000000195399252E+01,    0.3893377894904607727788459E+00,    0.4018646519852113185855558E+00,   -0.1252686249475054580670985E-01,     -3.12%
   -0.1218333333333333268200249E+01,    0.3900478387705575422650384E+00,    0.4025220241043606095310281E+00,   -0.1247418533380306726598974E-01,     -3.10%
   -0.1216666666666666785090456E+01,    0.3907599357296306918918560E+00,    0.4031806473289281100846893E+00,   -0.1242071159929741819283322E-01,     -3.08%
   -0.1214999999999999857891453E+01,    0.3914740799199598053625948E+00,    0.4038405233773184055401373E+00,   -0.1236644345735860017754248E-01,     -3.06%
   -0.1213333333333333374781660E+01,    0.3921902708446963203847702E+00,    0.4045016539623184637086695E+00,   -0.1231138311762214332389931E-01,     -3.04%
   -0.1211666666666666447582656E+01,    0.3929085079578185646376198E+00,    0.4051640407910153118820062E+00,   -0.1225553283319674724438642E-01,     -3.02%
   -0.1209999999999999964472863E+01,    0.3936287906640840716931962E+00,    0.4058276855647092173917656E+00,   -0.1219889490062514569856944E-01,     -3.01%
   -0.1208333333333333481363070E+01,    0.3943511183189823410266683E+00,    0.4064925899788284779923231E+00,   -0.1214147165984613696565475E-01,     -2.99%
   -0.1206666666666666554164067E+01,    0.3950754902286913172737570E+00,    0.4071587557228425469091349E+00,   -0.1208326549415122963537783E-01,     -2.97%
   -0.1205000000000000071054274E+01,    0.3958019056500311494417588E+00,    0.4078261844801745472643972E+00,   -0.1202427883014339782263846E-01,     -2.95%
   -0.1203333333333333143855270E+01,    0.3965303637904260547486501E+00,    0.4084948779281140640584624E+00,   -0.1196451413768800930981229E-01,     -2.93%
   -0.1201666666666666660745477E+01,    0.3972608638078575227225997E+00,    0.4091648377377276601940537E+00,   -0.1190397392987013747145397E-01,     -2.91%
   -0.1200000000000000177635684E+01,    0.3979934048108289545986338E+00,    0.4098360655737704472123539E+00,   -0.1184266076294149261372013E-01,     -2.89%
   -0.1198333333333333250436681E+01,    0.3987279858583240299552131E+00,    0.4105085630945960462057087E+00,   -0.1178057723627201625049565E-01,     -2.87%
   -0.1196666666666666767326888E+01,    0.3994646059597685705533365E+00,    0.4111823319520652164626995E+00,   -0.1171772599229664590936295E-01,     -2.85%
   -0.1194999999999999840127884E+01,    0.4002032640749961234227783E+00,    0.4118573737914560384254514E+00,   -0.1165410971645991500267314E-01,     -2.83%
   -0.1193333333333333357018091E+01,    0.4009439591142109904353674E+00,    0.4125336902513705439332625E+00,   -0.1158973113715955349789510E-01,     -2.81%
   -0.1191666666666666873908298E+01,    0.4016866899379547550807956E+00,    0.4132112829636431228230720E+00,   -0.1152459302568836774227634E-01,     -2.79%
   -0.1189999999999999946709295E+01,    0.4024314553570723651532148E+00,    0.4138901535532469311284842E+00,   -0.1145869819617456597526939E-01,     -2.77%
   -0.1188333333333333463599502E+01,    0.4031782541326811020176990E+00,    0.4145703036381997996784321E+00,   -0.1139204950551869766073310E-01,     -2.75%
   -0.1186666666666666536400498E+01,    0.4039270849761391057874960E+00,    0.4152517348294699761623860E+00,   -0.1132464985333087037489008E-01,     -2.73%
   -0.1185000000000000053290705E+01,    0.4046779465490180638376216E+00,    0.4159344487308799798164216E+00,   -0.1125650218186191597879997E-01,     -2.71%
   -0.1183333333333333126091702E+01,    0.4054308374630708478036922E+00,    0.4166184469390117883769165E+00,   -0.1118760947594094057322422E-01,     -2.69%
   -0.1181666666666666642981909E+01,    0.4061857562802098642329440E+00,    0.4173037310431086388540223E+00,   -0.1111797476289877462107825E-01,     -2.66%
   -0.1180000000000000159872116E+01,    0.4069427015124769675402661E+00,    0.4179903026249790487511859E+00,   -0.1104760111250208121091987E-01,     -2.64%
   -0.1178333333333333232673112E+01,    0.4077016716220202008358342E+00,    0.4186781632588977841713529E+00,   -0.1097649163687758333551869E-01,     -2.62%
   -0.1176666666666666749563319E+01,    0.4084626650210705367527453E+00,    0.4193673145115068834343219E+00,   -0.1090464949043634668157665E-01,     -2.60%
   -0.1174999999999999822364316E+01,    0.4092256800719190623638610E+00,    0.4200577579417171247833096E+00,   -0.1083207786979806241944857E-01,     -2.58%
   -0.1173333333333333339254523E+01,    0.4099907150868969951673648E+00,    0.4207494951006058858666847E+00,   -0.1075878001370889069931991E-01,     -2.56%
   -0.1171666666666666856144730E+01,    0.4107577683283540337377815E+00,    0.4214425275313183893999280E+00,   -0.1068475920296435566214655E-01,     -2.54%
   -0.1169999999999999928945726E+01,    0.4115268380086418709140617E+00,    0.4221368567689645079354932E+00,   -0.1061001876032263702143155E-01,     -2.51%
   -0.1168333333333333445835933E+01,    0.4122979222900934881401724E+00,    0.4228324843405164012999364E+00,   -0.1053456205042291315976399E-01,     -2.49%
   -0.1166666666666666518636930E+01,    0.4130710192850110540341291E+00,    0.4235294117647059319864411E+00,   -0.1045839247969487795231203E-01,     -2.47%
   -0.1165000000000000035527137E+01,    0.4138461270556471061077275E+00,    0.4242276405519201376570493E+00,   -0.1038151349627303154932179E-01,     -2.45%
   -0.1163333333333333552417344E+01,    0.4146232436141921717798198E+00,    0.4249271722040972032452544E+00,   -0.1030392858990503146543460E-01,     -2.42%
   -0.1161666666666666625218340E+01,    0.4154023669227627224564969E+00,    0.4256280082146205456794519E+00,   -0.1022564129185782322295495E-01,     -2.40%
   -0.1160000000000000142108547E+01,    0.4161834948933875177878861E+00,    0.4263301500682127875840877E+00,   -0.1014665517482526979620161E-01,     -2.38%
   -0.1158333333333333214909544E+01,    0.4169666253880002781961878E+00,    0.4270335992408292313804452E+00,   -0.1006697385282895318425744E-01,     -2.36%
   -0.1156666666666666731799751E+01,    0.4177517562184266952662881E+00,    0.4277383571995494460082909E+00,   -0.9986600981122750742002836E-02,     -2.33%
   -0.1154999999999999804600748E+01,    0.4185388851463806014763236E+00,    0.4284444254024700748928467E+00,   -0.9905540256089473416523106E-02,     -2.31%
   -0.1153333333333333321490954E+01,    0.4193280098834533120566448E+00,    0.4291518052985943132426883E+00,   -0.9823795415141001186043468E-02,     -2.29%
   -0.1151666666666666838381161E+01,    0.4201191280911110714768597E+00,    0.4298604983277231061933321E+00,   -0.9741370236612034716472408E-02,     -2.27%
   -0.1149999999999999911182158E+01,    0.4209122373806891137526520E+00,    0.4305705059203445150828315E+00,   -0.9658268539655401330179529E-02,     -2.24%
   -0.1148333333333333428072365E+01,    0.4217073353133877211540437E+00,    0.4312818294975206967478698E+00,   -0.9574494184132975593826131E-02,     -2.22%
   -0.1146666666666666500873362E+01,    0.4225044194002736119841757E+00,    0.4319944704707781024666247E+00,   -0.9490051070504490482449000E-02,     -2.20%
   -0.1145000000000000017763568E+01,    0.4233034871022739453749750E+00,    0.4327084302419922368088123E+00,   -0.9404943139718291433837294E-02,     -2.17%
   -0.1143333333333333534653775E+01,    0.4241045358301811507573120E+00,    0.4334237102032756361325028E+00,   -0.9319174373094485375190743E-02,     -2.15%
   -0.1141666666666666607454772E+01,    0.4249075629446525392829415E+00,    0.4341403117368627939676173E+00,   -0.9232748792210254684675874E-02,     -2.13%
   -0.1140000000000000124344979E+01,    0.4257125657562126352928544E+00,    0.4348582362149938651540992E+00,   -0.9145670458781229861244810E-02,     -2.10%
   -0.1138333333333333197145976E+01,    0.4265195415252575616982256E+00,    0.4355774849998004238926796E+00,   -0.9057943474542862194454074E-02,     -2.08%
   -0.1136666666666666714036182E+01,    0.4273284874620607021178387E+00,    0.4362980594431867253923940E+00,   -0.8969571981126023274555337E-02,     -2.06%
   -0.1134999999999999786837179E+01,    0.4281394007267784740378147E+00,    0.4370199608867135765422063E+00,   -0.8880560159935102504391580E-02,     -2.03%
   -0.1133333333333333303727386E+01,    0.4289522784294577117947256E+00,    0.4377431906614785983578031E+00,   -0.8790912232020886563077511E-02,     -2.01%
   -0.1131666666666666820617593E+01,    0.4297671176300444928486399E+00,    0.4384677500879979872294712E+00,   -0.8700632457953494380831216E-02,     -1.98%
   -0.1129999999999999893418590E+01,    0.4305839153383936301899837E+00,    0.4391936404760860002127743E+00,   -0.8609725137692370022790556E-02,     -1.96%
   -0.1128333333333333410308796E+01,    0.4314026685142797190586350E+00,    0.4399208631247333856073567E+00,   -0.8518194610453666548721685E-02,     -1.94%
   -0.1126666666666666483109793E+01,    0.4322233740674103485979174E+00,    0.4406494193219875343814351E+00,   -0.8426045254577185783517734E-02,     -1.91%
   -0.1125000000000000000000000E+01,    0.4330460288574372040848459E+00,    0.4413793103448275800815281E+00,   -0.8333281487390375996682224E-02,     -1.89%
   -0.1123333333333333516890207E+01,    0.4338706296939738304985212E+00,    0.4421105374590432735004697E+00,   -0.8239907765069443001948457E-02,     -1.86%
   -0.1121666666666666589691204E+01,    0.4346971733366078449734005E+00,    0.4428431019191098050313826E+00,   -0.8145928582501960057982160E-02,     -1.84%
   -0.1120000000000000106581410E+01,    0.4355256564949211983694966E+00,    0.4435770049680623494658960E+00,   -0.8051348473141151096399426E-02,     -1.82%
   -0.1118333333333333179382407E+01,    0.4363560758285051077720595E+00,    0.4443122478373718875488407E+00,   -0.7956172008866779776781186E-02,     -1.79%
   -0.1116666666666666696272614E+01,    0.4371884279469814282848006E+00,    0.4450488317468166976631494E+00,   -0.7860403799835269378348812E-02,     -1.77%
   -0.1115000000000000213162821E+01,    0.4380227094100216933547642E+00,    0.4457867579043562900054098E+00,   -0.7764048494334596650645608E-02,     -1.74%
   -0.1113333333333333285963818E+01,    0.4388589167273715396788702E+00,    0.4465260275060033423599748E+00,   -0.7667110778631802681104546E-02,     -1.72%
   -0.1111666666666666802854024E+01,    0.4396970463588694699730297E+00,    0.4472666417356927492932073E+00,   -0.7569595376823279320177562E-02,     -1.69%
   -0.1109999999999999875655021E+01,    0.4405370947144732207689799E+00,    0.4480086017651538909944975E+00,   -0.7471507050680670225517588E-02,     -1.67%
   -0.1108333333333333392545228E+01,    0.4413790581542840762985236E+00,    0.4487519087537784612251812E+00,   -0.7372850599494384926657631E-02,     -1.64%
   -0.1106666666666666465346225E+01,    0.4422229329885751791806570E+00,    0.4494965638484897940685414E+00,   -0.7273630859914614887884454E-02,     -1.62%
   -0.1104999999999999982236432E+01,    0.4430687154778149006162380E+00,    0.4502425681836089155218872E+00,   -0.7173852705794014905649192E-02,     -1.59%
   -0.1103333333333333499126638E+01,    0.4439164018326984817441883E+00,    0.4509899228807231486015894E+00,   -0.7073521048024666857401144E-02,     -1.57%
   -0.1101666666666666571927635E+01,    0.4447659882141785647746701E+00,    0.4517386290485506661340764E+00,   -0.6972640834372101359406315E-02,     -1.54%
   -0.1100000000000000088817842E+01,    0.4456174707334932816316098E+00,    0.4524886877828054321248885E+00,   -0.6871217049312150493278750E-02,     -1.52%
   -0.1098333333333333161618839E+01,    0.4464708454522006153553093E+00,    0.4532401001660621986388833E+00,   -0.6769254713861583283573964E-02,     -1.49%
   -0.1096666666666666678509046E+01,    0.4473261083822097639028925E+00,    0.4539928672676187271228798E+00,   -0.6666758885408963219987299E-02,     -1.47%
   -0.1095000000000000195399252E+01,    0.4481832554858182215973272E+00,    0.4547469901433588423955712E+00,   -0.6563734657540620798243935E-02,     -1.44%
   -0.1093333333333333268200249E+01,    0.4490422826757452523516179E+00,    0.4555024698356142098809585E+00,   -0.6460187159868957529340605E-02,     -1.42%
   -0.1091666666666666785090456E+01,    0.4499031858151682494728618E+00,    0.4562593073730236703511309E+00,   -0.6356121557855420878269115E-02,     -1.39%
   -0.1089999999999999857891453E+01,    0.4507659607177634808472533E+00,    0.4570175037703945175593390E+00,   -0.6251543052631036712085688E-02,     -1.37%
   -0.1088333333333333374781660E+01,    0.4516306031477421156772323E+00,    0.4577770600285601121370860E+00,   -0.6146456880817996459853703E-02,     -1.34%
   -0.1086666666666666447582656E+01,    0.4524971088198924129564205E+00,    0.4585379771342396604261182E+00,   -0.6040868314347247469697777E-02,     -1.32%
   -0.1084999999999999964472863E+01,    0.4533654733996188013200879E+00,    0.4593002560598927752621989E+00,   -0.5934782660273973942111070E-02,     -1.29%
   -0.1083333333333333481363070E+01,    0.4542356925029882308564311E+00,    0.4600638977635781445840735E+00,   -0.5828205260589913727642397E-02,     -1.27%
   -0.1081666666666666554164067E+01,    0.4551077616967696970462498E+00,    0.4608289031888080367060923E+00,   -0.5721141492038339659842450E-02,     -1.24%
   -0.1080000000000000071054274E+01,    0.4559816764984818138195521E+00,    0.4615952732644016953678090E+00,   -0.5613596765919881548256853E-02,     -1.22%
   -0.1078333333333333143855270E+01,    0.4568574323764383326995642E+00,    0.4623630089043410107407794E+00,   -0.5505576527902678041215268E-02,     -1.19%
   -0.1076666666666666660745477E+01,    0.4577350247497943280805544E+00,    0.4631321110076210278982956E+00,   -0.5397086257826699817741201E-02,     -1.17%
   -0.1075000000000000177635684E+01,    0.4586144489885946029517072E+00,    0.4639025804581036749318912E+00,   -0.5288131469509071980183990E-02,     -1.14%
   -0.1073333333333333250436681E+01,    0.4594957004138248146674073E+00,    0.4646744181243676052872615E+00,   -0.5178717710542790619854259E-02,     -1.11%
   -0.1071666666666666767326888E+01,    0.4603787742974597141376591E+00,    0.4654476248595575960109727E+00,   -0.5068850562097881873313554E-02,     -1.09%
   -0.1069999999999999840127884E+01,    0.4612636658625156593771521E+00,    0.4662222015012355558205570E+00,   -0.4958535638719896443404878E-02,     -1.06%
   -0.1068333333333333357018091E+01,    0.4621503702831040727438960E+00,    0.4669981488712265371709975E+00,   -0.4847778588122464427101477E-02,     -1.04%
   -0.1066666666666666873908298E+01,    0.4630388826844852312447642E+00,    0.4677754677754677459233790E+00,   -0.4736585090982514678614734E-02,     -1.01%
   -0.1064999999999999946709295E+01,    0.4639291981431236111532712E+00,    0.4685541590038538872775575E+00,   -0.4624960860730276124286320E-02,     -0.99%
   -0.1063333333333333463599502E+01,    0.4648213116867419558708718E+00,    0.4693342233300826782382842E+00,   -0.4512911643340722367412354E-02,     -0.96%
   -0.1061666666666666536400498E+01,    0.4657152182943817275706522E+00,    0.4701156615115003045701769E+00,   -0.4400443217118576999524748E-02,     -0.94%
   -0.1060000000000000053290705E+01,    0.4666109128964596175492829E+00,    0.4708984742889432695278629E+00,   -0.4287561392483651978579928E-02,     -0.91%
   -0.1058333333333333126091702E+01,    0.4675083903748282754264665E+00,    0.4716826623865833512105894E+00,   -0.4174272011755075784122937E-02,     -0.88%
   -0.1056666666666666642981909E+01,    0.4684076455628357060767541E+00,    0.4724682265117671753351658E+00,   -0.4060580948931469258411653E-02,     -0.86%
   -0.1055000000000000159872116E+01,    0.4693086732453889409200087E+00,    0.4732551673548584525441640E+00,   -0.3946494109469511624155302E-02,     -0.83%
   -0.1053333333333333232673112E+01,    0.4702114681590158218327247E+00,    0.4740434855890781062903727E+00,   -0.3832017430062284457648047E-02,     -0.81%
   -0.1051666666666666749563319E+01,    0.4711160249919287279496416E+00,    0.4748331818703415141413871E+00,   -0.3717156878412786191745454E-02,     -0.78%
   -0.1049999999999999822364316E+01,    0.4720223383840911890452219E+00,    0.4756242568370988021975165E+00,   -0.3601918453007613152294653E-02,     -0.76%
   -0.1048333333333333339254523E+01,    0.4729304029272838327813133E+00,    0.4764167111101700324837793E+00,   -0.3486308182886199702466001E-02,     -0.73%
   -0.1046666666666666856144730E+01,    0.4738402131651703874659631E+00,    0.4772105452925829993660045E+00,   -0.3370332127412611900041384E-02,     -0.71%
   -0.1044999999999999928945726E+01,    0.4747517635933689028604476E+00,    0.4780057599694077508090118E+00,   -0.3253996376038847948564126E-02,     -0.68%
   -0.1043333333333333445835933E+01,    0.4756650486595179194715399E+00,    0.4788023557075900549229175E+00,   -0.3137307048072135451377562E-02,     -0.66%
   -0.1041666666666666518636930E+01,    0.4765800627633519637171844E+00,    0.4796003330557869204220367E+00,   -0.3020270292434956704852311E-02,     -0.63%
   -0.1040000000000000035527137E+01,    0.4774968002567688274417890E+00,    0.4803996925441967880132665E+00,   -0.2902892287427960571477570E-02,     -0.60%
   -0.1038333333333333552417344E+01,    0.4784152554439058957491682E+00,    0.4812004346843925528531827E+00,   -0.2785179240486657104014512E-02,     -0.58%
   -0.1036666666666666625218340E+01,    0.4793354225812118674099338E+00,    0.4820025599691518669587253E+00,   -0.2667137387939999548791548E-02,     -0.55%
   -0.1035000000000000142108547E+01,    0.4802572958775231937167405E+00,    0.4828060688722857207721972E+00,   -0.2548772994762527055456758E-02,     -0.53%
   -0.1033333333333333214909544E+01,    0.4811808694941421826740680E+00,    0.4836109618484685790384958E+00,   -0.2430092354326396364427865E-02,     -0.50%
   -0.1031666666666666731799751E+01,    0.4821061375449096075840316E+00,    0.4844172393330650749909694E+00,   -0.2311101788155467406937760E-02,     -0.48%
   -0.1029999999999999804600748E+01,    0.4830330940962888064404979E+00,    0.4852249017419575372045415E+00,   -0.2191807645668730764043630E-02,     -0.45%
   -0.1028333333333333321490954E+01,    0.4839617331674404554497926E+00,    0.4860339494713706298689715E+00,   -0.2072216303930174419178911E-02,     -0.43%
   -0.1026666666666666838381161E+01,    0.4848920487303068349582702E+00,    0.4868443828976976583966518E+00,   -0.1952334167390823438381631E-02,     -0.40%
   -0.1024999999999999911182158E+01,    0.4858240347096918765323892E+00,    0.4876562023773239329393903E+00,   -0.1832167667632056407001073E-02,     -0.38%
   -0.1023333333333333428072365E+01,    0.4867576849833442076409540E+00,    0.4884694082464490771933185E+00,   -0.1711723263104869552364562E-02,     -0.35%
   -0.1021666666666666500873362E+01,    0.4876929933820415841161378E+00,    0.4892840008209098368041623E+00,   -0.1591007438868252688024540E-02,     -0.33%
   -0.1020000000000000017763568E+01,    0.4886299536896751005699002E+00,    0.4900999803960007783487640E+00,   -0.1470026706325677778863792E-02,     -0.30%
   -0.1018333333333333534653775E+01,    0.4895685596433364539237232E+00,    0.4909173472462944332050938E+00,   -0.1348787602957979281370626E-02,     -0.27%
   -0.1016666666666666607454772E+01,    0.4905088049334046518268337E+00,    0.4917361016254609973330503E+00,   -0.1227296692056345506216530E-02,     -0.25%
   -0.1015000000000000124344979E+01,    0.4914506832036333316970911E+00,    0.4925562437660849779419436E+00,   -0.1105560562451646244852554E-02,     -0.22%
   -0.1013333333333333197145976E+01,    0.4923941880512414659420983E+00,    0.4933777738794842271374819E+00,   -0.9835858282427611953835367E-03,     -0.20%
   -0.1011666666666666714036182E+01,    0.4933393130270024018457775E+00,    0.4942006921555249787658681E+00,   -0.8613791285225769200906143E-03,     -0.17%
   -0.1009999999999999786837179E+01,    0.4942860516353381750143114E+00,    0.4950249987624376624140154E+00,   -0.7389471270994873997040031E-03,     -0.15%
   -0.1008333333333333303727386E+01,    0.4952343973344081051735088E+00,    0.4958506938466306079860146E+00,   -0.6162965122225028125058088E-03,     -0.12%
   -0.1006666666666666820617593E+01,    0.4961843435362048859715856E+00,    0.4966777775325046384580219E+00,   -0.4934339962997524864363186E-03,     -0.10%
   -0.1004999999999999893418590E+01,    0.4971358836066492870031652E+00,    0.4975062499222647205421310E+00,   -0.3703663156154335389658172E-03,     -0.07%
   -0.1003333333333333410308796E+01,    0.4980890108656850223667334E+00,    0.4983361110957302830826166E+00,   -0.2471002300452607158831597E-03,     -0.05%
   -0.1001666666666666483109793E+01,    0.4990437185873747294451164E+00,    0.4991673611101483665208889E+00,   -0.1236425227736370757725126E-03,     -0.02%
   -0.1000000000000000000000000E+01,    0.5000000000000000000000000E+00,    0.5000000000000000000000000E+00,    0.0000000000000000000000000E+00,      0.00%
   -0.9983333333333330728009969E+00,    0.5009578482861599679765163E+00,    0.5008340277768117410062132E+00,    0.1238205093482269703031307E-03,      0.02%
   -0.9966666666666670337804135E+00,    0.5019172565828681209509909E+00,    0.5016694444289606646947277E+00,    0.2478121539074562562632309E-03,      0.05%
   -0.9950000000000001065814104E+00,    0.5028782179816579933628873E+00,    0.5025062499214834055294432E+00,    0.3719680601745878334440931E-03,      0.07%
   -0.9933333333333331793824073E+00,    0.5038407255286815322747884E+00,    0.5033444441958794257629961E+00,    0.4962813328021065117923172E-03,      0.10%
   -0.9916666666666662521834041E+00,    0.5048047722248130142475020E+00,    0.5041840271699172815189627E+00,    0.6207450548957327285393148E-03,      0.12%
   -0.9900000000000002131628207E+00,    0.5057703510257542944827946E+00,    0.5050249987374374471826854E+00,    0.7453522883168473001092025E-03,      0.15%
   -0.9883333333333332859638176E+00,    0.5067374548421387236984970E+00,    0.5058673587681568051266368E+00,    0.8700960739819185718602057E-03,      0.17%
   -0.9866666666666663587648145E+00,    0.5077060765396383956726822E+00,    0.5067111071074679173875666E+00,    0.9949694321704782851156779E-03,      0.20%
   -0.9850000000000003197442311E+00,    0.5086762089390696184310059E+00,    0.5075562435762411839235142E+00,    0.1119965362828434507491693E-02,      0.22%
   -0.9833333333333333925452280E+00,    0.5096478448165037145045630E+00,    0.5084027679706255575808882E+00,    0.1245076845878156923674851E-02,      0.24%
   -0.9816666666666664653462249E+00,    0.5106209769033737133625550E+00,    0.5092506800618458173701697E+00,    0.1370296841527895992385311E-02,      0.27%
   -0.9800000000000004263256415E+00,    0.5115955978865849296255419E+00,    0.5100999795960006188977331E+00,    0.1495618290584310727808770E-02,      0.29%
   -0.9783333333333334991266383E+00,    0.5125717004086299821707939E+00,    0.5109506662938618770652965E+00,    0.1621034114768105105497398E-02,      0.32%
   -0.9766666666666665719276352E+00,    0.5135492770676940432750257E+00,    0.5118027398506673764089214E+00,    0.1746537217026666866104279E-02,      0.34%
   -0.9749999999999996447286321E+00,    0.5145283204177750757679632E+00,    0.5126561999359181553970188E+00,    0.1872120481856920370944408E-02,      0.37%
   -0.9733333333333336057080487E+00,    0.5155088229687941892009917E+00,    0.5135110461931713388139542E+00,    0.1997776775622850387037488E-02,      0.39%
   -0.9716666666666666785090456E+00,    0.5164907771867124353093459E+00,    0.5143672782398350795673991E+00,    0.2123498946877355741946758E-02,      0.41%
   -0.9699999999999997513100425E+00,    0.5174741754936472704073935E+00,    0.5152248956669587265366772E+00,    0.2249279826688543870716330E-02,      0.44%
   -0.9683333333333337122894591E+00,    0.5184590102679867973378691E+00,    0.5160838980390243246887394E+00,    0.2375112228962472649129722E-02,      0.46%
   -0.9666666666666667850904560E+00,    0.5194452738445152206736566E+00,    0.5169442848937392254171641E+00,    0.2500988950775995256492479E-02,      0.48%
   -0.9649999999999998578914528E+00,    0.5204329585145232028864370E+00,    0.5178060557418219245207069E+00,    0.2626902772701278365730104E-02,      0.51%
   -0.9633333333333329306924497E+00,    0.5214220565259348738607059E+00,    0.5186692100667933402746712E+00,    0.2752846459141533586034711E-02,      0.53%
   -0.9616666666666668916718663E+00,    0.5224125600834265137351053E+00,    0.5195337473247618742533405E+00,    0.2878812758664639481764880E-02,      0.55%
   -0.9599999999999999644728632E+00,    0.5234044613485492325466453E+00,    0.5203996669442131350891145E+00,    0.3004794404336097457530741E-02,      0.58%
   -0.9583333333333330372738601E+00,    0.5243977524398523160087393E+00,    0.5212669683257920016927756E+00,    0.3130784114060314315963751E-02,      0.60%
   -0.9566666666666669982532767E+00,    0.5253924254330064602669381E+00,    0.5221356508420886832766428E+00,    0.3256774590917776990295351E-02,      0.62%
   -0.9550000000000000710542736E+00,    0.5263884723609322247028786E+00,    0.5230057138374236691547026E+00,    0.3382758523508555548175991E-02,      0.65%
   -0.9533333333333331438552705E+00,    0.5273858852139214903331776E+00,    0.5238771566276282376506401E+00,    0.3508728586293252682537513E-02,      0.67%
   -0.9516666666666671048346871E+00,    0.5283846559397677999925236E+00,    0.5247499784998270744296178E+00,    0.3634677439940725562905754E-02,      0.69%
   -0.9500000000000001776356839E+00,    0.5293847764438951442045322E+00,    0.5256241787122206687854487E+00,    0.3760597731674475419083592E-02,      0.72%
   -0.9483333333333332504366808E+00,    0.5303862385894844155842520E+00,    0.5264997564938627139241589E+00,    0.3886482095621701660093095E-02,      0.74%
   -0.9466666666666663232376777E+00,    0.5313890341976049702665819E+00,    0.5273767110444405048497174E+00,    0.4012323153164465416864459E-02,      0.76%
   -0.9450000000000002842170943E+00,    0.5323931550473459672900844E+00,    0.5282550415340524496699004E+00,    0.4138113513293517620184048E-02,      0.78%
   -0.9433333333333333570180912E+00,    0.5333985928759472638915895E+00,    0.5291347471029872462366939E+00,    0.4263845772960017654895637E-02,      0.81%
   -0.9416666666666664298190881E+00,    0.5344053393789348627151981E+00,    0.5300158268614967305154551E+00,    0.4389512517438132199742995E-02,      0.83%
   -0.9400000000000003907985047E+00,    0.5354133862102498087054414E+00,    0.5308982798895729438015678E+00,    0.4515106320676864903873593E-02,      0.85%
   -0.9383333333333334635995016E+00,    0.5364227249823896315206184E+00,    0.5317821052367243117586781E+00,    0.4640619745665319761940282E-02,      0.87%
   -0.9366666666666665364004984E+00,    0.5374333472665383526489791E+00,    0.5326673019217452731410845E+00,    0.4766045344793079507894618E-02,      0.89%
   -0.9349999999999996092014953E+00,    0.5384452445927059294206174E+00,    0.5335538689324923478096707E+00,    0.4891375660213581610946676E-02,      0.92%
   -0.9333333333333335701809119E+00,    0.5394584084498664777740373E+00,    0.5344418052256530993204819E+00,    0.5016603224213378453555379E-02,      0.94%
   -0.9316666666666666429819088E+00,    0.5404728302860950517327865E+00,    0.5353311097265202045392130E+00,    0.5141720559574847193573532E-02,      0.96%
   -0.9299999999999997157829057E+00,    0.5414885015087089747964910E+00,    0.5362217813287577516945248E+00,    0.5266720179951223101966207E-02,      0.98%
   -0.9283333333333336767623223E+00,    0.5425054134844053965736066E+00,    0.5371138188941719793234597E+00,    0.5391594590233417250146886E-02,      1.00%
   -0.9266666666666667495633192E+00,    0.5435235575394070650645517E+00,    0.5380072212524806829492263E+00,    0.5516336286926382115325396E-02,      1.03%
   -0.9249999999999998223643161E+00,    0.5445429249596009935174834E+00,    0.5389019872010779588222817E+00,    0.5640937758523034695201659E-02,      1.05%
   -0.9233333333333328951653129E+00,    0.5455635069906825673768935E+00,    0.5397981155048013901520676E+00,    0.5765391485881177224825933E-02,      1.07%
   -0.9216666666666668561447295E+00,    0.5465852948382995402099027E+00,    0.5406956048956982341380240E+00,    0.5889689942601306071878753E-02,      1.09%
   -0.9199999999999999289457264E+00,    0.5476082796682000264354429E+00,    0.5415944540727903877552762E+00,    0.6013825595409638680166609E-02,      1.11%
   -0.9183333333333330017467233E+00,    0.5486324526063729445368722E+00,    0.5424946617018361338935506E+00,    0.6137790904536810643321587E-02,      1.13%
   -0.9166666666666669627261399E+00,    0.5496578047391986743264169E+00,    0.5433962264150942189644411E+00,    0.6261578324104455361975852E-02,      1.15%
   -0.9150000000000000355271368E+00,    0.5506843271135968276297490E+00,    0.5442991468110873753971646E+00,    0.6385180302509452232584408E-02,      1.17%
   -0.9133333333333331083281337E+00,    0.5517120107371736859036560E+00,    0.5452034214543606260860997E+00,    0.6508589282813059817556223E-02,      1.19%
   -0.9116666666666670693075503E+00,    0.5527408465783708590990386E+00,    0.5461090488752426974627951E+00,    0.6631797703128161636243476E-02,      1.21%
   -0.9100000000000001421085472E+00,    0.5537708255666180523490993E+00,    0.5470160275696076546125823E+00,    0.6754797997010397736517007E-02,      1.23%
   -0.9083333333333332149095440E+00,    0.5548019385924836122114812E+00,    0.5479243559986303191422508E+00,    0.6877582593853293069230403E-02,      1.26%
   -0.9066666666666662877105409E+00,    0.5558341765078247398434996E+00,    0.5488340325885453507837042E+00,    0.7000143919279389059795449E-02,      1.28%
   -0.9050000000000002486899575E+00,    0.5568675301259423671140780E+00,    0.5497450557304048857076850E+00,    0.7122474395537481406392999E-02,      1.30%
   -0.9033333333333333214909544E+00,    0.5579019902217368098717998E+00,    0.5506574237798349535921716E+00,    0.7244566441901856279628191E-02,      1.32%
   -0.9016666666666663942919513E+00,    0.5589375475318582031647452E+00,    0.5515711350567890081109113E+00,    0.7366412475069195053833937E-02,      1.34%
   -0.9000000000000003552713679E+00,    0.5599741927548651521107104E+00,    0.5524861878453036778680030E+00,    0.7488004909561474242707391E-02,      1.36%
   -0.8983333333333334280723648E+00,    0.5610119165513820504997966E+00,    0.5534025803932539622209674E+00,    0.7609336158128088278829182E-02,      1.38%
   -0.8966666666666665008733617E+00,    0.5620507095442538458840431E+00,    0.5543203109121033200779038E+00,    0.7730398632150525806139285E-02,      1.39%
   -0.8949999999999995736743585E+00,    0.5630905623187052455591584E+00,    0.5552393775766579775421405E+00,    0.7851184742047268017017814E-02,      1.41%
   -0.8933333333333335346537751E+00,    0.5641314654225008107246708E+00,    0.5561597785248170167093917E+00,    0.7971686897683794015279091E-02,      1.43%
   -0.8916666666666666074547720E+00,    0.5651734093661044955325679E+00,    0.5570815118573252400224760E+00,    0.8091897508779255510091843E-02,      1.45%
   -0.8899999999999996802557689E+00,    0.5662163846228397412474465E+00,    0.5580045756375203724886092E+00,    0.8211808985319368758837300E-02,      1.47%
   -0.8883333333333336412351855E+00,    0.5672603816290512357412013E+00,    0.5589289678910831504765611E+00,    0.8331413737968085264640195E-02,      1.49%
   -0.8866666666666667140361824E+00,    0.5683053907842688934337616E+00,    0.5598546866057876325584175E+00,    0.8450704178481260875344105E-02,      1.51%
   -0.8849999999999997868371793E+00,    0.5693514024513692817208721E+00,    0.5607817297312455151470090E+00,    0.8569672720123766573863122E-02,      1.53%
   -0.8833333333333337478165959E+00,    0.5703984069567390458033174E+00,    0.5617100951786547780031356E+00,    0.8688311778084267800181806E-02,      1.55%
   -0.8816666666666668206175927E+00,    0.5714463945904451058765972E+00,    0.5626397808205475525866746E+00,    0.8806613769897553289922598E-02,      1.57%
   -0.8799999999999998934185896E+00,    0.5724953556063929749342378E+00,    0.5635707844905319952033551E+00,    0.8924571115860979730882718E-02,      1.58%
   -0.8783333333333329662195865E+00,    0.5735452802224989543589118E+00,    0.5645031039830400443335634E+00,    0.9042176239458910025348359E-02,      1.60%
   -0.8766666666666669271990031E+00,    0.5745961586208545579523843E+00,    0.5654367370530691827568148E+00,    0.9159421567785375195569486E-02,      1.62%
   -0.8750000000000000000000000E+00,    0.5756479809478978193482135E+00,    0.5663716814159291956798370E+00,    0.9276299531968623668376495E-02,      1.64%
   -0.8733333333333330728009969E+00,    0.5767007373145788262647216E+00,    0.5673079347469808242365730E+00,    0.9392802567598002028148585E-02,      1.66%
   -0.8716666666666670337804135E+00,    0.5777544177965310279176947E+00,    0.5682454946813798590810052E+00,    0.9508923115151168836689521E-02,      1.67%
   -0.8700000000000001065814104E+00,    0.5788090124342434306115024E+00,    0.5691843588138196796677448E+00,    0.9624653620423750943757568E-02,      1.69%
   -0.8683333333333331793824073E+00,    0.5798645112332294626611429E+00,    0.5701245246982695746851277E+00,    0.9739986534959887976015125E-02,      1.71%
   -0.8666666666666662521834041E+00,    0.5809209041642009463402019E+00,    0.5710659898477159490681743E+00,    0.9854914316484997272027613E-02,      1.73%
   -0.8650000000000002131628207E+00,    0.5819781811632397383604598E+00,    0.5720087517339014215878024E+00,    0.9969429429338316772657436E-02,      1.74%
   -0.8633333333333332859638176E+00,    0.5830363321319737002212946E+00,    0.5729528077870652547076702E+00,    0.1008352434490844551362443E-01,      1.76%
   -0.8616666666666663587648145E+00,    0.5840953469377497819792211E+00,    0.5738981553956790104820129E+00,    0.1019719154207077149720817E-01,      1.78%
   -0.8600000000000003197442311E+00,    0.5851552154138085493073618E+00,    0.5748447919061850930333435E+00,    0.1031042350762345627401828E-01,      1.79%
   -0.8583333333333333925452280E+00,    0.5862159273594629294024116E+00,    0.5757927146227357351193632E+00,    0.1042321273672719428304845E-01,      1.81%
   -0.8566666666666664653462249E+00,    0.5872774725402722939548994E+00,    0.5767419208069261005178419E+00,    0.1053555173334619343705754E-01,      1.83%
   -0.8550000000000004263256415E+00,    0.5883398406882213160784545E+00,    0.5776924076775318273035964E+00,    0.1064743301068948877485809E-01,      1.84%
   -0.8533333333333334991266383E+00,    0.5894030215018999374620989E+00,    0.5786441724102457939693522E+00,    0.1075884909165414349274670E-01,      1.86%
   -0.8516666666666665719276352E+00,    0.5904670046466802268980700E+00,    0.5795972121374096674983889E+00,    0.1086979250927055939968113E-01,      1.88%
   -0.8499999999999996447286321E+00,    0.5915317797548975686794392E+00,    0.5805515239477506694854014E+00,    0.1098025580714689919403781E-01,      1.89%
   -0.8483333333333336057080487E+00,    0.5925973364260292974847744E+00,    0.5815071048861132352314485E+00,    0.1109023153991606225332589E-01,      1.91%
   -0.8466666666666666785090456E+00,    0.5936636642268823260693011E+00,    0.5824639519531957798648136E+00,    0.1119971227368654620448751E-01,      1.92%
   -0.8449999999999997513100425E+00,    0.5947307526917660069898375E+00,    0.5834220621052786936999723E+00,    0.1130869058648731328986514E-01,      1.94%
   -0.8433333333333337122894591E+00,    0.5957985913226817586973993E+00,    0.5843814322539588879124040E+00,    0.1141715906872287078499539E-01,      1.95%
   -0.8416666666666667850904560E+00,    0.5968671695895059192693566E+00,    0.5853420592658834520349842E+00,    0.1152511032362246723437238E-01,      1.97%
   -0.8399999999999998578914528E+00,    0.5979364769301724891192862E+00,    0.5863039399624766501162298E+00,    0.1163253696769583900305634E-01,      1.98%
   -0.8383333333333329306924497E+00,    0.5990065027508582051751773E+00,    0.5872670711196739112835985E+00,    0.1173943163118429389157882E-01,      2.00%
   -0.8366666666666668916718663E+00,    0.6000772364261690583475684E+00,    0.5882314494676504912362702E+00,    0.1184578695851856711129813E-01,      2.01%
   -0.8349999999999999644728632E+00,    0.6011486672993276991761036E+00,    0.5891970716905536864516080E+00,    0.1195159560877401272449561E-01,      2.03%
   -0.8333333333333330372738601E+00,    0.6022207846823589560969481E+00,    0.5901639344262297193210998E+00,    0.1205685025612923677584831E-01,      2.04%
   -0.8316666666666669982532767E+00,    0.6032935778562789064238814E+00,    0.5911320342659533988438625E+00,    0.1216154359032550758001889E-01,      2.06%
   -0.8300000000000000710542736E+00,    0.6043670360712831701732739E+00,    0.5921013677541594466546826E+00,    0.1226566831712372351859131E-01,      2.07%
   -0.8283333333333331438552705E+00,    0.6054411485469364251343904E+00,    0.5930719313881672727362115E+00,    0.1236921715876915239817890E-01,      2.09%
   -0.8266666666666671048346871E+00,    0.6065159044723612558058790E+00,    0.5940437216179108581570745E+00,    0.1247218285445039764880448E-01,      2.10%
   -0.8250000000000001776356839E+00,    0.6075912930064329975365922E+00,    0.5950167348456674165646518E+00,    0.1257455816076558097194038E-01,      2.11%
   -0.8233333333333332504366808E+00,    0.6086673032779645886591879E+00,    0.5959909674257826139864846E+00,    0.1267633585218197467270329E-01,      2.13%
   -0.8216666666666663232376777E+00,    0.6097439243859043012108145E+00,    0.5969664156643990082784512E+00,    0.1277750872150529293236332E-01,      2.14%
   -0.8200000000000002842170943E+00,    0.6108211453995255890703220E+00,    0.5979430758191818240376847E+00,    0.1287806958034376503263729E-01,      2.15%
   -0.8183333333333333570180912E+00,    0.6118989553586221541436885E+00,    0.5989209440990481692068670E+00,    0.1297801125957398493682149E-01,      2.17%
   -0.8166666666666664298190881E+00,    0.6129773432737012361926077E+00,    0.5999000166638895903403750E+00,    0.1307732660981164585223269E-01,      2.18%
   -0.8150000000000003907985047E+00,    0.6140562981261777908414956E+00,    0.6008802896242994018294326E+00,    0.1317600850187838901206305E-01,      2.19%
   -0.8133333333333334635995016E+00,    0.6151358088685718872312691E+00,    0.6018617590413010143279848E+00,    0.1327404982727087290328427E-01,      2.21%
   -0.8116666666666665364004984E+00,    0.6162158644247029970486551E+00,    0.6028444209260696018404246E+00,    0.1337144349863339520823047E-01,      2.22%
   -0.8099999999999996092014953E+00,    0.6172964536898873921799691E+00,    0.6038282712396596529913495E+00,    0.1346818245022773918861958E-01,      2.23%
   -0.8083333333333335701809119E+00,    0.6183775655311345431641712E+00,    0.6048133058927295246931521E+00,    0.1356425963840501847101905E-01,      2.24%
   -0.8066666666666666429819088E+00,    0.6194591887873487356941382E+00,    0.6057995207452681052373578E+00,    0.1365966804208063045678045E-01,      2.25%
   -0.8049999999999997157829057E+00,    0.6205413122695235816905779E+00,    0.6067869116063168144492579E+00,    0.1375440066320676724131999E-01,      2.27%
   -0.8033333333333336767623223E+00,    0.6216239247609411933126466E+00,    0.6077754742336962667792477E+00,    0.1384845052724492653339894E-01,      2.28%
   -0.8016666666666667495633192E+00,    0.6227070150173780183067151E+00,    0.6087652043337318241711387E+00,    0.1394181068364619413557648E-01,      2.29%
   -0.7999999999999998223643161E+00,    0.6237905717672979077903506E+00,    0.6097560975609757072390948E+00,    0.1403447420632220055125572E-01,      2.30%
   -0.7983333333333328951653129E+00,    0.6248745837120592838687116E+00,    0.6107481495179333252920628E+00,    0.1412643419412595857664883E-01,      2.31%
   -0.7966666666666668561447295E+00,    0.6259590395261107609314877E+00,    0.6117413557547867197783376E+00,    0.1421768377132404115315012E-01,      2.32%
   -0.7949999999999999289457264E+00,    0.6270439278572026431390896E+00,    0.6127357117691212273768997E+00,    0.1430821608808141576218986E-01,      2.34%
   -0.7933333333333330017467233E+00,    0.6281292373265798811843297E+00,    0.6137312130056465919736297E+00,    0.1439802432093328921069997E-01,      2.35%
   -0.7916666666666669627261399E+00,    0.6292149565291916823994711E+00,    0.6147278548559229616188304E+00,    0.1448710167326872078064071E-01,      2.36%
   -0.7900000000000000355271368E+00,    0.6303010740338962358819686E+00,    0.6157256326580875516185642E+00,    0.1457544137580868426340430E-01,      2.37%
   -0.7883333333333331083281337E+00,    0.6313875783836613297950180E+00,    0.6167245416965750903770527E+00,    0.1466303668708623941796532E-01,      2.38%
   -0.7866666666666670693075503E+00,    0.6324744580957739614746060E+00,    0.6177245772018447045326184E+00,    0.1474988089392925694198766E-01,      2.39%
   -0.7850000000000001421085472E+00,    0.6335617016620446184660409E+00,    0.6187257343501059159152078E+00,    0.1483596731193870255083311E-01,      2.40%
   -0.7833333333333332149095440E+00,    0.6346492975490132248950204E+00,    0.6197280082630401976118151E+00,    0.1492128928597302728320528E-01,      2.41%
   -0.7816666666666662877105409E+00,    0.6357372341981557539725145E+00,    0.6207313940075283031916342E+00,    0.1500584019062745078088028E-01,      2.42%
   -0.7800000000000002486899575E+00,    0.6368255000260963916147716E+00,    0.6217358865953740432175323E+00,    0.1508961343072234839723933E-01,      2.43%
   -0.7783333333333333214909544E+00,    0.6379140834248099301007073E+00,    0.6227414809830319475381089E+00,    0.1517260244177798256259848E-01,      2.44%
   -0.7766666666666663942919513E+00,    0.6390029727618351529372376E+00,    0.6237481720713292654423299E+00,    0.1525480069050588749490771E-01,      2.45%
   -0.7750000000000003552713679E+00,    0.6400921563804804481634392E+00,    0.6247559547051930728400748E+00,    0.1533620167528737532336436E-01,      2.45%
   -0.7733333333333334280723648E+00,    0.6411816226000394136619320E+00,    0.6257648236733784896657085E+00,    0.1541679892666092399622357E-01,      2.46%
   -0.7716666666666665008733617E+00,    0.6422713597159939169500831E+00,    0.6267747737081912351442270E+00,    0.1549658600780268180585608E-01,      2.47%
   -0.7699999999999995736743585E+00,    0.6433613560002315878705303E+00,    0.6277857994852159562171323E+00,    0.1557555651501563165339803E-01,      2.48%
   -0.7683333333333335346537751E+00,    0.6444515997012535413190903E+00,    0.6287978956230425575668619E+00,    0.1565370407821098375222846E-01,      2.49%
   -0.7666666666666666074547720E+00,    0.6455420790443898715338378E+00,    0.6298110566829950851541753E+00,    0.1573102236139478637966249E-01,      2.50%
   -0.7649999999999996802557689E+00,    0.6466327822320087070906425E+00,    0.6308252771688563909080472E+00,    0.1580750506315231618259531E-01,      2.51%
   -0.7633333333333336412351855E+00,    0.6477236974437307059915270E+00,    0.6318405515265967942184488E+00,    0.1588314591713391177307813E-01,      2.51%
   -0.7616666666666667140361824E+00,    0.6488148128366463263105857E+00,    0.6328568741441049638751792E+00,    0.1595793869254136243540643E-01,      2.52%
   -0.7599999999999997868371793E+00,    0.6499061165455234378995897E+00,    0.6338742393509129158246651E+00,    0.1603187719461052207492457E-01,      2.53%
   -0.7583333333333337478165959E+00,    0.6509975966830274796137701E+00,    0.6348926414179266730641871E+00,    0.1610495526510080654958301E-01,      2.54%
   -0.7566666666666668206175927E+00,    0.6520892413399359544001754E+00,    0.6359120745571578137145252E+00,    0.1617716678277814068565021E-01,      2.54%
   -0.7549999999999998934185896E+00,    0.6531810385853513700737949E+00,    0.6369325329214503561559013E+00,    0.1624850566390101391789358E-01,      2.55%
   -0.7533333333333329662195865E+00,    0.6542729764669191760972922E+00,    0.6379540106042135283459515E+00,    0.1631896586270564775134062E-01,      2.56%
   -0.7516666666666669271990031E+00,    0.6553650430110460334276468E+00,    0.6389765016391520946470450E+00,    0.1638854137189393878060173E-01,      2.56%
   -0.7500000000000000000000000E+00,    0.6564572262231157528944436E+00,    0.6400000000000000133226763E+00,    0.1645722622311573957176734E-01,      2.57%
   -0.7483333333333330728009969E+00,    0.6575495140877063438011874E+00,    0.6410244996002500972309690E+00,    0.1652501448745624657021835E-01,      2.58%
   -0.7466666666666670337804135E+00,    0.6586418945688088388834558E+00,    0.6420499942928886705217906E+00,    0.1659190027592016836166522E-01,      2.58%
   -0.7450000000000001065814104E+00,    0.6597343556100472294900783E+00,    0.6430764778701306694230766E+00,    0.1665787773991656006700168E-01,      2.59%
   -0.7433333333333331793824073E+00,    0.6608268851348960692959622E+00,    0.6441039440631509682688716E+00,    0.1672294107174510102709064E-01,      2.60%
   -0.7416666666666662521834041E+00,    0.6619194710468997433494565E+00,    0.6451323865418218117540050E+00,    0.1678708450507793159545145E-01,      2.60%
   -0.7400000000000002131628207E+00,    0.6630121012298945126772765E+00,    0.6461617989144480267427184E+00,    0.1685030231544648593455804E-01,      2.61%
   -0.7383333333333332859638176E+00,    0.6641047635482275612872627E+00,    0.6471921747275051206571561E+00,    0.1691258882072244063010658E-01,      2.61%
   -0.7366666666666663587648145E+00,    0.6651974458469791517956082E+00,    0.6482235074653742712413873E+00,    0.1697393838160488055422093E-01,      2.62%
   -0.7350000000000003197442311E+00,    0.6662901359521820054965247E+00,    0.6492557905500817572175265E+00,    0.1703434540210024827899815E-01,      2.62%
   -0.7333333333333333925452280E+00,    0.6673828216710461225247286E+00,    0.6502890173410403873432983E+00,    0.1709380433000573518143028E-01,      2.63%
   -0.7316666666666664653462249E+00,    0.6684754907921786060143177E+00,    0.6513231811347860444882940E+00,    0.1715230965739256152602366E-01,      2.63%
   -0.7300000000000004263256415E+00,    0.6695681310858068169267199E+00,    0.6523582751647202249145607E+00,    0.1720985592108659201215914E-01,      2.64%
   -0.7283333333333334991266383E+00,    0.6706607303040059697707420E+00,    0.6533942926008540208471231E+00,    0.1726643770315194892361887E-01,      2.64%
   -0.7266666666666665719276352E+00,    0.6717532761809136276909271E+00,    0.6544312265495477731747087E+00,    0.1732204963136585451621841E-01,      2.65%
   -0.7249999999999996447286321E+00,    0.6728457564329628493027258E+00,    0.6554690700532571634440160E+00,    0.1737668637970568585870978E-01,      2.65%
   -0.7233333333333336057080487E+00,    0.6739381587591013467175571E+00,    0.6565078160902769743856311E+00,    0.1743034266882437233192604E-01,      2.66%
   -0.7216666666666666785090456E+00,    0.6750304708410193033074620E+00,    0.6575474575744899574658575E+00,    0.1748301326652934584160448E-01,      2.66%
   -0.7199999999999997513100425E+00,    0.6761226803433714183100278E+00,    0.6585879873551107044349351E+00,    0.1753469298826071387509273E-01,      2.66%
   -0.7183333333333337122894591E+00,    0.6772147749140058348160665E+00,    0.6596293982164350699903821E+00,    0.1758537669757076482568436E-01,      2.67%
   -0.7166666666666667850904560E+00,    0.6783067421841891819767056E+00,    0.6606716828775921479532940E+00,    0.1763505930659703402341165E-01,      2.67%
   -0.7149999999999998578914528E+00,    0.6793985697688315061881781E+00,    0.6617148339922911404187289E+00,    0.1768373577654036576944918E-01,      2.67%
   -0.7133333333333329306924497E+00,    0.6804902452667148660125918E+00,    0.6627588441485761094895679E+00,    0.1773140111813875652302386E-01,      2.68%
   -0.7116666666666668916718663E+00,    0.6815817562607202617641633E+00,    0.6638037058685777314082088E+00,    0.1777805039214253035595448E-01,      2.68%
   -0.7099999999999999644728632E+00,    0.6826730903180550091846612E+00,    0.6648494116082707128256857E+00,    0.1782367870978429635897555E-01,      2.68%
   -0.7083333333333330372738601E+00,    0.6837642349904804461857566E+00,    0.6658959537572256559556649E+00,    0.1786828123325479023009166E-01,      2.68%
   -0.7066666666666669982532767E+00,    0.6848551778145393065244662E+00,    0.6669433246383683622227068E+00,    0.1791185317617094430175939E-01,      2.69%
   -0.7050000000000000710542736E+00,    0.6859459063117891997052311E+00,    0.6679915165077403571558534E+00,    0.1795438980404884254937770E-01,      2.69%
   -0.7033333333333331438552705E+00,    0.6870364079890235453618175E+00,    0.6690405215542555295016314E+00,    0.1799588643476801586018610E-01,      2.69%
   -0.7016666666666671048346871E+00,    0.6881266703385100491630055E+00,    0.6700903318994638757644111E+00,    0.1803633843904617339859442E-01,      2.69%
   -0.7000000000000001776356839E+00,    0.6892166808382123033283051E+00,    0.6711409395973153557690694E+00,    0.1807574124089694755923574E-01,      2.69%
   -0.6983333333333332504366808E+00,    0.6903064269520255979983858E+00,    0.6721923366339223049337193E+00,    0.1811409031810329306466656E-01,      2.69%
   -0.6966666666666663232376777E+00,    0.6913958961300055161558475E+00,    0.6732445149273272866352613E+00,    0.1815138120267822952058623E-01,      2.70%
   -0.6950000000000002842170943E+00,    0.6924850758085963065013857E+00,    0.6742974663272700563965145E+00,    0.1818760948132625010487118E-01,      2.70%
   -0.6933333333333333570180912E+00,    0.6935739534108673609580364E+00,    0.6753511826149597441215633E+00,    0.1822277079590761683647315E-01,      2.70%
   -0.6916666666666664298190881E+00,    0.6946625163467391450566879E+00,    0.6764056555028419293051911E+00,    0.1825686084389721575149679E-01,      2.70%
   -0.6900000000000003907985047E+00,    0.6957507520132185652173007E+00,    0.6774608766343740429149989E+00,    0.1828987537884452230230181E-01,      2.70%
   -0.6883333333333334635995016E+00,    0.6968386477946280077588881E+00,    0.6785168375838014354073380E+00,    0.1832181021082657235155011E-01,      2.70%
   -0.6866666666666665364004984E+00,    0.6979261910628424825375760E+00,    0.6795735298559304471410769E+00,    0.1835266120691203539649905E-01,      2.70%
   -0.6849999999999996092014953E+00,    0.6990133691775154423098115E+00,    0.6806309448859095834194477E+00,    0.1838242429160585889036383E-01,      2.70%
   -0.6833333333333335701809119E+00,    0.7001001694863184798833800E+00,    0.6816890740390075809074233E+00,    0.1841109544731089897595666E-01,      2.70%
   -0.6816666666666666429819088E+00,    0.7011865793251703671273845E+00,    0.6827479086103994676548723E+00,    0.1843867071477089947251216E-01,      2.70%
   -0.6799999999999997157829057E+00,    0.7022725860184722002088620E+00,    0.6838074398249454066700537E+00,    0.1846514619352679353880831E-01,      2.70%
   -0.6783333333333336767623223E+00,    0.7033581768793405464279545E+00,    0.6848676588369804196787527E+00,    0.1849051804236012674920175E-01,      2.70%
   -0.6766666666666667495633192E+00,    0.7044433392098423674099195E+00,    0.6859285567301023345265776E+00,    0.1851478247974003288334188E-01,      2.70%
   -0.6749999999999998223643161E+00,    0.7055280603012296092302336E+00,    0.6869901245169601766704659E+00,    0.1853793578426943255976767E-01,      2.70%
   -0.6733333333333328951653129E+00,    0.7066123274341709059598315E+00,    0.6880523531390480007630117E+00,    0.1855997429512290519681983E-01,      2.70%
   -0.6716666666666668561447295E+00,    0.7076961278789901665930984E+00,    0.6891152334664982781475828E+00,    0.1858089441249188844551554E-01,      2.70%
   -0.6699999999999999289457264E+00,    0.7087794488959011651729725E+00,    0.6901787562978811685354685E+00,    0.1860069259801999663750394E-01,      2.70%
   -0.6683333333333330017467233E+00,    0.7098622777352415758045368E+00,    0.6912429123599995728355339E+00,    0.1861936537524200296900290E-01,      2.69%
   -0.6666666666666669627261399E+00,    0.7109446016377072297132145E+00,    0.6923076923076920685673485E+00,    0.1863690933001516114586593E-01,      2.69%
   -0.6650000000000000355271368E+00,    0.7120264078345941438641375E+00,    0.6933730867236387318541802E+00,    0.1865332111095541200995740E-01,      2.69%
   -0.6633333333333331083281337E+00,    0.7131076835480261166821947E+00,    0.6944390861181628515907960E+00,    0.1866859742986326509139872E-01,      2.69%
   -0.6616666666666670693075503E+00,    0.7141884159911980889390293E+00,    0.6955056809290408592616473E+00,    0.1868273506215722967738202E-01,      2.69%
   -0.6600000000000001421085472E+00,    0.7152685923686106228558401E+00,    0.6965728615213150343166149E+00,    0.1869573084729558853922526E-01,      2.68%
   -0.6583333333333332149095440E+00,    0.7163481998763056024515095E+00,    0.6976406181871034339891935E+00,    0.1870758168920216846231597E-01,      2.68%
   -0.6566666666666662877105409E+00,    0.7174272257021031551360579E+00,    0.6987089411454171505866384E+00,    0.1871828455668600454941952E-01,      2.68%
   -0.6550000000000002486899575E+00,    0.7185056570258405717055439E+00,    0.6997778205419777908247170E+00,    0.1872783648386278088082690E-01,      2.68%
   -0.6533333333333333214909544E+00,    0.7195834810196102271362406E+00,    0.7008472464490406172998860E+00,    0.1873623457056960983635463E-01,      2.67%
   -0.6516666666666663942919513E+00,    0.7206606848479943927543445E+00,    0.7019172088652144703146973E+00,    0.1874347598277992243964718E-01,      2.67%
   -0.6500000000000003552713679E+00,    0.7217372556683050444092942E+00,    0.7029876977152896833089812E+00,    0.1874955795301536110031293E-01,      2.67%
   -0.6483333333333334280723648E+00,    0.7228131806308237816693918E+00,    0.7040587028500686628262883E+00,    0.1875447778075511884310345E-01,      2.66%
   -0.6466666666666665008733617E+00,    0.7238884468790355297684869E+00,    0.7051302140461940259896778E+00,    0.1875823283284150377880906E-01,      2.66%
   -0.6449999999999995736743585E+00,    0.7249630415498713453814617E+00,    0.7062022210059853977170974E+00,    0.1876082054388594766436427E-01,      2.66%
   -0.6433333333333335346537751E+00,    0.7260369517739444500392665E+00,    0.7072747133572757638475537E+00,    0.1876223841666868619171282E-01,      2.65%
   -0.6416666666666666074547720E+00,    0.7271101646757898162576339E+00,    0.7083476806532540415162202E+00,    0.1876248402253577474141366E-01,      2.65%
   -0.6399999999999996802557689E+00,    0.7281826673741048638888174E+00,    0.7094211123723044298827745E+00,    0.1876155500180043400604291E-01,      2.64%
   -0.6383333333333336412351855E+00,    0.7292544469819833841128798E+00,    0.7104949979178547536662336E+00,    0.1875944906412863044664618E-01,      2.64%
   -0.6366666666666667140361824E+00,    0.7303254906071628971275800E+00,    0.7115693266182272491704452E+00,    0.1875616398893564795713473E-01,      2.64%
   -0.6349999999999997868371793E+00,    0.7313957853522574659166366E+00,    0.7126440877264873519081334E+00,    0.1875169762577011400850324E-01,      2.63%
   -0.6333333333333337478165959E+00,    0.7324653183149985036237695E+00,    0.7137192704203010329422341E+00,    0.1874604789469747068153538E-01,      2.63%
   -0.6316666666666668206175927E+00,    0.7335340765884778013727896E+00,    0.7147948638017952438517000E+00,    0.1873921278668255752108962E-01,      2.62%
   -0.6299999999999998934185896E+00,    0.7346020472613842278164498E+00,    0.7158708568974158081843484E+00,    0.1873119036396841963210136E-01,      2.62%
   -0.6283333333333329662195865E+00,    0.7356692174182447585550904E+00,    0.7169472386577953049169309E+00,    0.1872197876044945363815941E-01,      2.61%
   -0.6266666666666669271990031E+00,    0.7367355741396639512430511E+00,    0.7180239979576203968036907E+00,    0.1871157618204355443936038E-01,      2.61%
   -0.6250000000000000000000000E+00,    0.7378011045025675285202738E+00,    0.7191011235955055980184625E+00,    0.1869998090706193050181128E-01,      2.60%
   -0.6233333333333330728009969E+00,    0.7388657955804370791597080E+00,    0.7201786042938650433953285E+00,    0.1868719128657203576437951E-01,      2.59%
   -0.6216666666666670337804135E+00,    0.7399296344435554173557534E+00,    0.7212564286987930284311688E+00,    0.1867320574476238892458468E-01,      2.59%
   -0.6200000000000001065814104E+00,    0.7409926081592462798752763E+00,    0.7223345853799479909795878E+00,    0.1865802277929828889568853E-01,      2.58%
   -0.6183333333333331793824073E+00,    0.7420547037921125799186939E+00,    0.7234130628304340504541869E+00,    0.1864164096167852946450694E-01,      2.58%
   -0.6166666666666662521834041E+00,    0.7431159084042805451630898E+00,    0.7244918494666937602843859E+00,    0.1862405893758678487870384E-01,      2.57%
   -0.6150000000000002131628207E+00,    0.7441762090556376385563908E+00,    0.7255709336283987509474969E+00,    0.1860527542723888760889395E-01,      2.56%
   -0.6133333333333332859638176E+00,    0.7452355928040778065835070E+00,    0.7266503035783490327403911E+00,    0.1858528922572877384311596E-01,      2.56%
   -0.6116666666666663587648145E+00,    0.7462940467057368465475520E+00,    0.7277299475023703001497211E+00,    0.1856409920336654639783092E-01,      2.55%
   -0.6100000000000003197442311E+00,    0.7473515578152389871036121E+00,    0.7288098535092192298279201E+00,    0.1854170430601975727569197E-01,      2.54%
   -0.6083333333333333925452280E+00,    0.7484081131859355862090410E+00,    0.7298900096304931084389978E+00,    0.1851810355544247777004330E-01,      2.54%
   -0.6066666666666664653462249E+00,    0.7494636998701450503190813E+00,    0.7309704038205387943705205E+00,    0.1849329604960625594856083E-01,      2.53%
   -0.6050000000000004263256415E+00,    0.7505183049193978606083988E+00,    0.7320510239563694510067648E+00,    0.1846728096302840960163394E-01,      2.52%
   -0.6033333333333334991266383E+00,    0.7515719153846763811444021E+00,    0.7331318578375867200946914E+00,    0.1844005754708966104971068E-01,      2.52%
   -0.6016666666666665719276352E+00,    0.7526245183166550001274686E+00,    0.7342128931863004526192640E+00,    0.1841162513035454750820463E-01,      2.51%
   -0.5999999999999996447286321E+00,    0.7536761007659432687333378E+00,    0.7352941176470589867975036E+00,    0.1838198311888428193583422E-01,      2.50%
   -0.5983333333333336057080487E+00,    0.7547266497833281517770843E+00,    0.7363755187867802032286590E+00,    0.1835113099654794854842521E-01,      2.49%
   -0.5966666666666666785090456E+00,    0.7557761524200143909979488E+00,    0.7374570840946895744494327E+00,    0.1831906832532481654851608E-01,      2.48%
   -0.5949999999999997513100425E+00,    0.7568245957278650903887751E+00,    0.7385388009822568822215771E+00,    0.1828579474560820816719797E-01,      2.48%
   -0.5933333333333337122894591E+00,    0.7578719667596461873060321E+00,    0.7396206567831430378490154E+00,    0.1825130997650314945701666E-01,      2.47%
   -0.5916666666666667850904560E+00,    0.7589182525692692582452992E+00,    0.7407026387531504552086403E+00,    0.1821561381611880303665885E-01,      2.46%
   -0.5899999999999998578914528E+00,    0.7599634402120268861224872E+00,    0.7417847340701728686696015E+00,    0.1817870614185401745288573E-01,      2.45%
   -0.5883333333333329306924497E+00,    0.7610075167448416832982616E+00,    0.7428669298341552540421162E+00,    0.1814058691068642925614540E-01,      2.44%
   -0.5866666666666668916718663E+00,    0.7620504692265036572607073E+00,    0.7439492130670545266823979E+00,    0.1810125615944913057830945E-01,      2.43%
   -0.5849999999999999644728632E+00,    0.7630922847179146817353512E+00,    0.7450315707128088993371762E+00,    0.1806071400510578239817505E-01,      2.42%
   -0.5833333333333330372738601E+00,    0.7641329502823269725908517E+00,    0.7461139896373059077205880E+00,    0.1801896064502106487026367E-01,      2.42%
   -0.5816666666666669982532767E+00,    0.7651724529855896683727678E+00,    0.7471964566283588737860555E+00,    0.1797599635723079458671236E-01,      2.41%
   -0.5800000000000000710542736E+00,    0.7662107798963881943876686E+00,    0.7482789583956899193140089E+00,    0.1793182150069827507365972E-01,      2.40%
   -0.5783333333333331438552705E+00,    0.7672479180864820724750075E+00,    0.7493614815709115362096782E+00,    0.1788643651557053626532934E-01,      2.39%
   -0.5766666666666671048346871E+00,    0.7682838546309544991430585E+00,    0.7504440127075183708527106E+00,    0.1783984192343612829034782E-01,      2.38%
   -0.5750000000000001776356839E+00,    0.7693185766084493781846732E+00,    0.7515265382808828942273749E+00,    0.1779203832756648395729826E-01,      2.37%
   -0.5733333333333332504366808E+00,    0.7703520711014127941851370E+00,    0.7526090446882527373873017E+00,    0.1774302641316005679783530E-01,      2.36%
   -0.5716666666666663232376777E+00,    0.7713843251963362623868647E+00,    0.7536915182487561315483049E+00,    0.1769280694758013083855985E-01,      2.35%
   -0.5700000000000002842170943E+00,    0.7724153259839970919742314E+00,    0.7547739452034113449840902E+00,    0.1764138078058574699014116E-01,      2.34%
   -0.5683333333333333570180912E+00,    0.7734450605597046335404343E+00,    0.7558563117151430033047177E+00,    0.1758874884456163023571662E-01,      2.33%
   -0.5666666666666664298190881E+00,    0.7744735160235334259226647E+00,    0.7569386038687974105343415E+00,    0.1753491215473601538832327E-01,      2.32%
   -0.5650000000000003907985047E+00,    0.7755006794805706649142962E+00,    0.7580208076711704157091276E+00,    0.1747987180940024920516862E-01,      2.31%
   -0.5633333333333334635995016E+00,    0.7765265380411582318842534E+00,    0.7591029090510369448097094E+00,    0.1742362899012128707454394E-01,      2.30%
   -0.5616666666666665364004984E+00,    0.7775510788211305035488863E+00,    0.7601848938591841964296236E+00,    0.1736618496194630711926266E-01,      2.28%
   -0.5599999999999996092014953E+00,    0.7785742889420573797920611E+00,    0.7612667478684532751387337E+00,    0.1730754107360410465332734E-01,      2.27%
   -0.5583333333333335701809119E+00,    0.7795961555314864233068306E+00,    0.7623484567737834893819127E+00,    0.1724769875770293392491794E-01,      2.26%
   -0.5566666666666666429819088E+00,    0.7806166657231837779917782E+00,    0.7634300061922656421842248E+00,    0.1718665953091813580755343E-01,      2.25%
   -0.5549999999999997157829057E+00,    0.7816358066573728669013121E+00,    0.7645113816631946557222932E+00,    0.1712442499417821117901894E-01,      2.24%
   -0.5533333333333336767623223E+00,    0.7826535654809784192664779E+00,    0.7655925686481334091482154E+00,    0.1706099683284501011826251E-01,      2.23%
   -0.5516666666666667495633192E+00,    0.7836699293478672778689997E+00,    0.7666735525309810173055780E+00,    0.1699637681688626056342173E-01,      2.22%
   -0.5499999999999998223643161E+00,    0.7846848854190857647239454E+00,    0.7677543186180423306907983E+00,    0.1693056680104343403314715E-01,      2.21%
   -0.5483333333333328951653129E+00,    0.7856984208631047073012610E+00,    0.7688348521381086486670142E+00,    0.1686356872499605863424676E-01,      2.19%
   -0.5466666666666668561447295E+00,    0.7867105228560568042084356E+00,    0.7699151382425402090348143E+00,    0.1679538461351659517362123E-01,      2.18%
   -0.5449999999999999289457264E+00,    0.7877211785819820955012460E+00,    0.7709951620053584475655839E+00,    0.1672601657662364793566212E-01,      2.17%
   -0.5433333333333330017467233E+00,    0.7887303752330601103182062E+00,    0.7720749084233374803787342E+00,    0.1665546680972262993947197E-01,      2.16%
   -0.5416666666666669627261399E+00,    0.7897381000098576686596630E+00,    0.7731543624161071326383876E+00,    0.1658373759375053602127537E-01,      2.14%
   -0.5400000000000000355271368E+00,    0.7907443401215651368474369E+00,    0.7742335088262619624543959E+00,    0.1651083129530317439304099E-01,      2.13%
   -0.5383333333333331083281337E+00,    0.7917490827862382340995850E+00,    0.7753123324194699517164509E+00,    0.1643675036676828238313419E-01,      2.12%
   -0.5366666666666670693075503E+00,    0.7927523152310363974137886E+00,    0.7763908178845936314260712E+00,    0.1636149734644276598771739E-01,      2.11%
   -0.5350000000000001421085472E+00,    0.7937540246924650322313255E+00,    0.7774689498338158699652922E+00,    0.1628507485864916226603327E-01,      2.09%
   -0.5333333333333332149095440E+00,    0.7947541984166119899413161E+00,    0.7785467128027682148783128E+00,    0.1620748561384377506300325E-01,      2.08%
   -0.5316666666666662877105409E+00,    0.7957528236593887083216714E+00,    0.7796240912506688935934562E+00,    0.1612873240871981472821517E-01,      2.07%
   -0.5300000000000002486899575E+00,    0.7967498876867685764224802E+00,    0.7807010695604650329926244E+00,    0.1604881812630354342985584E-01,      2.06%
   -0.5283333333333333214909544E+00,    0.7977453777750281860292603E+00,    0.7817776320389846489433694E+00,    0.1596774573604353708589088E-01,      2.04%
   -0.5266666666666663942919513E+00,    0.7987392812109845863233204E+00,    0.7828537629170873035633349E+00,    0.1588551829389728275998550E-01,      2.03%
   -0.5250000000000003552713679E+00,    0.7997315852922334267205429E+00,    0.7839294463498281961832959E+00,    0.1580213894240523053724701E-01,      2.02%
   -0.5233333333333334280723648E+00,    0.8007222773273884319777949E+00,    0.7850046664166280274699261E+00,    0.1571761091076040450786877E-01,      2.00%
   -0.5216666666666665008733617E+00,    0.8017113446363226536561797E+00,    0.7860794071214428635485660E+00,    0.1563193751487979010761364E-01,      1.99%
   -0.5199999999999995736743585E+00,    0.8026987745504005067331832E+00,    0.7871536523929474338245882E+00,    0.1554512215745307290859500E-01,      1.97%
   -0.5183333333333335346537751E+00,    0.8036845544127211304896719E+00,    0.7882273860847212043623244E+00,    0.1545716832799992612734741E-01,      1.96%
   -0.5166666666666666074547720E+00,    0.8046686715783546439695328E+00,    0.7893005919754439991820050E+00,    0.1536807960291064478752787E-01,      1.95%
   -0.5149999999999996802557689E+00,    0.8056511134145790675731291E+00,    0.7903732537690927317797218E+00,    0.1527785964548633579340731E-01,      1.93%
   -0.5133333333333336412351855E+00,    0.8066318673011177997622667E+00,    0.7914453550951491278553362E+00,    0.1518651220596867190693047E-01,      1.92%
   -0.5116666666666667140361824E+00,    0.8076109206303799803450261E+00,    0.7925168795088156636907684E+00,    0.1509404112156431665425771E-01,      1.90%
   -0.5099999999999997868371793E+00,    0.8085882608076934152663284E+00,    0.7935878104912309494167744E+00,    0.1500045031646246584955406E-01,      1.89%
   -0.5083333333333337478165959E+00,    0.8095638752515424974021130E+00,    0.7946581314496989900675317E+00,    0.1490574380184350733458132E-01,      1.88%
   -0.5066666666666668206175927E+00,    0.8105377513938065714427239E+00,    0.7957278257179232205942299E+00,    0.1480992567588335084849405E-01,      1.86%
   -0.5049999999999998934185896E+00,    0.8115098766799947460626186E+00,    0.7967968765562439825700380E+00,    0.1471300012375076349258052E-01,      1.85%
   -0.5033333333333329662195865E+00,    0.8124802385694821493800077E+00,    0.7978652671518871031253184E+00,    0.1461497141759504625468935E-01,      1.83%
   -0.5016666666666669271990031E+00,    0.8134488245357472946395205E+00,    0.7989329806192172478418456E+00,    0.1451584391653004679767491E-01,      1.82%
   -0.5000000000000000000000000E+00,    0.8144156220666063372704002E+00,    0.8000000000000000444089210E+00,    0.1441562206660629286147923E-01,      1.80%
   -0.4983333333333330728009969E+00,    0.8153806186644488862569347E+00,    0.8010663082636666487701405E+00,    0.1431431040078223748679420E-01,      1.79%
   -0.4966666666666670337804135E+00,    0.8163438018464711509736276E+00,    0.8021318883075905237234338E+00,    0.1421191353888062725019381E-01,      1.77%
   -0.4950000000000001065814104E+00,    0.8173051591449165265146348E+00,    0.8031967229573703237477389E+00,    0.1410843618754620276689593E-01,      1.76%
   -0.4933333333333331793824073E+00,    0.8182646781073040775922323E+00,    0.8042607949671147782311209E+00,    0.1400388314018929936111135E-01,      1.74%
   -0.4916666666666662521834041E+00,    0.8192223462966662372863880E+00,    0.8053240870197418965759084E+00,    0.1389825927692434071047956E-01,      1.73%
   -0.4900000000000002131628207E+00,    0.8201781512917815097907237E+00,    0.8063865817272799496606694E+00,    0.1379156956450156013005426E-01,      1.71%
   -0.4883333333333332859638176E+00,    0.8211320806874108368944576E+00,    0.8074482616311801086439459E+00,    0.1368381905623072825051167E-01,      1.69%
   -0.4866666666666663587648145E+00,    0.8220841220945281913046188E+00,    0.8085091092026305270579201E+00,    0.1357501289189766424669870E-01,      1.68%
   -0.4850000000000003197442311E+00,    0.8230342631405553888157556E+00,    0.8095691068428827463776543E+00,    0.1346515629767264243810132E-01,      1.66%
   -0.4833333333333333925452280E+00,    0.8239824914695946800335946E+00,    0.8106282368835847629284785E+00,    0.1335425458600991710511607E-01,      1.65%
   -0.4816666666666664653462249E+00,    0.8249287947426611200540947E+00,    0.8116864815871177585293594E+00,    0.1324231315554336152473525E-01,      1.63%
   -0.4800000000000004263256415E+00,    0.8258731606379168255216427E+00,    0.8127438231469438223442125E+00,    0.1312933749097300317743020E-01,      1.62%
   -0.4783333333333334991266383E+00,    0.8268155768509002356836390E+00,    0.8138002436879617773612949E+00,    0.1301533316293845832234410E-01,      1.60%
   -0.4766666666666665719276352E+00,    0.8277560310947608135379028E+00,    0.8148557252668653383409492E+00,    0.1290030582789547519695361E-01,      1.58%
   -0.4749999999999996447286321E+00,    0.8286945111004890840433745E+00,    0.8159102498725141483504331E+00,    0.1278426122797493569294147E-01,      1.57%
   -0.4733333333333336057080487E+00,    0.8296310046171462282416087E+00,    0.8169637994263097002800578E+00,    0.1266720519083652796155093E-01,      1.55%
   -0.4716666666666666785090456E+00,    0.8305654994120991174710866E+00,    0.8180163557825803621881278E+00,    0.1254914362951875528295886E-01,      1.53%
   -0.4699999999999997513100425E+00,    0.8314979832712457996635180E+00,    0.8190679007289705104710720E+00,    0.1243008254227528919244605E-01,      1.52%
   -0.4683333333333337122894591E+00,    0.8324284439992505335581541E+00,    0.8201184159868414313976359E+00,    0.1231002801240910216051816E-01,      1.50%
   -0.4666666666666667850904560E+00,    0.8333568694197716064664405E+00,    0.8211678832116787729589191E+00,    0.1218898620809283350752139E-01,      1.48%
   -0.4649999999999998578914528E+00,    0.8342832473756887079474609E+00,    0.8222162839935045486328136E+00,    0.1206696338218415931464733E-01,      1.47%
   -0.4633333333333329306924497E+00,    0.8352075657293357435762005E+00,    0.8232635998573013536017129E+00,    0.1194396587203438997448757E-01,      1.45%
   -0.4616666666666668916718663E+00,    0.8361298123627274314628721E+00,    0.8243098122634400226615981E+00,    0.1182000009928740880127407E-01,      1.43%
   -0.4599999999999999644728632E+00,    0.8370499751777894514859213E+00,    0.8253549026081214989858381E+00,    0.1169507256966795250008317E-01,      1.42%
   -0.4583333333333330372738601E+00,    0.8379680420965842646552346E+00,    0.8263988522238164824429418E+00,    0.1156918987276778221229279E-01,      1.40%
   -0.4566666666666669982532767E+00,    0.8388840010615399300775152E+00,    0.8274416423797220643265860E+00,    0.1144235868181786575092929E-01,      1.38%
   -0.4550000000000000710542736E+00,    0.8397978400356803652115900E+00,    0.8284832542822228029777420E+00,    0.1131458575345756223384797E-01,      1.37%
   -0.4533333333333331438552705E+00,    0.8407095470028479455848469E+00,    0.8295236690753576835888339E+00,    0.1118587792749026199601303E-01,      1.35%
   -0.4516666666666671048346871E+00,    0.8416191099679318776694004E+00,    0.8305628678412976251266286E+00,    0.1105624212663425254277172E-01,      1.33%
   -0.4500000000000001776356839E+00,    0.8425265169570952394906271E+00,    0.8316008316008315359724179E+00,    0.1092568535626370351820924E-01,      1.31%
   -0.4483333333333332504366808E+00,    0.8434317560180010220349800E+00,    0.8326375413138559222758772E+00,    0.1079421470414509975910278E-01,      1.30%
   -0.4466666666666663232376777E+00,    0.8443348152200355061225423E+00,    0.8336729778798772638737091E+00,    0.1066183734015824224883318E-01,      1.28%
   -0.4450000000000002842170943E+00,    0.8452356826545349699486565E+00,    0.8347071221385193862118967E+00,    0.1052856051601558373675971E-01,      1.26%
   -0.4433333333333333570180912E+00,    0.8461343464350129517370647E+00,    0.8357399548700424896097161E+00,    0.1039439156497046212734858E-01,      1.24%
   -0.4416666666666664298190881E+00,    0.8470307946973787416311552E+00,    0.8367714567958627336352606E+00,    0.1025933790151600799589460E-01,      1.23%
   -0.4400000000000003907985047E+00,    0.8479250156001645333248007E+00,    0.8378016085790881417594278E+00,    0.1012340702107639156537289E-01,      1.21%
   -0.4383333333333334635995016E+00,    0.8488169973247515764924742E+00,    0.8388303908250595020135165E+00,    0.9986606499692074478957693E-02,      1.19%
   -0.4366666666666665364004984E+00,    0.8497067280755878915243784E+00,    0.8398577840818954864943180E+00,    0.9848943993692405030060399E-02,      1.17%
   -0.4349999999999996092014953E+00,    0.8505941960804151991126787E+00,    0.8408837688410520927462244E+00,    0.9710427239363106366454303E-02,      1.15%
   -0.4333333333333335701809119E+00,    0.8514793895904869680535398E+00,    0.8419083255378856378570163E+00,    0.9571064052601330196523577E-02,      1.14%
   -0.4316666666666666429819088E+00,    0.8523622968807978983463158E+00,    0.8429314345522278539846184E+00,    0.9430862328570044361697455E-02,      1.12%
   -0.4299999999999997157829057E+00,    0.8532429062502944194790189E+00,    0.8439530762089628712629974E+00,    0.9289830041331548216021474E-02,      1.10%
   -0.4283333333333336767623223E+00,    0.8541212060221055057951389E+00,    0.8449732307786191887188920E+00,    0.9147975243486317076246905E-02,      1.08%
   -0.4266666666666667495633192E+00,    0.8549971845437573936266062E+00,    0.8459918784779666411921539E+00,    0.9005306065790752434452315E-02,      1.06%
   -0.4249999999999998223643161E+00,    0.8558708301873952928318090E+00,    0.8470089994706194724827242E+00,    0.8861830716775820349084825E-02,      1.05%
   -0.4233333333333328951653129E+00,    0.8567421313500038770882838E+00,    0.8480245738676518429954854E+00,    0.8717557482352034092798476E-02,      1.03%
   -0.4216666666666668561447295E+00,    0.8576110764536237773825178E+00,    0.8490385817282178892995148E+00,    0.8572494725405888083002992E-02,      1.01%
   -0.4199999999999999289457264E+00,    0.8584776539455750699048053E+00,    0.8500510030601836630737012E+00,    0.8426650885391406831104177E-02,      0.99%
   -0.4183333333333330017467233E+00,    0.8593418522986698837584640E+00,    0.8510618178207619566322251E+00,    0.8280034477907927126238974E-02,      0.97%
   -0.4166666666666669627261399E+00,    0.8602036600114346676093646E+00,    0.8520710059171595629479157E+00,    0.8132654094275104661448950E-02,      0.95%
   -0.4150000000000000355271368E+00,    0.8610630656083235745512638E+00,    0.8530785472072340835936188E+00,    0.7984518401089490957645012E-02,      0.94%
   -0.4133333333333331083281337E+00,    0.8619200576399400626215197E+00,    0.8540844215001519579288924E+00,    0.7835636139788104692627257E-02,      0.92%
   -0.4116666666666670693075503E+00,    0.8627746246832468379750480E+00,    0.8550886085570615913198367E+00,    0.7686016126185246655211358E-02,      0.90%
   -0.4100000000000001421085472E+00,    0.8636267553417890097122722E+00,    0.8560910880917728116301646E+00,    0.7535667250016198082107621E-02,      0.88%
   -0.4083333333333332149095440E+00,    0.8644764382459038110084748E+00,    0.8570918397714423209166057E+00,    0.7384598474461490091869109E-02,      0.86%
   -0.4066666666666662877105409E+00,    0.8653236620529375366928093E+00,    0.8580908432172689170869262E+00,    0.7232818835668619605883123E-02,      0.84%
   -0.4050000000000002486899575E+00,    0.8661684154474595942474480E+00,    0.8590880780051973752975414E+00,    0.7080337442262218949906583E-02,      0.82%
   -0.4033333333333333214909544E+00,    0.8670106871414774429851491E+00,    0.8600835236666316552245348E+00,    0.6927163474845787760614257E-02,      0.81%
   -0.4016666666666663942919513E+00,    0.8678504658746484246023556E+00,    0.8610771596891513279814490E+00,    0.6773306185497096620906632E-02,      0.79%
   -0.4000000000000003552713679E+00,    0.8686877404144928149776206E+00,    0.8620689655172411036687663E+00,    0.6618774897251711308854283E-02,      0.77%
   -0.3983333333333334280723648E+00,    0.8695224995566074310815452E+00,    0.8630589205530289076406802E+00,    0.6463579003578523440864956E-02,      0.75%
   -0.3966666666666665008733617E+00,    0.8703547321248765733514574E+00,    0.8640470041570262882402176E+00,    0.6307727967850285111239828E-02,      0.73%
   -0.3949999999999995736743585E+00,    0.8711844269716829680660908E+00,    0.8650331956488832574336811E+00,    0.6151231322799710632409642E-02,      0.71%
   -0.3933333333333335346537751E+00,    0.8720115729781179325641460E+00,    0.8660174743081481274487032E+00,    0.5994098669969805115442796E-02,      0.69%
   -0.3916666666666666074547720E+00,    0.8728361590541949821542289E+00,    0.8669998193750376724864282E+00,    0.5836339679157309667800746E-02,      0.67%
   -0.3899999999999996802557689E+00,    0.8736581741390541111513812E+00,    0.8679802100512110651919784E+00,    0.5677964087843045959402843E-02,      0.65%
   -0.3883333333333336412351855E+00,    0.8744776072011747336532039E+00,    0.8689586255005561366004940E+00,    0.5518981700618597052709902E-02,      0.64%
   -0.3866666666666667140361824E+00,    0.8752944472385855156915113E+00,    0.8699350448499845178673695E+00,    0.5359402388600997824141814E-02,      0.62%
   -0.3849999999999997868371793E+00,    0.8761086832790689893357694E+00,    0.8709094471902285583553294E+00,    0.5199236088840430980440033E-02,      0.60%
   -0.3833333333333337478165959E+00,    0.8769203043803692754210033E+00,    0.8718818115766526766208244E+00,    0.5038492803716598800178872E-02,      0.58%
   -0.3816666666666668206175927E+00,    0.8777292996304016936548464E+00,    0.8728521170300720388723903E+00,    0.4877182600329654782456146E-02,      0.56%
   -0.3799999999999998934185896E+00,    0.8785356581474569326317692E+00,    0.8738203425375743460534750E+00,    0.4715315609882586578294195E-02,      0.54%
   -0.3783333333333329662195865E+00,    0.8793393690804077733602639E+00,    0.8747864670533548325792594E+00,    0.4552902027052940781004509E-02,      0.52%
   -0.3766666666666669271990031E+00,    0.8801404216089144805224009E+00,    0.8757504694995571492555086E+00,    0.4389952109357331266892288E-02,      0.50%
   -0.3750000000000000000000000E+00,    0.8809388049436290835103591E+00,    0.8767123287671232390039222E+00,    0.4226476176505844506436915E-02,      0.48%
   -0.3733333333333330728009969E+00,    0.8817345083263993243960499E+00,    0.8776720237166486526803055E+00,    0.4062484609750671715744375E-02,      0.46%
   -0.3716666666666670337804135E+00,    0.8825275210304717177223210E+00,    0.8786295331792475238330553E+00,    0.3897987851224193889265734E-02,      0.44%
   -0.3700000000000001065814104E+00,    0.8833178323606976078963271E+00,    0.8795848359574280905803789E+00,    0.3732996403269517315948178E-02,      0.42%
   -0.3683333333333331793824073E+00,    0.8841054316537286794641659E+00,    0.8805379108259691056659335E+00,    0.3567520827759573798232395E-02,      0.41%
   -0.3666666666666662521834041E+00,    0.8848903082782285656193721E+00,    0.8814887365328112345252976E+00,    0.3401571745417331094074598E-02,      0.39%
   -0.3650000000000002131628207E+00,    0.8856724516350639175854553E+00,    0.8824372917999513399323064E+00,    0.3235159835112577653148946E-02,      0.37%
   -0.3633333333333332859638176E+00,    0.8864518511575131265445293E+00,    0.8833835553243489790986587E+00,    0.3068295833164147445870640E-02,      0.35%
   -0.3616666666666663587648145E+00,    0.8872284963114607236889242E+00,    0.8843275057788347881526647E+00,    0.2900990532625935536259476E-02,      0.33%
   -0.3600000000000003197442311E+00,    0.8880023765955991077447607E+00,    0.8852691218130310790712656E+00,    0.2733254782568028673495064E-02,      0.31%
   -0.3583333333333333925452280E+00,    0.8887734815416273859156604E+00,    0.8862083820542802081732248E+00,    0.2565099487347177742435633E-02,      0.29%
   -0.3566666666666664653462249E+00,    0.8895418007144485494919195E+00,    0.8871452651085768303929058E+00,    0.2396535605871719099013717E-02,      0.27%
   -0.3550000000000004263256415E+00,    0.8903073237123675376381016E+00,    0.8880797495615103676058766E+00,    0.2227574150857170032224985E-02,      0.25%
   -0.3533333333333334991266383E+00,    0.8910700401672891901583284E+00,    0.8890118139792168028279207E+00,    0.2058226188072387330407764E-02,      0.23%
   -0.3516666666666665719276352E+00,    0.8918299397449125365255895E+00,    0.8899414369093323617931901E+00,    0.1888502835580174732399428E-02,      0.21%
   -0.3499999999999996447286321E+00,    0.8925870121449260841117734E+00,    0.8908685968819600731194441E+00,    0.1718415262966010992329302E-02,      0.19%
   -0.3483333333333336057080487E+00,    0.8933412471012062150421684E+00,    0.8917932724106408803876889E+00,    0.1547974690565334654479557E-02,      0.17%
   -0.3466666666666666785090456E+00,    0.8940926343820070343326734E+00,    0.8927154419933344131621311E+00,    0.1377192388672621170542243E-02,      0.15%
   -0.3449999999999997513100425E+00,    0.8948411637901586557219957E+00,    0.8936350841134025335676938E+00,    0.1206079676756122154301920E-02,      0.13%
   -0.3433333333333337122894591E+00,    0.8955868251632548293628133E+00,    0.8945521772406045402092900E+00,    0.1034647922650289153523318E-02,      0.12%
   -0.3416666666666667850904560E+00,    0.8963296083738527819662067E+00,    0.8954666998320999216076643E+00,    0.8629085417528603585424207E-03,      0.10%
   -0.3399999999999998578914528E+00,    0.8970695033296560705338152E+00,    0.8963786303334528859920738E+00,    0.6908729962031845417413933E-03,      0.08%
   -0.3383333333333329306924497E+00,    0.8978064999737125351231271E+00,    0.8972879471796497696800543E+00,    0.5185527940627654430727489E-03,      0.06%
   -0.3366666666666668916718663E+00,    0.8985405882846025926724565E+00,    0.8981946287961195540816561E+00,    0.3459594884830385908003336E-03,      0.04%
   -0.3349999999999999644728632E+00,    0.8992717582766274198036172E+00,    0.8990986535997662620900428E+00,    0.1731046768611577135743573E-03,      0.02%
   -0.3333333333333330372738601E+00,    0.9000000000000006883382753E+00,    0.9000000000000001332267630E+00,    0.5551115123125782702118158E-15,      0.00%
   -0.3316666666666669982532767E+00,    0.9007253035410338615207593E+00,    0.9008986463997836757755522E+00,   -0.1733428587498142547929092E-03,     -0.02%
   -0.3300000000000000710542736E+00,    0.9014476590223294838466472E+00,    0.9017945711966813826521161E+00,   -0.3469121743518988054688634E-03,     -0.04%
   -0.3283333333333331438552705E+00,    0.9021670566029602600366388E+00,    0.9026877527839142212329193E+00,   -0.5206961809539611962804884E-03,     -0.06%
   -0.3266666666666671048346871E+00,    0.9028834864786619007759327E+00,    0.9035781695514233380350788E+00,   -0.6946830727614372591460778E-03,     -0.08%
   -0.3250000000000001776356839E+00,    0.9035969388820159764463824E+00,    0.9044657998869417570020346E+00,   -0.8688610049257805556521816E-03,     -0.10%
   -0.3233333333333332504366808E+00,    0.9043074040826367676615405E+00,    0.9053506221770665218784302E+00,   -0.1043218094429754216889705E-02,     -0.12%
   -0.3216666666666663232376777E+00,    0.9050148723873525646865801E+00,    0.9062326148083446053504986E+00,   -0.1217742420992040663918488E-02,     -0.13%
   -0.3200000000000002842170943E+00,    0.9057193341403910746834072E+00,    0.9071117561683597063648676E+00,   -0.1392422027968631681460465E-02,     -0.15%
   -0.3183333333333333570180912E+00,    0.9064207797235647179334705E+00,    0.9079880246468304827445195E+00,   -0.1567244923265764811048939E-02,     -0.17%
   -0.3166666666666664298190881E+00,    0.9071191995564474863655846E+00,    0.9088613986367080066486324E+00,   -0.1742199080260520283047754E-02,     -0.19%
   -0.3150000000000003907985047E+00,    0.9078145840965606838679491E+00,    0.9097318565352859875972058E+00,   -0.1917272438725303729256666E-02,     -0.21%
   -0.3133333333333334635995016E+00,    0.9085069238395522273066263E+00,    0.9105993767453153253654818E+00,   -0.2092452905763098058855576E-02,     -0.23%
   -0.3116666666666665364004984E+00,    0.9091962093193767247001347E+00,    0.9114639376761214384359278E+00,   -0.2267728356744713735793084E-02,     -0.25%
   -0.3099999999999996092014953E+00,    0.9098824311084743321487167E+00,    0.9123255177447314734351380E+00,   -0.2443086636257141286421302E-02,     -0.27%
   -0.3083333333333335701809119E+00,    0.9105655798179504989420252E+00,    0.9131840953770054003513224E+00,   -0.2618515559054901409297145E-02,     -0.29%
   -0.3066666666666666429819088E+00,    0.9112456460977542693768783E+00,    0.9140396490087748793129663E+00,   -0.2794002911020609936088022E-02,     -0.31%
   -0.3049999999999997157829057E+00,    0.9119226206368523657275205E+00,    0.9148921570869834596351211E+00,   -0.2969536450131093907600643E-02,     -0.32%
   -0.3033333333333336767623223E+00,    0.9125964941634090443756122E+00,    0.9157415980708375480290329E+00,   -0.3145103907428503653420648E-02,     -0.34%
   -0.3016666666666667495633192E+00,    0.9132672574449599567358860E+00,    0.9165879504329604854362401E+00,   -0.3320692988000528700354153E-02,     -0.36%
   -0.2999999999999998223643161E+00,    0.9139349012885874534717345E+00,    0.9174311926605506206655605E+00,   -0.3496291371963167193825939E-02,     -0.38%
   -0.2983333333333328951653129E+00,    0.9145994165410953335992872E+00,    0.9182713032565473776358544E+00,   -0.3671886715452044036567258E-02,     -0.40%
   -0.2966666666666668561447295E+00,    0.9152607940891799298555043E+00,    0.9191082607408010973770729E+00,   -0.3847466651621167521568623E-02,     -0.42%
   -0.2949999999999999289457264E+00,    0.9159190248596085215382345E+00,    0.9199420436512500964809647E+00,   -0.4023018791641574942730131E-02,     -0.44%
   -0.2933333333333330017467233E+00,    0.9165740998193838695584645E+00,    0.9207726305450976145294817E+00,   -0.4198530725713744971017150E-02,     -0.46%
   -0.2916666666666669627261399E+00,    0.9172260099759202978120243E+00,    0.9215999999999998637534304E+00,   -0.4373990024079565941406145E-02,     -0.47%
   -0.2900000000000000355271368E+00,    0.9178747463772126691239350E+00,    0.9224241306152568542486847E+00,   -0.4549384238044185124749674E-02,     -0.49%
   -0.2883333333333331083281337E+00,    0.9185203001120068044826894E+00,    0.9232450010130049955492382E+00,   -0.4724700900998191066548770E-02,     -0.51%
   -0.2866666666666670693075503E+00,    0.9191626623099660164939451E+00,    0.9240625898394183579398486E+00,   -0.4899927529452341445903585E-02,     -0.53%
   -0.2850000000000001421085472E+00,    0.9198018241418430829270392E+00,    0.9248768757659135975046638E+00,   -0.5075051624070514577624635E-02,     -0.55%
   -0.2833333333333332149095440E+00,    0.9204377768196445597226329E+00,    0.9256878374903575457111060E+00,   -0.5250060670712985988473065E-02,     -0.57%
   -0.2816666666666662877105409E+00,    0.9210705115967973144464054E+00,    0.9264954537382806831757875E+00,   -0.5424942141483368729382164E-02,     -0.59%
   -0.2800000000000002486899575E+00,    0.9217000197683162809880741E+00,    0.9272997032640947212556171E+00,   -0.5599683495778440267542919E-02,     -0.60%
   -0.2783333333333333214909544E+00,    0.9223262926709687725690401E+00,    0.9281005648523160678209365E+00,   -0.5774272181347295251896412E-02,     -0.62%
   -0.2766666666666663942919513E+00,    0.9229493216834367963485874E+00,    0.9288980173187876276941211E+00,   -0.5948695635350831345533607E-02,     -0.64%
   -0.2750000000000003552713679E+00,    0.9235690982264826986991579E+00,    0.9296920395119114832738205E+00,   -0.6122941285428784574662586E-02,     -0.66%
   -0.2733333333333334280723648E+00,    0.9241856137631125900355755E+00,    0.9304826103138827964045277E+00,   -0.6296996550770206368952131E-02,     -0.68%
   -0.2716666666666665008733617E+00,    0.9247988597987351067075679E+00,    0.9312697086419242653576589E+00,   -0.6470848843189158650091031E-02,     -0.69%
   -0.2699999999999995736743585E+00,    0.9254088278813237256059665E+00,    0.9320533134495295746191346E+00,   -0.6644485568205849013168063E-02,     -0.71%
   -0.2683333333333335346537751E+00,    0.9260155096015784126350923E+00,    0.9328334037277058454762368E+00,   -0.6817894126127432841144582E-02,     -0.73%
   -0.2666666666666666074547720E+00,    0.9266188965930837184714619E+00,    0.9336099585062240802102451E+00,   -0.6991061913140361738783213E-02,     -0.75%
   -0.2649999999999996802557689E+00,    0.9272189805324669853447972E+00,    0.9343829568548671637984171E+00,   -0.7163976322400178453619901E-02,     -0.77%
   -0.2633333333333336412351855E+00,    0.9278157531395571089305463E+00,    0.9351523778846851930879325E+00,   -0.7336624745128084157386184E-02,     -0.78%
   -0.2616666666666667140361824E+00,    0.9284092061775413018409608E+00,    0.9359182007492544697058179E+00,   -0.7508994571713167864857041E-02,     -0.80%
   -0.2599999999999997868371793E+00,    0.9289993314531217460938706E+00,    0.9366804046459349386566373E+00,   -0.7681073192813192562766744E-02,     -0.82%
   -0.2583333333333337478165959E+00,    0.9295861208166692479792914E+00,    0.9374389688171340662137254E+00,   -0.7852848000464818234434006E-02,     -0.84%
   -0.2566666666666668206175927E+00,    0.9301695661623793354166878E+00,    0.9381938725515744925687045E+00,   -0.8024306389195157152016691E-02,     -0.86%
   -0.2549999999999998934185896E+00,    0.9307496594284255797546734E+00,    0.9389450951855591309680449E+00,   -0.8195435757133551213371447E-02,     -0.87%
   -0.2533333333333329662195865E+00,    0.9313263925971123624591996E+00,    0.9396926161042433722769829E+00,   -0.8366223507131009817783251E-02,     -0.89%
   -0.2516666666666669271990031E+00,    0.9318997576950257544226019E+00,    0.9404364147429080666995560E+00,   -0.8536657047882312276954053E-02,     -0.91%
   -0.2500000000000000000000000E+00,    0.9324697467931883920755354E+00,    0.9411764705882352810561997E+00,   -0.8706723795046888980664335E-02,     -0.93%
   -0.2483333333333330728009969E+00,    0.9330363520072049166032002E+00,    0.9419127631795836119721343E+00,   -0.8876411172378695368934132E-02,     -0.94%
   -0.2466666666666670337804135E+00,    0.9335995654974142965443207E+00,    0.9426452721102682730247579E+00,   -0.9045706612853976480437268E-02,     -0.96%
   -0.2450000000000001065814104E+00,    0.9341593794690397078994692E+00,    0.9433739770288436243816932E+00,   -0.9214597559803916482223940E-02,     -0.98%
   -0.2433333333333331793824073E+00,    0.9347157861723313088120335E+00,    0.9440988576403822607474581E+00,   -0.9383071468050951935424564E-02,     -0.99%
   -0.2416666666666662521834041E+00,    0.9352687779027205605686390E+00,    0.9448198937077620929159139E+00,   -0.9551115805041532347274824E-02,     -1.01%
   -0.2400000000000002131628207E+00,    0.9358183470009590054772275E+00,    0.9455370650529499876313366E+00,   -0.9718718051990982154109133E-02,     -1.03%
   -0.2383333333333332859638176E+00,    0.9363644858532703674214304E+00,    0.9462503515582904034530998E+00,   -0.9885865705020036031669406E-02,     -1.04%
   -0.2366666666666663587648145E+00,    0.9369071868914878864487150E+00,    0.9469597331677908069735849E+00,   -0.1005254627630292052486993E-01,     -1.06%
   -0.2350000000000003197442311E+00,    0.9374464425932034217225919E+00,    0.9476651898884123070843088E+00,   -0.1021874729520888536171697E-01,     -1.08%
   -0.2333333333333333925452280E+00,    0.9379822454819076726906246E+00,    0.9483667017913592900413278E+00,   -0.1038445630945161735070315E-01,     -1.09%
   -0.2316666666666664653462249E+00,    0.9385145881271322876315821E+00,    0.9490642490133687214637348E+00,   -0.1054966088623643383215267E-01,     -1.11%
   -0.2300000000000004263256415E+00,    0.9390434631445909730018684E+00,    0.9497578117580015577559038E+00,   -0.1071434861341058475403543E-01,     -1.13%
   -0.2283333333333334991266383E+00,    0.9395688631963204917596499E+00,    0.9504473702969356008196655E+00,   -0.1087850710061510906001558E-01,     -1.14%
   -0.2266666666666665719276352E+00,    0.9400907809908169987522797E+00,    0.9511329049712546890305020E+00,   -0.1104212398043769027822236E-01,     -1.16%
   -0.2249999999999996447286321E+00,    0.9406092092831784823303565E+00,    0.9518143961927424401281428E+00,   -0.1120518690956395779778632E-01,     -1.18%
   -0.2233333333333336057080487E+00,    0.9411241408752375470214702E+00,    0.9524918244451734405942034E+00,   -0.1136768356993589357273322E-01,     -1.19%
   -0.2216666666666666785090456E+00,    0.9416355686157023008320266E+00,    0.9531651702856054342305470E+00,   -0.1152960166990313339852037E-01,     -1.21%
   -0.2199999999999997513100425E+00,    0.9421434854002880276979681E+00,    0.9538344143456696233585035E+00,   -0.1169092894538159566053537E-01,     -1.23%
   -0.2183333333333337122894591E+00,    0.9426478841718551882067345E+00,    0.9544995373328630794418359E+00,   -0.1185165316100789123510140E-01,     -1.24%
   -0.2166666666666667850904560E+00,    0.9431487579205429794271254E+00,    0.9551605200318387112190521E+00,   -0.1201176211129573179192676E-01,     -1.26%
   -0.2149999999999998578914528E+00,    0.9436460996839001191816010E+00,    0.9558173433056943446572973E+00,   -0.1217124362179422547569629E-01,     -1.27%
   -0.2133333333333329306924497E+00,    0.9441399025470170736085151E+00,    0.9564699880972625800623632E+00,   -0.1233008555024550645384807E-01,     -1.29%
   -0.2116666666666668916718663E+00,    0.9446301596426598390365825E+00,    0.9571184354303974295419266E+00,   -0.1248827578773759050534409E-01,     -1.30%
   -0.2099999999999999644728632E+00,    0.9451168641513996160341549E+00,    0.9577626664112632859371388E+00,   -0.1264580225986366990298393E-01,     -1.32%
   -0.2083333333333330372738601E+00,    0.9456000093017385976779110E+00,    0.9584026622296173414383702E+00,   -0.1280265292787874376045920E-01,     -1.34%
   -0.2066666666666669982532767E+00,    0.9460795883702430852935095E+00,    0.9590384041600954478923313E+00,   -0.1295881578985236259882186E-01,     -1.35%
   -0.2050000000000000710542736E+00,    0.9465555946816684995681612E+00,    0.9596698735634942023509097E+00,   -0.1311427888182570278274852E-01,     -1.37%
   -0.2033333333333331438552705E+00,    0.9470280216090865010869493E+00,    0.9602970518880507011516556E+00,   -0.1326903027896420006470635E-01,     -1.38%
   -0.2016666666666671048346871E+00,    0.9474968625740108896238212E+00,    0.9609199206707219609313597E+00,   -0.1342305809671107130753853E-01,     -1.40%
   -0.2000000000000001776356839E+00,    0.9479621110465210609419273E+00,    0.9615384615384614530597673E+00,   -0.1357635049194039211784002E-01,     -1.41%
   -0.1983333333333332504366808E+00,    0.9484237605453903485752676E+00,    0.9621526562094927514934284E+00,   -0.1372889566410240291816081E-01,     -1.43%
   -0.1966666666666663232376777E+00,    0.9488818046382014870232524E+00,    0.9627624864945819593842202E+00,   -0.1388068185638047236096781E-01,     -1.44%
   -0.1950000000000002842170943E+00,    0.9493362369414758417107691E+00,    0.9633679342983066939964942E+00,   -0.1403169735683085228572509E-01,     -1.46%
   -0.1933333333333333570180912E+00,    0.9497870511207913146733972E+00,    0.9639689816203247385573150E+00,   -0.1418193049953342388391775E-01,     -1.47%
   -0.1916666666666664298190881E+00,    0.9502342408909018045548578E+00,    0.9645656105566348115232245E+00,   -0.1433136966573300696836668E-01,     -1.49%
   -0.1900000000000003907985047E+00,    0.9506778000158579988720930E+00,    0.9651578033008394452707535E+00,   -0.1448000328498144639866041E-01,     -1.50%
   -0.1883333333333334635995016E+00,    0.9511177223091259458342961E+00,    0.9657455421454036459394388E+00,   -0.1462781983627770010514269E-01,     -1.51%
   -0.1866666666666665364004984E+00,    0.9515540016337012962921449E+00,    0.9663288094829066698920883E+00,   -0.1477480784920537359994341E-01,     -1.53%
   -0.1849999999999996092014953E+00,    0.9519866319022307621366963E+00,    0.9669075878072953544872803E+00,   -0.1492095590506459235058401E-01,     -1.54%
   -0.1833333333333335701809119E+00,    0.9524156070771234716687559E+00,    0.9674818597151302324022026E+00,   -0.1506625263800676073344675E-01,     -1.56%
   -0.1816666666666666429819088E+00,    0.9528409211706679871056735E+00,    0.9680516079068304247101651E+00,   -0.1521068673616243760449152E-01,     -1.57%
   -0.1799999999999997157829057E+00,    0.9532625682451441040399231E+00,    0.9686168151879116505753586E+00,   -0.1535424694276754653543549E-01,     -1.59%
   -0.1783333333333336767623223E+00,    0.9536805424129357611207070E+00,    0.9691774644702233487691956E+00,   -0.1549692205728758764848862E-01,     -1.60%
   -0.1766666666666667495633192E+00,    0.9540948378366451709808871E+00,    0.9697335387731793598931063E+00,   -0.1563870093653418891221918E-01,     -1.61%
   -0.1749999999999998223643161E+00,    0.9545054487292005118703742E+00,    0.9702850212249849448653549E+00,   -0.1577957249578443299498076E-01,     -1.63%
   -0.1733333333333328951653129E+00,    0.9549123693539676160924046E+00,    0.9708318950638592514934544E+00,   -0.1591952570989163540104983E-01,     -1.64%
   -0.1716666666666668561447295E+00,    0.9553155940248576616369292E+00,    0.9713741436392531181098775E+00,   -0.1605854961439545647294835E-01,     -1.65%
   -0.1699999999999999289457264E+00,    0.9557151171064360850593289E+00,    0.9719117504130625473379723E+00,   -0.1619663330662646227864343E-01,     -1.67%
   -0.1683333333333330017467233E+00,    0.9561109330140283857346617E+00,    0.9724446989608349634082174E+00,   -0.1633376594680657767355569E-01,     -1.68%
   -0.1666666666666669627261399E+00,    0.9565030362138278174910511E+00,    0.9729729729729728049392179E+00,   -0.1646993675914498744816683E-01,     -1.69%
   -0.1650000000000000355271368E+00,    0.9568914212229991944624885E+00,    0.9734965562559322327373934E+00,   -0.1660513503293303827490490E-01,     -1.71%
   -0.1633333333333331083281337E+00,    0.9572760826097816977409138E+00,    0.9740154327334119566117465E+00,   -0.1673935012363025887083268E-01,     -1.72%
   -0.1616666666666670693075503E+00,    0.9576570149935953457642768E+00,    0.9745295864475418401440265E+00,   -0.1687257145394649437974977E-01,     -1.73%
   -0.1600000000000001421085472E+00,    0.9580342130451394710988211E+00,    0.9750390015600622906077888E+00,   -0.1700478851492281950896768E-01,     -1.74%
   -0.1583333333333332149095440E+00,    0.9584076714864968593587946E+00,    0.9755436623534992079953554E+00,   -0.1713599086700234863656078E-01,     -1.76%
   -0.1566666666666662877105409E+00,    0.9587773850912316708772209E+00,    0.9760435532323310514613013E+00,   -0.1726616814109938058408034E-01,     -1.77%
   -0.1550000000000002486899575E+00,    0.9591433486844899158896283E+00,    0.9765386587241520199853539E+00,   -0.1739531003966210409572568E-01,     -1.78%
   -0.1533333333333333214909544E+00,    0.9595055571430970431379137E+00,    0.9770289634808285716971454E+00,   -0.1752340633773152855923172E-01,     -1.79%
   -0.1516666666666663942919513E+00,    0.9598640053956558615411154E+00,    0.9775144522796452850599280E+00,   -0.1765044688398942351881260E-01,     -1.81%
   -0.1500000000000003552713679E+00,    0.9602186884226403540409933E+00,    0.9779951100244497208535677E+00,   -0.1777642160180936681257435E-01,     -1.82%
   -0.1483333333333334280723648E+00,    0.9605696012564970409641774E+00,    0.9784709217467879582841306E+00,   -0.1790132049029091731995322E-01,     -1.83%
   -0.1466666666666665008733617E+00,    0.9609167389817310223065761E+00,    0.9789418726070310272646680E+00,   -0.1802513362530000495809190E-01,     -1.84%
   -0.1449999999999995736743585E+00,    0.9612600967350046765602656E+00,    0.9794079478954973438931120E+00,   -0.1814785116049266733284639E-01,     -1.85%
   -0.1433333333333335346537751E+00,    0.9615996697052299202468362E+00,    0.9798691330335659310790675E+00,   -0.1826946332833601083223130E-01,     -1.86%
   -0.1416666666666666074547720E+00,    0.9619354531336561375809424E+00,    0.9803254135747838660108755E+00,   -0.1838996044112772842993309E-01,     -1.88%
   -0.1399999999999996802557689E+00,    0.9622674423139651045389087E+00,    0.9807767752059632915262455E+00,   -0.1850933289199818698733679E-01,     -1.89%
   -0.1383333333333336412351855E+00,    0.9625956325923544776301810E+00,    0.9812232037482725433008568E+00,   -0.1862757115591806567067579E-01,     -1.90%
   -0.1366666666666667140361824E+00,    0.9629200193676329400105374E+00,    0.9816646851583207267211151E+00,   -0.1874466579068778671057771E-01,     -1.91%
   -0.1349999999999997868371793E+00,    0.9632405980913019138967002E+00,    0.9821012055292298592590328E+00,   -0.1886060743792794536233259E-01,     -1.92%
   -0.1333333333333337478165959E+00,    0.9635573642676455996536333E+00,    0.9825327510917029050219185E+00,   -0.1897538682405730536828514E-01,     -1.93%
   -0.1316666666666668206175927E+00,    0.9638703134538121330976423E+00,    0.9829593082150822613840546E+00,   -0.1908899476127012828641227E-01,     -1.94%
   -0.1299999999999998934185896E+00,    0.9641794412599028474275542E+00,    0.9833808634083981425888510E+00,   -0.1920142214849529516129678E-01,     -1.95%
   -0.1283333333333329662195865E+00,    0.9644847433490533195055150E+00,    0.9837974033214094138344308E+00,   -0.1931265997235609432891579E-01,     -1.96%
   -0.1266666666666669271990031E+00,    0.9647862154375135279593678E+00,    0.9842089147456365427757419E+00,   -0.1942269930812301481637405E-01,     -1.97%
   -0.1250000000000000000000000E+00,    0.9650838532947333403555490E+00,    0.9846153846153846700417489E+00,   -0.1953153132065132968619992E-01,     -1.98%
   -0.1233333333333330728009969E+00,    0.9653776527434400067662068E+00,    0.9850168000087557995669840E+00,   -0.1963914726531579280077722E-01,     -1.99%
   -0.1216666666666670337804135E+00,    0.9656676096597184288938820E+00,    0.9854131481486548826964622E+00,   -0.1974553848893645380258022E-01,     -2.00%
   -0.1200000000000001065814104E+00,    0.9659537199730885426163240E+00,    0.9858044164037854661941651E+00,   -0.1985069643069692357784106E-01,     -2.01%
   -0.1183333333333331793824073E+00,    0.9662359796665839217766347E+00,    0.9861905922896332388205565E+00,   -0.1995461262304931704392175E-01,     -2.02%
   -0.1166666666666662521834041E+00,    0.9665143847768261631259179E+00,    0.9865716634694438047503695E+00,   -0.2005727869261764162445161E-01,     -2.03%
   -0.1150000000000002131628207E+00,    0.9667889313941027129573058E+00,    0.9869476177551875784033086E+00,   -0.2015868636108486544600282E-01,     -2.04%
   -0.1133333333333332859638176E+00,    0.9670596156624394756917695E+00,    0.9873184431085172407804862E+00,   -0.2025882744607776508871666E-01,     -2.05%
   -0.1116666666666663587648145E+00,    0.9673264337796733114416270E+00,    0.9876841276417120951691686E+00,   -0.2035769386203878372754161E-01,     -2.06%
   -0.1100000000000003197442311E+00,    0.9675893819975253107301683E+00,    0.9880446596186147623086526E+00,   -0.2045527762108945157848439E-01,     -2.07%
   -0.1083333333333333925452280E+00,    0.9678484566216729589882561E+00,    0.9884000274555562182143831E+00,   -0.2055157083388325922612694E-01,     -2.08%
   -0.1066666666666664653462249E+00,    0.9681036540118169719804087E+00,    0.9887502197222710620394537E+00,   -0.2064656571045409005904503E-01,     -2.09%
   -0.1050000000000004263256415E+00,    0.9683549705817531272344922E+00,    0.9890952251428005714828373E+00,   -0.2074025456104744424834507E-01,     -2.10%
   -0.1033333333333334991266383E+00,    0.9686024027994417640030633E+00,    0.9894350325963874315249313E+00,   -0.2083262979694566752186802E-01,     -2.11%
   -0.1016666666666665719276352E+00,    0.9688459471870690675743276E+00,    0.9897696311183572515091100E+00,   -0.2092368393128818393478241E-01,     -2.11%
   -0.9999999999999964472863212E-01,    0.9690856003211202329694629E+00,    0.9900990099009900902160553E+00,   -0.2101340957986985724659235E-01,     -2.12%
   -0.9833333333333360570804871E-01,    0.9693213588324377516514119E+00,    0.9904231582943812117747484E+00,   -0.2110179946194346012333654E-01,     -2.13%
   -0.9666666666666667850904560E-01,    0.9695532194062909114862236E+00,    0.9907420658072897401424939E+00,   -0.2118884640099882865627023E-01,     -2.14%
   -0.9499999999999975131004248E-01,    0.9697811787824355267417786E+00,    0.9910557221079754341985790E+00,   -0.2127454332553990745680039E-01,     -2.15%
   -0.9333333333333371228945907E-01,    0.9700052337551767767109823E+00,    0.9913641170250264700314347E+00,   -0.2135888326984969332045239E-01,     -2.15%
   -0.9166666666666678509045596E-01,    0.9702253811734297128666071E+00,    0.9916672405481716801034509E+00,   -0.2144185937474196723684372E-01,     -2.16%
   -0.8999999999999985789145285E-01,    0.9704416179407805431722522E+00,    0.9919650828290844657431080E+00,   -0.2152346488830392257085578E-01,     -2.17%
   -0.8833333333333293069244974E-01,    0.9706539410155422542558767E+00,    0.9922576341821731649162075E+00,   -0.2160369316663091066033076E-01,     -2.18%
   -0.8666666666666689167186632E-01,    0.9708623474108151185646420E+00,    0.9925448850853587634546216E+00,   -0.2168253767454364488997953E-01,     -2.18%
   -0.8499999999999996447286321E-01,    0.9710668341945434267614701E+00,    0.9928268261808433914339389E+00,   -0.2175999198629996467246883E-01,     -2.19%
   -0.8333333333333303727386010E-01,    0.9712673984895694445640402E+00,    0.9931034482758620551834383E+00,   -0.2183604978629261061939815E-01,     -2.20%
   -0.8166666666666699825327669E-01,    0.9714640374736883687845079E+00,    0.9933747423434262646679827E+00,   -0.2191070486973789588347472E-01,     -2.21%
   -0.8000000000000007105427358E-01,    0.9716567483797031723469217E+00,    0.9936406995230524508144754E+00,   -0.2198395114334927846755363E-01,     -2.21%
   -0.7833333333333314385527046E-01,    0.9718455284954770068139851E+00,    0.9939013111214796136749783E+00,   -0.2205578262600260686099318E-01,     -2.22%
   -0.7666666666666710483468705E-01,    0.9720303751639834954900721E+00,    0.9941565686133724266682066E+00,   -0.2212619344938893117813450E-01,     -2.23%
   -0.7500000000000017763568394E-01,    0.9722112857833563603904281E+00,    0.9944064636420136826799876E+00,   -0.2219517785865732228955949E-01,     -2.23%
   -0.7333333333333325043668083E-01,    0.9723882578069420468125372E+00,    0.9946509880199815301082822E+00,   -0.2226273021303948329574496E-01,     -2.24%
   -0.7166666666666632323767772E-01,    0.9725612887433453535024341E+00,    0.9948901337298156066779597E+00,   -0.2232884498647025317552561E-01,     -2.24%
   -0.7000000000000028421709430E-01,    0.9727303761564778383785779E+00,    0.9951238929246689624008582E+00,   -0.2239351676819112402228029E-01,     -2.25%
   -0.6833333333333335701809119E-01,    0.9728955176656042258542811E+00,    0.9953522579289484362163876E+00,   -0.2245674026334421036210642E-01,     -2.26%
   -0.6666666666666642981908808E-01,    0.9730567109453864826917879E+00,    0.9955752212389380462198574E+00,   -0.2251851029355156352806944E-01,     -2.26%
   -0.6500000000000039079850467E-01,    0.9732139537259292261239807E+00,    0.9957927755234133870843038E+00,   -0.2257882179748416096032315E-01,     -2.27%
   -0.6333333333333346359950156E-01,    0.9733672437928212461955013E+00,    0.9960049136242404843599729E+00,   -0.2263766983141923816447161E-01,     -2.27%
   -0.6166666666666653640049844E-01,    0.9735165789871801367283410E+00,    0.9962116285569597717852730E+00,   -0.2269504956977963505693197E-01,     -2.28%
   -0.5999999999999960920149533E-01,    0.9736619572056898208600728E+00,    0.9964129135113590773897840E+00,   -0.2275095630566925652971122E-01,     -2.28%
   -0.5833333333333357018091192E-01,    0.9738033764006446268979289E+00,    0.9966087618520311774972242E+00,   -0.2280538545138655059929533E-01,     -2.29%
   -0.5666666666666664298190881E-01,    0.9739408345799847044332864E+00,    0.9967991671189182500967263E+00,   -0.2285833253893354566343987E-01,     -2.29%
   -0.5499999999999971578290570E-01,    0.9740743298073339939691095E+00,    0.9969841230278406740694663E+00,   -0.2290979322050668010035679E-01,     -2.30%
   -0.5333333333333367676232228E-01,    0.9742038602020408610826507E+00,    0.9971636234710158364080712E+00,   -0.2295976326897497532542047E-01,     -2.30%
   -0.5166666666666674956331917E-01,    0.9743294239392076283579058E+00,    0.9973376625175573995107925E+00,   -0.2300823857834977115288666E-01,     -2.31%
   -0.4999999999999982236431606E-01,    0.9744510192497304323921981E+00,    0.9975062344139651315799711E+00,   -0.2305521516423469918777300E-01,     -2.31%
   -0.4833333333333289516531295E-01,    0.9745686444203313092415897E+00,    0.9976693335845981946974348E+00,   -0.2310068916426688545584511E-01,     -2.32%
   -0.4666666666666685614472954E-01,    0.9746822977935900578216888E+00,    0.9978269546321344440897860E+00,   -0.2314465683854438626809724E-01,     -2.32%
   -0.4499999999999992894572642E-01,    0.9747919777679742159293141E+00,    0.9979790923380156275612762E+00,   -0.2318711457004141163196209E-01,     -2.32%
   -0.4333333333333300174672331E-01,    0.9748976827978748094238881E+00,    0.9981257416628775969158482E+00,   -0.2322805886500278749196013E-01,     -2.33%
   -0.4166666666666696272613990E-01,    0.9749994113936285566879292E+00,    0.9982668977469669746582781E+00,   -0.2326748635333841797034893E-01,     -2.33%
   -0.4000000000000003552713679E-01,    0.9750971621215522855408153E+00,    0.9984025559105430547290894E+00,   -0.2330539378899076918827404E-01,     -2.33%
   -0.3833333333333310832813368E-01,    0.9751909336039659148553937E+00,    0.9985327116542634939833079E+00,   -0.2334177805029757912791410E-01,     -2.34%
   -0.3666666666666706930755026E-01,    0.9752807245192210983120162E+00,    0.9986573606595577912159456E+00,   -0.2337663614033669290392936E-01,     -2.34%
   -0.3500000000000014210854715E-01,    0.9753665336017260933942907E+00,    0.9987764987889834467083006E+00,   -0.2340996518725735331400983E-01,     -2.34%
   -0.3333333333333321490954404E-01,    0.9754483596419679658495738E+00,    0.9988901220865705754548003E+00,   -0.2344176244460260960522646E-01,     -2.35%
   -0.3166666666666628771054093E-01,    0.9755262014865380137962347E+00,    0.9989982267781475355761245E+00,   -0.2347202529160952177988975E-01,     -2.35%
   -0.3000000000000024868995752E-01,    0.9756000580381510856042837E+00,    0.9991008092716553434797788E+00,   -0.2350075123350425787549511E-01,     -2.35%
   -0.2833333333333332149095440E-01,    0.9756699282556691166234941E+00,    0.9991978661574458797645093E+00,   -0.2352793790177676314101518E-01,     -2.35%
   -0.2666666666666639429195129E-01,    0.9757358111541191147964014E+00,    0.9992893942085627756455324E+00,   -0.2355358305444366084913099E-01,     -2.36%
   -0.2500000000000035527136788E-01,    0.9757977058047113683159068E+00,    0.9993753903810117522610312E+00,   -0.2357768457630038394512439E-01,     -2.36%
   -0.2333333333333342807236477E-01,    0.9758556113348595406620234E+00,    0.9994558518140123082318382E+00,   -0.2360024047915276756981484E-01,     -2.36%
   -0.2166666666666650087336166E-01,    0.9759095269281951035011957E+00,    0.9995307758302353073887048E+00,   -0.2362124890204020388750905E-01,     -2.36%
   -0.1999999999999957367435854E-01,    0.9759594518245829908309474E+00,    0.9996001599360255784887386E+00,   -0.2364070811144258765779114E-01,     -2.37%
   -0.1833333333333353465377513E-01,    0.9760053853201373641468308E+00,    0.9996640018216099710102185E+00,   -0.2365861650147260686338768E-01,     -2.37%
   -0.1666666666666660745477202E-01,    0.9760473267672334918287902E+00,    0.9997222993612885355574349E+00,   -0.2367497259405504372864470E-01,     -2.37%
   -0.1499999999999968025576891E-01,    0.9760852755745202946613404E+00,    0.9997750506136120485223273E+00,   -0.2368977503909175386098696E-01,     -2.37%
   -0.1333333333333364123518550E-01,    0.9761192312069324472645349E+00,    0.9998222538215427723784501E+00,   -0.2370302261461032511391522E-01,     -2.37%
   -0.1166666666666671403618238E-01,    0.9761491931857005921457926E+00,    0.9998639074126021153432475E+00,   -0.2371471422690152319745494E-01,     -2.37%
   -0.9999999999999786837179272E-02,    0.9761751610883590002387677E+00,    0.9999000099990000833827253E+00,   -0.2372484891064108314395753E-01,     -2.37%
   -0.8333333333333747816595860E-02,    0.9761971345487546747321517E+00,    0.9999305603777515205621285E+00,   -0.2373342582899684582997679E-01,     -2.37%
   -0.6666666666666820617592748E-02,    0.9762151132570540124078207E+00,    0.9999555575307763621850654E+00,   -0.2374044427372234977724474E-01,     -2.37%
   -0.4999999999999893418589636E-02,    0.9762290969597489098674714E+00,    0.9999750006249844558325890E+00,   -0.2374590366523554596511758E-01,     -2.37%
   -0.3333333333332966219586524E-02,    0.9762390854596610934024170E+00,    0.9999888890123442841684209E+00,   -0.2374980355268319076600392E-01,     -2.38%
   -0.1666666666666927199003112E-02,    0.9762450786159468929525929E+00,    0.9999972222299382540455781E+00,   -0.2375214361399136109298524E-01,     -2.38%
    0.0000000000000000000000000E+00,    0.9762470763440985743741862E+00,    0.1000000000000000000000000E+01,   -0.2375292365590142562581377E-01,     -2.38%
    0.1666666666666927199003112E-02,    0.9762450786159464488633830E+00,    0.9999972222299382540455781E+00,   -0.2375214361399180518219509E-01,     -2.38%
    0.3333333333332966219586524E-02,    0.9762390854596612044247195E+00,    0.9999888890123442841684209E+00,   -0.2374980355268307974370146E-01,     -2.38%
    0.4999999999999893418589636E-02,    0.9762290969597483547559591E+00,    0.9999750006249844558325890E+00,   -0.2374590366523610107662989E-01,     -2.37%
    0.6666666666666820617592748E-02,    0.9762151132570536793409133E+00,    0.9999555575307763621850654E+00,   -0.2374044427372268284415213E-01,     -2.37%
    0.8333333333333747816595860E-02,    0.9761971345487551188213615E+00,    0.9999305603777515205621285E+00,   -0.2373342582899640174076694E-01,     -2.37%
    0.9999999999999786837179272E-02,    0.9761751610883591112610702E+00,    0.9999000099990000833827253E+00,   -0.2372484891064097212165507E-01,     -2.37%
    0.1166666666666671403618238E-01,    0.9761491931857008141903975E+00,    0.9998639074126021153432475E+00,   -0.2371471422690130115285001E-01,     -2.37%
    0.1333333333333364123518550E-01,    0.9761192312069324472645349E+00,    0.9998222538215427723784501E+00,   -0.2370302261461032511391522E-01,     -2.37%
    0.1499999999999968025576891E-01,    0.9760852755745201836390379E+00,    0.9997750506136120485223273E+00,   -0.2368977503909186488328942E-01,     -2.37%
    0.1666666666666660745477202E-01,    0.9760473267672338248956976E+00,    0.9997222993612885355574349E+00,   -0.2367497259405471066173732E-01,     -2.37%
    0.1833333333333353465377513E-01,    0.9760053853201374751691333E+00,    0.9996640018216099710102185E+00,   -0.2365861650147249584108522E-01,     -2.37%
    0.1999999999999957367435854E-01,    0.9759594518245834349201573E+00,    0.9996001599360255784887386E+00,   -0.2364070811144214356858129E-01,     -2.37%
    0.2166666666666650087336166E-01,    0.9759095269281949924788933E+00,    0.9995307758302353073887048E+00,   -0.2362124890204031490981151E-01,     -2.36%
    0.2333333333333342807236477E-01,    0.9758556113348596516843259E+00,    0.9994558518140123082318382E+00,   -0.2360024047915265654751238E-01,     -2.36%
    0.2500000000000035527136788E-01,    0.9757977058047112572936044E+00,    0.9993753903810117522610312E+00,   -0.2357768457630049496742686E-01,     -2.36%
    0.2666666666666639429195129E-01,    0.9757358111541191147964014E+00,    0.9992893942085627756455324E+00,   -0.2355358305444366084913099E-01,     -2.36%
    0.2833333333333332149095440E-01,    0.9756699282556694496904015E+00,    0.9991978661574458797645093E+00,   -0.2352793790177643007410779E-01,     -2.35%
    0.3000000000000024868995752E-01,    0.9756000580381513076488886E+00,    0.9991008092716553434797788E+00,   -0.2350075123350403583089019E-01,     -2.35%
    0.3166666666666628771054093E-01,    0.9755262014865375697070249E+00,    0.9989982267781475355761245E+00,   -0.2347202529160996586909960E-01,     -2.35%
    0.3333333333333321490954404E-01,    0.9754483596419679658495738E+00,    0.9988901220865705754548003E+00,   -0.2344176244460260960522646E-01,     -2.35%
    0.3500000000000014210854715E-01,    0.9753665336017259823719883E+00,    0.9987764987889834467083006E+00,   -0.2340996518725746433631230E-01,     -2.34%
    0.3666666666666706930755026E-01,    0.9752807245192208762674113E+00,    0.9986573606595577912159456E+00,   -0.2337663614033691494853429E-01,     -2.34%
    0.3833333333333310832813368E-01,    0.9751909336039651376992765E+00,    0.9985327116542634939833079E+00,   -0.2334177805029835628403134E-01,     -2.34%
    0.4000000000000003552713679E-01,    0.9750971621215520634962104E+00,    0.9984025559105430547290894E+00,   -0.2330539378899099123287897E-01,     -2.33%
    0.4166666666666696272613990E-01,    0.9749994113936284456656267E+00,    0.9982668977469669746582781E+00,   -0.2326748635333852899265139E-01,     -2.33%
    0.4333333333333300174672331E-01,    0.9748976827978743653346783E+00,    0.9981257416628775969158482E+00,   -0.2322805886500323158116998E-01,     -2.33%
    0.4499999999999992894572642E-01,    0.9747919777679738828624068E+00,    0.9979790923380156275612762E+00,   -0.2318711457004174469886948E-01,     -2.32%
    0.4666666666666685614472954E-01,    0.9746822977935896137324789E+00,    0.9978269546321344440897860E+00,   -0.2314465683854483035730709E-01,     -2.32%
    0.4833333333333289516531295E-01,    0.9745686444203310871969848E+00,    0.9976693335845981946974348E+00,   -0.2310068916426710750045004E-01,     -2.32%
    0.4999999999999982236431606E-01,    0.9744510192497306544368030E+00,    0.9975062344139651315799711E+00,   -0.2305521516423447714316808E-01,     -2.31%
    0.5166666666666674956331917E-01,    0.9743294239392074063133009E+00,    0.9973376625175573995107925E+00,   -0.2300823857834999319749159E-01,     -2.31%
    0.5333333333333367676232228E-01,    0.9742038602020398618819286E+00,    0.9971636234710158364080712E+00,   -0.2295976326897597452614264E-01,     -2.30%
    0.5499999999999971578290570E-01,    0.9740743298073336609022022E+00,    0.9969841230278406740694663E+00,   -0.2290979322050701316726418E-01,     -2.30%
    0.5666666666666664298190881E-01,    0.9739408345799845934109840E+00,    0.9967991671189182500967263E+00,   -0.2285833253893365668574233E-01,     -2.29%
    0.5833333333333357018091192E-01,    0.9738033764006442938310215E+00,    0.9966087618520311774972242E+00,   -0.2280538545138688366620272E-01,     -2.29%
    0.5999999999999960920149533E-01,    0.9736619572056895988154679E+00,    0.9964129135113590773897840E+00,   -0.2275095630566947857431614E-01,     -2.28%
    0.6166666666666653640049844E-01,    0.9735165789871798036614337E+00,    0.9962116285569597717852730E+00,   -0.2269504956977996812383935E-01,     -2.28%
    0.6333333333333346359950156E-01,    0.9733672437928213572178038E+00,    0.9960049136242404843599729E+00,   -0.2263766983141912714216915E-01,     -2.27%
    0.6500000000000039079850467E-01,    0.9732139537259291151016782E+00,    0.9957927755234133870843038E+00,   -0.2257882179748427198262561E-01,     -2.27%
    0.6666666666666642981908808E-01,    0.9730567109453865937140904E+00,    0.9955752212389380462198574E+00,   -0.2251851029355145250576697E-01,     -2.26%
    0.6833333333333335701809119E-01,    0.9728955176656044478988861E+00,    0.9953522579289484362163876E+00,   -0.2245674026334398831750150E-01,     -2.26%
    0.7000000000000028421709430E-01,    0.9727303761564778383785779E+00,    0.9951238929246689624008582E+00,   -0.2239351676819112402228029E-01,     -2.25%
    0.7166666666666632323767772E-01,    0.9725612887433453535024341E+00,    0.9948901337298156066779597E+00,   -0.2232884498647025317552561E-01,     -2.24%
    0.7333333333333325043668083E-01,    0.9723882578069417137456298E+00,    0.9946509880199815301082822E+00,   -0.2226273021303981636265235E-01,     -2.24%
    0.7500000000000017763568394E-01,    0.9722112857833561383458232E+00,    0.9944064636420136826799876E+00,   -0.2219517785865754433416441E-01,     -2.23%
    0.7666666666666710483468705E-01,    0.9720303751639834954900721E+00,    0.9941565686133724266682066E+00,   -0.2212619344938893117813450E-01,     -2.23%
    0.7833333333333314385527046E-01,    0.9718455284954772288585900E+00,    0.9939013111214796136749783E+00,   -0.2205578262600238481638826E-01,     -2.22%
    0.8000000000000007105427358E-01,    0.9716567483797033943915267E+00,    0.9936406995230524508144754E+00,   -0.2198395114334905642294871E-01,     -2.21%
    0.8166666666666699825327669E-01,    0.9714640374736883687845079E+00,    0.9933747423434262646679827E+00,   -0.2191070486973789588347472E-01,     -2.21%
    0.8333333333333303727386010E-01,    0.9712673984895693335417377E+00,    0.9931034482758620551834383E+00,   -0.2183604978629272164170061E-01,     -2.20%
    0.8499999999999996447286321E-01,    0.9710668341945437598283775E+00,    0.9928268261808433914339389E+00,   -0.2175999198629963160556144E-01,     -2.19%
    0.8666666666666689167186632E-01,    0.9708623474108150075423396E+00,    0.9925448850853587634546216E+00,   -0.2168253767454375591228199E-01,     -2.18%
    0.8833333333333293069244974E-01,    0.9706539410155420322112718E+00,    0.9922576341821731649162075E+00,   -0.2160369316663113270493568E-01,     -2.18%
    0.8999999999999985789145285E-01,    0.9704416179407804321499498E+00,    0.9919650828290844657431080E+00,   -0.2152346488830403359315824E-01,     -2.17%
    0.9166666666666678509045596E-01,    0.9702253811734298238889096E+00,    0.9916672405481716801034509E+00,   -0.2144185937474185621454126E-01,     -2.16%
    0.9333333333333371228945907E-01,    0.9700052337551765546663773E+00,    0.9913641170250264700314347E+00,   -0.2135888326984991536505731E-01,     -2.15%
    0.9499999999999975131004248E-01,    0.9697811787824357487863836E+00,    0.9910557221079754341985790E+00,   -0.2127454332553968541219547E-01,     -2.15%
    0.9666666666666667850904560E-01,    0.9695532194062904673970138E+00,    0.9907420658072897401424939E+00,   -0.2118884640099927274548008E-01,     -2.14%
    0.9833333333333360570804871E-01,    0.9693213588324371965398996E+00,    0.9904231582943812117747484E+00,   -0.2110179946194401523484885E-01,     -2.13%
    0.9999999999999964472863212E-01,    0.9690856003211198999025555E+00,    0.9900990099009900902160553E+00,   -0.2101340957987019031349973E-01,     -2.12%
    0.1016666666666665719276352E+00,    0.9688459471870689565520252E+00,    0.9897696311183572515091100E+00,   -0.2092368393128829495708487E-01,     -2.11%
    0.1033333333333334991266383E+00,    0.9686024027994417640030633E+00,    0.9894350325963874315249313E+00,   -0.2083262979694566752186802E-01,     -2.11%
    0.1050000000000004263256415E+00,    0.9683549705817534603013996E+00,    0.9890952251428005714828373E+00,   -0.2074025456104711118143769E-01,     -2.10%
    0.1066666666666664653462249E+00,    0.9681036540118167499358037E+00,    0.9887502197222710620394537E+00,   -0.2064656571045431210364995E-01,     -2.09%
    0.1083333333333333925452280E+00,    0.9678484566216726259213488E+00,    0.9884000274555562182143831E+00,   -0.2055157083388359229303433E-01,     -2.08%
    0.1100000000000003197442311E+00,    0.9675893819975254217524707E+00,    0.9880446596186147623086526E+00,   -0.2045527762108934055618192E-01,     -2.07%
    0.1116666666666663587648145E+00,    0.9673264337796732004193245E+00,    0.9876841276417120951691686E+00,   -0.2035769386203889474984408E-01,     -2.06%
    0.1133333333333332859638176E+00,    0.9670596156624392536471646E+00,    0.9873184431085172407804862E+00,   -0.2025882744607798713332159E-01,     -2.05%
    0.1150000000000002131628207E+00,    0.9667889313941020468234910E+00,    0.9869476177551875784033086E+00,   -0.2015868636108553157981760E-01,     -2.04%
    0.1166666666666662521834041E+00,    0.9665143847768257190367081E+00,    0.9865716634694438047503695E+00,   -0.2005727869261808571366146E-01,     -2.03%
    0.1183333333333331793824073E+00,    0.9662359796665832556428199E+00,    0.9861905922896332388205565E+00,   -0.1995461262304998317773652E-01,     -2.02%
    0.1200000000000001065814104E+00,    0.9659537199730884315940216E+00,    0.9858044164037854661941651E+00,   -0.1985069643069703460014352E-01,     -2.01%
    0.1216666666666670337804135E+00,    0.9656676096597177627600672E+00,    0.9854131481486548826964622E+00,   -0.1974553848893711993639499E-01,     -2.00%
    0.1233333333333330728009969E+00,    0.9653776527434400067662068E+00,    0.9850168000087557995669840E+00,   -0.1963914726531579280077722E-01,     -1.99%
    0.1250000000000000000000000E+00,    0.9650838532947328962663391E+00,    0.9846153846153846700417489E+00,   -0.1953153132065177377540977E-01,     -1.98%
    0.1266666666666669271990031E+00,    0.9647862154375133059147629E+00,    0.9842089147456365427757419E+00,   -0.1942269930812323686097898E-01,     -1.97%
    0.1283333333333329662195865E+00,    0.9644847433490529864386076E+00,    0.9837974033214094138344308E+00,   -0.1931265997235642739582318E-01,     -1.96%
    0.1299999999999998934185896E+00,    0.9641794412599032915167641E+00,    0.9833808634083981425888510E+00,   -0.1920142214849485107208693E-01,     -1.95%
    0.1316666666666668206175927E+00,    0.9638703134538118000307350E+00,    0.9829593082150822613840546E+00,   -0.1908899476127046135331966E-01,     -1.94%
    0.1333333333333337478165959E+00,    0.9635573642676449335198186E+00,    0.9825327510917029050219185E+00,   -0.1897538682405797150209992E-01,     -1.93%
    0.1349999999999997868371793E+00,    0.9632405980913020249190026E+00,    0.9821012055292298592590328E+00,   -0.1886060743792783434003013E-01,     -1.92%
    0.1366666666666667140361824E+00,    0.9629200193676328289882349E+00,    0.9816646851583207267211151E+00,   -0.1874466579068789773288017E-01,     -1.91%
    0.1383333333333336412351855E+00,    0.9625956325923542555855761E+00,    0.9812232037482725433008568E+00,   -0.1862757115591828771528071E-01,     -1.90%
    0.1399999999999996802557689E+00,    0.9622674423139644384050939E+00,    0.9807767752059632915262455E+00,   -0.1850933289199885312115157E-01,     -1.89%
    0.1416666666666666074547720E+00,    0.9619354531336563596255473E+00,    0.9803254135747838660108755E+00,   -0.1838996044112750638532816E-01,     -1.88%
    0.1433333333333335346537751E+00,    0.9615996697052296982022312E+00,    0.9798691330335659310790675E+00,   -0.1826946332833623287683622E-01,     -1.86%
    0.1449999999999995736743585E+00,    0.9612600967350045655379631E+00,    0.9794079478954973438931120E+00,   -0.1814785116049277835514886E-01,     -1.85%
    0.1466666666666665008733617E+00,    0.9609167389817306892396687E+00,    0.9789418726070310272646680E+00,   -0.1802513362530033802499929E-01,     -1.84%
    0.1483333333333334280723648E+00,    0.9605696012564963748303626E+00,    0.9784709217467879582841306E+00,   -0.1790132049029158345376800E-01,     -1.83%
    0.1500000000000003552713679E+00,    0.9602186884226404650632958E+00,    0.9779951100244497208535677E+00,   -0.1777642160180925579027189E-01,     -1.82%
    0.1516666666666663942919513E+00,    0.9598640053956555284742080E+00,    0.9775144522796452850599280E+00,   -0.1765044688398975658571999E-01,     -1.81%
    0.1533333333333333214909544E+00,    0.9595055571430967100710063E+00,    0.9770289634808285716971454E+00,   -0.1752340633773186162613911E-01,     -1.79%
    0.1550000000000002486899575E+00,    0.9591433486844900269119307E+00,    0.9765386587241520199853539E+00,   -0.1739531003966199307342322E-01,     -1.78%
    0.1566666666666662877105409E+00,    0.9587773850912314488326160E+00,    0.9760435532323310514613013E+00,   -0.1726616814109960262868526E-01,     -1.77%
    0.1583333333333332149095440E+00,    0.9584076714864964152695848E+00,    0.9755436623534992079953554E+00,   -0.1713599086700279272577063E-01,     -1.76%
    0.1600000000000001421085472E+00,    0.9580342130451392490542162E+00,    0.9750390015600622906077888E+00,   -0.1700478851492304155357260E-01,     -1.74%
    0.1616666666666670693075503E+00,    0.9576570149935944575858571E+00,    0.9745295864475418401440265E+00,   -0.1687257145394738255816947E-01,     -1.73%
    0.1633333333333331083281337E+00,    0.9572760826097815867186114E+00,    0.9740154327334119566117465E+00,   -0.1673935012363036989313514E-01,     -1.72%
    0.1650000000000000355271368E+00,    0.9568914212229989724178836E+00,    0.9734965562559322327373934E+00,   -0.1660513503293326031950983E-01,     -1.71%
    0.1666666666666669627261399E+00,    0.9565030362138274844241437E+00,    0.9729729729729728049392179E+00,   -0.1646993675914532051507422E-01,     -1.69%
    0.1683333333333330017467233E+00,    0.9561109330140280526677543E+00,    0.9724446989608349634082174E+00,   -0.1633376594680691074046308E-01,     -1.68%
    0.1699999999999999289457264E+00,    0.9557151171064355299478166E+00,    0.9719117504130625473379723E+00,   -0.1619663330662701739015574E-01,     -1.67%
    0.1716666666666668561447295E+00,    0.9553155940248571065254168E+00,    0.9713741436392531181098775E+00,   -0.1605854961439601158446067E-01,     -1.65%
    0.1733333333333328951653129E+00,    0.9549123693539672830254972E+00,    0.9708318950638592514934544E+00,   -0.1591952570989196846795721E-01,     -1.64%
    0.1749999999999998223643161E+00,    0.9545054487292006228926766E+00,    0.9702850212249849448653549E+00,   -0.1577957249578432197267830E-01,     -1.63%
    0.1766666666666667495633192E+00,    0.9540948378366451709808871E+00,    0.9697335387731793598931063E+00,   -0.1563870093653418891221918E-01,     -1.61%
    0.1783333333333336767623223E+00,    0.9536805424129353170314971E+00,    0.9691774644702233487691956E+00,   -0.1549692205728803173769847E-01,     -1.60%
    0.1799999999999997157829057E+00,    0.9532625682451436599507133E+00,    0.9686168151879116505753586E+00,   -0.1535424694276799062464534E-01,     -1.59%
    0.1816666666666666429819088E+00,    0.9528409211706676540387662E+00,    0.9680516079068304247101651E+00,   -0.1521068673616277067139890E-01,     -1.57%
    0.1833333333333335701809119E+00,    0.9524156070771231386018485E+00,    0.9674818597151302324022026E+00,   -0.1506625263800709380035414E-01,     -1.56%
    0.1849999999999996092014953E+00,    0.9519866319022307621366963E+00,    0.9669075878072953544872803E+00,   -0.1492095590506459235058401E-01,     -1.54%
    0.1866666666666665364004984E+00,    0.9515540016337011852698424E+00,    0.9663288094829066698920883E+00,   -0.1477480784920548462224588E-01,     -1.53%
    0.1883333333333334635995016E+00,    0.9511177223091252797004813E+00,    0.9657455421454036459394388E+00,   -0.1462781983627836623895746E-01,     -1.51%
    0.1900000000000003907985047E+00,    0.9506778000158575547828832E+00,    0.9651578033008394452707535E+00,   -0.1448000328498189048787026E-01,     -1.50%
    0.1916666666666664298190881E+00,    0.9502342408909010273987406E+00,    0.9645656105566348115232245E+00,   -0.1433136966573378412448392E-01,     -1.49%
    0.1933333333333333570180912E+00,    0.9497870511207905375172800E+00,    0.9639689816203247385573150E+00,   -0.1418193049953420104003499E-01,     -1.47%
    0.1950000000000002842170943E+00,    0.9493362369414750645546519E+00,    0.9633679342983066939964942E+00,   -0.1403169735683162944184232E-01,     -1.46%
    0.1966666666666663232376777E+00,    0.9488818046382009319117401E+00,    0.9627624864945819593842202E+00,   -0.1388068185638102747248013E-01,     -1.44%
    0.1983333333333332504366808E+00,    0.9484237605453894603968479E+00,    0.9621526562094927514934284E+00,   -0.1372889566410329109658051E-01,     -1.43%
    0.2000000000000001776356839E+00,    0.9479621110465203948081125E+00,    0.9615384615384614530597673E+00,   -0.1357635049194105825165479E-01,     -1.41%
    0.2016666666666671048346871E+00,    0.9474968625740097794007966E+00,    0.9609199206707219609313597E+00,   -0.1342305809671218153056316E-01,     -1.40%
    0.2033333333333331438552705E+00,    0.9470280216090858349531345E+00,    0.9602970518880507011516556E+00,   -0.1326903027896486619852112E-01,     -1.38%
    0.2050000000000000710542736E+00,    0.9465555946816675003674391E+00,    0.9596698735634942023509097E+00,   -0.1311427888182670198347068E-01,     -1.37%
    0.2066666666666669982532767E+00,    0.9460795883702421971150898E+00,    0.9590384041600954478923313E+00,   -0.1295881578985325077724156E-01,     -1.35%
    0.2083333333333330372738601E+00,    0.9456000093017380425663987E+00,    0.9584026622296173414383702E+00,   -0.1280265292787929887197151E-01,     -1.34%
    0.2099999999999999644728632E+00,    0.9451168641513989499003401E+00,    0.9577626664112632859371388E+00,   -0.1264580225986433603679870E-01,     -1.32%
    0.2116666666666668916718663E+00,    0.9446301596426597280142801E+00,    0.9571184354303974295419266E+00,   -0.1248827578773770152764655E-01,     -1.30%
    0.2133333333333329306924497E+00,    0.9441399025470164074747004E+00,    0.9564699880972625800623632E+00,   -0.1233008555024617258766284E-01,     -1.29%
    0.2149999999999998578914528E+00,    0.9436460996838991199808788E+00,    0.9558173433056943446572973E+00,   -0.1217124362179522467641846E-01,     -1.27%
    0.2166666666666667850904560E+00,    0.9431487579205427573825204E+00,    0.9551605200318387112190521E+00,   -0.1201176211129595383653168E-01,     -1.26%
    0.2183333333333337122894591E+00,    0.9426478841718546330952222E+00,    0.9544995373328630794418359E+00,   -0.1185165316100844634661371E-01,     -1.24%
    0.2199999999999997513100425E+00,    0.9421434854002879166756657E+00,    0.9538344143456696233585035E+00,   -0.1169092894538170668283783E-01,     -1.23%
    0.2216666666666666785090456E+00,    0.9416355686157015236759094E+00,    0.9531651702856054342305470E+00,   -0.1152960166990391055463760E-01,     -1.21%
    0.2233333333333336057080487E+00,    0.9411241408752368808876554E+00,    0.9524918244451734405942034E+00,   -0.1136768356993655970654800E-01,     -1.19%
    0.2249999999999996447286321E+00,    0.9406092092831780382411466E+00,    0.9518143961927424401281428E+00,   -0.1120518690956440188699617E-01,     -1.18%
    0.2266666666666665719276352E+00,    0.9400907809908173318191871E+00,    0.9511329049712546890305020E+00,   -0.1104212398043735721131497E-01,     -1.16%
    0.2283333333333334991266383E+00,    0.9395688631963201586927426E+00,    0.9504473702969356008196655E+00,   -0.1087850710061544212692297E-01,     -1.14%
    0.2300000000000004263256415E+00,    0.9390434631445905289126586E+00,    0.9497578117580015577559038E+00,   -0.1071434861341102884324528E-01,     -1.13%
    0.2316666666666664653462249E+00,    0.9385145881271315104754649E+00,    0.9490642490133687214637348E+00,   -0.1054966088623721098826991E-01,     -1.11%
    0.2333333333333333925452280E+00,    0.9379822454819068955345074E+00,    0.9483667017913592900413278E+00,   -0.1038445630945239450682038E-01,     -1.09%
    0.2350000000000003197442311E+00,    0.9374464425932029776333820E+00,    0.9476651898884123070843088E+00,   -0.1021874729520932945092682E-01,     -1.08%
    0.2366666666666663587648145E+00,    0.9369071868914874423595052E+00,    0.9469597331677908069735849E+00,   -0.1005254627630336461407978E-01,     -1.06%
    0.2383333333333332859638176E+00,    0.9363644858532697012876156E+00,    0.9462503515582904034530998E+00,   -0.9885865705020702165484181E-02,     -1.04%
    0.2400000000000002131628207E+00,    0.9358183470009588944549250E+00,    0.9455370650529499876313366E+00,   -0.9718718051991093176411596E-02,     -1.03%
    0.2416666666666662521834041E+00,    0.9352687779027202275017316E+00,    0.9448198937077620929159139E+00,   -0.9551115805041865414182212E-02,     -1.01%
    0.2433333333333331793824073E+00,    0.9347157861723310867674286E+00,    0.9440988576403822607474581E+00,   -0.9383071468051173980029489E-02,     -0.99%
    0.2450000000000001065814104E+00,    0.9341593794690389307433520E+00,    0.9433739770288436243816932E+00,   -0.9214597559804693638341178E-02,     -0.98%
    0.2466666666666670337804135E+00,    0.9335995654974141855220182E+00,    0.9426452721102682730247579E+00,   -0.9045706612854087502739731E-02,     -0.96%
    0.2483333333333330728009969E+00,    0.9330363520072044725139904E+00,    0.9419127631795836119721343E+00,   -0.8876411172379139458143982E-02,     -0.94%
    0.2500000000000000000000000E+00,    0.9324697467931881700309305E+00,    0.9411764705882352810561997E+00,   -0.8706723795047111025269260E-02,     -0.93%
    0.2516666666666669271990031E+00,    0.9318997576950254213556946E+00,    0.9404364147429080666995560E+00,   -0.8536657047882645343861441E-02,     -0.91%
    0.2533333333333329662195865E+00,    0.9313263925971122514368972E+00,    0.9396926161042433722769829E+00,   -0.8366223507131120840085714E-02,     -0.89%
    0.2549999999999998934185896E+00,    0.9307496594284254687323710E+00,    0.9389450951855591309680449E+00,   -0.8195435757133662235673910E-02,     -0.87%
    0.2566666666666668206175927E+00,    0.9301695661623791133720829E+00,    0.9381938725515744925687045E+00,   -0.8024306389195379196621616E-02,     -0.86%
    0.2583333333333337478165959E+00,    0.9295861208166689149123840E+00,    0.9374389688171340662137254E+00,   -0.7852848000465151301341393E-02,     -0.84%
    0.2599999999999997868371793E+00,    0.9289993314531216350715681E+00,    0.9366804046459349386566373E+00,   -0.7681073192813303585069207E-02,     -0.82%
    0.2616666666666667140361824E+00,    0.9284092061775410797963559E+00,    0.9359182007492544697058179E+00,   -0.7508994571713389909461966E-02,     -0.80%
    0.2633333333333336412351855E+00,    0.9278157531395563317744291E+00,    0.9351523778846851930879325E+00,   -0.7336624745128861313503421E-02,     -0.78%
    0.2649999999999996802557689E+00,    0.9272189805324665412555873E+00,    0.9343829568548671637984171E+00,   -0.7163976322400622542829751E-02,     -0.77%
    0.2666666666666666074547720E+00,    0.9266188965930830523376471E+00,    0.9336099585062240802102451E+00,   -0.6991061913141027872597988E-02,     -0.75%
    0.2683333333333335346537751E+00,    0.9260155096015776354789750E+00,    0.9328334037277058454762368E+00,   -0.6817894126128209997261820E-02,     -0.73%
    0.2699999999999995736743585E+00,    0.9254088278813232815167567E+00,    0.9320533134495295746191346E+00,   -0.6644485568206293102377913E-02,     -0.71%
    0.2716666666666665008733617E+00,    0.9247988597987344405737531E+00,    0.9312697086419242653576589E+00,   -0.6470848843189824783905806E-02,     -0.69%
    0.2733333333333334280723648E+00,    0.9241856137631121459463657E+00,    0.9304826103138827964045277E+00,   -0.6296996550770650458161981E-02,     -0.68%
    0.2750000000000003552713679E+00,    0.9235690982264822546099481E+00,    0.9296920395119114832738205E+00,   -0.6122941285429228663872436E-02,     -0.66%
    0.2766666666666663942919513E+00,    0.9229493216834361302147727E+00,    0.9288980173187876276941211E+00,   -0.5948695635351497479348382E-02,     -0.64%
    0.2783333333333333214909544E+00,    0.9223262926709683284798302E+00,    0.9281005648523160678209365E+00,   -0.5774272181347739341106262E-02,     -0.62%
    0.2800000000000002486899575E+00,    0.9217000197683161699657717E+00,    0.9272997032640947212556171E+00,   -0.5599683495778551289845382E-02,     -0.60%
    0.2816666666666662877105409E+00,    0.9210705115967969813794980E+00,    0.9264954537382806831757875E+00,   -0.5424942141483701796289552E-02,     -0.59%
    0.2833333333333332149095440E+00,    0.9204377768196442266557256E+00,    0.9256878374903575457111060E+00,   -0.5250060670713319055380452E-02,     -0.57%
    0.2850000000000001421085472E+00,    0.9198018241418434159939466E+00,    0.9248768757659135975046638E+00,   -0.5075051624070181510717248E-02,     -0.55%
    0.2866666666666670693075503E+00,    0.9191626623099659054716426E+00,    0.9240625898394183579398486E+00,   -0.4899927529452452468206047E-02,     -0.53%
    0.2883333333333331083281337E+00,    0.9185203001120064714157820E+00,    0.9232450010130049955492382E+00,   -0.4724700900998524133456158E-02,     -0.51%
    0.2900000000000000355271368E+00,    0.9178747463772123360570276E+00,    0.9224241306152568542486847E+00,   -0.4549384238044518191657062E-02,     -0.49%
    0.2916666666666669627261399E+00,    0.9172260099759197427005120E+00,    0.9215999999999998637534304E+00,   -0.4373990024080121052918457E-02,     -0.47%
    0.2933333333333330017467233E+00,    0.9165740998193834254692547E+00,    0.9207726305450976145294817E+00,   -0.4198530725714189060227000E-02,     -0.46%
    0.2949999999999999289457264E+00,    0.9159190248596078554044198E+00,    0.9199420436512500964809647E+00,   -0.4023018791642241076544906E-02,     -0.44%
    0.2966666666666668561447295E+00,    0.9152607940891794857662944E+00,    0.9191082607408010973770729E+00,   -0.3847466651621611610778473E-02,     -0.42%
    0.2983333333333328951653129E+00,    0.9145994165410944454208675E+00,    0.9182713032565473776358544E+00,   -0.3671886715452932214986959E-02,     -0.40%
    0.2999999999999998223643161E+00,    0.9139349012885868983602222E+00,    0.9174311926605506206655605E+00,   -0.3496291371963722305338251E-02,     -0.38%
    0.3016666666666667495633192E+00,    0.9132672574449592906020712E+00,    0.9165879504329604854362401E+00,   -0.3320692988001194834168928E-02,     -0.36%
    0.3033333333333336767623223E+00,    0.9125964941634087113087048E+00,    0.9157415980708375480290329E+00,   -0.3145103907428836720328036E-02,     -0.34%
    0.3049999999999997157829057E+00,    0.9119226206368521436829155E+00,    0.9148921570869834596351211E+00,   -0.2969536450131315952205568E-02,     -0.32%
    0.3066666666666666429819088E+00,    0.9112456460977537142653659E+00,    0.9140396490087748793129663E+00,   -0.2794002911021165047600334E-02,     -0.31%
    0.3083333333333335701809119E+00,    0.9105655798179501658751178E+00,    0.9131840953770054003513224E+00,   -0.2618515559055234476204532E-02,     -0.29%
    0.3099999999999996092014953E+00,    0.9098824311084739990818093E+00,    0.9123255177447314734351380E+00,   -0.2443086636257474353328689E-02,     -0.27%
    0.3116666666666665364004984E+00,    0.9091962093193757254994125E+00,    0.9114639376761214384359278E+00,   -0.2267728356745712936515247E-02,     -0.25%
    0.3133333333333334635995016E+00,    0.9085069238395515611728115E+00,    0.9105993767453153253654818E+00,   -0.2092452905763764192670351E-02,     -0.23%
    0.3150000000000003907985047E+00,    0.9078145840965595736449245E+00,    0.9097318565352859875972058E+00,   -0.1917272438726413952281291E-02,     -0.21%
    0.3166666666666664298190881E+00,    0.9071191995564468202317698E+00,    0.9088613986367080066486324E+00,   -0.1742199080261186416862529E-02,     -0.19%
    0.3183333333333333570180912E+00,    0.9064207797235640517996558E+00,    0.9079880246468304827445195E+00,   -0.1567244923266430944863714E-02,     -0.17%
    0.3200000000000002842170943E+00,    0.9057193341403904085495924E+00,    0.9071117561683597063648676E+00,   -0.1392422027969297815275240E-02,     -0.15%
    0.3216666666666663232376777E+00,    0.9050148723873521205973702E+00,    0.9062326148083446053504986E+00,   -0.1217742420992484753128338E-02,     -0.13%
    0.3233333333333332504366808E+00,    0.9043074040826362125500282E+00,    0.9053506221770665218784302E+00,   -0.1043218094430309328402018E-02,     -0.12%
    0.3250000000000001776356839E+00,    0.9035969388820157544017775E+00,    0.9044657998869417570020346E+00,   -0.8688610049260026002571067E-03,     -0.10%
    0.3266666666666671048346871E+00,    0.9028834864786612346421180E+00,    0.9035781695514233380350788E+00,   -0.6946830727621033929608529E-03,     -0.08%
    0.3283333333333331438552705E+00,    0.9021670566029598159474290E+00,    0.9026877527839142212329193E+00,   -0.5206961809544052854903384E-03,     -0.06%
    0.3300000000000000710542736E+00,    0.9014476590223288177128325E+00,    0.9017945711966813826521161E+00,   -0.3469121743525649392836385E-03,     -0.04%
    0.3316666666666669982532767E+00,    0.9007253035410336394761543E+00,    0.9008986463997836757755522E+00,   -0.1733428587500362993978342E-03,     -0.02%
    0.3333333333333330372738601E+00,    0.8999999999999999111821580E+00,    0.9000000000000001332267630E+00,   -0.2220446049250313080847263E-15,      0.00%
    0.3349999999999999644728632E+00,    0.8992717582766269757144073E+00,    0.8990986535997662620900428E+00,    0.1731046768607136243645073E-03,      0.02%
    0.3366666666666668916718663E+00,    0.8985405882846020375609442E+00,    0.8981946287961195540816561E+00,    0.3459594884824834792880210E-03,      0.04%
    0.3383333333333329306924497E+00,    0.8978064999737124241008246E+00,    0.8972879471796497696800543E+00,    0.5185527940626544207702864E-03,      0.06%
    0.3399999999999998578914528E+00,    0.8970695033296558484892103E+00,    0.8963786303334528859920738E+00,    0.6908729962029624971364683E-03,      0.08%
    0.3416666666666667850904560E+00,    0.8963296083738523378769969E+00,    0.8954666998320999216076643E+00,    0.8629085417524162693325707E-03,      0.10%
    0.3433333333333337122894591E+00,    0.8955868251632546073182084E+00,    0.8945521772406045402092900E+00,    0.1034647922650067108918392E-02,      0.12%
    0.3449999999999997513100425E+00,    0.8948411637901579895881810E+00,    0.8936350841134025335676938E+00,    0.1206079676755456020487145E-02,      0.13%
    0.3466666666666666785090456E+00,    0.8940926343820069233103709E+00,    0.8927154419933344131621311E+00,    0.1377192388672510148239780E-02,      0.15%
    0.3483333333333336057080487E+00,    0.8933412471012055489083536E+00,    0.8917932724106408803876889E+00,    0.1547974690564668520664782E-02,      0.17%
    0.3499999999999996447286321E+00,    0.8925870121449258620671685E+00,    0.8908685968819600731194441E+00,    0.1718415262965788947724377E-02,      0.19%
    0.3516666666666665719276352E+00,    0.8918299397449117593694723E+00,    0.8899414369093323617931901E+00,    0.1888502835579397576282190E-02,      0.21%
    0.3533333333333334991266383E+00,    0.8910700401672893011806309E+00,    0.8890118139792168028279207E+00,    0.2058226188072498352710227E-02,      0.23%
    0.3550000000000004263256415E+00,    0.8903073237123673155934966E+00,    0.8880797495615103676058766E+00,    0.2227574150856947987620060E-02,      0.25%
    0.3566666666666664653462249E+00,    0.8895418007144479943804072E+00,    0.8871452651085768303929058E+00,    0.2396535605871163987501404E-02,      0.27%
    0.3583333333333333925452280E+00,    0.8887734815416268308041481E+00,    0.8862083820542802081732248E+00,    0.2565099487346622630923321E-02,      0.29%
    0.3600000000000003197442311E+00,    0.8880023765955984416109459E+00,    0.8852691218130310790712656E+00,    0.2733254782567362539680289E-02,      0.31%
    0.3616666666666663587648145E+00,    0.8872284963114605016443193E+00,    0.8843275057788347881526647E+00,    0.2900990532625713491654551E-02,      0.33%
    0.3633333333333332859638176E+00,    0.8864518511575129044999244E+00,    0.8833835553243489790986587E+00,    0.3068295833163925401265715E-02,      0.35%
    0.3650000000000002131628207E+00,    0.8856724516350638065631529E+00,    0.8824372917999513399323064E+00,    0.3235159835112466630846484E-02,      0.37%
    0.3666666666666662521834041E+00,    0.8848903082782281215301623E+00,    0.8814887365328112345252976E+00,    0.3401571745416887004864748E-02,      0.39%
    0.3683333333333331793824073E+00,    0.8841054316537284574195610E+00,    0.8805379108259691056659335E+00,    0.3567520827759351753627470E-02,      0.41%
    0.3700000000000001065814104E+00,    0.8833178323606968307402099E+00,    0.8795848359574280905803789E+00,    0.3732996403268740159830941E-02,      0.42%
    0.3716666666666670337804135E+00,    0.8825275210304714956777161E+00,    0.8786295331792475238330553E+00,    0.3897987851223971844660809E-02,      0.44%
    0.3733333333333330728009969E+00,    0.8817345083263992133737474E+00,    0.8776720237166486526803055E+00,    0.4062484609750560693441912E-02,      0.46%
    0.3750000000000000000000000E+00,    0.8809388049436288614657542E+00,    0.8767123287671232390039222E+00,    0.4226476176505622461831990E-02,      0.48%
    0.3766666666666669271990031E+00,    0.8801404216089139254108886E+00,    0.8757504694995571492555086E+00,    0.4389952109356776155379976E-02,      0.50%
    0.3783333333333329662195865E+00,    0.8793393690804076623379615E+00,    0.8747864670533548325792594E+00,    0.4552902027052829758702046E-02,      0.52%
    0.3799999999999998934185896E+00,    0.8785356581474564885425593E+00,    0.8738203425375743460534750E+00,    0.4715315609882142489084345E-02,      0.54%
    0.3816666666666668206175927E+00,    0.8777292996304012495656366E+00,    0.8728521170300720388723903E+00,    0.4877182600329210693246296E-02,      0.56%
    0.3833333333333337478165959E+00,    0.8769203043803682762202811E+00,    0.8718818115766526766208244E+00,    0.5038492803715599599456709E-02,      0.58%
    0.3849999999999997868371793E+00,    0.8761086832790688783134669E+00,    0.8709094471902285583553294E+00,    0.5199236088840319958137570E-02,      0.60%
    0.3866666666666667140361824E+00,    0.8752944472385854046692089E+00,    0.8699350448499845178673695E+00,    0.5359402388600886801839351E-02,      0.62%
    0.3883333333333336412351855E+00,    0.8744776072011745116085990E+00,    0.8689586255005561366004940E+00,    0.5518981700618375008104977E-02,      0.64%
    0.3899999999999996802557689E+00,    0.8736581741390532229729615E+00,    0.8679802100512110651919784E+00,    0.5677964087842157780983143E-02,      0.65%
    0.3916666666666666074547720E+00,    0.8728361590541942049981117E+00,    0.8669998193750376724864282E+00,    0.5836339679156532511683508E-02,      0.67%
    0.3933333333333335346537751E+00,    0.8720115729781181546087510E+00,    0.8660174743081481274487032E+00,    0.5994098669970027160047721E-02,      0.69%
    0.3949999999999995736743585E+00,    0.8711844269716828570437883E+00,    0.8650331956488832574336811E+00,    0.6151231322799599610107180E-02,      0.71%
    0.3966666666666665008733617E+00,    0.8703547321248764623291549E+00,    0.8640470041570262882402176E+00,    0.6307727967850174088937365E-02,      0.73%
    0.3983333333333334280723648E+00,    0.8695224995566070980146378E+00,    0.8630589205530289076406802E+00,    0.6463579003578190373957568E-02,      0.75%
    0.4000000000000003552713679E+00,    0.8686877404144923708884107E+00,    0.8620689655172411036687663E+00,    0.6618774897251267219644433E-02,      0.77%
    0.4016666666666663942919513E+00,    0.8678504658746476474462384E+00,    0.8610771596891513279814490E+00,    0.6773306185496319464789394E-02,      0.79%
    0.4033333333333333214909544E+00,    0.8670106871414771099182417E+00,    0.8600835236666316552245348E+00,    0.6927163474845454693706870E-02,      0.81%
    0.4050000000000002486899575E+00,    0.8661684154474590391359357E+00,    0.8590880780051973752975414E+00,    0.7080337442261663838394270E-02,      0.82%
    0.4066666666666662877105409E+00,    0.8653236620529370926035995E+00,    0.8580908432172689170869262E+00,    0.7232818835668175516673273E-02,      0.84%
    0.4083333333333332149095440E+00,    0.8644764382459034779415674E+00,    0.8570918397714423209166057E+00,    0.7384598474461157024961722E-02,      0.86%
    0.4100000000000001421085472E+00,    0.8636267553417884546007599E+00,    0.8560910880917728116301646E+00,    0.7535667250015642970595309E-02,      0.88%
    0.4116666666666670693075503E+00,    0.8627746246832465049081407E+00,    0.8550886085570615913198367E+00,    0.7686016126184913588303971E-02,      0.90%
    0.4133333333333331083281337E+00,    0.8619200576399397295546123E+00,    0.8540844215001519579288924E+00,    0.7835636139787771625719870E-02,      0.92%
    0.4150000000000000355271368E+00,    0.8610630656083236855735663E+00,    0.8530785472072340835936188E+00,    0.7984518401089601979947474E-02,      0.94%
    0.4166666666666669627261399E+00,    0.8602036600114340014755498E+00,    0.8520710059171595629479157E+00,    0.8132654094274438527634175E-02,      0.95%
    0.4183333333333330017467233E+00,    0.8593418522986699947807665E+00,    0.8510618178207619566322251E+00,    0.8280034477908038148541436E-02,      0.97%
    0.4199999999999999289457264E+00,    0.8584776539455749588825029E+00,    0.8500510030601836630737012E+00,    0.8426650885391295808801715E-02,      0.99%
    0.4216666666666668561447295E+00,    0.8576110764536233332933080E+00,    0.8490385817282178892995148E+00,    0.8572494725405443993793142E-02,      1.01%
    0.4233333333333328951653129E+00,    0.8567421313500030999321666E+00,    0.8480245738676518429954854E+00,    0.8717557482351256936681239E-02,      1.03%
    0.4249999999999998223643161E+00,    0.8558708301873951818095065E+00,    0.8470089994706194724827242E+00,    0.8861830716775709326782362E-02,      1.05%
    0.4266666666666667495633192E+00,    0.8549971845437566164704890E+00,    0.8459918784779666411921539E+00,    0.9005306065789975278335078E-02,      1.06%
    0.4283333333333336767623223E+00,    0.8541212060221053947728365E+00,    0.8449732307786191887188920E+00,    0.9147975243486206053944443E-02,      1.08%
    0.4299999999999997157829057E+00,    0.8532429062502941974344139E+00,    0.8439530762089628712629974E+00,    0.9289830041331326171416549E-02,      1.10%
    0.4316666666666666429819088E+00,    0.8523622968807975652794084E+00,    0.8429314345522278539846184E+00,    0.9430862328569711294790068E-02,      1.12%
    0.4333333333333335701809119E+00,    0.8514793895904869680535398E+00,    0.8419083255378856378570163E+00,    0.9571064052601330196523577E-02,      1.14%
    0.4349999999999996092014953E+00,    0.8505941960804145329788639E+00,    0.8408837688410520927462244E+00,    0.9710427239362440232639528E-02,      1.15%
    0.4366666666666665364004984E+00,    0.8497067280755875584574710E+00,    0.8398577840818954864943180E+00,    0.9848943993692071963153012E-02,      1.17%
    0.4383333333333334635995016E+00,    0.8488169973247510213809619E+00,    0.8388303908250595020135165E+00,    0.9986606499691519367445380E-02,      1.19%
    0.4400000000000003907985047E+00,    0.8479250156001643112801958E+00,    0.8378016085790881417594278E+00,    0.1012340702107616952076796E-01,      1.21%
    0.4416666666666664298190881E+00,    0.8470307946973779644750380E+00,    0.8367714567958627336352606E+00,    0.1025933790151523083977736E-01,      1.23%
    0.4433333333333333570180912E+00,    0.8461343464350125076478548E+00,    0.8357399548700424896097161E+00,    0.1039439156497001803813873E-01,      1.24%
    0.4450000000000002842170943E+00,    0.8452356826545346368817491E+00,    0.8347071221385193862118967E+00,    0.1052856051601525066985232E-01,      1.26%
    0.4466666666666663232376777E+00,    0.8443348152200348399887275E+00,    0.8336729778798772638737091E+00,    0.1066183734015757611501840E-01,      1.28%
    0.4483333333333332504366808E+00,    0.8434317560180002448788628E+00,    0.8326375413138559222758772E+00,    0.1079421470414432260298554E-01,      1.30%
    0.4500000000000001776356839E+00,    0.8425265169570946843791148E+00,    0.8316008316008315359724179E+00,    0.1092568535626314840669693E-01,      1.31%
    0.4516666666666671048346871E+00,    0.8416191099679315446024930E+00,    0.8305628678412976251266286E+00,    0.1105624212663391947586433E-01,      1.33%
    0.4533333333333331438552705E+00,    0.8407095470028477235402420E+00,    0.8295236690753576835888339E+00,    0.1118587792749003995140811E-01,      1.35%
    0.4550000000000000710542736E+00,    0.8397978400356798101000777E+00,    0.8284832542822228029777420E+00,    0.1131458575345700712233565E-01,      1.37%
    0.4566666666666669982532767E+00,    0.8388840010615395970106078E+00,    0.8274416423797220643265860E+00,    0.1144235868181753268402190E-01,      1.38%
    0.4583333333333330372738601E+00,    0.8379680420965838205660248E+00,    0.8263988522238164824429418E+00,    0.1156918987276733812308294E-01,      1.40%
    0.4599999999999999644728632E+00,    0.8370499751777886743298041E+00,    0.8253549026081214989858381E+00,    0.1169507256966717534396594E-01,      1.42%
    0.4616666666666668916718663E+00,    0.8361298123627273204405697E+00,    0.8243098122634400226615981E+00,    0.1182000009928729777897161E-01,      1.43%
    0.4633333333333329306924497E+00,    0.8352075657293360766431078E+00,    0.8232635998573013536017129E+00,    0.1194396587203472304139495E-01,      1.45%
    0.4649999999999998578914528E+00,    0.8342832473756883748805535E+00,    0.8222162839935045486328136E+00,    0.1206696338218382624773994E-01,      1.47%
    0.4666666666666667850904560E+00,    0.8333568694197716064664405E+00,    0.8211678832116787729589191E+00,    0.1218898620809283350752139E-01,      1.48%
    0.4683333333333337122894591E+00,    0.8324284439992504225358516E+00,    0.8201184159868414313976359E+00,    0.1231002801240899113821570E-01,      1.50%
    0.4699999999999997513100425E+00,    0.8314979832712454665966106E+00,    0.8190679007289705104710720E+00,    0.1243008254227495612553867E-01,      1.52%
    0.4716666666666666785090456E+00,    0.8305654994120984513372719E+00,    0.8180163557825803621881278E+00,    0.1254914362951808914914409E-01,      1.53%
    0.4733333333333336057080487E+00,    0.8296310046171457841523988E+00,    0.8169637994263097002800578E+00,    0.1266720519083608387234108E-01,      1.55%
    0.4749999999999996447286321E+00,    0.8286945111004889730210721E+00,    0.8159102498725141483504331E+00,    0.1278426122797482467063901E-01,      1.57%
    0.4766666666666665719276352E+00,    0.8277560310947607025156003E+00,    0.8148557252668653383409492E+00,    0.1290030582789536417465115E-01,      1.58%
    0.4783333333333334991266383E+00,    0.8268155768509000136390341E+00,    0.8138002436879617773612949E+00,    0.1301533316293823627773918E-01,      1.60%
    0.4800000000000004263256415E+00,    0.8258731606379159373432230E+00,    0.8127438231469438223442125E+00,    0.1312933749097211499901050E-01,      1.62%
    0.4816666666666664653462249E+00,    0.8249287947426608980094898E+00,    0.8116864815871177585293594E+00,    0.1324231315554313948013032E-01,      1.63%
    0.4833333333333333925452280E+00,    0.8239824914695942359443848E+00,    0.8106282368835847629284785E+00,    0.1335425458600947301590622E-01,      1.65%
    0.4850000000000003197442311E+00,    0.8230342631405549447265457E+00,    0.8095691068428827463776543E+00,    0.1346515629767219834889147E-01,      1.66%
    0.4866666666666663587648145E+00,    0.8220841220945280802823163E+00,    0.8085091092026305270579201E+00,    0.1357501289189755322439623E-01,      1.68%
    0.4883333333333332859638176E+00,    0.8211320806874102817829453E+00,    0.8074482616311801086439459E+00,    0.1368381905623017313899936E-01,      1.69%
    0.4900000000000002131628207E+00,    0.8201781512917806216123040E+00,    0.8063865817272799496606694E+00,    0.1379156956450067195163456E-01,      1.71%
    0.4916666666666662521834041E+00,    0.8192223462966655711525732E+00,    0.8053240870197418965759084E+00,    0.1389825927692367457666478E-01,      1.73%
    0.4933333333333331793824073E+00,    0.8182646781073030783915101E+00,    0.8042607949671147782311209E+00,    0.1400388314018830016038919E-01,      1.74%
    0.4950000000000001065814104E+00,    0.8173051591449159714031225E+00,    0.8031967229573703237477389E+00,    0.1410843618754564765538362E-01,      1.76%
    0.4966666666666670337804135E+00,    0.8163438018464705958621153E+00,    0.8021318883075905237234338E+00,    0.1421191353888007213868150E-01,      1.77%
    0.4983333333333330728009969E+00,    0.8153806186644483311454223E+00,    0.8010663082636666487701405E+00,    0.1431431040078168237528189E-01,      1.79%
    0.5000000000000000000000000E+00,    0.8144156220666056711365854E+00,    0.8000000000000000444089210E+00,    0.1441562206660562672766446E-01,      1.80%
    0.5016666666666669271990031E+00,    0.8134488245357469615726131E+00,    0.7989329806192172478418456E+00,    0.1451584391652971373076753E-01,      1.82%
    0.5033333333333329662195865E+00,    0.8124802385694820383577053E+00,    0.7978652671518871031253184E+00,    0.1461497141759493523238689E-01,      1.83%
    0.5049999999999998934185896E+00,    0.8115098766799937468618964E+00,    0.7967968765562439825700380E+00,    0.1471300012374976429185836E-01,      1.85%
    0.5066666666666668206175927E+00,    0.8105377513938055722420017E+00,    0.7957278257179232205942299E+00,    0.1480992567588235164777188E-01,      1.86%
    0.5083333333333337478165959E+00,    0.8095638752515417202459957E+00,    0.7946581314496989900675317E+00,    0.1490574380184273017846408E-01,      1.88%
    0.5099999999999997868371793E+00,    0.8085882608076925270879087E+00,    0.7935878104912309494167744E+00,    0.1500045031646157767113436E-01,      1.89%
    0.5116666666666667140361824E+00,    0.8076109206303796472781187E+00,    0.7925168795088156636907684E+00,    0.1509404112156398358735032E-01,      1.90%
    0.5133333333333336412351855E+00,    0.8066318673011171336284519E+00,    0.7914453550951491278553362E+00,    0.1518651220596800577311569E-01,      1.92%
    0.5149999999999996802557689E+00,    0.8056511134145782904170119E+00,    0.7903732537690927317797218E+00,    0.1527785964548555863729007E-01,      1.93%
    0.5166666666666666074547720E+00,    0.8046686715783538668134156E+00,    0.7893005919754439991820050E+00,    0.1536807960290986763141063E-01,      1.95%
    0.5183333333333335346537751E+00,    0.8036845544127204643558571E+00,    0.7882273860847212043623244E+00,    0.1545716832799925999353263E-01,      1.96%
    0.5199999999999995736743585E+00,    0.8026987745504003957108807E+00,    0.7871536523929474338245882E+00,    0.1554512215745296188629254E-01,      1.97%
    0.5216666666666665008733617E+00,    0.8017113446363225426338772E+00,    0.7860794071214428635485660E+00,    0.1563193751487967908531118E-01,      1.99%
    0.5233333333333334280723648E+00,    0.8007222773273880989108875E+00,    0.7850046664166280274699261E+00,    0.1571761091076007144096138E-01,      2.00%
    0.5250000000000003552713679E+00,    0.7997315852922322054752158E+00,    0.7839294463498281961832959E+00,    0.1580213894240400929191992E-01,      2.02%
    0.5266666666666663942919513E+00,    0.7987392812109840312118081E+00,    0.7828537629170873035633349E+00,    0.1588551829389672764847319E-01,      2.03%
    0.5283333333333333214909544E+00,    0.7977453777750275198954455E+00,    0.7817776320389846489433694E+00,    0.1596774573604287095207610E-01,      2.04%
    0.5300000000000002486899575E+00,    0.7967498876867681323332704E+00,    0.7807010695604650329926244E+00,    0.1604881812630309934064599E-01,      2.06%
    0.5316666666666662877105409E+00,    0.7957528236593882642324616E+00,    0.7796240912506688935934562E+00,    0.1612873240871937063900532E-01,      2.07%
    0.5333333333333332149095440E+00,    0.7947541984166114348298038E+00,    0.7785467128027682148783128E+00,    0.1620748561384321995149094E-01,      2.08%
    0.5350000000000001421085472E+00,    0.7937540246924646991644181E+00,    0.7774689498338158699652922E+00,    0.1628507485864882919912588E-01,      2.09%
    0.5366666666666670693075503E+00,    0.7927523152310359533245787E+00,    0.7763908178845936314260712E+00,    0.1636149734644232189850754E-01,      2.11%
    0.5383333333333331083281337E+00,    0.7917490827862379010326777E+00,    0.7753123324194699517164509E+00,    0.1643675036676794931622680E-01,      2.12%
    0.5400000000000000355271368E+00,    0.7907443401215643596913196E+00,    0.7742335088262619624543959E+00,    0.1651083129530239723692375E-01,      2.13%
    0.5416666666666669627261399E+00,    0.7897381000098566694589408E+00,    0.7731543624161071326383876E+00,    0.1658373759374953682055320E-01,      2.14%
    0.5433333333333330017467233E+00,    0.7887303752330594441843914E+00,    0.7720749084233374803787342E+00,    0.1665546680972196380565720E-01,      2.16%
    0.5449999999999999289457264E+00,    0.7877211785819813183451288E+00,    0.7709951620053584475655839E+00,    0.1672601657662287077954488E-01,      2.17%
    0.5466666666666668561447295E+00,    0.7867105228560563601192257E+00,    0.7699151382425402090348143E+00,    0.1679538461351615108441138E-01,      2.18%
    0.5483333333333328951653129E+00,    0.7856984208631039301451437E+00,    0.7688348521381086486670142E+00,    0.1686356872499528147812953E-01,      2.19%
    0.5499999999999998223643161E+00,    0.7846848854190850985901307E+00,    0.7677543186180423306907983E+00,    0.1693056680104276789933238E-01,      2.21%
    0.5516666666666667495633192E+00,    0.7836699293478663896905800E+00,    0.7666735525309810173055780E+00,    0.1699637681688537238500203E-01,      2.22%
    0.5533333333333336767623223E+00,    0.7826535654809783082441754E+00,    0.7655925686481334091482154E+00,    0.1706099683284489909596005E-01,      2.23%
    0.5549999999999997157829057E+00,    0.7816358066573720897451949E+00,    0.7645113816631946557222932E+00,    0.1712442499417743402290171E-01,      2.24%
    0.5566666666666666429819088E+00,    0.7806166657231828898133585E+00,    0.7634300061922656421842248E+00,    0.1718665953091724762913373E-01,      2.25%
    0.5583333333333335701809119E+00,    0.7795961555314855351284109E+00,    0.7623484567737834893819127E+00,    0.1724769875770204574649824E-01,      2.26%
    0.5599999999999996092014953E+00,    0.7785742889420569357028512E+00,    0.7612667478684532751387337E+00,    0.1730754107360366056411749E-01,      2.27%
    0.5616666666666665364004984E+00,    0.7775510788211295043481641E+00,    0.7601848938591841964296236E+00,    0.1736618496194530791854049E-01,      2.28%
    0.5633333333333334635995016E+00,    0.7765265380411576767727411E+00,    0.7591029090510369448097094E+00,    0.1742362899012073196303163E-01,      2.30%
    0.5650000000000003907985047E+00,    0.7755006794805697767358765E+00,    0.7580208076711704157091276E+00,    0.1747987180939936102674892E-01,      2.31%
    0.5666666666666664298190881E+00,    0.7744735160235324267219426E+00,    0.7569386038687974105343415E+00,    0.1753491215473501618760110E-01,      2.32%
    0.5683333333333333570180912E+00,    0.7734450605597038563843171E+00,    0.7558563117151430033047177E+00,    0.1758874884456085307959938E-01,      2.33%
    0.5700000000000002842170943E+00,    0.7724153259839972029965338E+00,    0.7547739452034113449840902E+00,    0.1764138078058585801244362E-01,      2.34%
    0.5716666666666663232376777E+00,    0.7713843251963353742084450E+00,    0.7536915182487561315483049E+00,    0.1769280694757924266014015E-01,      2.35%
    0.5733333333333332504366808E+00,    0.7703520711014122390736247E+00,    0.7526090446882527373873017E+00,    0.1774302641315950168632298E-01,      2.36%
    0.5750000000000001776356839E+00,    0.7693185766084490451177658E+00,    0.7515265382808828942273749E+00,    0.1779203832756615089039087E-01,      2.37%
    0.5766666666666671048346871E+00,    0.7682838546309539440315461E+00,    0.7504440127075183708527106E+00,    0.1783984192343557317883551E-01,      2.38%
    0.5783333333333331438552705E+00,    0.7672479180864816283857976E+00,    0.7493614815709115362096782E+00,    0.1788643651557009217611949E-01,      2.39%
    0.5800000000000000710542736E+00,    0.7662107798963875282538538E+00,    0.7482789583956899193140089E+00,    0.1793182150069760893984494E-01,      2.40%
    0.5816666666666669982532767E+00,    0.7651724529855895573504654E+00,    0.7471964566283588737860555E+00,    0.1797599635723068356440990E-01,      2.41%
    0.5833333333333330372738601E+00,    0.7641329502823268615685492E+00,    0.7461139896373059077205880E+00,    0.1801896064502095384796121E-01,      2.42%
    0.5849999999999999644728632E+00,    0.7630922847179136825346291E+00,    0.7450315707128088993371762E+00,    0.1806071400510478319745289E-01,      2.42%
    0.5866666666666668916718663E+00,    0.7620504692265032131714975E+00,    0.7439492130670545266823979E+00,    0.1810125615944868648909960E-01,      2.43%
    0.5883333333333329306924497E+00,    0.7610075167448412392090518E+00,    0.7428669298341552540421162E+00,    0.1814058691068598516693555E-01,      2.44%
    0.5899999999999998578914528E+00,    0.7599634402120262199886724E+00,    0.7417847340701728686696015E+00,    0.1817870614185335131907095E-01,      2.45%
    0.5916666666666667850904560E+00,    0.7589182525692684810891819E+00,    0.7407026387531504552086403E+00,    0.1821561381611802588054161E-01,      2.46%
    0.5933333333333337122894591E+00,    0.7578719667596459652614271E+00,    0.7396206567831430378490154E+00,    0.1825130997650292741241174E-01,      2.47%
    0.5949999999999997513100425E+00,    0.7568245957278643132326579E+00,    0.7385388009822568822215771E+00,    0.1828579474560743101108073E-01,      2.48%
    0.5966666666666666785090456E+00,    0.7557761524200136138418316E+00,    0.7374570840946895744494327E+00,    0.1831906832532403939239884E-01,      2.48%
    0.5983333333333336057080487E+00,    0.7547266497833274856432695E+00,    0.7363755187867802032286590E+00,    0.1835113099654728241461044E-01,      2.49%
    0.5999999999999996447286321E+00,    0.7536761007659431577110354E+00,    0.7352941176470589867975036E+00,    0.1838198311888417091353176E-01,      2.50%
    0.6016666666666665719276352E+00,    0.7526245183166541119490489E+00,    0.7342128931863004526192640E+00,    0.1841162513035365932978493E-01,      2.51%
    0.6033333333333334991266383E+00,    0.7515719153846759370551922E+00,    0.7331318578375867200946914E+00,    0.1844005754708921696050083E-01,      2.52%
    0.6050000000000004263256415E+00,    0.7505183049193969724299791E+00,    0.7320510239563694510067648E+00,    0.1846728096302752142321424E-01,      2.52%
    0.6066666666666664653462249E+00,    0.7494636998701448282744764E+00,    0.7309704038205387943705205E+00,    0.1849329604960603390395590E-01,      2.53%
    0.6083333333333333925452280E+00,    0.7484081131859349200752263E+00,    0.7298900096304931084389978E+00,    0.1851810355544181163622852E-01,      2.54%
    0.6100000000000003197442311E+00,    0.7473515578152386540367047E+00,    0.7288098535092192298279201E+00,    0.1854170430601942420878459E-01,      2.54%
    0.6116666666666663587648145E+00,    0.7462940467057359583691323E+00,    0.7277299475023703001497211E+00,    0.1856409920336565821941122E-01,      2.55%
    0.6133333333333332859638176E+00,    0.7452355928040770294273898E+00,    0.7266503035783490327403911E+00,    0.1858528922572799668699872E-01,      2.56%
    0.6150000000000002131628207E+00,    0.7441762090556367503779711E+00,    0.7255709336283987509474969E+00,    0.1860527542723799943047425E-01,      2.56%
    0.6166666666666662521834041E+00,    0.7431159084042801010738799E+00,    0.7244918494666937602843859E+00,    0.1862405893758634078949399E-01,      2.57%
    0.6183333333333331793824073E+00,    0.7420547037921123578740890E+00,    0.7234130628304340504541869E+00,    0.1864164096167830741990201E-01,      2.58%
    0.6200000000000001065814104E+00,    0.7409926081592456137414615E+00,    0.7223345853799479909795878E+00,    0.1865802277929762276187375E-01,      2.58%
    0.6216666666666670337804135E+00,    0.7399296344435549732665436E+00,    0.7212564286987930284311688E+00,    0.1867320574476194483537483E-01,      2.59%
    0.6233333333333330728009969E+00,    0.7388657955804364130258932E+00,    0.7201786042938650433953285E+00,    0.1868719128657136963056473E-01,      2.59%
    0.6250000000000000000000000E+00,    0.7378011045025666403418541E+00,    0.7191011235955055980184625E+00,    0.1869998090706104232339158E-01,      2.60%
    0.6266666666666669271990031E+00,    0.7367355741396631740869339E+00,    0.7180239979576203968036907E+00,    0.1871157618204277728324314E-01,      2.61%
    0.6283333333333329662195865E+00,    0.7356692174182443144658805E+00,    0.7169472386577953049169309E+00,    0.1872197876044900954894956E-01,      2.61%
    0.6299999999999998934185896E+00,    0.7346020472613834506603325E+00,    0.7158708568974158081843484E+00,    0.1873119036396764247598412E-01,      2.62%
    0.6316666666666668206175927E+00,    0.7335340765884773572835797E+00,    0.7147948638017952438517000E+00,    0.1873921278668211343187977E-01,      2.62%
    0.6333333333333337478165959E+00,    0.7324653183149982815791645E+00,    0.7137192704203010329422341E+00,    0.1874604789469724863693045E-01,      2.63%
    0.6349999999999997868371793E+00,    0.7313957853522569108051243E+00,    0.7126440877264873519081334E+00,    0.1875169762576955889699093E-01,      2.63%
    0.6366666666666667140361824E+00,    0.7303254906071626750829751E+00,    0.7115693266182272491704452E+00,    0.1875616398893542591252981E-01,      2.64%
    0.6383333333333336412351855E+00,    0.7292544469819831620682749E+00,    0.7104949979178547536662336E+00,    0.1875944906412840840204126E-01,      2.64%
    0.6399999999999996802557689E+00,    0.7281826673741044197996075E+00,    0.7094211123723044298827745E+00,    0.1876155500179998991683306E-01,      2.64%
    0.6416666666666666074547720E+00,    0.7271101646757897052353314E+00,    0.7083476806532540415162202E+00,    0.1876248402253566371911120E-01,      2.65%
    0.6433333333333335346537751E+00,    0.7260369517739438949277542E+00,    0.7072747133572757638475537E+00,    0.1876223841666813108020051E-01,      2.65%
    0.6449999999999995736743585E+00,    0.7249630415498707902699493E+00,    0.7062022210059853977170974E+00,    0.1876082054388539255285195E-01,      2.66%
    0.6466666666666665008733617E+00,    0.7238884468790348636346721E+00,    0.7051302140461940259896778E+00,    0.1875823283284083764499428E-01,      2.66%
    0.6483333333333334280723648E+00,    0.7228131806308230045132746E+00,    0.7040587028500686628262883E+00,    0.1875447778075434168698621E-01,      2.66%
    0.6500000000000003552713679E+00,    0.7217372556683041562308745E+00,    0.7029876977152896833089812E+00,    0.1874955795301447292189323E-01,      2.67%
    0.6516666666666663942919513E+00,    0.7206606848479937266205297E+00,    0.7019172088652144703146973E+00,    0.1874347598277925630583240E-01,      2.67%
    0.6533333333333333214909544E+00,    0.7195834810196098940693332E+00,    0.7008472464490406172998860E+00,    0.1873623457056927676944724E-01,      2.67%
    0.6550000000000002486899575E+00,    0.7185056570258402386386365E+00,    0.6997778205419777908247170E+00,    0.1872783648386244781391952E-01,      2.68%
    0.6566666666666662877105409E+00,    0.7174272257021028220691505E+00,    0.6987089411454171505866384E+00,    0.1871828455668567148251213E-01,      2.68%
    0.6583333333333332149095440E+00,    0.7163481998763051583622996E+00,    0.6976406181871034339891935E+00,    0.1870758168920172437310612E-01,      2.68%
    0.6600000000000001421085472E+00,    0.7152685923686104008112352E+00,    0.6965728615213150343166149E+00,    0.1869573084729536649462034E-01,      2.68%
    0.6616666666666670693075503E+00,    0.7141884159911976448498194E+00,    0.6955056809290408592616473E+00,    0.1868273506215678558817217E-01,      2.69%
    0.6633333333333331083281337E+00,    0.7131076835480257836152873E+00,    0.6944390861181628515907960E+00,    0.1866859742986293202449133E-01,      2.69%
    0.6650000000000000355271368E+00,    0.7120264078345933667080203E+00,    0.6933730867236387318541802E+00,    0.1865332111095463485384016E-01,      2.69%
    0.6666666666666669627261399E+00,    0.7109446016377068966463071E+00,    0.6923076923076920685673485E+00,    0.1863690933001482807895854E-01,      2.69%
    0.6683333333333330017467233E+00,    0.7098622777352409096707220E+00,    0.6912429123599995728355339E+00,    0.1861936537524133683518812E-01,      2.69%
    0.6699999999999999289457264E+00,    0.7087794488959008321060651E+00,    0.6901787562978811685354685E+00,    0.1860069259801966357059655E-01,      2.70%
    0.6716666666666668561447295E+00,    0.7076961278789897225038885E+00,    0.6891152334664982781475828E+00,    0.1858089441249144435630569E-01,      2.70%
    0.6733333333333328951653129E+00,    0.7066123274341707949375291E+00,    0.6880523531390480007630117E+00,    0.1855997429512279417451737E-01,      2.70%
    0.6749999999999998223643161E+00,    0.7055280603012292761633262E+00,    0.6869901245169601766704659E+00,    0.1853793578426909949286028E-01,      2.70%
    0.6766666666666667495633192E+00,    0.7044433392098423674099195E+00,    0.6859285567301023345265776E+00,    0.1851478247974003288334188E-01,      2.70%
    0.6783333333333336767623223E+00,    0.7033581768793398802941397E+00,    0.6848676588369804196787527E+00,    0.1849051804235946061538698E-01,      2.70%
    0.6799999999999997157829057E+00,    0.7022725860184718671419546E+00,    0.6838074398249454066700537E+00,    0.1846514619352646047190092E-01,      2.70%
    0.6816666666666666429819088E+00,    0.7011865793251695899712672E+00,    0.6827479086103994676548723E+00,    0.1843867071477012231639492E-01,      2.70%
    0.6833333333333335701809119E+00,    0.7001001694863177027272627E+00,    0.6816890740390075809074233E+00,    0.1841109544731012181983942E-01,      2.70%
    0.6849999999999996092014953E+00,    0.6990133691775153312875091E+00,    0.6806309448859095834194477E+00,    0.1838242429160574786806137E-01,      2.70%
    0.6866666666666665364004984E+00,    0.6979261910628418164037612E+00,    0.6795735298559304471410769E+00,    0.1835266120691136926268427E-01,      2.70%
    0.6883333333333334635995016E+00,    0.6968386477946274526473758E+00,    0.6785168375838014354073380E+00,    0.1832181021082601724003780E-01,      2.70%
    0.6900000000000003907985047E+00,    0.6957507520132176770388810E+00,    0.6774608766343740429149989E+00,    0.1828987537884363412388211E-01,      2.70%
    0.6916666666666664298190881E+00,    0.6946625163467387009674781E+00,    0.6764056555028419293051911E+00,    0.1825686084389677166228694E-01,      2.70%
    0.6933333333333333570180912E+00,    0.6935739534108668058465241E+00,    0.6753511826149597441215633E+00,    0.1822277079590706172496084E-01,      2.70%
    0.6950000000000002842170943E+00,    0.6924850758085955293452685E+00,    0.6742974663272700563965145E+00,    0.1818760948132547294875394E-01,      2.70%
    0.6966666666666663232376777E+00,    0.6913958961300048500220328E+00,    0.6732445149273272866352613E+00,    0.1815138120267756338677145E-01,      2.70%
    0.6983333333333332504366808E+00,    0.6903064269520252649314784E+00,    0.6721923366339223049337193E+00,    0.1811409031810295999775917E-01,      2.69%
    0.7000000000000001776356839E+00,    0.6892166808382119702613977E+00,    0.6711409395973153557690694E+00,    0.1807574124089661449232835E-01,      2.69%
    0.7016666666666671048346871E+00,    0.6881266703385092720068883E+00,    0.6700903318994638757644111E+00,    0.1803633843904539624247718E-01,      2.69%
    0.7033333333333331438552705E+00,    0.6870364079890233233172125E+00,    0.6690405215542555295016314E+00,    0.1799588643476779381558117E-01,      2.69%
    0.7050000000000000710542736E+00,    0.6859459063117886445937188E+00,    0.6679915165077403571558534E+00,    0.1795438980404828743786538E-01,      2.69%
    0.7066666666666669982532767E+00,    0.6848551778145385293683489E+00,    0.6669433246383683622227068E+00,    0.1791185317617016714564215E-01,      2.69%
    0.7083333333333330372738601E+00,    0.6837642349904800020965467E+00,    0.6658959537572256559556649E+00,    0.1786828123325434614088181E-01,      2.68%
    0.7099999999999999644728632E+00,    0.6826730903180547871400563E+00,    0.6648494116082707128256857E+00,    0.1782367870978407431437063E-01,      2.68%
    0.7116666666666668916718663E+00,    0.6815817562607198176749534E+00,    0.6638037058685777314082088E+00,    0.1777805039214208626674463E-01,      2.68%
    0.7133333333333329306924497E+00,    0.6804902452667143109010794E+00,    0.6627588441485761094895679E+00,    0.1773140111813820141151155E-01,      2.68%
    0.7149999999999998578914528E+00,    0.6793985697688308400543633E+00,    0.6617148339922911404187289E+00,    0.1768373577653969963563441E-01,      2.67%
    0.7166666666666667850904560E+00,    0.6783067421841886268651933E+00,    0.6606716828775921479532940E+00,    0.1763505930659647891189934E-01,      2.67%
    0.7183333333333337122894591E+00,    0.6772147749140051686822517E+00,    0.6596293982164350699903821E+00,    0.1758537669757009869186959E-01,      2.67%
    0.7199999999999997513100425E+00,    0.6761226803433710852431204E+00,    0.6585879873551107044349351E+00,    0.1753469298826038080818535E-01,      2.66%
    0.7216666666666666785090456E+00,    0.6750304708410187481959497E+00,    0.6575474575744899574658575E+00,    0.1748301326652879073009217E-01,      2.66%
    0.7233333333333336057080487E+00,    0.6739381587591009026283473E+00,    0.6565078160902769743856311E+00,    0.1743034266882392824271619E-01,      2.66%
    0.7249999999999996447286321E+00,    0.6728457564329625162358184E+00,    0.6554690700532571634440160E+00,    0.1737668637970535279180240E-01,      2.65%
    0.7266666666666665719276352E+00,    0.6717532761809131836017173E+00,    0.6544312265495477731747087E+00,    0.1732204963136541042700856E-01,      2.65%
    0.7283333333333334991266383E+00,    0.6706607303040053036369272E+00,    0.6533942926008540208471231E+00,    0.1726643770315128278980410E-01,      2.64%
    0.7300000000000004263256415E+00,    0.6695681310858068169267199E+00,    0.6523582751647202249145607E+00,    0.1720985592108659201215914E-01,      2.64%
    0.7316666666666664653462249E+00,    0.6684754907921778288582004E+00,    0.6513231811347860444882940E+00,    0.1715230965739178436990642E-01,      2.63%
    0.7333333333333333925452280E+00,    0.6673828216710457894578212E+00,    0.6502890173410403873432983E+00,    0.1709380433000540211452289E-01,      2.63%
    0.7350000000000003197442311E+00,    0.6662901359521814503850123E+00,    0.6492557905500817572175265E+00,    0.1703434540209969316748584E-01,      2.62%
    0.7366666666666663587648145E+00,    0.6651974458469790407733058E+00,    0.6482235074653742712413873E+00,    0.1697393838160476953191846E-01,      2.62%
    0.7383333333333332859638176E+00,    0.6641047635482276723095652E+00,    0.6471921747275051206571561E+00,    0.1691258882072255165240904E-01,      2.61%
    0.7400000000000002131628207E+00,    0.6630121012298941796103691E+00,    0.6461617989144480267427184E+00,    0.1685030231544615286765065E-01,      2.61%
    0.7416666666666662521834041E+00,    0.6619194710468999653940614E+00,    0.6451323865418218117540050E+00,    0.1678708450507815364005637E-01,      2.60%
    0.7433333333333331793824073E+00,    0.6608268851348961803182647E+00,    0.6441039440631509682688716E+00,    0.1672294107174521204939310E-01,      2.60%
    0.7450000000000001065814104E+00,    0.6597343556100473405123807E+00,    0.6430764778701306694230766E+00,    0.1665787773991667108930415E-01,      2.59%
    0.7466666666666670337804135E+00,    0.6586418945688082837719435E+00,    0.6420499942928886705217906E+00,    0.1659190027591961325015291E-01,      2.58%
    0.7483333333333330728009969E+00,    0.6575495140877058997119775E+00,    0.6410244996002500972309690E+00,    0.1652501448745580248100850E-01,      2.58%
    0.7500000000000000000000000E+00,    0.6564572262231151977829313E+00,    0.6400000000000000133226763E+00,    0.1645722622311518446025502E-01,      2.57%
    0.7516666666666669271990031E+00,    0.6553650430110454783161344E+00,    0.6389765016391520946470450E+00,    0.1638854137189338366908942E-01,      2.56%
    0.7533333333333329662195865E+00,    0.6542729764669189540526872E+00,    0.6379540106042135283459515E+00,    0.1631896586270542570673570E-01,      2.56%
    0.7549999999999998934185896E+00,    0.6531810385853509259845850E+00,    0.6369325329214503561559013E+00,    0.1624850566390056982868373E-01,      2.55%
    0.7566666666666668206175927E+00,    0.6520892413399359544001754E+00,    0.6359120745571578137145252E+00,    0.1617716678277814068565021E-01,      2.54%
    0.7583333333333337478165959E+00,    0.6509975966830275906360725E+00,    0.6348926414179266730641871E+00,    0.1610495526510091757188547E-01,      2.54%
    0.7599999999999997868371793E+00,    0.6499061165455234378995897E+00,    0.6338742393509129158246651E+00,    0.1603187719461052207492457E-01,      2.53%
    0.7616666666666667140361824E+00,    0.6488148128366457711990734E+00,    0.6328568741441049638751792E+00,    0.1595793869254080732389411E-01,      2.52%
    0.7633333333333336412351855E+00,    0.6477236974437304839469220E+00,    0.6318405515265967942184488E+00,    0.1588314591713368972847320E-01,      2.51%
    0.7649999999999996802557689E+00,    0.6466327822320083740237351E+00,    0.6308252771688563909080472E+00,    0.1580750506315198311568793E-01,      2.51%
    0.7666666666666666074547720E+00,    0.6455420790443894274446279E+00,    0.6298110566829950851541753E+00,    0.1573102236139434229045264E-01,      2.50%
    0.7683333333333335346537751E+00,    0.6444515997012530972298805E+00,    0.6287978956230425575668619E+00,    0.1565370407821053966301861E-01,      2.49%
    0.7699999999999995736743585E+00,    0.6433613560002311437813205E+00,    0.6277857994852159562171323E+00,    0.1557555651501518756418818E-01,      2.48%
    0.7716666666666665008733617E+00,    0.6422713597159932508162683E+00,    0.6267747737081912351442270E+00,    0.1549658600780201567204131E-01,      2.47%
    0.7733333333333334280723648E+00,    0.6411816226000385254835123E+00,    0.6257648236733784896657085E+00,    0.1541679892666003581780387E-01,      2.46%
    0.7750000000000003552713679E+00,    0.6400921563804801150965318E+00,    0.6247559547051930728400748E+00,    0.1533620167528704225645697E-01,      2.45%
    0.7766666666666663942919513E+00,    0.6390029727618345978257253E+00,    0.6237481720713292654423299E+00,    0.1525480069050533238339540E-01,      2.45%
    0.7783333333333333214909544E+00,    0.6379140834248092639668926E+00,    0.6227414809830319475381089E+00,    0.1517260244177731642878371E-01,      2.44%
    0.7800000000000002486899575E+00,    0.6368255000260953924140495E+00,    0.6217358865953740432175323E+00,    0.1508961343072134919651717E-01,      2.43%
    0.7816666666666662877105409E+00,    0.6357372341981551988610022E+00,    0.6207313940075283031916342E+00,    0.1500584019062689566936797E-01,      2.42%
    0.7833333333333332149095440E+00,    0.6346492975490123367166007E+00,    0.6197280082630401976118151E+00,    0.1492128928597213910478558E-01,      2.41%
    0.7850000000000001421085472E+00,    0.6335617016620440633545286E+00,    0.6187257343501059159152078E+00,    0.1483596731193814743932080E-01,      2.40%
    0.7866666666666670693075503E+00,    0.6324744580957737394300011E+00,    0.6177245772018447045326184E+00,    0.1474988089392903489738273E-01,      2.39%
    0.7883333333333331083281337E+00,    0.6313875783836614408173205E+00,    0.6167245416965750903770527E+00,    0.1466303668708635044026778E-01,      2.38%
    0.7900000000000000355271368E+00,    0.6303010740338955697481538E+00,    0.6157256326580875516185642E+00,    0.1457544137580801812958953E-01,      2.37%
    0.7916666666666669627261399E+00,    0.6292149565291910162656563E+00,    0.6147278548559229616188304E+00,    0.1448710167326805464682593E-01,      2.36%
    0.7933333333333330017467233E+00,    0.6281292373265788819836075E+00,    0.6137312130056465919736297E+00,    0.1439802432093229000997781E-01,      2.35%
    0.7949999999999999289457264E+00,    0.6270439278572020880275772E+00,    0.6127357117691212273768997E+00,    0.1430821608808086065067755E-01,      2.34%
    0.7966666666666668561447295E+00,    0.6259590395261105388868828E+00,    0.6117413557547867197783376E+00,    0.1421768377132381910854519E-01,      2.32%
    0.7983333333333328951653129E+00,    0.6248745837120585067125944E+00,    0.6107481495179333252920628E+00,    0.1412643419412518142053159E-01,      2.31%
    0.7999999999999998223643161E+00,    0.6237905717672977967680481E+00,    0.6097560975609757072390948E+00,    0.1403447420632208952895326E-01,      2.30%
    0.8016666666666667495633192E+00,    0.6227070150173772411505979E+00,    0.6087652043337318241711387E+00,    0.1394181068364541697945924E-01,      2.29%
    0.8033333333333336767623223E+00,    0.6216239247609403051342269E+00,    0.6077754742336962667792477E+00,    0.1384845052724403835497924E-01,      2.28%
    0.8049999999999997157829057E+00,    0.6205413122695224714675533E+00,    0.6067869116063168144492579E+00,    0.1375440066320565701829537E-01,      2.27%
    0.8066666666666666429819088E+00,    0.6194591887873482916049284E+00,    0.6057995207452681052373578E+00,    0.1365966804208018636757060E-01,      2.25%
    0.8083333333333335701809119E+00,    0.6183775655311337660080540E+00,    0.6048133058927295246931521E+00,    0.1356425963840424131490181E-01,      2.24%
    0.8099999999999996092014953E+00,    0.6172964536898867260461543E+00,    0.6038282712396596529913495E+00,    0.1346818245022707305480480E-01,      2.23%
    0.8116666666666665364004984E+00,    0.6162158644247024419371428E+00,    0.6028444209260696018404246E+00,    0.1337144349863284009671816E-01,      2.22%
    0.8133333333333334635995016E+00,    0.6151358088685714431420593E+00,    0.6018617590413010143279848E+00,    0.1327404982727042881407442E-01,      2.21%
    0.8150000000000003907985047E+00,    0.6140562981261773467522858E+00,    0.6008802896242994018294326E+00,    0.1317600850187794492285320E-01,      2.19%
    0.8166666666666664298190881E+00,    0.6129773432737004590364904E+00,    0.5999000166638895903403750E+00,    0.1307732660981086869611545E-01,      2.18%
    0.8183333333333333570180912E+00,    0.6118989553586214880098737E+00,    0.5989209440990481692068670E+00,    0.1297801125957331880300671E-01,      2.17%
    0.8200000000000002842170943E+00,    0.6108211453995247008919023E+00,    0.5979430758191818240376847E+00,    0.1287806958034287685421759E-01,      2.15%
    0.8216666666666663232376777E+00,    0.6097439243859037460993022E+00,    0.5969664156643990082784512E+00,    0.1277750872150473782085101E-01,      2.14%
    0.8233333333333332504366808E+00,    0.6086673032779641445699781E+00,    0.5959909674257826139864846E+00,    0.1267633585218153058349344E-01,      2.13%
    0.8250000000000001776356839E+00,    0.6075912930064324424250799E+00,    0.5950167348456674165646518E+00,    0.1257455816076502586042807E-01,      2.11%
    0.8266666666666671048346871E+00,    0.6065159044723608117166691E+00,    0.5940437216179108581570745E+00,    0.1247218285444995355959463E-01,      2.10%
    0.8283333333333331438552705E+00,    0.6054411485469359810451806E+00,    0.5930719313881672727362115E+00,    0.1236921715876870830896905E-01,      2.09%
    0.8300000000000000710542736E+00,    0.6043670360712823930171567E+00,    0.5921013677541594466546826E+00,    0.1226566831712294636247407E-01,      2.07%
    0.8316666666666669982532767E+00,    0.6032935778562781292677641E+00,    0.5911320342659533988438625E+00,    0.1216154359032473042390166E-01,      2.06%
    0.8333333333333330372738601E+00,    0.6022207846823585120077382E+00,    0.5901639344262297193210998E+00,    0.1205685025612879268663846E-01,      2.04%
    0.8349999999999999644728632E+00,    0.6011486672993271440645913E+00,    0.5891970716905536864516080E+00,    0.1195159560877345761298329E-01,      2.03%
    0.8366666666666668916718663E+00,    0.6000772364261683922137536E+00,    0.5882314494676504912362702E+00,    0.1184578695851790097748335E-01,      2.01%
    0.8383333333333329306924497E+00,    0.5990065027508577610859675E+00,    0.5872670711196739112835985E+00,    0.1173943163118384980236897E-01,      2.00%
    0.8399999999999998578914528E+00,    0.5979364769301720450300763E+00,    0.5863039399624766501162298E+00,    0.1163253696769539491384648E-01,      1.98%
    0.8416666666666667850904560E+00,    0.5968671695895056972247517E+00,    0.5853420592658834520349842E+00,    0.1152511032362224518976745E-01,      1.97%
    0.8433333333333337122894591E+00,    0.5957985913226808705189796E+00,    0.5843814322539588879124040E+00,    0.1141715906872198260657569E-01,      1.95%
    0.8449999999999997513100425E+00,    0.5947307526917653408560227E+00,    0.5834220621052786936999723E+00,    0.1130869058648664715605037E-01,      1.94%
    0.8466666666666666785090456E+00,    0.5936636642268818819800913E+00,    0.5824639519531957798648136E+00,    0.1119971227368610211527766E-01,      1.92%
    0.8483333333333336057080487E+00,    0.5925973364260291864624719E+00,    0.5815071048861132352314485E+00,    0.1109023153991595123102343E-01,      1.91%
    0.8499999999999996447286321E+00,    0.5915317797548970135679269E+00,    0.5805515239477506694854014E+00,    0.1098025580714634408252550E-01,      1.89%
    0.8516666666666665719276352E+00,    0.5904670046466795607642553E+00,    0.5795972121374096674983889E+00,    0.1086979250926989326586636E-01,      1.88%
    0.8533333333333334991266383E+00,    0.5894030215018993823505866E+00,    0.5786441724102457939693522E+00,    0.1075884909165358838123439E-01,      1.86%
    0.8550000000000004263256415E+00,    0.5883398406882203168777323E+00,    0.5776924076775318273035964E+00,    0.1064743301068848957413593E-01,      1.84%
    0.8566666666666664653462249E+00,    0.5872774725402718498656895E+00,    0.5767419208069261005178419E+00,    0.1053555173334574934784769E-01,      1.83%
    0.8583333333333333925452280E+00,    0.5862159273594625963355043E+00,    0.5757927146227357351193632E+00,    0.1042321273672686121614106E-01,      1.81%
    0.8600000000000003197442311E+00,    0.5851552154138079941958495E+00,    0.5748447919061850930333435E+00,    0.1031042350762290116250597E-01,      1.79%
    0.8616666666666663587648145E+00,    0.5840953469377493378900112E+00,    0.5738981553956790104820129E+00,    0.1019719154207032740799832E-01,      1.78%
    0.8633333333333332859638176E+00,    0.5830363321319731451097823E+00,    0.5729528077870652547076702E+00,    0.1008352434490789040211212E-01,      1.76%
    0.8650000000000002131628207E+00,    0.5819781811632389612043426E+00,    0.5720087517339014215878024E+00,    0.9969429429337539616540198E-02,      1.74%
    0.8666666666666662521834041E+00,    0.5809209041642002802063871E+00,    0.5710659898477159490681743E+00,    0.9854914316484331138212838E-02,      1.73%
    0.8683333333333331793824073E+00,    0.5798645112332287965273281E+00,    0.5701245246982695746851277E+00,    0.9739986534959221842200350E-02,      1.71%
    0.8700000000000001065814104E+00,    0.5788090124342426534553852E+00,    0.5691843588138196796677448E+00,    0.9624653620422973787640331E-02,      1.69%
    0.8716666666666670337804135E+00,    0.5777544177965303617838799E+00,    0.5682454946813798590810052E+00,    0.9508923115150502702874746E-02,      1.67%
    0.8733333333333330728009969E+00,    0.5767007373145780491086043E+00,    0.5673079347469808242365730E+00,    0.9392802567597224872031347E-02,      1.66%
    0.8750000000000000000000000E+00,    0.5756479809478972642367012E+00,    0.5663716814159291956798370E+00,    0.9276299531968068556864182E-02,      1.64%
    0.8766666666666669271990031E+00,    0.5745961586208540028408720E+00,    0.5654367370530691827568148E+00,    0.9159421567784820084057174E-02,      1.62%
    0.8783333333333329662195865E+00,    0.5735452802224981772027945E+00,    0.5645031039830400443335634E+00,    0.9042176239458132869231122E-02,      1.60%
    0.8799999999999998934185896E+00,    0.5724953556063924198227255E+00,    0.5635707844905319952033551E+00,    0.8924571115860424619370406E-02,      1.58%
    0.8816666666666668206175927E+00,    0.5714463945904443287204799E+00,    0.5626397808205475525866746E+00,    0.8806613769896776133805361E-02,      1.57%
    0.8833333333333337478165959E+00,    0.5703984069567384906918051E+00,    0.5617100951786547780031356E+00,    0.8688311778083712688669493E-02,      1.55%
    0.8849999999999997868371793E+00,    0.5693514024513685045647549E+00,    0.5607817297312455151470090E+00,    0.8569672720122989417745885E-02,      1.53%
    0.8866666666666667140361824E+00,    0.5683053907842681162776444E+00,    0.5598546866057876325584175E+00,    0.8450704178480483719226868E-02,      1.51%
    0.8883333333333336412351855E+00,    0.5672603816290503475627816E+00,    0.5589289678910831504765611E+00,    0.8331413737967197086220494E-02,      1.49%
    0.8899999999999996802557689E+00,    0.5662163846228391861359341E+00,    0.5580045756375203724886092E+00,    0.8211808985318813647324987E-02,      1.47%
    0.8916666666666666074547720E+00,    0.5651734093661038293987531E+00,    0.5570815118573252400224760E+00,    0.8091897508778589376277068E-02,      1.45%
    0.8933333333333335346537751E+00,    0.5641314654224998115239487E+00,    0.5561597785248170167093917E+00,    0.7971686897682794814556928E-02,      1.43%
    0.8949999999999995736743585E+00,    0.5630905623187045794253436E+00,    0.5552393775766579775421405E+00,    0.7851184742046601883203039E-02,      1.41%
    0.8966666666666665008733617E+00,    0.5620507095442529577056234E+00,    0.5543203109121033200779038E+00,    0.7730398632149637627719585E-02,      1.39%
    0.8983333333333334280723648E+00,    0.5610119165513814953882843E+00,    0.5534025803932539622209674E+00,    0.7609336158127533167316869E-02,      1.38%
    0.9000000000000003552713679E+00,    0.5599741927548643749545931E+00,    0.5524861878453036778680030E+00,    0.7488004909560697086590153E-02,      1.36%
    0.9016666666666663942919513E+00,    0.5589375475318577590755353E+00,    0.5515711350567890081109113E+00,    0.7366412475068750964624087E-02,      1.34%
    0.9033333333333333214909544E+00,    0.5579019902217362547602875E+00,    0.5506574237798349535921716E+00,    0.7244566441901301168115879E-02,      1.32%
    0.9050000000000002486899575E+00,    0.5568675301259417009802632E+00,    0.5497450557304048857076850E+00,    0.7122474395536815272578224E-02,      1.30%
    0.9066666666666662877105409E+00,    0.5558341765078237406427775E+00,    0.5488340325885453507837042E+00,    0.7000143919278389859073286E-02,      1.28%
    0.9083333333333332149095440E+00,    0.5548019385924828350553639E+00,    0.5479243559986303191422508E+00,    0.6877582593852515913113166E-02,      1.26%
    0.9100000000000001421085472E+00,    0.5537708255666173862152846E+00,    0.5470160275696076546125823E+00,    0.6754797997009731602702232E-02,      1.23%
    0.9116666666666670693075503E+00,    0.5527408465783697488760140E+00,    0.5461090488752426974627951E+00,    0.6631797703127051413218851E-02,      1.21%
    0.9133333333333331083281337E+00,    0.5517120107371729087475387E+00,    0.5452034214543606260860997E+00,    0.6508589282812282661438985E-02,      1.19%
    0.9150000000000000355271368E+00,    0.5506843271135962725182367E+00,    0.5442991468110873753971646E+00,    0.6385180302508897121072096E-02,      1.17%
    0.9166666666666669627261399E+00,    0.5496578047391978971702997E+00,    0.5433962264150942189644411E+00,    0.6261578324103678205858614E-02,      1.15%
    0.9183333333333330017467233E+00,    0.5486324526063720563584525E+00,    0.5424946617018361338935506E+00,    0.6137790904535922464901887E-02,      1.13%
    0.9199999999999999289457264E+00,    0.5476082796681991382570232E+00,    0.5415944540727903877552762E+00,    0.6013825595408750501746908E-02,      1.11%
    0.9216666666666668561447295E+00,    0.5465852948382987630537855E+00,    0.5406956048956982341380240E+00,    0.5889689942600528915761515E-02,      1.09%
    0.9233333333333328951653129E+00,    0.5455635069906820122653812E+00,    0.5397981155048013901520676E+00,    0.5765391485880622113313621E-02,      1.07%
    0.9249999999999998223643161E+00,    0.5445429249596004384059711E+00,    0.5389019872010779588222817E+00,    0.5640937758522479583689346E-02,      1.05%
    0.9266666666666667495633192E+00,    0.5435235575394066209753419E+00,    0.5380072212524806829492263E+00,    0.5516336286925938026115546E-02,      1.03%
    0.9283333333333336767623223E+00,    0.5425054134844047304397918E+00,    0.5371138188941719793234597E+00,    0.5391594590232751116332111E-02,      1.00%
    0.9299999999999997157829057E+00,    0.5414885015087080866180713E+00,    0.5362217813287577516945248E+00,    0.5266720179950334923546507E-02,      0.98%
    0.9316666666666666429819088E+00,    0.5404728302860943855989717E+00,    0.5353311097265202045392130E+00,    0.5141720559574181059758757E-02,      0.96%
    0.9333333333333335701809119E+00,    0.5394584084498652565287102E+00,    0.5344418052256530993204819E+00,    0.5016603224212157208228291E-02,      0.94%
    0.9349999999999996092014953E+00,    0.5384452445927052632868026E+00,    0.5335538689324923478096707E+00,    0.4891375660212915477131901E-02,      0.92%
    0.9366666666666665364004984E+00,    0.5374333472665373534482569E+00,    0.5326673019217452731410845E+00,    0.4766045344792080307172455E-02,      0.89%
    0.9383333333333334635995016E+00,    0.5364227249823887433421987E+00,    0.5317821052367243117586781E+00,    0.4640619745664431583520582E-02,      0.87%
    0.9400000000000003907985047E+00,    0.5354133862102491425716266E+00,    0.5308982798895729438015678E+00,    0.4515106320676198770058818E-02,      0.85%
    0.9416666666666664298190881E+00,    0.5344053393789339745367784E+00,    0.5300158268614967305154551E+00,    0.4389512517437244021323295E-02,      0.83%
    0.9433333333333333570180912E+00,    0.5333985928759464867354723E+00,    0.5291347471029872462366939E+00,    0.4263845772959240498778399E-02,      0.81%
    0.9450000000000002842170943E+00,    0.5323931550473447460447574E+00,    0.5282550415340524496699004E+00,    0.4138113513292296374856960E-02,      0.78%
    0.9466666666666663232376777E+00,    0.5313890341976043041327671E+00,    0.5273767110444405048497174E+00,    0.4012323153163799283049684E-02,      0.76%
    0.9483333333333332504366808E+00,    0.5303862385894838604727397E+00,    0.5264997564938627139241589E+00,    0.3886482095621146548580782E-02,      0.74%
    0.9500000000000001776356839E+00,    0.5293847764438945890930199E+00,    0.5256241787122206687854487E+00,    0.3760597731673920307571279E-02,      0.72%
    0.9516666666666671048346871E+00,    0.5283846559397673559033137E+00,    0.5247499784998270744296178E+00,    0.3634677439940281473695904E-02,      0.69%
    0.9533333333333331438552705E+00,    0.5273858852139207131770604E+00,    0.5238771566276282376506401E+00,    0.3508728586292475526420276E-02,      0.67%
    0.9550000000000000710542736E+00,    0.5263884723609314475467613E+00,    0.5230057138374236691547026E+00,    0.3382758523507778392058754E-02,      0.65%
    0.9566666666666669982532767E+00,    0.5253924254330060161777283E+00,    0.5221356508420886832766428E+00,    0.3256774590917332901085501E-02,      0.62%
    0.9583333333333330372738601E+00,    0.5243977524398516498749245E+00,    0.5212669683257920016927756E+00,    0.3130784114059648182148976E-02,      0.60%
    0.9599999999999999644728632E+00,    0.5234044613485487884574354E+00,    0.5203996669442131350891145E+00,    0.3004794404335653368320891E-02,      0.58%
    0.9616666666666668916718663E+00,    0.5224125600834257365789881E+00,    0.5195337473247618742533405E+00,    0.2878812758663862325647642E-02,      0.55%
    0.9633333333333329306924497E+00,    0.5214220565259343187491936E+00,    0.5186692100667933402746712E+00,    0.2752846459140978474522399E-02,      0.53%
    0.9649999999999998578914528E+00,    0.5204329585145223147080173E+00,    0.5178060557418219245207069E+00,    0.2626902772700390187310404E-02,      0.51%
    0.9666666666666667850904560E+00,    0.5194452738445141104506320E+00,    0.5169442848937392254171641E+00,    0.2500988950774885033467854E-02,      0.48%
    0.9683333333333337122894591E+00,    0.5184590102679861312040543E+00,    0.5160838980390243246887394E+00,    0.2375112228961806515314947E-02,      0.46%
    0.9699999999999997513100425E+00,    0.5174741754936464932512763E+00,    0.5152248956669587265366772E+00,    0.2249279826687766714599093E-02,      0.44%
    0.9716666666666666785090456E+00,    0.5164907771867122132647410E+00,    0.5143672782398350795673991E+00,    0.2123498946877133697341833E-02,      0.41%
    0.9733333333333336057080487E+00,    0.5155088229687934120448745E+00,    0.5135110461931713388139542E+00,    0.1997776775622073230920250E-02,      0.39%
    0.9749999999999996447286321E+00,    0.5145283204177744096341485E+00,    0.5126561999359181553970188E+00,    0.1872120481856254237129633E-02,      0.37%
    0.9766666666666665719276352E+00,    0.5135492770676933771412109E+00,    0.5118027398506673764089214E+00,    0.1746537217026000732289504E-02,      0.34%
    0.9783333333333334991266383E+00,    0.5125717004086289829700718E+00,    0.5109506662938618770652965E+00,    0.1621034114767105904775235E-02,      0.32%
    0.9800000000000004263256415E+00,    0.5115955978865843745140296E+00,    0.5100999795960006188977331E+00,    0.1495618290583755616296457E-02,      0.29%
    0.9816666666666664653462249E+00,    0.5106209769033732692733452E+00,    0.5092506800618458173701697E+00,    0.1370296841527451903175461E-02,      0.27%
    0.9833333333333333925452280E+00,    0.5096478448165033814376557E+00,    0.5084027679706255575808882E+00,    0.1245076845877823856767463E-02,      0.24%
    0.9850000000000003197442311E+00,    0.5086762089390691743417960E+00,    0.5075562435762411839235142E+00,    0.1119965362827990418281843E-02,      0.22%
    0.9866666666666663587648145E+00,    0.5077060765396377295388675E+00,    0.5067111071074679173875666E+00,    0.9949694321698121513009028E-03,      0.20%
    0.9883333333333332859638176E+00,    0.5067374548421379465423797E+00,    0.5058673587681568051266368E+00,    0.8700960739811414157429681E-03,      0.17%
    0.9900000000000002131628207E+00,    0.5057703510257530732374676E+00,    0.5050249987374374471826854E+00,    0.7453522883156260547821148E-03,      0.15%
    0.9916666666666662521834041E+00,    0.5048047722248126811805946E+00,    0.5041840271699172815189627E+00,    0.6207450548953996616319273E-03,      0.12%
    0.9933333333333331793824073E+00,    0.5038407255286811992078810E+00,    0.5033444441958794257629961E+00,    0.4962813328017734448849296E-03,      0.10%
    0.9950000000000001065814104E+00,    0.5028782179816575492736774E+00,    0.5025062499214834055294432E+00,    0.3719680601741437442342431E-03,      0.07%
    0.9966666666666670337804135E+00,    0.5019172565828674548171762E+00,    0.5016694444289606646947277E+00,    0.2478121539067901224484558E-03,      0.05%
    0.9983333333333330728009969E+00,    0.5009578482861589687757942E+00,    0.5008340277768117410062132E+00,    0.1238205093472277695809680E-03,      0.02%
    0.1000000000000000000000000E+01,    0.4999999999999992228438828E+00,    0.5000000000000000000000000E+00,   -0.7771561172376095782965422E-15,      0.00%
    0.1001666666666666927199003E+01,    0.4990437185873735637109405E+00,    0.4991673611101481444762840E+00,   -0.1236425227745807653434440E-03,     -0.02%
    0.1003333333333332966219587E+01,    0.4980890108656843007217674E+00,    0.4983361110957305051272215E+00,   -0.2471002300462044054540911E-03,     -0.05%
    0.1004999999999999893418590E+01,    0.4971358836066487318916529E+00,    0.4975062499222647205421310E+00,   -0.3703663156159886504781298E-03,     -0.07%
    0.1006666666666666820617593E+01,    0.4961843435362039422820146E+00,    0.4966777775325046384580219E+00,   -0.4934339963006961760072500E-03,     -0.10%
    0.1008333333333333747816596E+01,    0.4952343973344074390396941E+00,    0.4958506938466303859414097E+00,   -0.6162965122229469017156589E-03,     -0.12%
    0.1009999999999999786837179E+01,    0.4942860516353375088804967E+00,    0.4950249987624376624140154E+00,   -0.7389471271001535335187782E-03,     -0.15%
    0.1011666666666666714036182E+01,    0.4933393130270017912231140E+00,    0.4942006921555249787658681E+00,   -0.8613791285231875427541581E-03,     -0.17%
    0.1013333333333333641235185E+01,    0.4923941880512401891856200E+00,    0.4933777738794840606040282E+00,   -0.9835858282438714184081618E-03,     -0.20%
    0.1014999999999999680255769E+01,    0.4914506832036328320967300E+00,    0.4925562437660851999865486E+00,   -0.1105560562452367889818561E-02,     -0.22%
    0.1016666666666666607454772E+01,    0.4905088049334040967153214E+00,    0.4917361016254609973330503E+00,   -0.1227296692056900617728843E-02,     -0.25%
    0.1018333333333333534653775E+01,    0.4895685596433359543233621E+00,    0.4909173472462944332050938E+00,   -0.1348787602958478881731708E-02,     -0.27%
    0.1019999999999999573674359E+01,    0.4886299536896746009695391E+00,    0.4900999803960010003933689E+00,   -0.1470026706326399423829798E-02,     -0.30%
    0.1021666666666666500873362E+01,    0.4876929933820404738931131E+00,    0.4892840008209098368041623E+00,   -0.1591007438869362911049166E-02,     -0.33%
    0.1023333333333333428072365E+01,    0.4867576849833432084402318E+00,    0.4884694082464490771933185E+00,   -0.1711723263105868753086725E-02,     -0.35%
    0.1025000000000000355271368E+01,    0.4858240347096907663093646E+00,    0.4876562023773237664059366E+00,   -0.1832167667633000096572005E-02,     -0.38%
    0.1026666666666666394291951E+01,    0.4848920487303061688244554E+00,    0.4868443828976978249301055E+00,   -0.1952334167391656105650100E-02,     -0.40%
    0.1028333333333333321490954E+01,    0.4839617331674395117602216E+00,    0.4860339494713706298689715E+00,   -0.2072216303931118108749843E-02,     -0.43%
    0.1030000000000000248689958E+01,    0.4830330940962878072397757E+00,    0.4852249017419572596487853E+00,   -0.2191807645669452409009637E-02,     -0.45%
    0.1031666666666666287710541E+01,    0.4821061375449091634948218E+00,    0.4844172393330652415244231E+00,   -0.2311101788156078029601304E-02,     -0.48%
    0.1033333333333333214909544E+01,    0.4811808694941410724510433E+00,    0.4836109618484685790384958E+00,   -0.2430092354327506587452490E-02,     -0.50%
    0.1035000000000000142108547E+01,    0.4802572958775227496275306E+00,    0.4828060688722857207721972E+00,   -0.2548772994762971144666608E-02,     -0.53%
    0.1036666666666667069307550E+01,    0.4793354225812104796311530E+00,    0.4820025599691516449141204E+00,   -0.2667137387941165282967404E-02,     -0.55%
    0.1038333333333333108328134E+01,    0.4784152554439053961488071E+00,    0.4812004346843927748977876E+00,   -0.2785179240487378748980518E-02,     -0.58%
    0.1040000000000000035527137E+01,    0.4774968002567681057968230E+00,    0.4803996925441967880132665E+00,   -0.2902892287428682216443576E-02,     -0.60%
    0.1041666666666666962726140E+01,    0.4765800627633510200276135E+00,    0.4796003330557866983774318E+00,   -0.3020270292435678349818318E-02,     -0.63%
    0.1043333333333333001746723E+01,    0.4756650486595171423154227E+00,    0.4788023557075902769675224E+00,   -0.3137307048073134652099725E-02,     -0.66%
    0.1044999999999999928945726E+01,    0.4747517635933676261039693E+00,    0.4780057599694077508090118E+00,   -0.3253996376040124705042444E-02,     -0.68%
    0.1046666666666666856144730E+01,    0.4738402131651693882652410E+00,    0.4772105452925829993660045E+00,   -0.3370332127413611100763546E-02,     -0.71%
    0.1048333333333332895165313E+01,    0.4729304029272832776698010E+00,    0.4764167111101702545283842E+00,   -0.3486308182886976858583239E-02,     -0.73%
    0.1049999999999999822364316E+01,    0.4720223383840906339337096E+00,    0.4756242568370988021975165E+00,   -0.3601918453008168263806965E-02,     -0.76%
    0.1051666666666666749563319E+01,    0.4711160249919281728381293E+00,    0.4748331818703415141413871E+00,   -0.3717156878413341303257766E-02,     -0.78%
    0.1053333333333333676762322E+01,    0.4702114681590147671208513E+00,    0.4740434855890778842457678E+00,   -0.3832017430063117124916516E-02,     -0.81%
    0.1054999999999999715782906E+01,    0.4693086732453886078531013E+00,    0.4732551673548586745887690E+00,   -0.3946494109470066735667615E-02,     -0.83%
    0.1056666666666666642981909E+01,    0.4684076455628350399429394E+00,    0.4724682265117671753351658E+00,   -0.4060580948932135392226428E-02,     -0.86%
    0.1058333333333333570180912E+01,    0.4675083903748271096922906E+00,    0.4716826623865831846771357E+00,   -0.4174272011756074984845100E-02,     -0.88%
    0.1059999999999999609201495E+01,    0.4666109128964589514154682E+00,    0.4708984742889434915724678E+00,   -0.4287561392484540156999628E-02,     -0.91%
    0.1061666666666666536400498E+01,    0.4657152182943808393922325E+00,    0.4701156615115003045701769E+00,   -0.4400443217119465177944448E-02,     -0.94%
    0.1063333333333333463599502E+01,    0.4648213116867411787147546E+00,    0.4693342233300826782382842E+00,   -0.4512911643341499523529592E-02,     -0.96%
    0.1065000000000000390798505E+01,    0.4639291981431227229748515E+00,    0.4685541590038537207441038E+00,   -0.4624960860730997769252326E-02,     -0.99%
    0.1066666666666666429819088E+01,    0.4630388826844849536890081E+00,    0.4677754677754679124568327E+00,   -0.4736585090982958767824584E-02,     -1.01%
    0.1068333333333333357018091E+01,    0.4621503702831031290543251E+00,    0.4669981488712265371709975E+00,   -0.4847778588123408116672408E-02,     -1.04%
    0.1070000000000000284217094E+01,    0.4612636658625144381318250E+00,    0.4662222015012353337759521E+00,   -0.4958535638720895644127040E-02,     -1.06%
    0.1071666666666666323237678E+01,    0.4603787742974591035149956E+00,    0.4654476248595578735667289E+00,   -0.5068850562098770051733254E-02,     -1.09%
    0.1073333333333333250436681E+01,    0.4594957004138243150670462E+00,    0.4646744181243676052872615E+00,   -0.5178717710543290220215340E-02,     -1.11%
    0.1075000000000000177635684E+01,    0.4586144489885942698847998E+00,    0.4639025804581036749318912E+00,   -0.5288131469509405047091377E-02,     -1.14%
    0.1076666666666667104834687E+01,    0.4577350247497932733686810E+00,    0.4631321110076208613648419E+00,   -0.5397086257827587996160901E-02,     -1.17%
    0.1078333333333333143855270E+01,    0.4568574323764378330992031E+00,    0.4623630089043410107407794E+00,   -0.5505576527903177641576349E-02,     -1.19%
    0.1080000000000000071054274E+01,    0.4559816764984806480853763E+00,    0.4615952732644016953678090E+00,   -0.5613596765921047282432710E-02,     -1.22%
    0.1081666666666666998253277E+01,    0.4551077616967684758009227E+00,    0.4608289031888078701726386E+00,   -0.5721141492039394371715844E-02,     -1.24%
    0.1083333333333333037273860E+01,    0.4542356925029875092114651E+00,    0.4600638977635783666286784E+00,   -0.5828205260590857417213329E-02,     -1.27%
    0.1084999999999999964472863E+01,    0.4533654733996179686528194E+00,    0.4593002560598927752621989E+00,   -0.5934782660274806609379539E-02,     -1.29%
    0.1086666666666666891671866E+01,    0.4524971088198913582445471E+00,    0.4585379771342393828703621E+00,   -0.6040868314348024625815015E-02,     -1.32%
    0.1088333333333332930692450E+01,    0.4516306031477417270991737E+00,    0.4577770600285603896928421E+00,   -0.6146456880818662593668478E-02,     -1.34%
    0.1089999999999999857891453E+01,    0.4507659607177628147134385E+00,    0.4570175037703945175593390E+00,   -0.6251543052631702845900463E-02,     -1.37%
    0.1091666666666666785090456E+01,    0.4499031858151674168055933E+00,    0.4562593073730236703511309E+00,   -0.6356121557856253545537584E-02,     -1.39%
    0.1093333333333333712289459E+01,    0.4490422826757440866174420E+00,    0.4555024698356140433475048E+00,   -0.6460187159869956730062768E-02,     -1.42%
    0.1094999999999999751310042E+01,    0.4481832554858179440415711E+00,    0.4547469901433590089290249E+00,   -0.6563734657541064887453786E-02,     -1.44%
    0.1096666666666666678509046E+01,    0.4473261083822093753248339E+00,    0.4539928672676187271228798E+00,   -0.6666758885409351798045918E-02,     -1.47%
    0.1098333333333333605708049E+01,    0.4464708454521996161545871E+00,    0.4532401001660620321054296E+00,   -0.6769254713862415950842433E-02,     -1.49%
    0.1099999999999999644728632E+01,    0.4456174707334928930535511E+00,    0.4524886877828055986583422E+00,   -0.6871217049312705604791063E-02,     -1.52%
    0.1101666666666666571927635E+01,    0.4447659882141778431297041E+00,    0.4517386290485506661340764E+00,   -0.6972640834372823004372322E-02,     -1.54%
    0.1103333333333333499126638E+01,    0.4439164018326977600992223E+00,    0.4509899228807231486015894E+00,   -0.7073521048025388502367150E-02,     -1.57%
    0.1105000000000000426325641E+01,    0.4430687154778137348820621E+00,    0.4502425681836087489884335E+00,   -0.7173852705795014106371355E-02,     -1.59%
    0.1106666666666666465346225E+01,    0.4422229329885747906025983E+00,    0.4494965638484897940685414E+00,   -0.7273630859915003465943073E-02,     -1.62%
    0.1108333333333333392545228E+01,    0.4413790581542836877204650E+00,    0.4487519087537784612251812E+00,   -0.7372850599494773504716250E-02,     -1.64%
    0.1110000000000000319744231E+01,    0.4405370947144726101463164E+00,    0.4480086017651537244610438E+00,   -0.7471507050681114314727438E-02,     -1.67%
    0.1111666666666666358764815E+01,    0.4396970463588689148615174E+00,    0.4472666417356929158266610E+00,   -0.7569595376824000965143568E-02,     -1.69%
    0.1113333333333333285963818E+01,    0.4388589167273709845673579E+00,    0.4465260275060033423599748E+00,   -0.7667110778632357792616858E-02,     -1.72%
    0.1115000000000000213162821E+01,    0.4380227094100209161986470E+00,    0.4457867579043562900054098E+00,   -0.7764048494335373806762846E-02,     -1.74%
    0.1116666666666666252183404E+01,    0.4371884279469808731732883E+00,    0.4450488317468168641966031E+00,   -0.7860403799835991023314818E-02,     -1.77%
    0.1118333333333333179382407E+01,    0.4363560758285043861270935E+00,    0.4443122478373718875488407E+00,   -0.7956172008867501421747193E-02,     -1.79%
    0.1120000000000000106581410E+01,    0.4355256564949203657022281E+00,    0.4435770049680623494658960E+00,   -0.8051348473141983763667895E-02,     -1.82%
    0.1121666666666667033780413E+01,    0.4346971733366072343507369E+00,    0.4428431019191096384979289E+00,   -0.8145928582502404147192010E-02,     -1.84%
    0.1123333333333333072800997E+01,    0.4338706296939732198758577E+00,    0.4421105374590434400339234E+00,   -0.8239907765070220158065695E-02,     -1.86%
    0.1125000000000000000000000E+01,    0.4330460288574365379510311E+00,    0.4413793103448275800815281E+00,   -0.8333281487391042130496999E-02,     -1.89%
    0.1126666666666666927199003E+01,    0.4322233740674091828637415E+00,    0.4406494193219872568256790E+00,   -0.8426045254578073961937434E-02,     -1.91%
    0.1128333333333332966219587E+01,    0.4314026685142790529248202E+00,    0.4399208631247335521408104E+00,   -0.8518194610454499215990154E-02,     -1.94%
    0.1129999999999999893418590E+01,    0.4305839153383930195673202E+00,    0.4391936404760860002127743E+00,   -0.8609725137692980645454099E-02,     -1.96%
    0.1131666666666666820617593E+01,    0.4297671176300437156925227E+00,    0.4384677500879979872294712E+00,   -0.8700632457954271536948454E-02,     -1.98%
    0.1133333333333333747816596E+01,    0.4289522784294568791274571E+00,    0.4377431906614784318243494E+00,   -0.8790912232021552696892286E-02,     -2.01%
    0.1134999999999999786837179E+01,    0.4281394007267778079039999E+00,    0.4370199608867135765422063E+00,   -0.8880560159935768638206355E-02,     -2.03%
    0.1136666666666666714036182E+01,    0.4273284874620598139394190E+00,    0.4362980594431867253923940E+00,   -0.8969571981126911452975037E-02,     -2.06%
    0.1138333333333333641235185E+01,    0.4265195415252560628971423E+00,    0.4355774849998002573592260E+00,   -0.9057943474544194462083624E-02,     -2.08%
    0.1139999999999999680255769E+01,    0.4257125657562117471144347E+00,    0.4348582362149940871987042E+00,   -0.9145670458782340084269435E-02,     -2.10%
    0.1141666666666666607454772E+01,    0.4249075629446518731491267E+00,    0.4341403117368627939676173E+00,   -0.9232748792210920818490649E-02,     -2.13%
    0.1143333333333333534653775E+01,    0.4241045358301807066681022E+00,    0.4334237102032756361325028E+00,   -0.9319174373094929464400593E-02,     -2.15%
    0.1144999999999999573674359E+01,    0.4233034871022732792411603E+00,    0.4327084302419924033422660E+00,   -0.9404943139719124101105763E-02,     -2.17%
    0.1146666666666666500873362E+01,    0.4225044194002728348280584E+00,    0.4319944704707781024666247E+00,   -0.9490051070505267638566238E-02,     -2.20%
    0.1148333333333333428072365E+01,    0.4217073353133872770648338E+00,    0.4312818294975206967478698E+00,   -0.9574494184133419683035982E-02,     -2.22%
    0.1150000000000000355271368E+01,    0.4209122373806879480184762E+00,    0.4305705059203443485493779E+00,   -0.9658268539656400530901692E-02,     -2.24%
    0.1151666666666666394291951E+01,    0.4201191280911105718764986E+00,    0.4298604983277233837490883E+00,   -0.9741370236612811872589646E-02,     -2.27%
    0.1153333333333333321490954E+01,    0.4193280098834524793893763E+00,    0.4291518052985943132426883E+00,   -0.9823795415141833853311937E-02,     -2.29%
    0.1155000000000000248689958E+01,    0.4185388851463797688090551E+00,    0.4284444254024699083593930E+00,   -0.9905540256090139550337881E-02,     -2.31%
    0.1156666666666666287710541E+01,    0.4177517562184262511770783E+00,    0.4277383571995495570305934E+00,   -0.9986600981123305853515149E-02,     -2.33%
    0.1158333333333333214909544E+01,    0.4169666253879997230846755E+00,    0.4270335992408292313804452E+00,   -0.1006697385282950829576976E-01,     -2.36%
    0.1160000000000000142108547E+01,    0.4161834948933869071652225E+00,    0.4263301500682127875840877E+00,   -0.1014665517482588041886515E-01,     -2.38%
    0.1161666666666667069307550E+01,    0.4154023669227616122334723E+00,    0.4256280082146204346571494E+00,   -0.1022564129185882242367711E-01,     -2.40%
    0.1163333333333333108328134E+01,    0.4146232436141915611571562E+00,    0.4249271722040973697787081E+00,   -0.1030392858990580862155184E-01,     -2.42%
    0.1165000000000000035527137E+01,    0.4138461270556466620185176E+00,    0.4242276405519201376570493E+00,   -0.1038151349627347563853164E-01,     -2.45%
    0.1166666666666666962726140E+01,    0.4130710192850101103445581E+00,    0.4235294117647058209641386E+00,   -0.1045839247969571061958050E-01,     -2.47%
    0.1168333333333333001746723E+01,    0.4122979222900933216067187E+00,    0.4228324843405165678333901E+00,   -0.1053456205042324622667138E-01,     -2.49%
    0.1169999999999999928945726E+01,    0.4115268380086410382467932E+00,    0.4221368567689645079354932E+00,   -0.1061001876032346968870002E-01,     -2.51%
    0.1171666666666666856144730E+01,    0.4107577683283533676039667E+00,    0.4214425275313183893999280E+00,   -0.1068475920296502179596132E-01,     -2.54%
    0.1173333333333332895165313E+01,    0.4099907150868967176116087E+00,    0.4207494951006061079112897E+00,   -0.1075878001370939029968099E-01,     -2.56%
    0.1174999999999999822364316E+01,    0.4092256800719185072523487E+00,    0.4200577579417171247833096E+00,   -0.1083207786979861753096088E-01,     -2.58%
    0.1176666666666666749563319E+01,    0.4084626650210699816412330E+00,    0.4193673145115068834343219E+00,   -0.1090464949043690179308896E-01,     -2.60%
    0.1178333333333333676762322E+01,    0.4077016716220193126574145E+00,    0.4186781632588976176378992E+00,   -0.1097649163687830498048470E-01,     -2.62%
    0.1179999999999999715782906E+01,    0.4069427015124766344733587E+00,    0.4179903026249792152846396E+00,   -0.1104760111250258081128095E-01,     -2.64%
    0.1181666666666666642981909E+01,    0.4061857562802093646325829E+00,    0.4173037310431086388540223E+00,   -0.1111797476289927422143933E-01,     -2.66%
    0.1183333333333333570180912E+01,    0.4054308374630701816698775E+00,    0.4166184469390116218434628E+00,   -0.1118760947594144017358531E-01,     -2.69%
    0.1184999999999999609201495E+01,    0.4046779465490171201480507E+00,    0.4159344487308801463498753E+00,   -0.1125650218186302620182460E-01,     -2.71%
    0.1186666666666666536400498E+01,    0.4039270849761385506759837E+00,    0.4152517348294699761623860E+00,   -0.1132464985333142548640240E-01,     -2.73%
    0.1188333333333333463599502E+01,    0.4031782541326803248615818E+00,    0.4145703036381997996784321E+00,   -0.1139204950551947481685033E-01,     -2.75%
    0.1190000000000000390798505E+01,    0.4024314553570715324859464E+00,    0.4138901535532468201061818E+00,   -0.1145869819617528762023539E-01,     -2.77%
    0.1191666666666666429819088E+01,    0.4016866899379543109915858E+00,    0.4132112829636432893565257E+00,   -0.1152459302568897836493989E-01,     -2.79%
    0.1193333333333333357018091E+01,    0.4009439591142104908350063E+00,    0.4125336902513705439332625E+00,   -0.1158973113716005309825618E-01,     -2.81%
    0.1195000000000000284217094E+01,    0.4002032640749949576886024E+00,    0.4118573737914558718919977E+00,   -0.1165410971646091420339530E-01,     -2.83%
    0.1196666666666666323237678E+01,    0.3994646059597676268637656E+00,    0.4111823319520654385073044E+00,   -0.1171772599229781164353881E-01,     -2.85%
    0.1198333333333333250436681E+01,    0.3987279858583231417767934E+00,    0.4105085630945960462057087E+00,   -0.1178057723627290442891535E-01,     -2.87%
    0.1200000000000000177635684E+01,    0.3979934048108284549982727E+00,    0.4098360655737704472123539E+00,   -0.1184266076294199221408121E-01,     -2.89%
    0.1201666666666667104834687E+01,    0.3972608638078563569884238E+00,    0.4091648377377274381494487E+00,   -0.1190397392987108116102490E-01,     -2.91%
    0.1203333333333333143855270E+01,    0.3965303637904252775925329E+00,    0.4084948779281140640584624E+00,   -0.1196451413768878646592952E-01,     -2.93%
    0.1205000000000000071054274E+01,    0.3958019056500305388190952E+00,    0.4078261844801745472643972E+00,   -0.1202427883014400844530201E-01,     -2.95%
    0.1206666666666666998253277E+01,    0.3950754902286903180730349E+00,    0.4071587557228423803756812E+00,   -0.1208326549415206230264630E-01,     -2.97%
    0.1208333333333333037273860E+01,    0.3943511183189820079597609E+00,    0.4064925899788286445257768E+00,   -0.1214147165984663656601583E-01,     -2.99%
    0.1209999999999999964472863E+01,    0.3936287906640834610705326E+00,    0.4058276855647092173917656E+00,   -0.1219889490062575632123298E-01,     -3.01%
    0.1211666666666666891671866E+01,    0.3929085079578176209480489E+00,    0.4051640407910151453485526E+00,   -0.1225553283319752440050365E-01,     -3.02%
    0.1213333333333332930692450E+01,    0.3921902708446955987398042E+00,    0.4045016539623185747309719E+00,   -0.1231138311762297599116778E-01,     -3.04%
    0.1214999999999999857891453E+01,    0.3914740799199592502510825E+00,    0.4038405233773184055401373E+00,   -0.1236644345735915528905480E-01,     -3.06%
    0.1216666666666666785090456E+01,    0.3907599357296299702468900E+00,    0.4031806473289281100846893E+00,   -0.1242071159929813983779923E-01,     -3.08%
    0.1218333333333333712289459E+01,    0.3900478387705563765308625E+00,    0.4025220241043603874864232E+00,   -0.1247418533380401095556067E-01,     -3.10%
    0.1219999999999999751310042E+01,    0.3893377894904601621561824E+00,    0.4018646519852114851190095E+00,   -0.1252686249475132296282709E-01,     -3.12%
    0.1221666666666666678509046E+01,    0.3886297882879872767070140E+00,    0.4012085292475445208459917E+00,   -0.1257874095955724413897769E-01,     -3.14%
    0.1223333333333333605708049E+01,    0.3879238355127592186022412E+00,    0.4005536541619749146825313E+00,   -0.1262981864921569608029017E-01,     -3.15%
    0.1224999999999999644728632E+01,    0.3872199314654246604661125E+00,    0.3999000249937516571208107E+00,   -0.1268009352832699665469818E-01,     -3.17%
    0.1226666666666666571927635E+01,    0.3865180763977119071661548E+00,    0.3992476400028391325669475E+00,   -0.1272956360512722540079267E-01,     -3.19%
    0.1228333333333333499126638E+01,    0.3858182705124847955424627E+00,    0.3985964974439998864674806E+00,   -0.1277822693151509092501783E-01,     -3.21%
    0.1230000000000000426325641E+01,    0.3851205139637968177801497E+00,    0.3979465955668747834117482E+00,   -0.1282608160307796563159854E-01,     -3.22%
    0.1231666666666666465346225E+01,    0.3844248068569499077185014E+00,    0.3972979326160635538123245E+00,   -0.1287312575911364609382304E-01,     -3.24%
    0.1233333333333333392545228E+01,    0.3837311492485489528014853E+00,    0.3966505068312031201394063E+00,   -0.1291935758265416733792108E-01,     -3.26%
    0.1235000000000000319744231E+01,    0.3830395411465655763905147E+00,    0.3960043164470491428019727E+00,   -0.1296477530048356641145801E-01,     -3.27%
    0.1236666666666666358764815E+01,    0.3823499825103939819825882E+00,    0.3953593596935526255364834E+00,   -0.1300937718315864355389522E-01,     -3.29%
    0.1238333333333333285963818E+01,    0.3816624732509152351234150E+00,    0.3947156347959375755074518E+00,   -0.1305316154502234038403685E-01,     -3.31%
    0.1240000000000000213162821E+01,    0.3809770132305602130529110E+00,    0.3940731399747792740306807E+00,   -0.1309612674421906097776969E-01,     -3.32%
    0.1241666666666666252183404E+01,    0.3802936022633708890161586E+00,    0.3934318734460808819619615E+00,   -0.1313827118270999294580292E-01,     -3.34%
    0.1243333333333333179382407E+01,    0.3796122401150682779125134E+00,    0.3927918334213478801508757E+00,   -0.1317959330627960223836226E-01,     -3.36%
    0.1245000000000000106581410E+01,    0.3789329265031159410526129E+00,    0.3921530181076655630079131E+00,   -0.1322009160454962195530015E-01,     -3.37%
    0.1246666666666667033780413E+01,    0.3782556610967907073650451E+00,    0.3915154257077727573133075E+00,   -0.1325976461098204994826233E-01,     -3.39%
    0.1248333333333333072800997E+01,    0.3775804435172476769544403E+00,    0.3908790544201364847154423E+00,   -0.1329861090288880776100200E-01,     -3.40%
    0.1250000000000000000000000E+01,    0.3769072733375929962207351E+00,    0.3902439024390244037832076E+00,   -0.1333662910143140756247249E-01,     -3.42%
    0.1251666666666666927199003E+01,    0.3762361500829523031086410E+00,    0.3896099679545800831270697E+00,   -0.1337381787162778001842867E-01,     -3.43%
    0.1253333333333332966219587E+01,    0.3755670732305459447175622E+00,    0.3889772491528941111837980E+00,   -0.1341017592234816646623585E-01,     -3.45%
    0.1254999999999999893418590E+01,    0.3749000422097571449953080E+00,    0.3883457442160755945792516E+00,   -0.1344570200631844958394367E-01,     -3.46%
    0.1256666666666666820617593E+01,    0.3742350564022127179519828E+00,    0.3877154513223250442699452E+00,   -0.1348039492011232631796247E-01,     -3.48%
    0.1258333333333333747816596E+01,    0.3735721151418539554001086E+00,    0.3870863686460040420378448E+00,   -0.1351425350415008663773619E-01,     -3.49%
    0.1259999999999999786837179E+01,    0.3729112177150153417670708E+00,    0.3864584943577060727193384E+00,   -0.1354727664269073095226759E-01,     -3.51%
    0.1261666666666666714036182E+01,    0.3722523633605026582849007E+00,    0.3858318266243251914993095E+00,   -0.1357946326382253321440885E-01,     -3.52%
    0.1263333333333333641235185E+01,    0.3715955512696706430908478E+00,    0.3852063636091266896066543E+00,   -0.1361081233945604651580652E-01,     -3.53%
    0.1264999999999999680255769E+01,    0.3709407805865060914207731E+00,    0.3845821034718150954745397E+00,   -0.1364132288530900405376656E-01,     -3.55%
    0.1266666666666666607454772E+01,    0.3702880504077049605982097E+00,    0.3839590443686006770995789E+00,   -0.1367099396089571650136918E-01,     -3.56%
    0.1268333333333333534653775E+01,    0.3696373597827591339637365E+00,    0.3833371844522696636481385E+00,   -0.1369982466951052968440194E-01,     -3.57%
    0.1269999999999999573674359E+01,    0.3689887077140387994234061E+00,    0.3827165218722493600367329E+00,   -0.1372781415821056061332683E-01,     -3.59%
    0.1271666666666666500873362E+01,    0.3683420931568756606644399E+00,    0.3820970547746742052019897E+00,   -0.1375496161779854453754979E-01,     -3.60%
    0.1273333333333333428072365E+01,    0.3676975150196519770418035E+00,    0.3814787813024532736605465E+00,   -0.1378126628280129661874298E-01,     -3.61%
    0.1275000000000000355271368E+01,    0.3670549721638852735949854E+00,    0.3808616995953342798664210E+00,   -0.1380672743144900627143556E-01,     -3.63%
    0.1276666666666666394291951E+01,    0.3664144634043187687133525E+00,    0.3802458077899692479029170E+00,   -0.1383134438565047918956452E-01,     -3.64%
    0.1278333333333333321490954E+01,    0.3657759875090081380655249E+00,    0.3796311040199770170389115E+00,   -0.1385511651096887897338661E-01,     -3.65%
    0.1280000000000000248689958E+01,    0.3651395431994154949784104E+00,    0.3790175864160095775545756E+00,   -0.1387804321659408257616519E-01,     -3.66%
    0.1281666666666666287710541E+01,    0.3645051291504993740133500E+00,    0.3784052531058137991415435E+00,   -0.1390012395531442512819353E-01,     -3.67%
    0.1283333333333333214909544E+01,    0.3638727439908080452113381E+00,    0.3777941022142932148142336E+00,   -0.1392135822348516960289544E-01,     -3.68%
    0.1285000000000000142108547E+01,    0.3632423863025733834497544E+00,    0.3771841318635724693564271E+00,   -0.1394174556099908590667269E-01,     -3.70%
    0.1286666666666667069307550E+01,    0.3626140546218067362005399E+00,    0.3765753401730571603422959E+00,   -0.1396128555125042414175596E-01,     -3.71%
    0.1288333333333333108328134E+01,    0.3619877474383956239556426E+00,    0.3759677252594961216480840E+00,   -0.1397997782110049769244142E-01,     -3.72%
    0.1290000000000000035527137E+01,    0.3613634631961989973625293E+00,    0.3753612852370405983393198E+00,   -0.1399782204084160097679046E-01,     -3.73%
    0.1291666666666666962726140E+01,    0.3607412002931495997870570E+00,    0.3747560182173063081378928E+00,   -0.1401481792415670835083574E-01,     -3.74%
    0.1293333333333333001746723E+01,    0.3601209570813508342723708E+00,    0.3741519223094320611977537E+00,   -0.1403096522808122692538291E-01,     -3.75%
    0.1294999999999999928945726E+01,    0.3595027318671796257021356E+00,    0.3735489956201381023248587E+00,   -0.1404626375295847662272308E-01,     -3.76%
    0.1296666666666666856144730E+01,    0.3588865229113872845623234E+00,    0.3729472362537863960874063E+00,   -0.1406071334239911152508284E-01,     -3.77%
    0.1298333333333332895165313E+01,    0.3582723284292036458609232E+00,    0.3723466423124383029019668E+00,   -0.1407431388323465704104365E-01,     -3.78%
    0.1299999999999999822364316E+01,    0.3576601465904398757800209E+00,    0.3717472118959108673408309E+00,   -0.1408706530547099156081003E-01,     -3.79%
    0.1301666666666666749563319E+01,    0.3570499755195973845545154E+00,    0.3711489431018360485303731E+00,   -0.1409896758223866397585766E-01,     -3.80%
    0.1303333333333333676762322E+01,    0.3564418132959707441465014E+00,    0.3705518340257161757911319E+00,   -0.1411002072974543164463057E-01,     -3.81%
    0.1304999999999999715782906E+01,    0.3558356579537573782801019E+00,    0.3699558827609808475678221E+00,   -0.1412022480722346928772026E-01,     -3.82%
    0.1306666666666666642981909E+01,    0.3552315074821661422532770E+00,    0.3693610873990413323575410E+00,   -0.1412957991687519010426399E-01,     -3.83%
    0.1308333333333333570180912E+01,    0.3546293598255276235953204E+00,    0.3687674460293476896843856E+00,   -0.1413808620382006608906522E-01,     -3.83%
    0.1309999999999999609201495E+01,    0.3540292128834047757912629E+00,    0.3681749567394427269384494E+00,   -0.1414574385603795114718650E-01,     -3.84%
    0.1311666666666666536400498E+01,    0.3534310645107045512069988E+00,    0.3675836176150154011033067E+00,   -0.1415255310431084989630790E-01,     -3.85%
    0.1313333333333333463599502E+01,    0.3528349125177939193953591E+00,    0.3669934267399565519518490E+00,   -0.1415851422216263255648983E-01,     -3.86%
    0.1315000000000000390798505E+01,    0.3522407546706113889989354E+00,    0.3664043821964109159949885E+00,   -0.1416362752579952699605315E-01,     -3.87%
    0.1316666666666666429819088E+01,    0.3516485886907842473014796E+00,    0.3658164820648309167872014E+00,   -0.1416789337404666948572185E-01,     -3.87%
    0.1318333333333333357018091E+01,    0.3510584122557444675116756E+00,    0.3652297244240276241633580E+00,   -0.1417131216828315665168248E-01,     -3.88%
    0.1320000000000000284217094E+01,    0.3504702229988473916044711E+00,    0.3646441073512250996557782E+00,   -0.1417388435237770805130708E-01,     -3.89%
    0.1321666666666666323237678E+01,    0.3498840185094898580508982E+00,    0.3640596289221105785749444E+00,   -0.1417561041262072052404619E-01,     -3.89%
    0.1323333333333333250436681E+01,    0.3492997963332305499939423E+00,    0.3634762872108849296459709E+00,   -0.1417649087765437965202864E-01,     -3.90%
    0.1325000000000000177635684E+01,    0.3487175539719116201808902E+00,    0.3628940802903152240688200E+00,   -0.1417652631840360388792988E-01,     -3.91%
    0.1326666666666667104834687E+01,    0.3481372888837794277172577E+00,    0.3623130062317835853313852E+00,   -0.1417571734800415761412751E-01,     -3.91%
    0.1328333333333333143855270E+01,    0.3475589984836104928689338E+00,    0.3617330631053377598682630E+00,   -0.1417406462172726699932923E-01,     -3.92%
    0.1330000000000000071054274E+01,    0.3469826801428333995502840E+00,    0.3611542489797391897177192E+00,   -0.1417156883690579016743527E-01,     -3.92%
    0.1331666666666666998253277E+01,    0.3464083311896548611485969E+00,    0.3605765619225139717585193E+00,   -0.1416823073285911060992248E-01,     -3.93%
    0.1333333333333333037273860E+01,    0.3458359489091883398614868E+00,    0.3600000000000001532107774E+00,   -0.1416405109081181334929056E-01,     -3.93%
    0.1334999999999999964472863E+01,    0.3452655305435780030975934E+00,    0.3594245612773949161145026E+00,   -0.1415903073381691301690921E-01,     -3.94%
    0.1336666666666666891671866E+01,    0.3446970732921313396168728E+00,    0.3588502438188044818545563E+00,   -0.1415317052667314223768358E-01,     -3.94%
    0.1338333333333332930692450E+01,    0.3441305743114468351784296E+00,    0.3582770456872899633715690E+00,   -0.1414647137584312819313936E-01,     -3.95%
    0.1339999999999999857891453E+01,    0.3435660307155455894800866E+00,    0.3577049649449134949286133E+00,   -0.1413893422936790544852670E-01,     -3.95%
    0.1341666666666666785090456E+01,    0.3430034395760023224752899E+00,    0.3571339996527863602793218E+00,   -0.1413056007678403780403187E-01,     -3.96%
    0.1343333333333333712289459E+01,    0.3424427979220807105598112E+00,    0.3565641478711137901669304E+00,   -0.1412134994903307960711913E-01,     -3.96%
    0.1344999999999999751310042E+01,    0.3418841027408660027120391E+00,    0.3559954076592413141355564E+00,   -0.1411130491837531142351736E-01,     -3.96%
    0.1346666666666666678509046E+01,    0.3413273509773990244120512E+00,    0.3554277770756982257616130E+00,   -0.1410042609829920134956183E-01,     -3.97%
    0.1348333333333333605708049E+01,    0.3407725395348155106312049E+00,    0.3548612541782447671323553E+00,   -0.1408871464342925650115035E-01,     -3.97%
    0.1349999999999999644728632E+01,    0.3402196652744819971303514E+00,    0.3542958370239150944769335E+00,   -0.1407617174943309734658214E-01,     -3.97%
    0.1351666666666666571927635E+01,    0.3396687250161325444253180E+00,    0.3537315236690606323755048E+00,   -0.1406279865292808795018686E-01,     -3.98%
    0.1353333333333333499126638E+01,    0.3391197155380114569567240E+00,    0.3531683121693952043251841E+00,   -0.1404859663138374736846004E-01,     -3.98%
    0.1355000000000000426325641E+01,    0.3385726335770120054569077E+00,    0.3526062005800370546815259E+00,   -0.1403356700302504922461821E-01,     -3.98%
    0.1356666666666666465346225E+01,    0.3380274758288182024301705E+00,    0.3520451869555524249122413E+00,   -0.1401771112673422248207089E-01,     -3.98%
    0.1358333333333333392545228E+01,    0.3374842389480465221218708E+00,    0.3514852693499963542933529E+00,   -0.1400103040194983217148206E-01,     -3.98%
    0.1360000000000000319744231E+01,    0.3369429195483923389353720E+00,    0.3509264458169567002521205E+00,   -0.1398352626856436131674855E-01,     -3.98%
    0.1361666666666666358764815E+01,    0.3364035142027722025126479E+00,    0.3503687144095947725297435E+00,   -0.1396520020682257001709559E-01,     -3.99%
    0.1363333333333333285963818E+01,    0.3358660194434698320620214E+00,    0.3498120731806857452994564E+00,   -0.1394605373721591323743496E-01,     -3.99%
    0.1365000000000000213162821E+01,    0.3353304317622848307323125E+00,    0.3492565201826610676860696E+00,   -0.1392608842037623695375714E-01,     -3.99%
    0.1366666666666666252183404E+01,    0.3347967476106785689182743E+00,    0.3487020534676483207725539E+00,   -0.1390530585696975185427959E-01,     -3.99%
    0.1368333333333333179382407E+01,    0.3342649633999238423243128E+00,    0.3481486710875101309170532E+00,   -0.1388370768758628859274040E-01,     -3.99%
    0.1370000000000000106581410E+01,    0.3337350755012549741174155E+00,    0.3475963710938858031163079E+00,   -0.1386129559263082899889241E-01,     -3.99%
    0.1371666666666667033780413E+01,    0.3332070802460187497473498E+00,    0.3470451515382292906330974E+00,   -0.1383807129221054088574760E-01,     -3.99%
    0.1373333333333333072800997E+01,    0.3326809739258258513672217E+00,    0.3464950104718492740474289E+00,   -0.1381403654602342268020720E-01,     -3.99%
    0.1375000000000000000000000E+01,    0.3321567527927048457669912E+00,    0.3459459459459459651498037E+00,   -0.1378919315324111938281249E-01,     -3.99%
    0.1376666666666666927199003E+01,    0.3316344130592547845282070E+00,    0.3453979560116512970147085E+00,   -0.1376354295239651248650148E-01,     -3.98%
    0.1378333333333332966219587E+01,    0.3311139508988026336488986E+00,    0.3448510387200663385165456E+00,   -0.1373708782126370486764699E-01,     -3.98%
    0.1379999999999999893418590E+01,    0.3305953624455567618767304E+00,    0.3443051921222972100444792E+00,   -0.1370982967674044816774881E-01,     -3.98%
    0.1381666666666666820617593E+01,    0.3300786437947644258450453E+00,    0.3437604142694947184644150E+00,   -0.1368177047473029261936972E-01,     -3.98%
    0.1383333333333333747816596E+01,    0.3295637910028735295675517E+00,    0.3432167032128895511888800E+00,   -0.1365291221001602162132826E-01,     -3.98%
    0.1384999999999999786837179E+01,    0.3290508000876851135707568E+00,    0.3426740570038294131371970E+00,   -0.1362325691614429956644017E-01,     -3.98%
    0.1386666666666666714036182E+01,    0.3285396670285192777249961E+00,    0.3421324736938142763165160E+00,   -0.1359280666529499859151997E-01,     -3.97%
    0.1388333333333333641235185E+01,    0.3280303877663736100700476E+00,    0.3415919513345332392262321E+00,   -0.1356156356815962915618456E-01,     -3.97%
    0.1389999999999999680255769E+01,    0.3275229582040858899993907E+00,    0.3410524879778998874613194E+00,   -0.1352952977381399746192869E-01,     -3.97%
    0.1391666666666666607454772E+01,    0.3270173742064960142883479E+00,    0.3405140816760859889811286E+00,   -0.1349670746958997469278074E-01,     -3.96%
    0.1393333333333333534653775E+01,    0.3265136316006117533916608E+00,    0.3399767304815580759580484E+00,   -0.1346309888094632256638761E-01,     -3.96%
    0.1394999999999999573674359E+01,    0.3260117261757740636518577E+00,    0.3394404324471110845351518E+00,   -0.1342870627133702088329414E-01,     -3.96%
    0.1396666666666666500873362E+01,    0.3255116536838198459946625E+00,    0.3389051856259014949834807E+00,   -0.1339353194208164898881819E-01,     -3.95%
    0.1398333333333333428072365E+01,    0.3250134098392528092524856E+00,    0.3383709880714826923053806E+00,   -0.1335757823222988305289505E-01,     -3.95%
    0.1400000000000000355271368E+01,    0.3245169903194096150400583E+00,    0.3378378378378377178137271E+00,   -0.1332084751842810277366880E-01,     -3.94%
    0.1401666666666666394291951E+01,    0.3240223907646295198325959E+00,    0.3373057329794122427557568E+00,   -0.1328334221478272292316092E-01,     -3.94%
    0.1403333333333333321490954E+01,    0.3235296067784222406871208E+00,    0.3367746715511467092696307E+00,   -0.1324506477272446858250987E-01,     -3.93%
    0.1405000000000000248689958E+01,    0.3230386339276413165677582E+00,    0.3362446516085102476978363E+00,   -0.1320601768086893113007818E-01,     -3.93%
    0.1406666666666666287710541E+01,    0.3225494677426559153587959E+00,    0.3357156712075320958987845E+00,   -0.1316620346487618053998858E-01,     -3.92%
    0.1408333333333333214909544E+01,    0.3220621037175204204316969E+00,    0.3351877284048323524245916E+00,   -0.1312562468731193199289464E-01,     -3.92%
    0.1410000000000000142108547E+01,    0.3215765373101528989963072E+00,    0.3346608212576553387229694E+00,   -0.1308428394750243972666226E-01,     -3.91%
    0.1411666666666667069307550E+01,    0.3210927639425059099131943E+00,    0.3341349478238996306700415E+00,   -0.1304218388139372075684719E-01,     -3.90%
    0.1413333333333333108328134E+01,    0.3206107790007438618218316E+00,    0.3336101061621493668596372E+00,   -0.1299932716140550503780560E-01,     -3.90%
    0.1415000000000000035527137E+01,    0.3201305778354190390011524E+00,    0.3330862943317039470692009E+00,   -0.1295571649628490806804848E-01,     -3.89%
    0.1416666666666666962726140E+01,    0.3196521557616500142096072E+00,    0.3325635103926096181048422E+00,   -0.1291135463095960389523498E-01,     -3.88%
    0.1418333333333333001746723E+01,    0.3191755080592992288579524E+00,    0.3320417524056887281780348E+00,   -0.1286624434638949932008245E-01,     -3.87%
    0.1419999999999999928945726E+01,    0.3187006299731517389162150E+00,    0.3315210184325686482154083E+00,   -0.1282038845941690929919332E-01,     -3.87%
    0.1421666666666666856144730E+01,    0.3182275167130971249562776E+00,    0.3310013065357126915699837E+00,   -0.1277378982261556661370605E-01,     -3.86%
    0.1423333333333332895165313E+01,    0.3177561634543102364602873E+00,    0.3304826147784482581748478E+00,   -0.1272645132413802171456041E-01,     -3.85%
    0.1424999999999999822364316E+01,    0.3172865653374322691959719E+00,    0.3299649412249948676745248E+00,   -0.1267837588756259847855290E-01,     -3.84%
    0.1426666666666666749563319E+01,    0.3168187174687547846829716E+00,    0.3294482839404943019800953E+00,   -0.1262956647173951729712371E-01,     -3.83%
    0.1428333333333333676762322E+01,    0.3163526149204028969919023E+00,    0.3289326409910373616440893E+00,   -0.1258002607063446465218703E-01,     -3.82%
    0.1429999999999999715782906E+01,    0.3158882527305225118574583E+00,    0.3284180104436927871702778E+00,   -0.1252975771317027531281951E-01,     -3.82%
    0.1431666666666666642981909E+01,    0.3154256259034620146763928E+00,    0.3279043903665333492547518E+00,   -0.1247876446307133457835903E-01,     -3.81%
    0.1433333333333333570180912E+01,    0.3149647294099626182450891E+00,    0.3273917788286649366291670E+00,   -0.1242704941870231838407790E-01,     -3.80%
    0.1434999999999999609201495E+01,    0.3145055581873442140938835E+00,    0.3268801739002526463018228E+00,   -0.1237461571290843220793931E-01,     -3.79%
    0.1436666666666666536400498E+01,    0.3140481071396939993789488E+00,    0.3263695736525469848210435E+00,   -0.1232146651285298544209468E-01,     -3.78%
    0.1438333333333333463599502E+01,    0.3135923711380560474637491E+00,    0.3258599761579117348730961E+00,   -0.1226760501985568740934696E-01,     -3.76%
    0.1440000000000000390798505E+01,    0.3131383450206212670785533E+00,    0.3253513794898489353002446E+00,   -0.1221303446922766822169137E-01,     -3.75%
    0.1441666666666666429819088E+01,    0.3126860235929190823256363E+00,    0.3248437817230256374756436E+00,   -0.1215775813010655515000735E-01,     -3.74%
    0.1443333333333333357018091E+01,    0.3122354016280083910395149E+00,    0.3243371809332982191875772E+00,   -0.1210177930528982814806227E-01,     -3.73%
    0.1445000000000000284217094E+01,    0.3117864738666712431935935E+00,    0.3238315751977395851035624E+00,   -0.1204510133106834190996892E-01,     -3.72%
    0.1446666666666666323237678E+01,    0.3113392350176070744183221E+00,    0.3233269625946630365653789E+00,   -0.1198772757705596214705679E-01,     -3.71%
    0.1448333333333333250436681E+01,    0.3108936797576249966290618E+00,    0.3228233412036468630290642E+00,   -0.1192966144602186640000241E-01,     -3.70%
    0.1450000000000000177635684E+01,    0.3104498027318422503917361E+00,    0.3223207091055599882167826E+00,   -0.1187090637371773782504647E-01,     -3.68%
    0.1451666666666667104834687E+01,    0.3100075985538786604855943E+00,    0.3218190643825855068449471E+00,   -0.1181146582870684635935277E-01,     -3.67%
    0.1453333333333333143855270E+01,    0.3095670618060535894677798E+00,    0.3213184051182452205530637E+00,   -0.1175134331219163108528392E-01,     -3.66%
    0.1455000000000000071054274E+01,    0.3091281870395849451504944E+00,    0.3208187293974221754311316E+00,   -0.1169054235783723028063719E-01,     -3.64%
    0.1456666666666666998253277E+01,    0.3086909687747871333662886E+00,    0.3203200353063860306157551E+00,   -0.1162906653159889724946652E-01,     -3.63%
    0.1458333333333333037273860E+01,    0.3082554015012719528243679E+00,    0.3198223209328152072394857E+00,   -0.1156691943154325441511787E-01,     -3.62%
    0.1459999999999999964472863E+01,    0.3078214796781465478758832E+00,    0.3193255843658194259582217E+00,   -0.1150410468767287808233846E-01,     -3.60%
    0.1461666666666666891671866E+01,    0.3073891977342182446619745E+00,    0.3188298236959637987908422E+00,   -0.1144062596174555412886775E-01,     -3.59%
    0.1463333333333332930692450E+01,    0.3069585500681940026801442E+00,    0.3183350370152908115350954E+00,   -0.1137648694709680885495118E-01,     -3.57%
    0.1464999999999999857891453E+01,    0.3065295310488836966200665E+00,    0.3178412224173414735162169E+00,   -0.1131169136845777689615034E-01,     -3.56%
    0.1466666666666666785090456E+01,    0.3061021350154052855785380E+00,    0.3173483779971790763596573E+00,   -0.1124624298177379078111926E-01,     -3.54%
    0.1468333333333333712289459E+01,    0.3056763562773882059175889E+00,    0.3168565018514100106727938E+00,   -0.1118014557402180475520481E-01,     -3.53%
    0.1469999999999999751310042E+01,    0.3052521891151792066132487E+00,    0.3163655920782056374385149E+00,   -0.1111340296302643082526629E-01,     -3.51%
    0.1471666666666666678509046E+01,    0.3048296277800475739816477E+00,    0.3158756467773225495854206E+00,   -0.1104601899727497560377287E-01,     -3.50%
    0.1473333333333333605708049E+01,    0.3044086664943940756522522E+00,    0.3153866640501253870709775E+00,   -0.1097799755573131141872523E-01,     -3.48%
    0.1474999999999999644728632E+01,    0.3039892994519568514277807E+00,    0.3148986419996064878290554E+00,   -0.1090934254764963640127462E-01,     -3.46%
    0.1476666666666666571927635E+01,    0.3035715208180206903243459E+00,    0.3144115787304060938289751E+00,   -0.1084005791238540350462927E-01,     -3.45%
    0.1478333333333333499126638E+01,    0.3031553247296266406785037E+00,    0.3139254723488339449133377E+00,   -0.1077014761920730423483406E-01,     -3.43%
    0.1480000000000000426325641E+01,    0.3027407052957817867877566E+00,    0.3134403209628885411675014E+00,   -0.1069961566710675437974487E-01,     -3.41%
    0.1481666666666666465346225E+01,    0.3023276565976701357740808E+00,    0.3129561226822774044897812E+00,   -0.1062846608460726871570046E-01,     -3.40%
    0.1483333333333333392545228E+01,    0.3019161726888637820032102E+00,    0.3124728756184358968717163E+00,   -0.1055670292957211486850611E-01,     -3.38%
    0.1485000000000000319744231E+01,    0.3015062475955375687064475E+00,    0.3119905778845478150351767E+00,   -0.1048433028901024632872918E-01,     -3.36%
    0.1486666666666666358764815E+01,    0.3010978753166780319538987E+00,    0.3115092275955642087126307E+00,   -0.1041135227888617675873206E-01,     -3.34%
    0.1488333333333333285963818E+01,    0.3006910498243023366349291E+00,    0.3110288228682214217712954E+00,   -0.1033777304391908513636622E-01,     -3.32%
    0.1490000000000000213162821E+01,    0.3002857650636686637213302E+00,    0.3105493618210613537833353E+00,   -0.1026359675739269006200516E-01,     -3.30%
    0.1491666666666666252183404E+01,    0.2998820149534947576697164E+00,    0.3100708425744494456388622E+00,   -0.1018882762095468796914588E-01,     -3.29%
    0.1493333333333333179382407E+01,    0.2994797933861716998649172E+00,    0.3095932632505917214693625E+00,   -0.1011346986442002160444531E-01,     -3.27%
    0.1495000000000000106581410E+01,    0.2990790942279821229554670E+00,    0.3091166219735550502178967E+00,   -0.1003752774557292726242963E-01,     -3.25%
    0.1496666666666667033780413E+01,    0.2986799113193182586556418E+00,    0.3086409168692835769398641E+00,   -0.9961005549965318284222349E-02,     -3.23%
    0.1498333333333333072800997E+01,    0.2982822384748989863467727E+00,    0.3081661460656172080163628E+00,   -0.9883907590718221669590093E-02,     -3.21%
    0.1500000000000000000000000E+01,    0.2978860694839893796803665E+00,    0.3076923076923077093880465E+00,   -0.9806238208318329707680050E-02,     -3.19%
    0.1501666666666666927199003E+01,    0.2974913981106207527815855E+00,    0.3072193998810377468799970E+00,   -0.9728001770416994098411578E-02,     -3.17%
    0.1503333333333332966219587E+01,    0.2970982180938115391199972E+00,    0.3067474207654371509690350E+00,   -0.9649202671625611849037796E-02,     -3.15%
    0.1504999999999999893418590E+01,    0.2967065231477871711796013E+00,    0.3062763684810989595064257E+00,   -0.9569845333311788326824399E-02,     -3.12%
    0.1506666666666666820617593E+01,    0.2963163069622026801752668E+00,    0.3058062411655974588420293E+00,   -0.9489934203394778666762477E-02,     -3.10%
    0.1508333333333333747816596E+01,    0.2959275632023660174141355E+00,    0.3053370369585037269466454E+00,   -0.9409473756137709532509916E-02,     -3.08%
    0.1509999999999999786837179E+01,    0.2955402855094603764563033E+00,    0.3048687540014024532908365E+00,   -0.9328468491942076834533282E-02,     -3.06%
    0.1511666666666666714036182E+01,    0.2951544675007676254985256E+00,    0.3044013904379067603223064E+00,   -0.9246922937139134823780751E-02,     -3.04%
    0.1513333333333333641235185E+01,    0.2947701027698949594046951E+00,    0.3039349444136756339673866E+00,   -0.9164841643780674562691502E-02,     -3.02%
    0.1514999999999999680255769E+01,    0.2943871848869978880003373E+00,    0.3034694140764288561307183E+00,   -0.9082229189430968130380961E-02,     -2.99%
    0.1516666666666666607454772E+01,    0.2940057073990074432146002E+00,    0.3030047975759616041280253E+00,   -0.8999090176954160913425085E-02,     -2.97%
    0.1518333333333333534653775E+01,    0.2936256638298573862222440E+00,    0.3025410930641613260760892E+00,   -0.8915429234303939853845122E-02,     -2.95%
    0.1519999999999999573674359E+01,    0.2932470476807095272064885E+00,    0.3020782986950218962363124E+00,   -0.8831251014312369029823913E-02,     -2.92%
    0.1521666666666666500873362E+01,    0.2928698524301838745920179E+00,    0.3016164126246576593359805E+00,   -0.8746560194473784743962597E-02,     -2.90%
    0.1523333333333333428072365E+01,    0.2924940715345857866758195E+00,    0.3011554330113200839136312E+00,   -0.8661361476734297237811688E-02,     -2.88%
    0.1525000000000000355271368E+01,    0.2921196984281353992152219E+00,    0.3006953580154105298838374E+00,   -0.8575659587275130668615475E-02,     -2.85%
    0.1526666666666666394291951E+01,    0.2917467265231983297724128E+00,    0.3002361857994956806372500E+00,   -0.8489459276297350864837199E-02,     -2.83%
    0.1528333333333333321490954E+01,    0.2913751492105142726352085E+00,    0.2997779145283202550942292E+00,   -0.8402765317805982459020697E-02,     -2.80%
    0.1530000000000000248689958E+01,    0.2910049598594305342302846E+00,    0.2993205423688227173606435E+00,   -0.8315582509392183130358944E-02,     -2.78%
    0.1531666666666666287710541E+01,    0.2906361518181330150234487E+00,    0.2988640674901479332703502E+00,   -0.8227915672014918246901516E-02,     -2.75%
    0.1533333333333333214909544E+01,    0.2902687184138764697749480E+00,    0.2984084880636604930614908E+00,   -0.8139769649784023286542833E-02,     -2.73%
    0.1535000000000000142108547E+01,    0.2899026529532204854433530E+00,    0.2979538022629590887646600E+00,   -0.8051149309738603321306982E-02,     -2.70%
    0.1536666666666667069307550E+01,    0.2895379487222612402419486E+00,    0.2975000082638890042119328E+00,   -0.7962059541627763969984244E-02,     -2.68%
    0.1538333333333333108328134E+01,    0.2891745989868664823418953E+00,    0.2970471042445556597577649E+00,   -0.7872505257689177415869608E-02,     -2.65%
    0.1540000000000000035527137E+01,    0.2888125969929089542631573E+00,    0.2965950883853363251319024E+00,   -0.7782491392427370868745129E-02,     -2.62%
    0.1541666666666666962726140E+01,    0.2884519359665037585571667E+00,    0.2961439588688944968275507E+00,   -0.7692022902390738270383963E-02,     -2.60%
    0.1543333333333333001746723E+01,    0.2880926091142429479319276E+00,    0.2956937138801915554431332E+00,   -0.7601104765948607511205637E-02,     -2.57%
    0.1544999999999999928945726E+01,    0.2877346096234314476447480E+00,    0.2952443516064983120017473E+00,   -0.7509741983066864356999304E-02,     -2.54%
    0.1546666666666666856144730E+01,    0.2873779306623263085640474E+00,    0.2947958702374088857389722E+00,   -0.7417939575082577174924836E-02,     -2.52%
    0.1548333333333332895165313E+01,    0.2870225653803720189394255E+00,    0.2943482679648516397996616E+00,   -0.7325702584479620860236082E-02,     -2.49%
    0.1549999999999999822364316E+01,    0.2866685069084394243965619E+00,    0.2939015429831007275573995E+00,   -0.7233036074661303160837633E-02,     -2.46%
    0.1551666666666666749563319E+01,    0.2863157483590654805993836E+00,    0.2934556934887887491569813E+00,   -0.7139945129723268557597748E-02,     -2.43%
    0.1553333333333333676762322E+01,    0.2859642828266913960888473E+00,    0.2930107176809177427223574E+00,   -0.7046434854226346633510047E-02,     -2.40%
    0.1554999999999999715782906E+01,    0.2856141033879026069897122E+00,    0.2925666137608707306760891E+00,   -0.6952510372968123686376885E-02,     -2.38%
    0.1556666666666666642981909E+01,    0.2852652031016690292730686E+00,    0.2921233799324221003246294E+00,   -0.6858176830753071051560710E-02,     -2.35%
    0.1558333333333333570180912E+01,    0.2849175750095871428868577E+00,    0.2916810144017500383561980E+00,   -0.6763439392162895469340356E-02,     -2.32%
    0.1559999999999999609201495E+01,    0.2845712121361197444180391E+00,    0.2912395153774465228480040E+00,   -0.6668303241326778429964861E-02,     -2.29%
    0.1561666666666666536400498E+01,    0.2842261074888384753123205E+00,    0.2907988810705276483403736E+00,   -0.6572773581689173028053119E-02,     -2.26%
    0.1563333333333333463599502E+01,    0.2838822540586667941830967E+00,    0.2903591096944453942008124E+00,   -0.6476855635778600017715689E-02,     -2.23%
    0.1565000000000000390798505E+01,    0.2835396448201222829865742E+00,    0.2899201994650971170308651E+00,   -0.6380554644974834044290901E-02,     -2.20%
    0.1566666666666666429819088E+01,    0.2831982727315608405760372E+00,    0.2894821486008363753406059E+00,   -0.6283875869275534764568647E-02,     -2.17%
    0.1568333333333333357018091E+01,    0.2828581307354194329661823E+00,    0.2890449553224818113328354E+00,   -0.6186824587062378366653093E-02,     -2.14%
    0.1570000000000000284217094E+01,    0.2825192117584611195546529E+00,    0.2886086178533290302894443E+00,   -0.6089406094867910734791394E-02,     -2.11%
    0.1571666666666666323237678E+01,    0.2821815087120209120108427E+00,    0.2881731344191590937775516E+00,   -0.5991625707138181766708840E-02,     -2.08%
    0.1573333333333333250436681E+01,    0.2818450144922491906740447E+00,    0.2877385032482480120563650E+00,   -0.5893488755998821382320330E-02,     -2.05%
    0.1575000000000000177635684E+01,    0.2815097219803595063325474E+00,    0.2873047225713771801736129E+00,   -0.5795000591017673841065516E-02,     -2.02%
    0.1576666666666667104834687E+01,    0.2811756240428734954228673E+00,    0.2868717906218423152608921E+00,   -0.5696166578968819838024729E-02,     -1.99%
    0.1578333333333333143855270E+01,    0.2808427135318688483422989E+00,    0.2864397056354625603624697E+00,   -0.5596992103593712020170869E-02,     -1.95%
    0.1580000000000000071054274E+01,    0.2805109832852251128265664E+00,    0.2860084658505891441748759E+00,   -0.5497482565364031348309481E-02,     -1.92%
    0.1581666666666666998253277E+01,    0.2801804261268721063515841E+00,    0.2855780695081154840764270E+00,   -0.5397643381243377724842958E-02,     -1.89%
    0.1583333333333333037273860E+01,    0.2798510348670393832470893E+00,    0.2851485148514852352441551E+00,   -0.5297479984445851997065802E-02,     -1.86%
    0.1584999999999999964472863E+01,    0.2795228023025018160296895E+00,    0.2847198001267003397707356E+00,   -0.5196997824198523741046074E-02,     -1.83%
    0.1586666666666666891671866E+01,    0.2791957212168312829625449E+00,    0.2842919235823309076494070E+00,   -0.5096202365499624686862035E-02,     -1.79%
    0.1588333333333332930692450E+01,    0.2788697843806445253456161E+00,    0.2838648834695228773128406E+00,   -0.4995099088878351967224489E-02,     -1.76%
    0.1589999999999999857891453E+01,    0.2785449845518539468969266E+00,    0.2834386780420056761720105E+00,   -0.4893693490151729275083881E-02,     -1.73%
    0.1591666666666666785090456E+01,    0.2782213144759167477992889E+00,    0.2830133055561014354672977E+00,   -0.4791991080184687668008792E-02,     -1.69%
    0.1593333333333333712289459E+01,    0.2778987668860867787934410E+00,    0.2825887642707324842739069E+00,   -0.4689997384645705480465949E-02,     -1.66%
    0.1594999999999999751310042E+01,    0.2775773345036644523808889E+00,    0.2821650524474291765741896E+00,   -0.4587717943764724193300708E-02,     -1.63%
    0.1596666666666666678509046E+01,    0.2772570100382485969170432E+00,    0.2817421683503369966850016E+00,   -0.4485158312088399767958435E-02,     -1.59%
    0.1598333333333333605708049E+01,    0.2769377861879885882601116E+00,    0.2813201102462253300195982E+00,   -0.4382324058236741759486677E-02,     -1.56%
    0.1599999999999999644728632E+01,    0.2766196556398361483530834E+00,    0.2808988764044944574926888E+00,   -0.4279220764658309139605308E-02,     -1.52%
    0.1601666666666666571927635E+01,    0.2763026110697979209618325E+00,    0.2804784650971819393028284E+00,   -0.4175854027384018340995908E-02,     -1.49%
    0.1603333333333333499126638E+01,    0.2759866451431886025247309E+00,    0.2800588745989712191608589E+00,   -0.4072229455782616636128068E-02,     -1.45%
    0.1605000000000000426325641E+01,    0.2756717505148835178907518E+00,    0.2796401031871979525611494E+00,   -0.3968352672314434670397532E-02,     -1.42%
    0.1606666666666666465346225E+01,    0.2753579198295736940593770E+00,    0.2792221491418573342535581E+00,   -0.3864229312283640194181089E-02,     -1.38%
    0.1608333333333333392545228E+01,    0.2750451457220178808071864E+00,    0.2788050107456097603808587E+00,   -0.3759865023591879573672259E-02,     -1.35%
    0.1610000000000000319744231E+01,    0.2747334208172985126061860E+00,    0.2783886862837893216848784E+00,   -0.3655265466490809078692337E-02,     -1.31%
    0.1611666666666666358764815E+01,    0.2744227377310757276518416E+00,    0.2779731740444094101327721E+00,   -0.3550436313333682480930520E-02,     -1.28%
    0.1613333333333333285963818E+01,    0.2741130890698417754691718E+00,    0.2775584723181683810544484E+00,   -0.3445383248326605585276639E-02,     -1.24%
    0.1615000000000000213162821E+01,    0.2738044674311777004760415E+00,    0.2771445793984576022594979E+00,   -0.3340111967279901783456353E-02,     -1.21%
    0.1616666666666666252183404E+01,    0.2734968654040074165223473E+00,    0.2767314935813668386188624E+00,   -0.3234628177359422096515118E-02,     -1.17%
    0.1618333333333333179382407E+01,    0.2731902755688547235202179E+00,    0.2763192131656894701130511E+00,   -0.3128937596834746592833199E-02,     -1.13%
    0.1620000000000000106581410E+01,    0.2728846904980985477173761E+00,    0.2759077364529300968598591E+00,   -0.3023045954831549142483027E-02,     -1.10%
    0.1621666666666667033780413E+01,    0.2725801027562309020169096E+00,    0.2754970617473094240956755E+00,   -0.2916958991078522078765900E-02,     -1.06%
    0.1623333333333333072800997E+01,    0.2722765049001117931837257E+00,    0.2750871873557703128909679E+00,   -0.2810682455658519707242249E-02,     -1.02%
    0.1625000000000000000000000E+01,    0.2719738894792277927869861E+00,    0.2746781115879828316650446E+00,   -0.2704222108755038878058485E-02,     -0.98%
    0.1626666666666666927199003E+01,    0.2716722490359487762745516E+00,    0.2742698327563508065018993E+00,   -0.2597583720402030227347723E-02,     -0.95%
    0.1628333333333332966219587E+01,    0.2713715761057860498262073E+00,    0.2738623491760167616426713E+00,   -0.2490773070230711816464009E-02,     -0.91%
    0.1629999999999999893418590E+01,    0.2710718632176488118723512E+00,    0.2734556591648664158888948E+00,   -0.2383795947217604016543646E-02,     -0.87%
    0.1631666666666666820617593E+01,    0.2707731028941040563040588E+00,    0.2730497610435354549629494E+00,   -0.2276658149431398658890657E-02,     -0.83%
    0.1633333333333333747816596E+01,    0.2704752876516340331924937E+00,    0.2726446531354134172886461E+00,   -0.2169365483779384096152398E-02,     -0.80%
    0.1634999999999999786837179E+01,    0.2701784100008951527982504E+00,    0.2722403337666492451063505E+00,   -0.2061923765754092308100098E-02,     -0.76%
    0.1636666666666666714036182E+01,    0.2698824624469760014022768E+00,    0.2718368012661553922981739E+00,   -0.1954338819179390895897086E-02,     -0.72%
    0.1638333333333333641235185E+01,    0.2695874374896577996274516E+00,    0.2714340539656137640811551E+00,   -0.1846616475955964453703473E-02,     -0.68%
    0.1639999999999999680255769E+01,    0.2692933276236732509367755E+00,    0.2710320901994796582989977E+00,   -0.1738762575806407362222217E-02,     -0.64%
    0.1641666666666666607454772E+01,    0.2690001253389648350200503E+00,    0.2706309083049860397807151E+00,   -0.1630782966021204760664887E-02,     -0.60%
    0.1643333333333333534653775E+01,    0.2687078231209462098050267E+00,    0.2702305066221486473665436E+00,   -0.1522683501202437561516945E-02,     -0.56%
    0.1644999999999999573674359E+01,    0.2684164134507615595559571E+00,    0.2698308834937703792888897E+00,   -0.1414470043008819732932579E-02,     -0.52%
    0.1646666666666666500873362E+01,    0.2681258888055454980836600E+00,    0.2694320372654444573079502E+00,   -0.1306148459898959224290138E-02,     -0.48%
    0.1648333333333333428072365E+01,    0.2678362416586830829778876E+00,    0.2690339662855600888491381E+00,   -0.1197724626877005871250503E-02,     -0.45%
    0.1650000000000000355271368E+01,    0.2675474644800711065961707E+00,    0.2686366689053055201164000E+00,   -0.1089204425234413520229282E-02,     -0.41%
    0.1651666666666666394291951E+01,    0.2672595497363786654076989E+00,    0.2682401434786723659620122E+00,   -0.9805937422937005543133182E-03,     -0.37%
    0.1653333333333333321490954E+01,    0.2669724898913068966699313E+00,    0.2678443883624589405556549E+00,   -0.8718984711520438857235149E-03,     -0.33%
    0.1655000000000000248689958E+01,    0.2666862774058512131070131E+00,    0.2674494019162749203211149E+00,   -0.7631245104237072141017961E-03,     -0.29%
    0.1656666666666666287710541E+01,    0.2664009047385624273651672E+00,    0.2670551825025445080719066E+00,   -0.6542777639820807067394526E-03,     -0.24%
    0.1658333333333333214909544E+01,    0.2661163643458062666447006E+00,    0.2666617284865095416357406E+00,   -0.5453641407032749910399616E-03,     -0.20%
    0.1660000000000000142108547E+01,    0.2658326486820277723133188E+00,    0.2662690382362338792354706E+00,   -0.4363895542061069221517755E-03,     -0.16%
    0.1661666666666667069307550E+01,    0.2655497502000098708485609E+00,    0.2658771101226061750466556E+00,   -0.3273599225963041980946855E-03,     -0.12%
    0.1663333333333333108328134E+01,    0.2652676613511376069176606E+00,    0.2654859425193436539558434E+00,   -0.2182811682060470381827599E-03,     -0.08%
    0.1665000000000000035527137E+01,    0.2649863745856574914760984E+00,    0.2650955338029942209843171E+00,   -0.1091592173367295082186956E-03,     -0.04%
    0.1666666666666666962726140E+01,    0.2647058823529416793363112E+00,    0.2647058823529411242247988E+00,    0.5551115123125782702118158E-15,      0.00%
    0.1668333333333333001746723E+01,    0.2644261771017480389112109E+00,    0.2643169865514049532428942E+00,    0.1091905503430856683166894E-03,      0.04%
    0.1669999999999999928945726E+01,    0.2641472512804842742717426E+00,    0.2639288447834464146346534E+00,    0.2184064970378596370892410E-03,      0.08%
    0.1671666666666666856144730E+01,    0.2638690973374681059127056E+00,    0.2635414554369699957625528E+00,    0.3276419004981101501527974E-03,      0.12%
    0.1673333333333332895165313E+01,    0.2635917077211913372991603E+00,    0.2631548169027264072461492E+00,    0.4368908184649300530111304E-03,      0.17%
    0.1674999999999999822364316E+01,    0.2633150748805800356322493E+00,    0.2627689275743143593189188E+00,    0.5461473062656763133304594E-03,      0.21%
    0.1676666666666666749563319E+01,    0.2630391912652600416855364E+00,    0.2623837858481847251646002E+00,    0.6554054170753165209362123E-03,      0.25%
    0.1678333333333333676762322E+01,    0.2627640493258161513701054E+00,    0.2619993901236417621625208E+00,    0.7646592021743892075846816E-03,      0.29%
    0.1679999999999999715782906E+01,    0.2624896415140575145485968E+00,    0.2616157388028464425566710E+00,    0.8739027112110719919257917E-03,      0.33%
    0.1681666666666666642981909E+01,    0.2622159602832782043790871E+00,    0.2612328302908174526564267E+00,    0.9831299924607517226604614E-03,      0.38%
    0.1683333333333333570180912E+01,    0.2619429980885205067053789E+00,    0.2608506629954350786171346E+00,    0.1092335093085428088244271E-02,      0.42%
    0.1684999999999999609201495E+01,    0.2616707473868387645588029E+00,    0.2604692353274424831965916E+00,    0.1201512059396281362211312E-02,      0.46%
    0.1686666666666666536400498E+01,    0.2613992006375595034128878E+00,    0.2600885457004473710895809E+00,    0.1310654937112132323306923E-02,      0.50%
    0.1688333333333333463599502E+01,    0.2611283503025464414193380E+00,    0.2597085925309251530634924E+00,    0.1419757771621288355845536E-02,      0.55%
    0.1690000000000000390798505E+01,    0.2608581888464626130641477E+00,    0.2593293742382198896478940E+00,    0.1528814608242723416253739E-02,      0.59%
    0.1691666666666666429819088E+01,    0.2605887087370326593571690E+00,    0.2589508892445467891363364E+00,    0.1637819492485870220832567E-02,      0.63%
    0.1693333333333333357018091E+01,    0.2603199024453052845551326E+00,    0.2585731359749930957647734E+00,    0.1746766470312188790359187E-02,      0.68%
    0.1695000000000000284217094E+01,    0.2600517624459176557749629E+00,    0.2581961128575208652691231E+00,    0.1855649588396790505839817E-02,      0.72%
    0.1696666666666666323237678E+01,    0.2597842812173556947819009E+00,    0.2578198183229680751082924E+00,    0.1964462894387619673608469E-02,      0.76%
    0.1698333333333333250436681E+01,    0.2595174512422189216920287E+00,    0.2574442508050496236648996E+00,    0.2073200437169298027129116E-02,      0.81%
    0.1700000000000000177635684E+01,    0.2592512650074814684053592E+00,    0.2570694087403598837582308E+00,    0.2181856267121584647128429E-02,      0.85%
    0.1701666666666667104834687E+01,    0.2589857150047561451522427E+00,    0.2566952905683732022446009E+00,    0.2290424436382942907641791E-02,      0.89%
    0.1703333333333333143855270E+01,    0.2587207937305561200602710E+00,    0.2563218947314458984187979E+00,    0.2398898999110221641473117E-02,      0.94%
    0.1705000000000000071054274E+01,    0.2584564936865567652546360E+00,    0.2559492196748164860586883E+00,    0.2507274011740279195947778E-02,      0.98%
    0.1706666666666666998253277E+01,    0.2581928073798598344268385E+00,    0.2555772638466081159158705E+00,    0.2615543533251718510967976E-02,      1.02%
    0.1708333333333333037273860E+01,    0.2579297273232546428012313E+00,    0.2552060256978290198048853E+00,    0.2723701625425622996345965E-02,      1.07%
    0.1709999999999999964472863E+01,    0.2576672460354805238580411E+00,    0.2548355036823730657147280E+00,    0.2831742353107458143313124E-02,      1.11%
    0.1711666666666666891671866E+01,    0.2574053560414891195229359E+00,    0.2544656962570215896768389E+00,    0.2939659784467529846097023E-02,      1.16%
    0.1713333333333332930692450E+01,    0.2571440498727068368900461E+00,    0.2540966018814442839435230E+00,    0.3047447991262552946523101E-02,      1.20%
    0.1714999999999999857891453E+01,    0.2568833200672964722777181E+00,    0.2537282190181986973875894E+00,    0.3155101049097774890128676E-02,      1.24%
    0.1716666666666666785090456E+01,    0.2566231591704191683511738E+00,    0.2533605461327327335041559E+00,    0.3262613037686434847017836E-02,      1.29%
    0.1718333333333333712289459E+01,    0.2563635597344967043120789E+00,    0.2529935816933843173437424E+00,    0.3369978041112386968336523E-02,      1.33%
    0.1719999999999999751310042E+01,    0.2561045143194726203539346E+00,    0.2526273241713824502241437E+00,    0.3477190148090170129790977E-02,      1.38%
    0.1721666666666666678509046E+01,    0.2558460154930739527401329E+00,    0.2522617720408467656412199E+00,    0.3584243452227187098912964E-02,      1.42%
    0.1723333333333333605708049E+01,    0.2555880558310726358151044E+00,    0.2518969237787896942037946E+00,    0.3691132052282941611309752E-02,      1.47%
    0.1724999999999999644728632E+01,    0.2553306279175476811715839E+00,    0.2515327778651156309663861E+00,    0.3797850052432050205197811E-02,      1.51%
    0.1726666666666666571927635E+01,    0.2550737243451440816599529E+00,    0.2511693327826213240072661E+00,    0.3904391562522757652686778E-02,      1.55%
    0.1728333333333333499126638E+01,    0.2548173377153366003788904E+00,    0.2508065870169969846514846E+00,    0.4010750698339615727405771E-02,      1.60%
    0.1730000000000000426325641E+01,    0.2545614606386888412181690E+00,    0.2504445390568257878705083E+00,    0.4116921581863053347660752E-02,      1.64%
    0.1731666666666666465346225E+01,    0.2543060857351140957582913E+00,    0.2500831873935844273937334E+00,    0.4222898341529668364557892E-02,      1.69%
    0.1733333333333333392545228E+01,    0.2540512056341363011924273E+00,    0.2497225305216425883525488E+00,    0.4328675112493712839878413E-02,      1.73%
    0.1735000000000000319744231E+01,    0.2537968129751498880253280E+00,    0.2493625669382640019922093E+00,    0.4434246036885886033118709E-02,      1.78%
    0.1736666666666666358764815E+01,    0.2535429004076802939060542E+00,    0.2490032951436057795380208E+00,    0.4539605264074514368033419E-02,      1.82%
    0.1738333333333333285963818E+01,    0.2532894605916435337711334E+00,    0.2486447136407180791284333E+00,    0.4644746950925454642700174E-02,      1.87%
    0.1740000000000000213162821E+01,    0.2530364861976058810100199E+00,    0.2482868209355446609265528E+00,    0.4749665262061220083467106E-02,      1.91%
    0.1741666666666666252183404E+01,    0.2527839699070441037420665E+00,    0.2479296155369226650755365E+00,    0.4854354370121438666529912E-02,      1.96%
    0.1743333333333333179382407E+01,    0.2525319044126022594021208E+00,    0.2475730959565812239198124E+00,    0.4958808456021035482308434E-02,      2.00%
    0.1745000000000000106581410E+01,    0.2522802824183549286196637E+00,    0.2472172607091426554948299E+00,    0.5063021709212273124833814E-02,      2.05%
    0.1746666666666667033780413E+01,    0.2520290966400620114029607E+00,    0.2468621083121214088151874E+00,    0.5166988327940602587773355E-02,      2.09%
    0.1748333333333333072800997E+01,    0.2517783398054287968825804E+00,    0.2465076372859235920298460E+00,    0.5270702519505204852734437E-02,      2.14%
    0.1750000000000000000000000E+01,    0.2515280046543651448764933E+00,    0.2461538461538461675104372E+00,    0.5374158500518977366056106E-02,      2.18%
    0.1751666666666666927199003E+01,    0.2512780839392417808753066E+00,    0.2458007334420773681848971E+00,    0.5477350497164412690409563E-02,      2.23%
    0.1753333333333332966219587E+01,    0.2510285704251496441408165E+00,    0.2454482976796954762921388E+00,    0.5580272745454167848677685E-02,      2.27%
    0.1754999999999999893418590E+01,    0.2507794568901552390016718E+00,    0.2450965373986679629592089E+00,    0.5682919491487276042462895E-02,      2.32%
    0.1756666666666666820617593E+01,    0.2505307361255609266414979E+00,    0.2447454511338512661566824E+00,    0.5785284991709660484815458E-02,      2.36%
    0.1758333333333333747816596E+01,    0.2502824009361586110600228E+00,    0.2443950374229900412981209E+00,    0.5887363513168569761901949E-02,      2.41%
    0.1759999999999999786837179E+01,    0.2500344441404887541047231E+00,    0.2440452948067161342837750E+00,    0.5989149333772619820948080E-02,      2.45%
    0.1761666666666666714036182E+01,    0.2497868585710948385880670E+00,    0.2436962218285475267887108E+00,    0.6090636742547311799356180E-02,      2.50%
    0.1763333333333333641235185E+01,    0.2495396370747807457401990E+00,    0.2433478170348878921736002E+00,    0.6191820039892853566598774E-02,      2.54%
    0.1764999999999999680255769E+01,    0.2492927725128657179265446E+00,    0.2430000789750257350618767E+00,    0.6292693537839982864667832E-02,      2.59%
    0.1766666666666666607454772E+01,    0.2490462577614392936098398E+00,    0.2426530062011324206938667E+00,    0.6393251560306872915973031E-02,      2.63%
    0.1768333333333333534653775E+01,    0.2488000857116181296913027E+00,    0.2423065972682622581935163E+00,    0.6493488443355871497786325E-02,      2.68%
    0.1769999999999999573674359E+01,    0.2485542492697974947812867E+00,    0.2419608507343512793230644E+00,    0.6593398535446215458222241E-02,      2.72%
    0.1771666666666666500873362E+01,    0.2483087413579087021631153E+00,    0.2416157651602147682368127E+00,    0.6692976197693933926302634E-02,      2.77%
    0.1773333333333333428072365E+01,    0.2480635549136708806194918E+00,    0.2412713391095478998593649E+00,    0.6792215804122980760126893E-02,      2.82%
    0.1775000000000000355271368E+01,    0.2478186828908458538833770E+00,    0.2409275711489232696393969E+00,    0.6891111741922584243980054E-02,      2.86%
    0.1776666666666666394291951E+01,    0.2475741182594908829095459E+00,    0.2405844598477903106825693E+00,    0.6989658411700572226976647E-02,      2.91%
    0.1778333333333333321490954E+01,    0.2473298540062102146563916E+00,    0.2402420037784728512608723E+00,    0.7087850227737363395519310E-02,      2.95%
    0.1780000000000000248689958E+01,    0.2470858831344100448035306E+00,    0.2399002015161692258349291E+00,    0.7185681618240818968601502E-02,      3.00%
    0.1781666666666666287710541E+01,    0.2468421986645486509992509E+00,    0.2395590516389499713412192E+00,    0.7283147025598679658031642E-02,      3.04%
    0.1783333333333333214909544E+01,    0.2465987936343876640865602E+00,    0.2392185527277560230796638E+00,    0.7380240906631641006896416E-02,      3.09%
    0.1785000000000000142108547E+01,    0.2463556610992453377306788E+00,    0.2388787033663981040909619E+00,    0.7476957732847233639716933E-02,      3.13%
    0.1786666666666667069307550E+01,    0.2461127941322447942873453E+00,    0.2385395021415545602216923E+00,    0.7573291990690234065652930E-02,      3.17%
    0.1788333333333333108328134E+01,    0.2458701858245667670743728E+00,    0.2382009476427700833678358E+00,    0.7669238181796683706537010E-02,      3.22%
    0.1790000000000000035527137E+01,    0.2456278292856968747948088E+00,    0.2378630384624532967396959E+00,    0.7764790823243578055112835E-02,      3.26%
    0.1791666666666666962726140E+01,    0.2453857176436775033856463E+00,    0.2375257731958762275059627E+00,    0.7859944447801275879683658E-02,      3.31%
    0.1793333333333333001746723E+01,    0.2451438440453558298415260E+00,    0.2371891504411718920586338E+00,    0.7954693604183937782892144E-02,      3.35%
    0.1794999999999999928945726E+01,    0.2449022016566314574603780E+00,    0.2368531687993320478113901E+00,    0.8049032857299409648987876E-02,      3.40%
    0.1796666666666666856144730E+01,    0.2446607836627058829570558E+00,    0.2365178268742066380880829E+00,    0.8142956788499244868972937E-02,      3.44%
    0.1798333333333332895165313E+01,    0.2444195832683293823084369E+00,    0.2361831232725009332984456E+00,    0.8236459995828449009991346E-02,      3.49%
    0.1799999999999999822364316E+01,    0.2441785936980488402880951E+00,    0.2358490566037736158033766E+00,    0.8329537094275224484718478E-02,      3.53%
    0.1801666666666666749563319E+01,    0.2439378081964526101543811E+00,    0.2355156254804355031584606E+00,    0.8422182716017106995920471E-02,      3.58%
    0.1803333333333333676762322E+01,    0.2436972200284193423858170E+00,    0.2351828285177470778677389E+00,    0.8514391510672264518078123E-02,      3.62%
    0.1804999999999999715782906E+01,    0.2434568224793605406564012E+00,    0.2348506643338167942935968E+00,    0.8606158145543746362804427E-02,      3.66%
    0.1806666666666666642981909E+01,    0.2432166088554680860589485E+00,    0.2345191315495982198324754E+00,    0.8697477305869866226473164E-02,      3.71%
    0.1808333333333333570180912E+01,    0.2429765724839575702365124E+00,    0.2341882287888890357141491E+00,    0.8788343695068534522363279E-02,      3.75%
    0.1809999999999999609201495E+01,    0.2427367067133128220035587E+00,    0.2338579546783284557331939E+00,    0.8878752034984366270364831E-02,      3.80%
    0.1811666666666666536400498E+01,    0.2424970049135291294550854E+00,    0.2335283078473944506914250E+00,    0.8968697066134678763660304E-02,      3.84%
    0.1813333333333333463599502E+01,    0.2422574604763562400311372E+00,    0.2331992869284026104192975E+00,    0.9058173547953629611839688E-02,      3.88%
    0.1815000000000000390798505E+01,    0.2420180668155411662922916E+00,    0.2328708905565031739293147E+00,    0.9147176259037992362976865E-02,      3.93%
    0.1816666666666666429819088E+01,    0.2417788173670696039163630E+00,    0.2325431173696790032590087E+00,    0.9235699997390600657354298E-02,      3.97%
    0.1818333333333333357018091E+01,    0.2415397055894067668280201E+00,    0.2322159660087429189356811E+00,    0.9323739580663847892338936E-02,      4.02%
    0.1820000000000000284217094E+01,    0.2413007249637394435737292E+00,    0.2318894351173360068862905E+00,    0.9411289846403436687438671E-02,      4.06%
    0.1821666666666666323237678E+01,    0.2410618689942150283389566E+00,    0.2315635233419248151243153E+00,    0.9498345652290213214641312E-02,      4.10%
    0.1823333333333333250436681E+01,    0.2408231312081808017655504E+00,    0.2312382293317986059477676E+00,    0.9584901876382195817782872E-02,      4.15%
    0.1825000000000000177635684E+01,    0.2405845051564240999475430E+00,    0.2309135517390676073379296E+00,    0.9670953417356492609613383E-02,      4.19%
    0.1826666666666667104834687E+01,    0.2403459844134097911361181E+00,    0.2305894892186602651573679E+00,    0.9756495194749525978750171E-02,      4.23%
    0.1828333333333333143855270E+01,    0.2401075625775175026443975E+00,    0.2302660404283204675923713E+00,    0.9841522149197035052026195E-02,      4.27%
    0.1830000000000000071054274E+01,    0.2398692332712795416416185E+00,    0.2299432040286049083732678E+00,    0.9926029242674633268350703E-02,      4.32%
    0.1831666666666666998253277E+01,    0.2396309901416177889910131E+00,    0.2296209786828812549064338E+00,    0.1001001145873653408457926E-01,      4.36%
    0.1833333333333333037273860E+01,    0.2393928268600774011964916E+00,    0.2292993630573249008719472E+00,    0.1009346380275250032454437E-01,      4.40%
    0.1834999999999999964472863E+01,    0.2391547371230644258854880E+00,    0.2289783558209160518881475E+00,    0.1017638130214837399734051E-01,      4.44%
    0.1836666666666666891671866E+01,    0.2389167146520793649777659E+00,    0.2286579556454378658880700E+00,    0.1025875900664149908969591E-01,      4.49%
    0.1838333333333332930692450E+01,    0.2386787531939498496758034E+00,    0.2283381612054733722505517E+00,    0.1034059198847647742525169E-01,      4.53%
    0.1839999999999999857891453E+01,    0.2384408465210657301902586E+00,    0.2280189711784020856200073E+00,    0.1042187534266364457025134E-01,      4.57%
    0.1841666666666666785090456E+01,    0.2382029884316107237740567E+00,    0.2277003842443983960830423E+00,    0.1050260418721232769101448E-01,      4.61%
    0.1843333333333333712289459E+01,    0.2379651727497936186672689E+00,    0.2273823990864279609436238E+00,    0.1058277366336565772364509E-01,      4.65%
    0.1844999999999999751310042E+01,    0.2377273933260803384648341E+00,    0.2270650143902453454991530E+00,    0.1066237893583499296568107E-01,      4.70%
    0.1846666666666666678509046E+01,    0.2374896440374242578830177E+00,    0.2267482288443902760377568E+00,    0.1074141519303398184526088E-01,      4.74%
    0.1848333333333333605708049E+01,    0.2372519187874948809469089E+00,    0.2264320411401858912370244E+00,    0.1081987764730898970988449E-01,      4.78%
    0.1849999999999999644728632E+01,    0.2370142115069088228906935E+00,    0.2261164499717355225172355E+00,    0.1089776153517330037345801E-01,      4.82%
    0.1851666666666666571927635E+01,    0.2367765161534557682987412E+00,    0.2258014540359187527496232E+00,    0.1097506211753701554911800E-01,      4.86%
    0.1853333333333333499126638E+01,    0.2365388267123280652270978E+00,    0.2254870520323898896997150E+00,    0.1105177467993817552738278E-01,      4.90%
    0.1855000000000000426325641E+01,    0.2363011371963457951661525E+00,    0.2251732426635742190246248E+00,    0.1112789453277157614152770E-01,      4.94%
    0.1856666666666666465346225E+01,    0.2360634416461837303824467E+00,    0.2248600246346649511597349E+00,    0.1120341701151877922271183E-01,      4.98%
    0.1858333333333333392545228E+01,    0.2358257341305968479705513E+00,    0.2245473966536200571830761E+00,    0.1127833747697679078747512E-01,      5.02%
    0.1860000000000000319744231E+01,    0.2355880087466442895927088E+00,    0.2242353574311596597912200E+00,    0.1135265131548462980148884E-01,      5.06%
    0.1861666666666666358764815E+01,    0.2353502596199143481747740E+00,    0.2239239056807629524303849E+00,    0.1142635393915139574438911E-01,      5.10%
    0.1863333333333333285963818E+01,    0.2351124809047443753318163E+00,    0.2236130401186640082045187E+00,    0.1149944078608036712729756E-01,      5.14%
    0.1865000000000000213162821E+01,    0.2348746667844475166653240E+00,    0.2233027594638500312740348E+00,    0.1157190732059748539128918E-01,      5.18%
    0.1866666666666666252183404E+01,    0.2346368114715300656758501E+00,    0.2229930624380575543419525E+00,    0.1164374903347251133389761E-01,      5.22%
    0.1868333333333333179382407E+01,    0.2343989092079142300129035E+00,    0.2226839477657686638956136E+00,    0.1171496144214556611728995E-01,      5.26%
    0.1870000000000000106581410E+01,    0.2341609542651576503224931E+00,    0.2223754141742088907829356E+00,    0.1178554009094875953955750E-01,      5.30%
    0.1871666666666667033780413E+01,    0.2339229409446721419385540E+00,    0.2220674603933430746316446E+00,    0.1185548055132906730690934E-01,      5.34%
    0.1873333333333333072800997E+01,    0.2336848635779416039071066E+00,    0.2217600851558727270695925E+00,    0.1192477842206887683751404E-01,      5.38%
    0.1875000000000000000000000E+01,    0.2334467165267395949435070E+00,    0.2214532871972318406328384E+00,    0.1199342932950775431066859E-01,      5.42%
    0.1876666666666666927199003E+01,    0.2332084941833459657001271E+00,    0.2211470652555845572972970E+00,    0.1206142892776140840283006E-01,      5.45%
    0.1878333333333332966219587E+01,    0.2329701909707627693890686E+00,    0.2208414180718213937204553E+00,    0.1212877289894137566861332E-01,      5.49%
    0.1879999999999999893418590E+01,    0.2327318013429280907367058E+00,    0.2205363443895554109719370E+00,    0.1219545695337267976476880E-01,      5.53%
    0.1881666666666666820617593E+01,    0.2324933197849306798499214E+00,    0.2202318429551197720428490E+00,    0.1226147682981090780707234E-01,      5.57%
    0.1883333333333333747816596E+01,    0.2322547408132232538147122E+00,    0.2199279125175636340205898E+00,    0.1232682829565961979412236E-01,      5.60%
    0.1884999999999999786837179E+01,    0.2320160589758342717381367E+00,    0.2196245518286489561976538E+00,    0.1239150714718531554048297E-01,      5.64%
    0.1886666666666666714036182E+01,    0.2317772688525789048785697E+00,    0.2193217596428466975577720E+00,    0.1245550920973220732079767E-01,      5.68%
    0.1888333333333333641235185E+01,    0.2315383650552695904423217E+00,    0.2190195347173339579516238E+00,    0.1251883033793563249069791E-01,      5.72%
    0.1889999999999999680255769E+01,    0.2312993422279269184471673E+00,    0.2187178758119901755829773E+00,    0.1258146641593674286419002E-01,      5.75%
    0.1891666666666666607454772E+01,    0.2310601950469858001380175E+00,    0.2184167816893931857169520E+00,    0.1264341335759261442106549E-01,      5.79%
    0.1893333333333333534653775E+01,    0.2308209182215051613606960E+00,    0.2181162511148163618557305E+00,    0.1270466710668879950496546E-01,      5.82%
    0.1894999999999999573674359E+01,    0.2305815064933735558660999E+00,    0.2178162828562250075137285E+00,    0.1276522363714854835237134E-01,      5.86%
    0.1896666666666666500873362E+01,    0.2303419546375157778150822E+00,    0.2175168756842718875699205E+00,    0.1282507895324389024516165E-01,      5.90%
    0.1898333333333333428072365E+01,    0.2301022574620967264813487E+00,    0.2172180283722947857771857E+00,    0.1288422908980194070416303E-01,      5.93%
    0.1900000000000000355271368E+01,    0.2298624098087260481104721E+00,    0.2169197396963123136703899E+00,    0.1294267011241373444008218E-01,      5.97%
    0.1901666666666666394291951E+01,    0.2296224065526620838895155E+00,    0.2166220084350203578527072E+00,    0.1300039811764172603680834E-01,      6.00%
    0.1903333333333333321490954E+01,    0.2293822426030118766249188E+00,    0.2163248333697880831927307E+00,    0.1305740923322379343218813E-01,      6.04%
    0.1905000000000000248689958E+01,    0.2291419129029334533775852E+00,    0.2160282132846549629778821E+00,    0.1311369961827849039970317E-01,      6.07%
    0.1906666666666666287710541E+01,    0.2289014124298353325404065E+00,    0.2157321469663266710892202E+00,    0.1316926546350866145118630E-01,      6.10%
    0.1908333333333333214909544E+01,    0.2286607361955765027605736E+00,    0.2154366332041710851985528E+00,    0.1322410299140541756202083E-01,      6.14%
    0.1910000000000000142108547E+01,    0.2284198792466633487485694E+00,    0.2151416707902153446774207E+00,    0.1327820845644800407114872E-01,      6.17%
    0.1911666666666667069307550E+01,    0.2281788366644484089551526E+00,    0.2148472585191412986826975E+00,    0.1333157814530711027245502E-01,      6.21%
    0.1913333333333333108328134E+01,    0.2279376035653246923562421E+00,    0.2145533951882825918211495E+00,    0.1338420837704210053509257E-01,      6.24%
    0.1915000000000000035527137E+01,    0.2276961751009210499496760E+00,    0.2142600795976195571235223E+00,    0.1343609550330149282615366E-01,      6.27%
    0.1916666666666666962726140E+01,    0.2274545464582974629852430E+00,    0.2139673105497770511096434E+00,    0.1348723590852041187559962E-01,      6.30%
    0.1918333333333333001746723E+01,    0.2272127128601378331929084E+00,    0.2136750868500197353405667E+00,    0.1353762601011809785234163E-01,      6.34%
    0.1919999999999999928945726E+01,    0.2269706695649402750092349E+00,    0.2133834073062478575710799E+00,    0.1358726225869241743815508E-01,      6.37%
    0.1921666666666666856144730E+01,    0.2267284118672096837610042E+00,    0.2130922707289945317032931E+00,    0.1363614113821515205771107E-01,      6.40%
    0.1923333333333332895165313E+01,    0.2264859350976478336026076E+00,    0.2128016759314211858722388E+00,    0.1368425916622664773036888E-01,      6.43%
    0.1924999999999999822364316E+01,    0.2262432346233404500956965E+00,    0.2125116217293133435983776E+00,    0.1373161289402710649731887E-01,      6.46%
    0.1926666666666666749563319E+01,    0.2260003058479477522357826E+00,    0.2122221069410777094521592E+00,    0.1377819890687004278362338E-01,      6.49%
    0.1928333333333333676762322E+01,    0.2257571442118880555849358E+00,    0.2119331303877374506061670E+00,    0.1382401382415060497876880E-01,      6.52%
    0.1929999999999999715782906E+01,    0.2255137451925261771190634E+00,    0.2116446908929290049439231E+00,    0.1386905429959717217514026E-01,      6.55%
    0.1931666666666666642981909E+01,    0.2252701043043554007816454E+00,    0.2113567872828969462783988E+00,    0.1391331702145845450324657E-01,      6.58%
    0.1933333333333333570180912E+01,    0.2250262170991834675959353E+00,    0.2110694183864915141057850E+00,    0.1395679871269195349015035E-01,      6.61%
    0.1934999999999999609201495E+01,    0.2247820791663127648618570E+00,    0.2107825830351638674020620E+00,    0.1399949613114889745979497E-01,      6.64%
    0.1936666666666666536400498E+01,    0.2245376861327234019327648E+00,    0.2104962800629617825087792E+00,    0.1404140606976161942398562E-01,      6.67%
    0.1938333333333333463599502E+01,    0.2242930336632517618333793E+00,    0.2102105083065266000197369E+00,    0.1408252535672516181364244E-01,      6.70%
    0.1940000000000000390798505E+01,    0.2240481174607697467671130E+00,    0.2099252666050885063331322E+00,    0.1412285085568124043398086E-01,      6.73%
    0.1941666666666666429819088E+01,    0.2238029332663640236233960E+00,    0.2096405538004630086934554E+00,    0.1416237946590101492994052E-01,      6.76%
    0.1943333333333333357018091E+01,    0.2235574768595106898150249E+00,    0.2093563687370460502101821E+00,    0.1420110812246463960484277E-01,      6.78%
    0.1945000000000000284217094E+01,    0.2233117440582526869174984E+00,    0.2090727102618112620557866E+00,    0.1423903379644142486171177E-01,      6.81%
    0.1946666666666666323237678E+01,    0.2230657307193734117944928E+00,    0.2087895772243050229732830E+00,    0.1427615349506838882120974E-01,      6.84%
    0.1948333333333333250436681E+01,    0.2228194327385688289222543E+00,    0.2085069684766422959398824E+00,    0.1431246426192653298237190E-01,      6.86%
    0.1950000000000000177635684E+01,    0.2225728460506222750048266E+00,    0.2082248828735033807646460E+00,    0.1434796317711889424018068E-01,      6.89%
    0.1951666666666667104834687E+01,    0.2223259666295728798068865E+00,    0.2079433192721290013516011E+00,    0.1438264735744387845528536E-01,      6.92%
    0.1953333333333333143855270E+01,    0.2220787904888860408991746E+00,    0.2076622765323168917639407E+00,    0.1441651395656914913523394E-01,      6.94%
    0.1955000000000000071054274E+01,    0.2218313136816227049141759E+00,    0.2073817535164168557315634E+00,    0.1444956016520584918261250E-01,      6.97%
    0.1956666666666666998253277E+01,    0.2215835323006055124217539E+00,    0.2071017490893275470043022E+00,    0.1448178321127796541745170E-01,      6.99%
    0.1958333333333333037273860E+01,    0.2213354424785864693614457E+00,    0.2068222621184920007042507E+00,    0.1451318036009446865719497E-01,      7.02%
    0.1959999999999999964472863E+01,    0.2210870403884092338930856E+00,    0.2065432914738929426334835E+00,    0.1454374891451629125960210E-01,      7.04%
    0.1961666666666666891671866E+01,    0.2208383222431762327175875E+00,    0.2062648360280497084051632E+00,    0.1457348621512652431242429E-01,      7.07%
    0.1963333333333332930692450E+01,    0.2205892842964087829926711E+00,    0.2059868946560134139733833E+00,    0.1460238964039536901928784E-01,      7.09%
    0.1964999999999999857891453E+01,    0.2203399228422086575385208E+00,    0.2057094662353625147410696E+00,    0.1463045660684614279745119E-01,      7.11%
    0.1966666666666666785090456E+01,    0.2200902342154186785982972E+00,    0.2054325496461994748909063E+00,    0.1465768456921920370739088E-01,      7.14%
    0.1968333333333333712289459E+01,    0.2198402147917811189081760E+00,    0.2051561437711459656707547E+00,    0.1468407102063515323742138E-01,      7.16%
    0.1969999999999999751310042E+01,    0.2195898609880955476558739E+00,    0.2048802474953390351242177E+00,    0.1470961349275651253165620E-01,      7.18%
    0.1971666666666666678509046E+01,    0.2193391692623747335488815E+00,    0.2046048597064261120870299E+00,    0.1473430955594862146185164E-01,      7.20%
    0.1973333333333333605708049E+01,    0.2190881361139993543929450E+00,    0.2043299792945620918516170E+00,    0.1475815681943726254132798E-01,      7.22%
    0.1974999999999999644728632E+01,    0.2188367580838719017588545E+00,    0.2040556051524041181188807E+00,    0.1478115293146778363997385E-01,      7.24%
    0.1976666666666666571927635E+01,    0.2185850317545697529819648E+00,    0.2037817361751073919062804E+00,    0.1480329557946236107568438E-01,      7.26%
    0.1978333333333333499126638E+01,    0.2183329537504954953597291E+00,    0.2035083712603216465897304E+00,    0.1482458249017384876999870E-01,      7.28%
    0.1980000000000000426325641E+01,    0.2180805207380268617711749E+00,    0.2032355093081862629222911E+00,    0.1484501142984059884888381E-01,      7.30%
    0.1981666666666666465346225E+01,    0.2178277294256659168958379E+00,    0.2029631492213262722312805E+00,    0.1486458020433964466455734E-01,      7.32%
    0.1983333333333333392545228E+01,    0.2175745765641849682747733E+00,    0.2026912899048476934815710E+00,    0.1488328665933727479320225E-01,      7.34%
    0.1985000000000000319744231E+01,    0.2173210589467737818836213E+00,    0.2024199302663339528063347E+00,    0.1490112868043982907728662E-01,      7.36%
    0.1986666666666666358764815E+01,    0.2170671734091834670365984E+00,    0.2021490692158413871037936E+00,    0.1491810419334207993280472E-01,      7.38%
    0.1988333333333333285963818E+01,    0.2168129168298699727124301E+00,    0.2018787056658941370113070E+00,    0.1493421116397583570112317E-01,      7.40%
    0.1990000000000000213162821E+01,    0.2165582861301356965011422E+00,    0.2016088385314812048143551E+00,    0.1494944759865449168678708E-01,      7.42%
    0.1991666666666666252183404E+01,    0.2163032782742706772172170E+00,    0.2013394667300514029317782E+00,    0.1496381154421927428543881E-01,      7.43%
    0.1993333333333333179382407E+01,    0.2160478902696905956215545E+00,    0.2010705891815086632234966E+00,    0.1497730108818193239805794E-01,      7.45%
    0.1995000000000000106581410E+01,    0.2157921191670758853664580E+00,    0.2008022048082087895881642E+00,    0.1498991435886709577829379E-01,      7.47%
    0.1996666666666667033780413E+01,    0.2155359620605077630717261E+00,    0.2005343125349541844038015E+00,    0.1500164952555357866792463E-01,      7.48%
    0.1998333333333333072800997E+01,    0.2152794160876034534890522E+00,    0.2002669112889902125473895E+00,    0.1501250479861324094166264E-01,      7.50%
    0.2000000000000000000000000E+01,    0.2150224784296490831980719E+00,    0.2000000000000000111022302E+00,    0.1502247842964907209584169E-01,      7.51%
    0.2001666666666666927199003E+01,    0.2147651463117331294139234E+00,    0.1997335776001011586888723E+00,    0.1503156871163197072505113E-01,      7.53%
    0.2003333333333332966219587E+01,    0.2145074170028775095708795E+00,    0.1994676430238408737505296E+00,    0.1503977397903663582034994E-01,      7.54%
    0.2004999999999999893418590E+01,    0.2142492878161652847257557E+00,    0.1992021952081912128385000E+00,    0.1504709260797407188725572E-01,      7.55%
    0.2006666666666666820617593E+01,    0.2139907561088713883190593E+00,    0.1989372330925455734096374E+00,    0.1505352301632581490942187E-01,      7.57%
    0.2008333333333333747816596E+01,    0.2137318192825875262652602E+00,    0.1986727556187138088450439E+00,    0.1505906366387371742021628E-01,      7.58%
    0.2009999999999999786837179E+01,    0.2134724747833477431768756E+00,    0.1984087617309180928693024E+00,    0.1506371305242965030757318E-01,      7.59%
    0.2011666666666666714036182E+01,    0.2132127201017532669435894E+00,    0.1981452503757879790580176E+00,    0.1506746972596528788557180E-01,      7.60%
    0.2013333333333333641235185E+01,    0.2129525527730946055093852E+00,    0.1978822205023569313908638E+00,    0.1507033227073767411852145E-01,      7.62%
    0.2014999999999999680255769E+01,    0.2126919703774711178922985E+00,    0.1976196710620575502925789E+00,    0.1507229931541356759971961E-01,      7.63%
    0.2016666666666666607454772E+01,    0.2124309705399130276948227E+00,    0.1973576010087166321405050E+00,    0.1507336953119639555431775E-01,      7.64%
    0.2018333333333333534653775E+01,    0.2121695509304977744768905E+00,    0.1970960092985516998176365E+00,    0.1507354163194607465925401E-01,      7.65%
    0.2019999999999999573674359E+01,    0.2119077092644669479959418E+00,    0.1968348948901662009980384E+00,    0.1507281437430074699790339E-01,      7.66%
    0.2021666666666666500873362E+01,    0.2116454433023427783577830E+00,    0.1965742567445446786766894E+00,    0.1507118655779809968109362E-01,      7.67%
    0.2023333333333333428072365E+01,    0.2113827508500399077195908E+00,    0.1963140938250492184558027E+00,    0.1506865702499068926378811E-01,      7.68%
    0.2025000000000000355271368E+01,    0.2111196297589794657056927E+00,    0.1960544050974144525412157E+00,    0.1506522466156501316447702E-01,      7.68%
    0.2026666666666666394291951E+01,    0.2108560779261984818866438E+00,    0.1957951895297435074283499E+00,    0.1506088839645497445829392E-01,      7.69%
    0.2028333333333333321490954E+01,    0.2105920932944601309255717E+00,    0.1955364460925028691207217E+00,    0.1505564720195726180484996E-01,      7.70%
    0.2030000000000000248689958E+01,    0.2103276738523604805219946E+00,    0.1952781737585189969497179E+00,    0.1504950009384148357227673E-01,      7.71%
    0.2031666666666666287710541E+01,    0.2100628176344364050898150E+00,    0.1950203715029732998154088E+00,    0.1504244613146310527440619E-01,      7.71%
    0.2033333333333333214909544E+01,    0.2097975227212684756761263E+00,    0.1947630383033975565165719E+00,    0.1503448441787091915955443E-01,      7.72%
    0.2035000000000000142108547E+01,    0.2095317872395861813483720E+00,    0.1945061731396700022145296E+00,    0.1502561409991617913384232E-01,      7.73%
    0.2036666666666667069307550E+01,    0.2092656093623680990667424E+00,    0.1942497749940105822297198E+00,    0.1501583436835751683702256E-01,      7.73%
    0.2038333333333333108328134E+01,    0.2089989873089422856011765E+00,    0.1939938428509766776830503E+00,    0.1500514445796560791812624E-01,      7.73%
    0.2040000000000000035527137E+01,    0.2087319193450861143368513E+00,    0.1937383756974581650034395E+00,    0.1499354364762794933341183E-01,      7.74%
    0.2041666666666666962726140E+01,    0.2084644037831221430323581E+00,    0.1934833725226738077029864E+00,    0.1498103126044833532937162E-01,      7.74%
    0.2043333333333333001746723E+01,    0.2081964389820152860899327E+00,    0.1932288323181663436400868E+00,    0.1496760666384894244984594E-01,      7.75%
    0.2044999999999999928945726E+01,    0.2079280233474640193769289E+00,    0.1929747540777977943271537E+00,    0.1495326926966622504977522E-01,      7.75%
    0.2046666666666666856144730E+01,    0.2076591553319967475843555E+00,    0.1927211367977455513944562E+00,    0.1493801853425119618989925E-01,      7.75%
    0.2048333333333332895165313E+01,    0.2073898334350599559350314E+00,    0.1924679794764978524312937E+00,    0.1492185395856210350373772E-01,      7.75%
    0.2049999999999999822364316E+01,    0.2071200562031074721147661E+00,    0.1922152811148486462045071E+00,    0.1490477508825882591025902E-01,      7.75%
    0.2051666666666666749563319E+01,    0.2068498222296899780037194E+00,    0.1919630407158941509671024E+00,    0.1488678151379582703661697E-01,      7.76%
    0.2053333333333333676762322E+01,    0.2065791301555407466494785E+00,    0.1917112572850277196767621E+00,    0.1486787287051302697271637E-01,      7.76%
    0.2054999999999999715782906E+01,    0.2063079786686589367494804E+00,    0.1914599298299357599262294E+00,    0.1484804883872317682325104E-01,      7.76%
    0.2056666666666666642981909E+01,    0.2060363665043945247123958E+00,    0.1912090573605926824285461E+00,    0.1482730914380184228384962E-01,      7.75%
    0.2058333333333333570180912E+01,    0.2057642924455278243822676E+00,    0.1909586388892572095254963E+00,    0.1480565355627061485677132E-01,      7.75%
    0.2059999999999999609201495E+01,    0.2054917553223510051640943E+00,    0.1907086734304676844953264E+00,    0.1478308189188332066876796E-01,      7.75%
    0.2061666666666666536400498E+01,    0.2052187540127454468130708E+00,    0.1904591600010369645268327E+00,    0.1475959401170848228623811E-01,      7.75%
    0.2063333333333333463599502E+01,    0.2049452874422578729785016E+00,    0.1902100976200489790279846E+00,    0.1473518982220889395051699E-01,      7.75%
    0.2065000000000000390798505E+01,    0.2046713545841771231259543E+00,    0.1899614853088535670888604E+00,    0.1470986927532355603709391E-01,      7.74%
    0.2066666666666666429819088E+01,    0.2043969544596049570106544E+00,    0.1897133220910624251676069E+00,    0.1468363236854253184304753E-01,      7.74%
    0.2068333333333333357018091E+01,    0.2041220861375303841089845E+00,    0.1894656069925440000645267E+00,    0.1465647914498638404445785E-01,      7.74%
    0.2070000000000000284217094E+01,    0.2038467487348978313121961E+00,    0.1892183390414198529416723E+00,    0.1462840969347797837052383E-01,      7.73%
    0.2071666666666666323237678E+01,    0.2035709414166759212427849E+00,    0.1889715172680598298526888E+00,    0.1459942414861609139009602E-01,      7.73%
    0.2073333333333333250436681E+01,    0.2032946633959250015699638E+00,    0.1887251407050771490059304E+00,    0.1456952269084785256403336E-01,      7.72%
    0.2075000000000000177635684E+01,    0.2030179139338618710119988E+00,    0.1884792083873247370284787E+00,    0.1453870554653713398352011E-01,      7.71%
    0.2076666666666667104834687E+01,    0.2027406923399230898041878E+00,    0.1882337193518903162292588E+00,    0.1450697298803277357492902E-01,      7.71%
    0.2078333333333333143855270E+01,    0.2024629979718265970767277E+00,    0.1879886726380920747292436E+00,    0.1447432533373452234748413E-01,      7.70%
    0.2080000000000000071054274E+01,    0.2021848302356328841433708E+00,    0.1877440672874736982134181E+00,    0.1444076294815918592995274E-01,      7.69%
    0.2081666666666666998253277E+01,    0.2019061885858016436312568E+00,    0.1874999023438008172171010E+00,    0.1440628624200082641415577E-01,      7.68%
    0.2083333333333333037273860E+01,    0.2016270725252513051906078E+00,    0.1872561768530559556111825E+00,    0.1437089567219534957942528E-01,      7.67%
    0.2084999999999999964472863E+01,    0.2013474816054099114648324E+00,    0.1870128898634338399098453E+00,    0.1433459174197607155498702E-01,      7.67%
    0.2086666666666666891671866E+01,    0.2010674154262729884656835E+00,    0.1867700404253375967567052E+00,    0.1429737500093539170897827E-01,      7.66%
    0.2088333333333332930692450E+01,    0.2007868736364524508974938E+00,    0.1865276275913739789658052E+00,    0.1425924604507847193168857E-01,      7.64%
    0.2089999999999999857891453E+01,    0.2005058559332272838382494E+00,    0.1862856504163484527847316E+00,    0.1422020551687883105351773E-01,      7.63%
    0.2091666666666666785090456E+01,    0.2002243620625923925526735E+00,    0.1860441079572615341586328E+00,    0.1418025410533085839404066E-01,      7.62%
    0.2093333333333333712289459E+01,    0.1999423918193036220358749E+00,    0.1858029992733037649710326E+00,    0.1413939254599985706484233E-01,      7.61%
    0.2094999999999999751310042E+01,    0.1996599450469251357809242E+00,    0.1855623234258516329742150E+00,    0.1409762162107350280670914E-01,      7.60%
    0.2096666666666666678509046E+01,    0.1993770216378691617631347E+00,    0.1853220794784624925188865E+00,    0.1405494215940666924424818E-01,      7.58%
    0.2098333333333333605708049E+01,    0.1990936215334412617838922E+00,    0.1850822664968707897958922E+00,    0.1401135503657047198800001E-01,      7.57%
    0.2099999999999999644728632E+01,    0.1988097447238756643184132E+00,    0.1848428835489834276550880E+00,    0.1396686117489223666332521E-01,      7.56%
    0.2101666666666666571927635E+01,    0.1985253912483770921681980E+00,    0.1846039297048747418461545E+00,    0.1392146154350235032204353E-01,      7.54%
    0.2103333333333333499126638E+01,    0.1982405611951545687521303E+00,    0.1843654040367829205493422E+00,    0.1387515715837164820278815E-01,      7.53%
    0.2105000000000000426325641E+01,    0.1979552547014568897321141E+00,    0.1841273056191049806162852E+00,    0.1382794908235190911582890E-01,      7.51%
    0.2106666666666666465346225E+01,    0.1976694719536044586583046E+00,    0.1838896335283925764780832E+00,    0.1377983842521188218022132E-01,      7.49%
    0.2108333333333333392545228E+01,    0.1973832131870207062807054E+00,    0.1836523868433470596528423E+00,    0.1373082634367364662786315E-01,      7.48%
    0.2110000000000000319744231E+01,    0.1970964786862611228812625E+00,    0.1834155646448157039873905E+00,    0.1368091404144541889387199E-01,      7.46%
    0.2111666666666666358764815E+01,    0.1968092687850408750716014E+00,    0.1831791660157870427205751E+00,    0.1363010276925383235102629E-01,      7.44%
    0.2113333333333333285963818E+01,    0.1965215838662592584551447E+00,    0.1829431900413858169685000E+00,    0.1357839382487344148664477E-01,      7.42%
    0.2115000000000000213162821E+01,    0.1962334243620255380680106E+00,    0.1827076358088695062775741E+00,    0.1352578855315603179043649E-01,      7.40%
    0.2116666666666666252183404E+01,    0.1959447907536795430161192E+00,    0.1824725024076233603764763E+00,    0.1347228834605618263964288E-01,      7.38%
    0.2118333333333333179382407E+01,    0.1956556835718108733335185E+00,    0.1822377889291555974615733E+00,    0.1341789464265527587194526E-01,      7.36%
    0.2120000000000000106581410E+01,    0.1953661033962801885088822E+00,    0.1820034944670937404609390E+00,    0.1336260892918644804794326E-01,      7.34%
    0.2121666666666667033780413E+01,    0.1950760508562331962956193E+00,    0.1817696181171797598086215E+00,    0.1330643273905343648699784E-01,      7.32%
    0.2123333333333333072800997E+01,    0.1947855266301168897236096E+00,    0.1815361589772656603081202E+00,    0.1324936765285122941548934E-01,      7.30%
    0.2125000000000000000000000E+01,    0.1944945314456920926193817E+00,    0.1813031161473087904401069E+00,    0.1319141529838330217927478E-01,      7.28%
    0.2126666666666666927199003E+01,    0.1942030660800453945036281E+00,    0.1810704887293679843374150E+00,    0.1313257735067741016621312E-01,      7.25%
    0.2128333333333332966219587E+01,    0.1939111313595972829748604E+00,    0.1808382758275988710927606E+00,    0.1307285553199841188209973E-01,      7.23%
    0.2129999999999999893418590E+01,    0.1936187281601103316042156E+00,    0.1806064765482490452885855E+00,    0.1301225161186128631563008E-01,      7.20%
    0.2131666666666666820617593E+01,    0.1933258574066953894288190E+00,    0.1803750899996542644831976E+00,    0.1295076740704112494562139E-01,      7.18%
    0.2133333333333333747816596E+01,    0.1930325200738153001989161E+00,    0.1801441152922337307629164E+00,    0.1288840478158156943599977E-01,      7.15%
    0.2134999999999999786837179E+01,    0.1927387171852858183118684E+00,    0.1799135515384857886278525E+00,    0.1282516564680002968401595E-01,      7.13%
    0.2136666666666666714036182E+01,    0.1924444498142781068139584E+00,    0.1796833978529830400105993E+00,    0.1276105196129506680335908E-01,      7.10%
    0.2138333333333333641235185E+01,    0.1921497190833151014199842E+00,    0.1794536533523686805402519E+00,    0.1269606573094642087973227E-01,      7.07%
    0.2139999999999999680255769E+01,    0.1918545261642692900672102E+00,    0.1792243171553516978278253E+00,    0.1263020900891759223938493E-01,      7.05%
    0.2141666666666666607454772E+01,    0.1915588722783566621998830E+00,    0.1789953883827020975072486E+00,    0.1256348389565456469263438E-01,      7.02%
    0.2143333333333333534653775E+01,    0.1912627586961297976309027E+00,    0.1787668661572472672549594E+00,    0.1249589253888253037594325E-01,      6.99%
    0.2144999999999999573674359E+01,    0.1909661867374700117139241E+00,    0.1785387496038672028308980E+00,    0.1242743713360280888302611E-01,      6.96%
    0.2146666666666666500873362E+01,    0.1906691577715735608222758E+00,    0.1783110378494896508527745E+00,    0.1235811992208390996950129E-01,      6.93%
    0.2148333333333333428072365E+01,    0.1903716732169428160759139E+00,    0.1780837300230865560823901E+00,    0.1228794319385625999352385E-01,      6.90%
    0.2150000000000000355271368E+01,    0.1900737345413684720174530E+00,    0.1778568252556691486887530E+00,    0.1221690928569932332869996E-01,      6.87%
    0.2151666666666666394291951E+01,    0.1897753432619148084015137E+00,    0.1776303226802837254005851E+00,    0.1214502058163108300092858E-01,      6.84%
    0.2153333333333333321490954E+01,    0.1894765009449001780250654E+00,    0.1774042214320068755473159E+00,    0.1207227951289330247774956E-01,      6.80%
    0.2155000000000000248689958E+01,    0.1891772092058779386469780E+00,    0.1771785206479418173231011E+00,    0.1199868855793612132387693E-01,      6.77%
    0.2156666666666666287710541E+01,    0.1888774697096135268825634E+00,    0.1769532194672135683166658E+00,    0.1192425024239995856589758E-01,      6.74%
    0.2158333333333333214909544E+01,    0.1885772841700607549419999E+00,    0.1767283170309643103301767E+00,    0.1184896713909644461182324E-01,      6.70%
    0.2160000000000000142108547E+01,    0.1882766543503360534561608E+00,    0.1765038124823496146209578E+00,    0.1177284186798643883520299E-01,      6.67%
    0.2161666666666667069307550E+01,    0.1879755820626898554781548E+00,    0.1762797049665337234536366E+00,    0.1169587709615613202451812E-01,      6.63%
    0.2163333333333333108328134E+01,    0.1876740691684786466186807E+00,    0.1760559936306854145193768E+00,    0.1161807553779323209930396E-01,      6.60%
    0.2165000000000000035527137E+01,    0.1873721175781306591545672E+00,    0.1758326776239730326878430E+00,    0.1153943995415762646672420E-01,      6.56%
    0.2166666666666666962726140E+01,    0.1870697292511154241623217E+00,    0.1756097560975609372935224E+00,    0.1145997315355448686879924E-01,      6.53%
    0.2168333333333333001746723E+01,    0.1867669061959059129129912E+00,    0.1753872282046048391990212E+00,    0.1137967799130107371397003E-01,      6.49%
    0.2169999999999999928945726E+01,    0.1864636504699425101350130E+00,    0.1751650931002469990804826E+00,    0.1129855736969551105453036E-01,      6.45%
    0.2171666666666666856144730E+01,    0.1861599641795932402743574E+00,    0.1749433499416126192027576E+00,    0.1121661423798062107159978E-01,      6.41%
    0.2173333333333332895165313E+01,    0.1858558494801127725093437E+00,    0.1747219978878052359938522E+00,    0.1113385159230753651549151E-01,      6.37%
    0.2174999999999999822364316E+01,    0.1855513085755994828751625E+00,    0.1745010360999018628191948E+00,    0.1105027247569762005596772E-01,      6.33%
    0.2176666666666666749563319E+01,    0.1852463437189501571644712E+00,    0.1742804637409494927791087E+00,    0.1096587997800066438536248E-01,      6.29%
    0.2178333333333333676762322E+01,    0.1849409572118123901152131E+00,    0.1740602799759602969942307E+00,    0.1088067723585209312098243E-01,      6.25%
    0.2179999999999999715782906E+01,    0.1846351514045379560435833E+00,    0.1738404839719074057580173E+00,    0.1079466743263055028556607E-01,      6.21%
    0.2181666666666666642981909E+01,    0.1843289286961287964938805E+00,    0.1736210748977203011111925E+00,    0.1070785379840849538268799E-01,      6.17%
    0.2183333333333333570180912E+01,    0.1840222915341869769356720E+00,    0.1734020519242810698390400E+00,    0.1062023960990590709663195E-01,      6.12%
    0.2184999999999999609201495E+01,    0.1837152424148590368346845E+00,    0.1731834142244197682902751E+00,    0.1053182819043926854440940E-01,      6.08%
    0.2186666666666666536400498E+01,    0.1834077838827773698771040E+00,    0.1729651609729098149514925E+00,    0.1044262290986755492561144E-01,      6.04%
    0.2188333333333333463599502E+01,    0.1830999185310057675302176E+00,    0.1727472913464643544667609E+00,    0.1035262718454141306345662E-01,      5.99%
    0.2190000000000000390798505E+01,    0.1827916490009749705958342E+00,    0.1725298045237314281674657E+00,    0.1026184447724354242836853E-01,      5.95%
    0.2191666666666666429819088E+01,    0.1824829779824227726781061E+00,    0.1723126996852900327805713E+00,    0.1017027829713273989753475E-01,      5.90%
    0.2193333333333333357018091E+01,    0.1821739082133276010910805E+00,    0.1720959760136452909584648E+00,    0.1007793219968231013261573E-01,      5.86%
    0.2195000000000000284217094E+01,    0.1818644424798431524781250E+00,    0.1718796326932248985652762E+00,    0.9984809786618253912848786E-02,      5.81%
    0.2196666666666666323237678E+01,    0.1815545836162302806293667E+00,    0.1716636689103744339846003E+00,    0.9890914705855846644766416E-02,      5.76%
    0.2198333333333333250436681E+01,    0.1812443345047856924079355E+00,    0.1714480838533528339606704E+00,    0.9796250651432858447265062E-02,      5.71%
    0.2200000000000000177635684E+01,    0.1809336980757704493871785E+00,    0.1712328767123287576179536E+00,    0.9700821363441691769224917E-02,      5.67%
    0.2201666666666667104834687E+01,    0.1806226773073346669740147E+00,    0.1710180466793757847465685E+00,    0.9604630627958882227446225E-02,      5.62%
    0.2203333333333333143855270E+01,    0.1803112752254431017107095E+00,    0.1708035929484685855328507E+00,    0.9507682276974516177858732E-02,      5.57%
    0.2205000000000000071054274E+01,    0.1799994949037941605052282E+00,    0.1705895147154780078224690E+00,    0.9409980188316152682759252E-02,      5.52%
    0.2206666666666666998253277E+01,    0.1796873394637424625752686E+00,    0.1703758111781676354290482E+00,    0.9311528285574827146220400E-02,      5.47%
    0.2208333333333333037273860E+01,    0.1793748120742151563877798E+00,    0.1701624815361890974418912E+00,    0.9212330538026058945888508E-02,      5.41%
    0.2209999999999999964472863E+01,    0.1790619159516272096421829E+00,    0.1699495249910776550894553E+00,    0.9112390960549554552727614E-02,      5.36%
    0.2211666666666666891671866E+01,    0.1787486543597967270091686E+00,    0.1697369407462484269810687E+00,    0.9011713613548300028099902E-02,      5.31%
    0.2213333333333332930692450E+01,    0.1784350306098560490219995E+00,    0.1695247280069920037259834E+00,    0.8910302602864045296016116E-02,      5.26%
    0.2214999999999999857891453E+01,    0.1781210480601609358330961E+00,    0.1693128859804697849966715E+00,    0.8808162079691150836424640E-02,      5.20%
    0.2216666666666666785090456E+01,    0.1778067101162002228154080E+00,    0.1691014138757104268151465E+00,    0.8705296240489796000261435E-02,      5.15%
    0.2218333333333333712289459E+01,    0.1774920202304992589148469E+00,    0.1688903109036053451497139E+00,    0.8601709326893913765132993E-02,      5.09%
    0.2219999999999999751310042E+01,    0.1771769819025266479162184E+00,    0.1686795762769044138007501E+00,    0.8497405625622234115468245E-02,      5.04%
    0.2221666666666666678509046E+01,    0.1768615986785926352808929E+00,    0.1684692092102116622864827E+00,    0.8392389468380972994410172E-02,      4.98%
    0.2223333333333333605708049E+01,    0.1765458741517522411879071E+00,    0.1682592089199815010847061E+00,    0.8286665231770740103200978E-02,      4.92%
    0.2224999999999999644728632E+01,    0.1762298119617018987703716E+00,    0.1680495746245142807406836E+00,    0.8180237337187618029687997E-02,      4.87%
    0.2226666666666666571927635E+01,    0.1759134157946743159950387E+00,    0.1678403055439517954638973E+00,    0.8073110250722520531141413E-02,      4.81%
    0.2228333333333333499126638E+01,    0.1755966893833342534758657E+00,    0.1676314009002737304143693E+00,    0.7965288483060523061496383E-02,      4.75%
    0.2230000000000000426325641E+01,    0.1752796365066685568834259E+00,    0.1674228599172930542771098E+00,    0.7856776589375502606316104E-02,      4.69%
    0.2231666666666666465346225E+01,    0.1749622609898775771331003E+00,    0.1672146818206520779703794E+00,    0.7747579169225499162720894E-02,      4.63%
    0.2233333333333333392545228E+01,    0.1746445667042618443698387E+00,    0.1670068658378177917089857E+00,    0.7637700866444052660853004E-02,      4.57%
    0.2235000000000000319744231E+01,    0.1743265575671081590858336E+00,    0.1667994111980784233129071E+00,    0.7527146369029735772926415E-02,      4.51%
    0.2236666666666666358764815E+01,    0.1740082375415741289259586E+00,    0.1665923171325390250707699E+00,    0.7415920409035103855188709E-02,      4.45%
    0.2238333333333333285963818E+01,    0.1736896106365692638018317E+00,    0.1663855828741168385587201E+00,    0.7304027762452425243111520E-02,      4.39%
    0.2240000000000000213162821E+01,    0.1733706809066344611824917E+00,    0.1661792076575378807046235E+00,    0.7191473249096580477868201E-02,      4.33%
    0.2241666666666666252183404E+01,    0.1730514524518213803627731E+00,    0.1659731907193324751403907E+00,    0.7078261732488905222382414E-02,      4.26%
    0.2243333333333333179382407E+01,    0.1727319294175658492829228E+00,    0.1657675312978308668210303E+00,    0.6964398119734982461892514E-02,      4.20%
    0.2245000000000000106581410E+01,    0.1724121159945639913946280E+00,    0.1655622286331596137998190E+00,    0.6849887361404377594809034E-02,      4.14%
    0.2246666666666667033780413E+01,    0.1720920164186418854779248E+00,    0.1653572819672371740917782E+00,    0.6734734451404711386146573E-02,      4.07%
    0.2248333333333333072800997E+01,    0.1717716349706271683484005E+00,    0.1651526905437698533596347E+00,    0.6618944426857314988765779E-02,      4.01%
    0.2250000000000000000000000E+01,    0.1714509759762145313377601E+00,    0.1649484536082474195328729E+00,    0.6502522367967111804887281E-02,      3.94%
    0.2251666666666666927199003E+01,    0.1711300438058336870206233E+00,    0.1647445704079395500940564E+00,    0.6385473397894136926566944E-02,      3.88%
    0.2253333333333332966219587E+01,    0.1708088428745115627815920E+00,    0.1645410401918914744534561E+00,    0.6267802682620088328135921E-02,      3.81%
    0.2254999999999999893418590E+01,    0.1704873776417335784483242E+00,    0.1643378622109194220346495E+00,    0.6149515430814156413674709E-02,      3.74%
    0.2256666666666666820617593E+01,    0.1701656526113050349469091E+00,    0.1641350357176074858944759E+00,    0.6030616893697549052433260E-02,      3.67%
    0.2258333333333333747816596E+01,    0.1698436723312068408198172E+00,    0.1639325599663027099861523E+00,    0.5911112364904130833664908E-02,      3.61%
    0.2259999999999999786837179E+01,    0.1695214413934520436555431E+00,    0.1637304342131115642011707E+00,    0.5791007180340479454372371E-02,      3.54%
    0.2261666666666666714036182E+01,    0.1691989644339386700266914E+00,    0.1635286577158953091881699E+00,    0.5670306718043360838521494E-02,      3.47%
    0.2263333333333333641235185E+01,    0.1688762461323018992942480E+00,    0.1633272297342665546615592E+00,    0.5549016398035344632688748E-02,      3.40%
    0.2264999999999999680255769E+01,    0.1685532912117630177650796E+00,    0.1631261495295850127984494E+00,    0.5427141682178004966630169E-02,      3.33%
    0.2266666666666666607454772E+01,    0.1682301044389768740483504E+00,    0.1629254163649529463242516E+00,    0.5304688074023927724098826E-02,      3.26%
    0.2268333333333333534653775E+01,    0.1679066906238776413218261E+00,    0.1627250295052119211103303E+00,    0.5181661118665720211495795E-02,      3.18%
    0.2269999999999999573674359E+01,    0.1675830546195218873073429E+00,    0.1625249882169383930374806E+00,    0.5058066402583494269862285E-02,      3.11%
    0.2271666666666666500873362E+01,    0.1672592013219297846227107E+00,    0.1623252917684393781261321E+00,    0.4933909553490406496578657E-02,      3.04%
    0.2273333333333333428072365E+01,    0.1669351356699243227321716E+00,    0.1621259394297490108449722E+00,    0.4809196240175311887199427E-02,      2.97%
    0.2275000000000000355271368E+01,    0.1666108626449692986515316E+00,    0.1619269304726241864855751E+00,    0.4683932172345112165956493E-02,      2.89%
    0.2276666666666666394291951E+01,    0.1662863872710040324953695E+00,    0.1617282641705407031373909E+00,    0.4558123100463329357978637E-02,      2.82%
    0.2278333333333333321490954E+01,    0.1659617146142758070670453E+00,    0.1615299397986888207956468E+00,    0.4431774815586986271398473E-02,      2.74%
    0.2280000000000000248689958E+01,    0.1656368497831725017377380E+00,    0.1613319566339700139590008E+00,    0.4304893149202487778737236E-02,      2.67%
    0.2281666666666666287710541E+01,    0.1653117979280513405448971E+00,    0.1611343139549925307374423E+00,    0.4177483973058809807454850E-02,      2.59%
    0.2283333333333333214909544E+01,    0.1649865642410650035110109E+00,    0.1609370110420671462492237E+00,    0.4049553198997857261787203E-02,      2.52%
    0.2285000000000000142108547E+01,    0.1646611539559877934735255E+00,    0.1607400471772038319517861E+00,    0.3921106778783961521739343E-02,      2.44%
    0.2286666666666667069307550E+01,    0.1643355723480383889789636E+00,    0.1605434216441072869940854E+00,    0.3792150703931101984878183E-02,      2.36%
    0.2288333333333333108328134E+01,    0.1640098247337005710200231E+00,    0.1603471337281733299917619E+00,    0.3662691005527241028261187E-02,      2.28%
    0.2290000000000000035527137E+01,    0.1636839164705423677048657E+00,    0.1601511827164843471127398E+00,    0.3532733754058020592125899E-02,      2.21%
    0.2291666666666666962726140E+01,    0.1633578529570336168585953E+00,    0.1599555678978061279416067E+00,    0.3402285059227488916988591E-02,      2.13%
    0.2293333333333333001746723E+01,    0.1630316396323600591777847E+00,    0.1597602885625834800986667E+00,    0.3271351069776579079118051E-02,      2.05%
    0.2294999999999999928945726E+01,    0.1627052819762361546285234E+00,    0.1595653440029360103924461E+00,    0.3139937973300144236077358E-02,      1.97%
    0.2296666666666666856144730E+01,    0.1623787855087170661771978E+00,    0.1593707335126549051729228E+00,    0.3008051996062161004275026E-02,      1.89%
    0.2298333333333332895165313E+01,    0.1620521557900067854962600E+00,    0.1591764563871985727061542E+00,    0.2875699402808212790105813E-02,      1.81%
    0.2299999999999999822364316E+01,    0.1617253984202641214906748E+00,    0.1589825119236884243267838E+00,    0.2742886496575697163891050E-02,      1.73%
    0.2301666666666666749563319E+01,    0.1613985190394094382249079E+00,    0.1587888994209057103024207E+00,    0.2609619618503727922487201E-02,      1.64%
    0.2303333333333333676762322E+01,    0.1610715233269258417347913E+00,    0.1585956181792870234303905E+00,    0.2475905147638818304400843E-02,      1.56%
    0.2304999999999999715782906E+01,    0.1607444170016607276618714E+00,    0.1584026675009207463240557E+00,    0.2341749500739981337815721E-02,      1.48%
    0.2306666666666666642981909E+01,    0.1604172058216236373962005E+00,    0.1582100466895426660318691E+00,    0.2207159132080971364331390E-02,      1.40%
    0.2308333333333333570180912E+01,    0.1600898955837845583083379E+00,    0.1580177550505327266350264E+00,    0.2072140533251831673311472E-02,      1.31%
    0.2309999999999999609201495E+01,    0.1597624921238669226664086E+00,    0.1578257918909108659111240E+00,    0.1936700232956056755284635E-02,      1.23%
    0.2311666666666666536400498E+01,    0.1594350013161409396200696E+00,    0.1576341565193327409755142E+00,    0.1800844796808198644555432E-02,      1.14%
    0.2313333333333333463599502E+01,    0.1591074290732147900051530E+00,    0.1574428482460866474124117E+00,    0.1664580827128142592741256E-02,      1.06%
    0.2315000000000000390798505E+01,    0.1587797813458226847682653E+00,    0.1572518663830890783827954E+00,    0.1527914962733606385469898E-02,      0.97%
    0.2316666666666666429819088E+01,    0.1584520641226113413235765E+00,    0.1570612102438811996663048E+00,    0.1390853878730141657271702E-02,      0.89%
    0.2318333333333333357018091E+01,    0.1581242834299247668194965E+00,    0.1568708791436244365247177E+00,    0.1253404286300330294778860E-02,      0.80%
    0.2320000000000000284217094E+01,    0.1577964453315872372929363E+00,    0.1566808723990974760997830E+00,    0.1115572932489761193153299E-02,      0.71%
    0.2321666666666666323237678E+01,    0.1574685559286836122883102E+00,    0.1564911893286919652990008E+00,    0.9773665999916469893094018E-03,      0.62%
    0.2323333333333333250436681E+01,    0.1571406213593373457637625E+00,    0.1563018292524083474592800E+00,    0.8387921069289983044825476E-03,      0.54%
    0.2325000000000000177635684E+01,    0.1568126477984882194416372E+00,    0.1561127914918528369891959E+00,    0.6998563066353824524412630E-03,      0.45%
    0.2326666666666667104834687E+01,    0.1564846414576655520001225E+00,    0.1559240753702330062324677E+00,    0.5605660874325457676548012E-03,      0.36%
    0.2328333333333333143855270E+01,    0.1561566085847624352211938E+00,    0.1557356802123542605098550E+00,    0.4209283724081747113388019E-03,      0.27%
    0.2330000000000000071054274E+01,    0.1558285554638042802455544E+00,    0.1555476053446157025383911E+00,    0.2809501191885777071632901E-03,      0.18%
    0.2331666666666666998253277E+01,    0.1555004884147190846732656E+00,    0.1553598500950068295178852E+00,    0.1406383197122551553803760E-03,      0.09%
    0.2333333333333333037273860E+01,    0.1551724137931034253057305E+00,    0.1551724137931034808168818E+00,   -0.5551115123125782702118158E-16,      0.00%
    0.2334999999999999964472863E+01,    0.1548443379899861194193278E+00,    0.1549852957700638411697724E+00,   -0.1409577800777217504446526E-03,     -0.09%
    0.2336666666666666891671866E+01,    0.1545162674315922191059514E+00,    0.1547984953586250822521464E+00,   -0.2822279270328631461950408E-03,     -0.18%
    0.2338333333333332930692450E+01,    0.1541882085791032308552673E+00,    0.1546120118930995601669309E+00,   -0.4238033139963293116636578E-03,     -0.27%
    0.2339999999999999857891453E+01,    0.1538601679284146983572867E+00,    0.1544258447093705688413223E+00,   -0.5656767809558704840355858E-03,     -0.37%
    0.2341666666666666785090456E+01,    0.1535321520098943126608759E+00,    0.1542399931448891758911657E+00,   -0.7078411349948632302897522E-03,     -0.46%
    0.2343333333333333712289459E+01,    0.1532041673881349985730793E+00,    0.1540544565386701980624906E+00,   -0.8502891505351994894112977E-03,     -0.55%
    0.2344999999999999751310042E+01,    0.1528762206617090002591652E+00,    0.1538692342312885652511056E+00,   -0.9930135695795649919404013E-03,     -0.65%
    0.2346666666666666678509046E+01,    0.1525483184629173316615436E+00,    0.1536843255648752681885583E+00,   -0.1136007101957936527014681E-02,     -0.74%
    0.2348333333333333605708049E+01,    0.1522204674575392269186835E+00,    0.1534997298831141943065148E+00,   -0.1279262425574967387831293E-02,     -0.83%
    0.2349999999999999644728632E+01,    0.1518926743445788429820453E+00,    0.1533154465312380754227206E+00,   -0.1422772186659232440675282E-02,     -0.93%
    0.2351666666666666571927635E+01,    0.1515649458560090478975724E+00,    0.1531314748560245186936868E+00,   -0.1566529000015470796114414E-02,     -1.02%
    0.2353333333333333499126638E+01,    0.1512372887565154033762127E+00,    0.1529478142057929812569483E+00,   -0.1710525449277577880735635E-02,     -1.12%
    0.2355000000000000426325641E+01,    0.1509097098432364836284592E+00,    0.1527644639304004681168436E+00,   -0.1854754087163984488384472E-02,     -1.21%
    0.2356666666666666465346225E+01,    0.1505822159455027786645331E+00,    0.1525814233812382569865918E+00,   -0.1999207435735478322058611E-02,     -1.31%
    0.2358333333333333392545228E+01,    0.1502548139245724889700995E+00,    0.1523986919112277627075258E+00,   -0.2143877986655273737426342E-02,     -1.41%
    0.2360000000000000319744231E+01,    0.1499275106733685414273083E+00,    0.1522162688748173176023215E+00,   -0.2288758201448776175013222E-02,     -1.50%
    0.2361666666666666358764815E+01,    0.1496003131162100818762895E+00,    0.1520341536279783689611378E+00,   -0.2433840511768287084848339E-02,     -1.60%
    0.2363333333333333285963818E+01,    0.1492732282085435790985883E+00,    0.1518523455282015099943038E+00,   -0.2579117319657930895715481E-02,     -1.70%
    0.2365000000000000213162821E+01,    0.1489462629366721524437622E+00,    0.1516708439344933434522744E+00,   -0.2724580997821191008512187E-02,     -1.80%
    0.2366666666666666252183404E+01,    0.1486194243174834284104691E+00,    0.1514896482073725403338926E+00,   -0.2870223889889111923423570E-02,     -1.89%
    0.2368333333333333179382407E+01,    0.1482927193981727620464284E+00,    0.1513087577088660096169548E+00,   -0.3016038310693247570526410E-02,     -1.99%
    0.2370000000000000106581410E+01,    0.1479661552559687065500071E+00,    0.1511281718025057063670147E+00,   -0.3162016546536999817007541E-02,     -2.09%
    0.2371666666666667033780413E+01,    0.1476397389978530705345605E+00,    0.1509478898533247182012218E+00,   -0.3308150855471647666661283E-02,     -2.19%
    0.2373333333333333072800997E+01,    0.1473134777602803369145334E+00,    0.1507679112278538791080962E+00,   -0.3454433467573542193562730E-02,     -2.29%
    0.2375000000000000000000000E+01,    0.1469873787088954164570254E+00,    0.1505882352941176338667617E+00,   -0.3600856585222217409736345E-02,     -2.39%
    0.2376666666666666927199003E+01,    0.1466614490382492919096080E+00,    0.1504088614216310959559308E+00,   -0.3747412383381804046322827E-02,     -2.49%
    0.2378333333333332966219587E+01,    0.1463356959715125249488210E+00,    0.1502297889813961617733185E+00,   -0.3894093009883636824497444E-02,     -2.59%
    0.2379999999999999893418590E+01,    0.1460101267601862928824374E+00,    0.1500510173458976248550556E+00,   -0.4040890585711331972618154E-02,     -2.69%
    0.2381666666666666820617593E+01,    0.1456847486838135363740321E+00,    0.1498725458891001227623718E+00,   -0.4187797205286586388339742E-02,     -2.79%
    0.2383333333333333747816596E+01,    0.1453595690496857217866022E+00,    0.1496943739864443068121602E+00,   -0.4334804936758585025557977E-02,     -2.90%
    0.2384999999999999786837179E+01,    0.1450345951925492704592813E+00,    0.1495165010148432616077230E+00,   -0.4481905822293991148441705E-02,     -3.00%
    0.2386666666666666714036182E+01,    0.1447098344743094622266710E+00,    0.1493389263526788135472145E+00,   -0.4629091878369351320543501E-02,     -3.10%
    0.2388333333333333641235185E+01,    0.1443852942837328123815155E+00,    0.1491616493797982556657189E+00,   -0.4776355096065443284203411E-02,     -3.20%
    0.2389999999999999680255769E+01,    0.1440609820361475057470813E+00,    0.1489846694775107949215709E+00,   -0.4923687441363289174489637E-02,     -3.30%
    0.2391666666666666607454772E+01,    0.1437369051731412217254302E+00,    0.1488079860285835276378918E+00,   -0.5071080855442305912461620E-02,     -3.41%
    0.2393333333333333534653775E+01,    0.1434130711622584875009068E+00,    0.1486315984172386084338768E+00,   -0.5218527254980120932970067E-02,     -3.51%
    0.2394999999999999573674359E+01,    0.1430894874966946450633998E+00,    0.1484555060291492811774816E+00,   -0.5366018532454636114081836E-02,     -3.61%
    0.2396666666666666500873362E+01,    0.1427661616949890133199119E+00,    0.1482797082514362707605926E+00,   -0.5513546556447257440680687E-02,     -3.72%
    0.2398333333333333428072365E+01,    0.1424431013007156632266259E+00,    0.1481042044726646744745580E+00,   -0.5661103171949011247932049E-02,     -3.82%
    0.2400000000000000355271368E+01,    0.1421203138821725830975851E+00,    0.1479289940828402150074794E+00,   -0.5808680200667631909894340E-02,     -3.93%
    0.2401666666666666394291951E+01,    0.1417978070320692618455638E+00,    0.1477540764734057432416847E+00,   -0.5956269441336481396120917E-02,     -4.03%
    0.2403333333333333321490954E+01,    0.1414755883672108027759862E+00,    0.1475794510372375745177465E+00,   -0.6103862670026771741760285E-02,     -4.14%
    0.2405000000000000248689958E+01,    0.1411536655281830365815665E+00,    0.1474051171686424632767398E+00,   -0.6251451640459426695173306E-02,     -4.24%
    0.2406666666666666287710541E+01,    0.1408320461790331101781248E+00,    0.1472310742633538838131102E+00,   -0.6399028084320773634985358E-02,     -4.35%
    0.2408333333333333214909544E+01,    0.1405107380069494649177386E+00,    0.1470573217185282277608138E+00,   -0.6546583711578762843075197E-02,     -4.45%
    0.2410000000000000142108547E+01,    0.1401897487219402049785089E+00,    0.1468838589327418620023025E+00,   -0.6694110210801657023793609E-02,     -4.56%
    0.2411666666666667069307550E+01,    0.1398690860565094395973063E+00,    0.1467106853059874926881179E+00,   -0.6841599249478053090811613E-02,     -4.66%
    0.2413333333333333108328134E+01,    0.1395487577653307109670777E+00,    0.1465378002396707235455153E+00,   -0.6989042474340012578437609E-02,     -4.77%
    0.2415000000000000035527137E+01,    0.1392287716249199780449430E+00,    0.1463652031366063088757556E+00,   -0.7136431511686330830812608E-02,     -4.88%
    0.2416666666666666962726140E+01,    0.1389091354333073236038132E+00,    0.1461928934010151837075142E+00,   -0.7283757967707860103701023E-02,     -4.98%
    0.2418333333333333001746723E+01,    0.1385898570097043036586371E+00,    0.1460208704385209943499291E+00,   -0.7431013428816690691292024E-02,     -5.09%
    0.2419999999999999928945726E+01,    0.1382709441941717687374336E+00,    0.1458491336561460738341367E+00,   -0.7578189461974305096703119E-02,     -5.20%
    0.2421666666666666856144730E+01,    0.1379524048472859087954845E+00,    0.1456776824623089161558909E+00,   -0.7725277615023007360406382E-02,     -5.30%
    0.2423333333333332895165313E+01,    0.1376342468498008564381507E+00,    0.1455065162668201794726741E+00,   -0.7872269417019323034523381E-02,     -5.41%
    0.2424999999999999822364316E+01,    0.1373164781023100133872106E+00,    0.1453356344808792999234726E+00,   -0.8019156378569286536261984E-02,     -5.52%
    0.2426666666666666749563319E+01,    0.1369991065249077932808319E+00,    0.1451650365170714107598826E+00,   -0.8165929992163617479050686E-02,     -5.63%
    0.2428333333333333676762322E+01,    0.1366821400568463129587826E+00,    0.1449947217893637341212809E+00,   -0.8312581732517421162498295E-02,     -5.73%
    0.2429999999999999715782906E+01,    0.1363655866561925278368506E+00,    0.1448246897131023058769017E+00,   -0.8459103056909778040051151E-02,     -5.84%
    0.2431666666666666642981909E+01,    0.1360494542994824807013998E+00,    0.1446549397050083951565824E+00,   -0.8605485405525914455182601E-02,     -5.95%
    0.2433333333333333570180912E+01,    0.1357337509813747178366583E+00,    0.1444854711831754512374459E+00,   -0.8751720201800733400787635E-02,     -6.06%
    0.2434999999999999609201495E+01,    0.1354184847143020398174684E+00,    0.1443162835670656340969487E+00,   -0.8897798852763594279480230E-02,     -6.17%
    0.2436666666666666536400498E+01,    0.1351036635281190612101199E+00,    0.1441473762775061506768992E+00,   -0.9043712749387089466779344E-02,     -6.27%
    0.2438333333333333463599502E+01,    0.1347892954697523515417146E+00,    0.1439787487366864515703213E+00,   -0.9189453266934100028606736E-02,     -6.38%
    0.2440000000000000390798505E+01,    0.1344753886028439149313840E+00,    0.1438104003681545950410481E+00,   -0.9335011765310680109664077E-02,     -6.49%
    0.2441666666666666429819088E+01,    0.1341619510073989718357268E+00,    0.1436423305968139718657994E+00,   -0.9480379589415000030072633E-02,     -6.60%
    0.2443333333333333357018091E+01,    0.1338489907794241928762347E+00,    0.1434745388489197248649276E+00,   -0.9625548069495531988692960E-02,     -6.71%
    0.2445000000000000284217094E+01,    0.1335365160305726217604416E+00,    0.1433070245520759455892801E+00,   -0.9770508521503323828838461E-02,     -6.82%
    0.2446666666666666323237678E+01,    0.1332245348877801049969349E+00,    0.1431397871352321493620963E+00,   -0.9915252247452044365161328E-02,     -6.93%
    0.2448333333333333250436681E+01,    0.1329130554929038310341127E+00,    0.1429728260286795560318751E+00,   -0.1005977053577572499776238E-01,     -7.04%
    0.2450000000000000177635684E+01,    0.1326020860023587322196192E+00,    0.1428061406640485364594184E+00,   -0.1020405466168980423979917E-01,     -7.15%
    0.2451666666666667104834687E+01,    0.1322916345867507226241599E+00,    0.1426397304743047822483959E+00,   -0.1034809588755405962423595E-01,     -7.25%
    0.2453333333333333143855270E+01,    0.1319817094305096027984092E+00,    0.1424735948937463636543299E+00,   -0.1049188546323676085592069E-01,     -7.36%
    0.2455000000000000071054274E+01,    0.1316723187315192444835077E+00,    0.1423077333580000103374630E+00,   -0.1063541462648076585395529E-01,     -7.47%
    0.2456666666666666998253277E+01,    0.1313634707007481916551939E+00,    0.1421421453040183358051962E+00,   -0.1077867460327014415000235E-01,     -7.58%
    0.2458333333333333037273860E+01,    0.1310551735618755708756566E+00,    0.1419768301700764512318642E+00,   -0.1092165660820088035620756E-01,     -7.69%
    0.2459999999999999964472863E+01,    0.1307474355509178065570808E+00,    0.1418117873957683572339050E+00,   -0.1106435184485055067682424E-01,     -7.80%
    0.2461666666666666891671866E+01,    0.1304402649158530047568405E+00,    0.1416470164220042238234498E+00,   -0.1120675150615121906660931E-01,     -7.91%
    0.2463333333333332930692450E+01,    0.1301336699162431442822196E+00,    0.1414825166910069487169466E+00,   -0.1134884677476380443472692E-01,     -8.02%
    0.2464999999999999857891453E+01,    0.1298276588228546857273216E+00,    0.1413182876463086046214812E+00,   -0.1149062882345391889415964E-01,     -8.13%
    0.2466666666666666785090456E+01,    0.1295222399172798188882183E+00,    0.1411543287327478024550942E+00,   -0.1163208881546798356687589E-01,     -8.24%
    0.2468333333333333712289459E+01,    0.1292174214915521313074009E+00,    0.1409906393964660276107992E+00,   -0.1177321790491389630339825E-01,     -8.35%
    0.2469999999999999751310042E+01,    0.1289132118477635813302840E+00,    0.1408272190849047533767191E+00,   -0.1191400723714117204643514E-01,     -8.46%
    0.2471666666666666678509046E+01,    0.1286096192976799168494750E+00,    0.1406640672468017494445292E+00,   -0.1205444794912183259505412E-01,     -8.57%
    0.2473333333333333605708049E+01,    0.1283066521623521805128831E+00,    0.1405011833321884728853490E+00,   -0.1219453116983629237246589E-01,     -8.68%
    0.2474999999999999644728632E+01,    0.1280043187717302410888465E+00,    0.1403385667923866542139422E+00,   -0.1233424802065641312509570E-01,     -8.79%
    0.2476666666666666571927635E+01,    0.1277026274642699132932933E+00,    0.1401762170800048001861882E+00,   -0.1247358961573488689289491E-01,     -8.90%
    0.2478333333333333499126638E+01,    0.1274015865865447405536059E+00,    0.1400141336489355292638237E+00,   -0.1261254706239078871021775E-01,     -9.01%
    0.2480000000000000426325641E+01,    0.1271012044928494233442251E+00,    0.1398523159543521576786418E+00,   -0.1275111146150273433441669E-01,     -9.12%
    0.2481666666666666465346225E+01,    0.1268014895448084655704690E+00,    0.1396907634527055630524472E+00,   -0.1288927390789709748197822E-01,     -9.23%
    0.2483333333333333392545228E+01,    0.1265024501109764665240931E+00,    0.1395294756017208537279828E+00,   -0.1302702549074438720388969E-01,     -9.34%
    0.2485000000000000319744231E+01,    0.1262040945664434921091868E+00,    0.1393684518603945932113675E+00,   -0.1316435729395110110218070E-01,     -9.45%
    0.2486666666666666358764815E+01,    0.1259064312924342565747082E+00,    0.1392076916889914695030228E+00,   -0.1330126039655721292831458E-01,     -9.55%
    0.2488333333333333285963818E+01,    0.1256094686759070822024142E+00,    0.1390471945490409921841746E+00,   -0.1343772587313390998176033E-01,     -9.66%
    0.2490000000000000213162821E+01,    0.1253132151091525259278825E+00,    0.1388869599033346613481399E+00,   -0.1357374479418213542025740E-01,     -9.77%
    0.2491666666666666252183404E+01,    0.1250176789893898410266360E+00,    0.1387269872159228034647072E+00,   -0.1370930822653296243807119E-01,     -9.88%
    0.2493333333333333179382407E+01,    0.1247228687183600664978300E+00,    0.1385672759521111574443353E+00,   -0.1384440723375109094650526E-01,     -9.99%
    0.2495000000000000106581410E+01,    0.1244287927019220585389547E+00,    0.1384078255784582101028946E+00,   -0.1397903287653615156393982E-01,    -10.10%
    0.2496666666666667033780413E+01,    0.1241354593496419161935407E+00,    0.1382486355627717544702904E+00,   -0.1411317621312983827674969E-01,    -10.21%
    0.2498333333333333072800997E+01,    0.1238428770743855433789093E+00,    0.1380897053741061419884772E+00,   -0.1424682829972059860956790E-01,    -10.32%
    0.2500000000000000000000000E+01,    0.1235510542919049659094100E+00,    0.1379310344827586187754775E+00,   -0.1437998019085365286606759E-01,    -10.43%
    0.2501666666666666927199003E+01,    0.1232599994204288396115743E+00,    0.1377726223602669664014542E+00,   -0.1451262293983812678987988E-01,    -10.53%
    0.2503333333333332966219587E+01,    0.1229697208802474767130875E+00,    0.1376144684794060324417586E+00,   -0.1464474759915855572867116E-01,    -10.64%
    0.2504999999999999893418590E+01,    0.1226802270932967203753705E+00,    0.1374565723141845108301595E+00,   -0.1477634522088779045478901E-01,    -10.75%
    0.2506666666666666820617593E+01,    0.1223915264827429294491878E+00,    0.1372989333398423050791592E+00,   -0.1490740685709937562997141E-01,    -10.86%
    0.2508333333333333747816596E+01,    0.1221036274725634529492169E+00,    0.1371415510328472531220712E+00,   -0.1503792356028380017285428E-01,    -10.97%
    0.2509999999999999786837179E+01,    0.1218165384871285061851864E+00,    0.1369844248708922129775800E+00,   -0.1516788638376370679239358E-01,    -11.07%
    0.2511666666666666714036182E+01,    0.1215302679507798827573950E+00,    0.1368275543328915655472144E+00,   -0.1529728638211168278981944E-01,    -11.18%
    0.2513333333333333641235185E+01,    0.1212448242874088477627481E+00,    0.1366709388989788831469951E+00,   -0.1542611461157003538424703E-01,    -11.29%
    0.2514999999999999680255769E+01,    0.1209602159200326293442274E+00,    0.1365145780505035988383611E+00,   -0.1555436213047096949413373E-01,    -11.39%
    0.2516666666666666607454772E+01,    0.1206764512703698832840615E+00,    0.1363584712700276480035200E+00,   -0.1568201999965776471945844E-01,    -11.50%
    0.2518333333333333534653775E+01,    0.1203935387584139649064241E+00,    0.1362026180413230813659453E+00,   -0.1580907928290911645952121E-01,    -11.61%
    0.2519999999999999573674359E+01,    0.1201114868020074638588213E+00,    0.1360470178493687898324538E+00,   -0.1593553104736132597363252E-01,    -11.71%
    0.2521666666666666500873362E+01,    0.1198303038164103412333006E+00,    0.1358916701803471183129801E+00,   -0.1606136636393677707967953E-01,    -11.82%
    0.2523333333333333428072365E+01,    0.1195499982138725908464849E+00,    0.1357365745216416730301034E+00,   -0.1618657630776908218361854E-01,    -11.92%
    0.2525000000000000355271368E+01,    0.1192705784032027510610519E+00,    0.1355817303618337132942173E+00,   -0.1631115195863096223316546E-01,    -12.03%
    0.2526666666666666394291951E+01,    0.1189920527893320312262659E+00,    0.1354271371906994869682705E+00,   -0.1643508440136745574200461E-01,    -12.14%
    0.2528333333333333321490954E+01,    0.1187144297728863762131368E+00,    0.1352727944992069830654202E+00,   -0.1655836472632060685228339E-01,    -12.24%
    0.2530000000000000248689958E+01,    0.1184377177497455135846138E+00,    0.1351187017795132949693482E+00,   -0.1668098402976778138473435E-01,    -12.35%
    0.2531666666666666287710541E+01,    0.1181619251106107576498871E+00,    0.1349648585249615950765190E+00,   -0.1680293341435083742663181E-01,    -12.45%
    0.2533333333333333214909544E+01,    0.1178870602405645007237922E+00,    0.1348112642300778873938327E+00,   -0.1692420398951338667004052E-01,    -12.55%
    0.2535000000000000142108547E+01,    0.1176131315186347975343395E+00,    0.1346579183905685372923955E+00,   -0.1704478687193373975805599E-01,    -12.66%
    0.2536666666666667069307550E+01,    0.1173401473173515952019841E+00,    0.1345048205033169963495965E+00,   -0.1716467318596540114761240E-01,    -12.76%
    0.2538333333333333108328134E+01,    0.1170681160023090972011062E+00,    0.1343519700663810823026978E+00,   -0.1728385406407198510159162E-01,    -12.86%
    0.2540000000000000035527137E+01,    0.1167970459317207582161657E+00,    0.1341993665789897594020630E+00,   -0.1740232064726900118589725E-01,    -12.97%
    0.2541666666666666962726140E+01,    0.1165269454559774292556895E+00,    0.1340470095415405848982004E+00,   -0.1752006408556315564251094E-01,    -13.07%
    0.2543333333333333001746723E+01,    0.1162578229172021443416085E+00,    0.1338948984555967669507481E+00,   -0.1763707553839462260913962E-01,    -13.17%
    0.2544999999999999928945726E+01,    0.1159896866488036998310562E+00,    0.1337430328238838339593997E+00,   -0.1775334617508013412834345E-01,    -13.27%
    0.2546666666666666856144730E+01,    0.1157225449750309415053451E+00,    0.1335914121502873586067039E+00,   -0.1786886717525641710135886E-01,    -13.38%
    0.2548333333333332895165313E+01,    0.1154564062105239846678373E+00,    0.1334400359398497104557180E+00,   -0.1798362972932572578788069E-01,    -13.48%
    0.2549999999999999822364316E+01,    0.1151912786598651844416352E+00,    0.1332889036987670861034161E+00,   -0.1809762503890190166178087E-01,    -13.58%
    0.2551666666666666749563319E+01,    0.1149271706171286905329154E+00,    0.1331380149343869834233089E+00,   -0.1821084431725829289039353E-01,    -13.68%
    0.2553333333333333676762322E+01,    0.1146640903654286280932695E+00,    0.1329873691552050929409745E+00,   -0.1832327878977646484770503E-01,    -13.78%
    0.2554999999999999715782906E+01,    0.1144020461764685275829478E+00,    0.1328369658708625777876478E+00,   -0.1843491969439405020469991E-01,    -13.88%
    0.2556666666666666642981909E+01,    0.1141410463100856059748267E+00,    0.1326868045921428818090249E+00,   -0.1854575828205727583419815E-01,    -13.98%
    0.2558333333333333570180912E+01,    0.1138810990137977263714220E+00,    0.1325368848309694258524871E+00,   -0.1865578581717169948106516E-01,    -14.08%
    0.2559999999999999609201495E+01,    0.1136222125223462359189242E+00,    0.1323872061004024991426320E+00,   -0.1876499357805626322370784E-01,    -14.17%
    0.2561666666666666536400498E+01,    0.1133643950572418290789756E+00,    0.1322377679146361229012285E+00,   -0.1887337285739429382225296E-01,    -14.27%
    0.2563333333333333463599502E+01,    0.1131076548263040965069948E+00,    0.1320885697889958299011681E+00,   -0.1898091496269173339417335E-01,    -14.37%
    0.2565000000000000390798505E+01,    0.1128520000232053482891459E+00,    0.1319396112399354448196931E+00,   -0.1908761121673009653054720E-01,    -14.47%
    0.2566666666666666429819088E+01,    0.1125974388270081505414311E+00,    0.1317908917850344474587132E+00,   -0.1919345295802629691728214E-01,    -14.56%
    0.2568333333333333357018091E+01,    0.1123439794017087323130255E+00,    0.1316424109429948086091855E+00,   -0.1929843154128607629615999E-01,    -14.66%
    0.2570000000000000284217094E+01,    0.1120916298957720658169279E+00,    0.1314941682336388251162163E+00,   -0.1940253833786675929928833E-01,    -14.76%
    0.2571666666666666323237678E+01,    0.1118403984416704577409263E+00,    0.1313461631779058724767140E+00,   -0.1950576473623541473578769E-01,    -14.85%
    0.2573333333333333250436681E+01,    0.1115902931554197397012729E+00,    0.1311983952978495182595253E+00,   -0.1960810214242977855825245E-01,    -14.95%
    0.2575000000000000177635684E+01,    0.1113413221361161248301741E+00,    0.1310508641166352461482347E+00,   -0.1970954198051912131806063E-01,    -15.04%
    0.2576666666666667104834687E+01,    0.1110934934654701083944772E+00,    0.1309035691585372640499685E+00,   -0.1981007569306715565549126E-01,    -15.13%
    0.2578333333333333143855270E+01,    0.1108468152073395079915130E+00,    0.1307565099489359783380138E+00,   -0.1990969474159647034650078E-01,    -15.23%
    0.2580000000000000071054274E+01,    0.1106012954072646825576243E+00,    0.1306096860143148019606230E+00,   -0.2000839060705011940299869E-01,    -15.32%
    0.2581666666666666998253277E+01,    0.1103569420919975341277564E+00,    0.1304630968822581282839934E+00,   -0.2010615479026059415623706E-01,    -15.41%
    0.2583333333333333037273860E+01,    0.1101137632690348255870560E+00,    0.1303167420814479726676183E+00,   -0.2020297881241314708056223E-01,    -15.50%
    0.2584999999999999964472863E+01,    0.1098717669261492502208455E+00,    0.1301706211416614467069053E+00,   -0.2029885421551219648605979E-01,    -15.59%
    0.2586666666666666891671866E+01,    0.1096309610309171567177344E+00,    0.1300247335937680381867665E+00,   -0.2039377256285088146903206E-01,    -15.68%
    0.2588333333333332930692450E+01,    0.1093913535302471901067278E+00,    0.1298790789697270298130860E+00,   -0.2048772543947983970635818E-01,    -15.77%
    0.2589999999999999857891453E+01,    0.1091529523499105702732948E+00,    0.1297336568025843073215242E+00,   -0.2058070445267373704822944E-01,    -15.86%
    0.2591666666666666785090456E+01,    0.1089157653940655418045580E+00,    0.1295884666264702500537709E+00,   -0.2067270123240470824921289E-01,    -15.95%
    0.2593333333333333712289459E+01,    0.1086798005447860981931285E+00,    0.1294435079765965668219252E+00,   -0.2076370743181046862879668E-01,    -16.04%
    0.2594999999999999751310042E+01,    0.1084450656615858349374193E+00,    0.1292987803892539921957194E+00,   -0.2085371472766815725830014E-01,    -16.13%
    0.2596666666666666678509046E+01,    0.1082115685809430100094986E+00,    0.1291542834018090113445965E+00,   -0.2094271482086600133509791E-01,    -16.22%
    0.2598333333333333605708049E+01,    0.1079793171158269227127846E+00,    0.1290100165527018338806897E+00,   -0.2103069943687491116790511E-01,    -16.30%
    0.2599999999999999644728632E+01,    0.1077483190552176589571687E+00,    0.1288659793814433407455056E+00,   -0.2111766032622568178833689E-01,    -16.39%
    0.2601666666666666571927635E+01,    0.1075185821636323035832561E+00,    0.1287221714286123086523617E+00,   -0.2120358926498000506910557E-01,    -16.47%
    0.2603333333333333499126638E+01,    0.1072901141806452129934257E+00,    0.1285785922358531341291865E+00,   -0.2128847805520792113576078E-01,    -16.56%
    0.2605000000000000426325641E+01,    0.1070629228204093980059142E+00,    0.1284352413458728636719286E+00,   -0.2137231852546346566601443E-01,    -16.64%
    0.2606666666666666465346225E+01,    0.1068370157711780454867778E+00,    0.1282921183024386957427510E+00,   -0.2145510253126065025597313E-01,    -16.72%
    0.2608333333333333392545228E+01,    0.1066124006948237085135034E+00,    0.1281492226503750941901671E+00,   -0.2153682195555138567666376E-01,    -16.81%
    0.2610000000000000319744231E+01,    0.1063890852263602443406043E+00,    0.1280065539355614845362652E+00,   -0.2161746870920124019566089E-01,    -16.89%
    0.2611666666666666358764815E+01,    0.1061670769734558705810201E+00,    0.1278641117049294506635704E+00,   -0.2169703473147358008255026E-01,    -16.97%
    0.2613333333333333285963818E+01,    0.1059463835159586836409673E+00,    0.1277218955064599037463324E+00,   -0.2177551199050122010536512E-01,    -17.05%
    0.2615000000000000213162821E+01,    0.1057270124054103394017901E+00,    0.1275799048891808895600519E+00,   -0.2185289248377055015826187E-01,    -17.13%
    0.2616666666666666252183404E+01,    0.1055089711645622735369798E+00,    0.1274381394031647574127675E+00,   -0.2192916823860248387578764E-01,    -17.21%
    0.2618333333333333179382407E+01,    0.1052922672868960018988105E+00,    0.1272965985995252735651917E+00,   -0.2200433131262927166638121E-01,    -17.29%
    0.2620000000000000106581410E+01,    0.1050769082361343725873226E+00,    0.1271552820304155395625401E+00,   -0.2207837379428116697521745E-01,    -17.36%
    0.2621666666666667033780413E+01,    0.1048629014457626712486515E+00,    0.1270141892490250501435156E+00,   -0.2215128780326237889486407E-01,    -17.44%
    0.2623333333333333072800997E+01,    0.1046502543185379302537186E+00,    0.1268733198095772507496548E+00,   -0.2222306549103932049593624E-01,    -17.52%
    0.2625000000000000000000000E+01,    0.1044389742260085629510513E+00,    0.1267326732673267342121903E+00,   -0.2229369904131817126113901E-01,    -17.59%
    0.2626666666666666927199003E+01,    0.1042290685080246720461972E+00,    0.1265922491785569370392750E+00,   -0.2236318067053226499307783E-01,    -17.67%
    0.2628333333333332966219587E+01,    0.1040205444722521188616327E+00,    0.1264520471005775303918739E+00,   -0.2243150262832541153024124E-01,    -17.74%
    0.2629999999999999893418590E+01,    0.1038134093936895485654759E+00,    0.1263120665917215335039003E+00,   -0.2249865719803198493842444E-01,    -17.81%
    0.2631666666666666820617593E+01,    0.1036076705141756731931579E+00,    0.1261723072113431765028935E+00,   -0.2256463669716750330973554E-01,    -17.88%
    0.2633333333333333747816596E+01,    0.1034033350419049507307179E+00,    0.1260327685198151248524567E+00,   -0.2262943347791017412173886E-01,    -17.96%
    0.2634999999999999786837179E+01,    0.1032004101509389204505140E+00,    0.1258934500785260646171793E+00,   -0.2269303992758714416666521E-01,    -18.03%
    0.2636666666666666714036182E+01,    0.1029989029807174688579963E+00,    0.1257543514498778158827719E+00,   -0.2275544846916034702477560E-01,    -18.10%
    0.2638333333333333641235185E+01,    0.1027988206355705536054757E+00,    0.1256154721972832510878959E+00,   -0.2281665156171269748242025E-01,    -18.16%
    0.2639999999999999680255769E+01,    0.1026001701842285257493259E+00,    0.1254768118851636582444797E+00,   -0.2287664170093513249515382E-01,    -18.23%
    0.2641666666666666607454772E+01,    0.1024029586593327156851529E+00,    0.1253383700789457710911279E+00,   -0.2293541141961305540597493E-01,    -18.30%
    0.2643333333333333534653775E+01,    0.1022071930569457276494205E+00,    0.1252001463450599372251304E+00,   -0.2299295328811420957570988E-01,    -18.36%
    0.2644999999999999573674359E+01,    0.1020128803360621089213467E+00,    0.1250621402509372315225988E+00,   -0.2304925991487512260125214E-01,    -18.43%
    0.2646666666666666500873362E+01,    0.1018200274181164932674193E+00,    0.1249243513650067499698437E+00,   -0.2310432394689025670242444E-01,    -18.49%
    0.2648333333333333428072365E+01,    0.1016286411864949640326827E+00,    0.1247867792566936667730815E+00,   -0.2315813807019870274039874E-01,    -18.56%
    0.2650000000000000355271368E+01,    0.1014387284860422816512582E+00,    0.1246494234964163200229947E+00,   -0.2321069501037403837173656E-01,    -18.62%
    0.2651666666666666394291951E+01,    0.1012502961225728026484205E+00,    0.1245122836555838385930173E+00,   -0.2326198753301103594459676E-01,    -18.68%
    0.2653333333333333321490954E+01,    0.1010633508623772908174843E+00,    0.1243753593065935469930139E+00,   -0.2331200844421625617552962E-01,    -18.74%
    0.2655000000000000248689958E+01,    0.1008778994317329619212487E+00,    0.1242386500228288420677458E+00,   -0.2336075059109588014649717E-01,    -18.80%
    0.2656666666666666287710541E+01,    0.1006939485164118491811180E+00,    0.1241021553786563896837336E+00,   -0.2340820686224454050261556E-01,    -18.86%
    0.2658333333333333214909544E+01,    0.1005115047611869483201730E+00,    0.1239658749494236544830272E+00,   -0.2345437018823670616285426E-01,    -18.92%
    0.2660000000000000142108547E+01,    0.1003305747693431504430350E+00,    0.1238298083114567071927326E+00,   -0.2349923354211355674969752E-01,    -18.98%
    0.2661666666666667069307550E+01,    0.1001511651021837617792087E+00,    0.1236939550420576156009034E+00,   -0.2354278993987385382169464E-01,    -19.03%
    0.2663333333333333108328134E+01,    0.9997328227853824467175059E-01,    0.1235583147195020436992507E+00,   -0.2358503244096379902750016E-01,    -19.09%
    0.2665000000000000035527137E+01,    0.9979693277427019448833079E-01,    0.1234228869230365593923082E+00,   -0.2362595414876636490397743E-01,    -19.14%
    0.2666666666666666962726140E+01,    0.9962212302178574674371703E-01,    0.1232876712328766916071388E+00,   -0.2366554821109094486342173E-01,    -19.20%
    0.2668333333333333001746723E+01,    0.9944885940954105441047517E-01,    0.1231526672302041824913488E+00,   -0.2370380782066312808087361E-01,    -19.25%
    0.2669999999999999928945726E+01,    0.9927714828154730886122792E-01,    0.1230178744971644477779193E+00,   -0.2374072621561713891669143E-01,    -19.30%
    0.2671666666666666856144730E+01,    0.9910699593688442055050558E-01,    0.1228832926168645506281862E+00,   -0.2377629667998013007768066E-01,    -19.35%
    0.2673333333333332895165313E+01,    0.9893840862920207090969171E-01,    0.1227489211733706064855198E+00,   -0.2381051254416853557582812E-01,    -19.40%
    0.2674999999999999822364316E+01,    0.9877139256622999297086096E-01,    0.1226147597517051324178539E+00,   -0.2384336718547513944699290E-01,    -19.45%
    0.2676666666666666749563319E+01,    0.9860595390928869607982676E-01,    0.1224808079378450625940289E+00,   -0.2387485402855636651420213E-01,    -19.49%
    0.2678333333333333676762322E+01,    0.9844209877279093412472122E-01,    0.1223470653187191670152600E+00,   -0.2390496654592823289053882E-01,    -19.54%
    0.2679999999999999715782906E+01,    0.9827983322375616337396309E-01,    0.1222135314822057478023609E+00,   -0.2393369825844958442839783E-01,    -19.58%
    0.2681666666666666642981909E+01,    0.9811916328131317643901355E-01,    0.1220802060171298913937576E+00,   -0.2396104273581671495474410E-01,    -19.63%
    0.2683333333333333570180912E+01,    0.9796009491621247844417297E-01,    0.1219470885132617476998007E+00,   -0.2398699359704926925562773E-01,    -19.67%
    0.2684999999999999609201495E+01,    0.9780263405032874057809522E-01,    0.1218141785613136712784765E+00,   -0.2401154451098493070038131E-01,    -19.71%
    0.2686666666666666536400498E+01,    0.9764678655617696489965596E-01,    0.1216814757529379453782070E+00,   -0.2403468919676098047855106E-01,    -19.75%
    0.2688333333333333463599502E+01,    0.9749255825641504891176936E-01,    0.1215489796807245892473759E+00,   -0.2405642142430954033560653E-01,    -19.79%
    0.2690000000000000390798505E+01,    0.9733995492335315025123066E-01,    0.1214166899381988740103111E+00,   -0.2407673501484572375908044E-01,    -19.83%
    0.2691666666666666429819088E+01,    0.9718898227846617388081540E-01,    0.1212846061198191022212356E+00,   -0.2409562384135292834042019E-01,    -19.87%
    0.2693333333333333357018091E+01,    0.9703964599189884854268939E-01,    0.1211527278209739572067960E+00,   -0.2411308182907510866410661E-01,    -19.90%
    0.2695000000000000284217094E+01,    0.9689195168197664576048567E-01,    0.1210210546379806018091330E+00,   -0.2412910295600395604864730E-01,    -19.94%
    0.2696666666666666323237678E+01,    0.9674590491471705966386452E-01,    0.1208895861680822220174392E+00,   -0.2414368125336516235357465E-01,    -19.97%
    0.2698333333333333250436681E+01,    0.9660151120333636265424815E-01,    0.1207583220094453207993368E+00,   -0.2415681080610895814508865E-01,    -20.00%
    0.2700000000000000177635684E+01,    0.9645877600776327220888362E-01,    0.1206272617611580111329772E+00,   -0.2416848575339473892409359E-01,    -20.04%
    0.2701666666666667104834687E+01,    0.9631770473414630329145325E-01,    0.1204964050232273237162062E+00,   -0.2417870028908102042475292E-01,    -20.07%
    0.2703333333333333143855270E+01,    0.9617830273436825394561822E-01,    0.1203657513965770836650293E+00,   -0.2418744866220882971941109E-01,    -20.09%
    0.2705000000000000071054274E+01,    0.9604057530555377975023390E-01,    0.1202353004830453014895042E+00,   -0.2419472517749152173927030E-01,    -20.12%
    0.2706666666666666998253277E+01,    0.9590452768958381002395441E-01,    0.1201050518853823967369010E+00,   -0.2420052419579858671294659E-01,    -20.15%
    0.2708333333333333037273860E+01,    0.9577016507260624478270472E-01,    0.1199750052072485057008677E+00,   -0.2420484013464226091816300E-01,    -20.17%
    0.2709999999999999964472863E+01,    0.9563749258454959378816795E-01,    0.1198451600532112332198054E+00,   -0.2420766746866163943163741E-01,    -20.20%
    0.2711666666666666891671866E+01,    0.9550651529863515842855293E-01,    0.1197155160287436820309992E+00,   -0.2420900073010852360244627E-01,    -20.22%
    0.2713333333333332930692450E+01,    0.9537723823089079566717174E-01,    0.1195860727402218715020865E+00,   -0.2420883450933107583491477E-01,    -20.24%
    0.2714999999999999857891453E+01,    0.9524966633966379381259770E-01,    0.1194568297949225033072196E+00,   -0.2420716345525870949462188E-01,    -20.26%
    0.2716666666666666785090456E+01,    0.9512380452513714834683611E-01,    0.1193277868010209213922579E+00,   -0.2420398227588377304542178E-01,    -20.28%
    0.2718333333333333712289459E+01,    0.9499965762884285402911644E-01,    0.1191989433675886556063261E+00,   -0.2419928573874580157720970E-01,    -20.30%
    0.2719999999999999751310042E+01,    0.9487723043317967952514635E-01,    0.1190702991045913677892187E+00,   -0.2419306867141168826407238E-01,    -20.32%
    0.2721666666666666678509046E+01,    0.9475652766092550194354516E-01,    0.1189418536228862566250797E+00,   -0.2418532596196075468153452E-01,    -20.33%
    0.2723333333333333605708049E+01,    0.9463755397475723252220803E-01,    0.1188136065342202812855632E+00,   -0.2417605255946304876335518E-01,    -20.35%
    0.2724999999999999644728632E+01,    0.9452031397676782797923067E-01,    0.1186855574512276773058161E+00,   -0.2416524347445984932658547E-01,    -20.36%
    0.2726666666666666571927635E+01,    0.9440481220798237205205083E-01,    0.1185577059874276389939141E+00,   -0.2415289377944526694186322E-01,    -20.37%
    0.2728333333333333499126638E+01,    0.9429105314787743219451244E-01,    0.1184300517572223071516291E+00,   -0.2413899860934487495711664E-01,    -20.38%
    0.2730000000000000426325641E+01,    0.9417904121390076321862495E-01,    0.1183025943758946180173197E+00,   -0.2412355316199385479869477E-01,    -20.39%
    0.2731666666666666465346225E+01,    0.9406878076099131624765448E-01,    0.1181753334596058885308523E+00,   -0.2410655269861457228319779E-01,    -20.40%
    0.2733333333333333392545228E+01,    0.9396027608109965012506137E-01,    0.1180482686253935126208248E+00,   -0.2408799254429386249576339E-01,    -20.41%
    0.2735000000000000319744231E+01,    0.9385353140270830119007428E-01,    0.1179213994911691570921519E+00,   -0.2406786808846085590207764E-01,    -20.41%
    0.2736666666666666358764815E+01,    0.9374855089035483146631123E-01,    0.1177947256757163746465622E+00,   -0.2404617478536154318025098E-01,    -20.41%
    0.2738333333333333285963818E+01,    0.9364533864415539032854952E-01,    0.1176682467986882724142461E+00,   -0.2402290815453288208569660E-01,    -20.42%
    0.2740000000000000213162821E+01,    0.9354389869932706880195639E-01,    0.1175419624806055690635631E+00,   -0.2399806378127850026160672E-01,    -20.42%
    0.2741666666666666252183404E+01,    0.9344423502571255757409574E-01,    0.1174158723428543882327801E+00,   -0.2397163731714183065868440E-01,    -20.42%
    0.2743333333333333179382407E+01,    0.9334635152730712259749879E-01,    0.1172899760076838160394175E+00,   -0.2394362448037669344191869E-01,    -20.41%
    0.2745000000000000106581410E+01,    0.9325025204178155613377044E-01,    0.1171642730982041524789850E+00,   -0.2391402105642259634521452E-01,    -20.41%
    0.2746666666666667033780413E+01,    0.9315594034001381529286334E-01,    0.1170387632383845244454790E+00,   -0.2388282289837070915261563E-01,    -20.41%
    0.2748333333333333072800997E+01,    0.9306342012561261145542346E-01,    0.1169134460530508040632114E+00,   -0.2385002592743819260778793E-01,    -20.40%
    0.2750000000000000000000000E+01,    0.9297269503444827165594688E-01,    0.1167883211678832078295187E+00,   -0.2381562613343493617357183E-01,    -20.39%
    0.2751666666666666927199003E+01,    0.9288376863418341955469515E-01,    0.1166633882094146590358008E+00,   -0.2377961957523123948110566E-01,    -20.38%
    0.2753333333333332966219587E+01,    0.9279664442380328170933979E-01,    0.1165386468050283036435033E+00,   -0.2374200238122502193416352E-01,    -20.37%
    0.2754999999999999893418590E+01,    0.9271132583314660446927036E-01,    0.1164140965829552204491293E+00,   -0.2370277074980861597985893E-01,    -20.36%
    0.2756666666666666820617593E+01,    0.9262781622243725088150512E-01,    0.1162897371722728945275804E+00,   -0.2366192094983564364607531E-01,    -20.35%
    0.2758333333333333747816596E+01,    0.9254611888182463774743525E-01,    0.1161655682029024971857467E+00,   -0.2361944932107785943831146E-01,    -20.33%
    0.2759999999999999786837179E+01,    0.9246623703090924017988783E-01,    0.1160415893056071373612426E+00,   -0.2357535227469789718135473E-01,    -20.32%
    0.2761666666666666714036182E+01,    0.9238817381828559605061457E-01,    0.1159178001119894746429040E+00,   -0.2352962629370387859228941E-01,    -20.30%
    0.2763333333333333641235185E+01,    0.9231193232107762214333491E-01,    0.1157942002544898874027979E+00,   -0.2348226793341226525946297E-01,    -20.28%
    0.2764999999999999680255769E+01,    0.9223751554447470746289639E-01,    0.1156707893663843633724753E+00,   -0.2343327382190965590957887E-01,    -20.26%
    0.2766666666666666607454772E+01,    0.9216492642127438461585598E-01,    0.1155475670817820155189537E+00,   -0.2338264066050763090309772E-01,    -20.24%
    0.2768333333333333534653775E+01,    0.9209416781142107377711170E-01,    0.1154245330356235416102706E+00,   -0.2333036522420246783315889E-01,    -20.21%
    0.2769999999999999573674359E+01,    0.9202524250154917040411817E-01,    0.1153016868636788372359803E+00,   -0.2327644436212966683186210E-01,    -20.19%
    0.2771666666666666500873362E+01,    0.9195815320452188634803292E-01,    0.1151790282025449002611950E+00,   -0.2322087499802301391316206E-01,    -20.16%
    0.2773333333333333428072365E+01,    0.9189290255898296955194837E-01,    0.1150565566896438879362918E+00,   -0.2316365413066091838434346E-01,    -20.13%
    0.2775000000000000355271368E+01,    0.9182949312889401860537930E-01,    0.1149342719632210074731660E+00,   -0.2310477883432698886778667E-01,    -20.10%
    0.2776666666666666394291951E+01,    0.9176792740308795104375861E-01,    0.1148121736623425176437863E+00,   -0.2304424625925456660002766E-01,    -20.07%
    0.2778333333333333321490954E+01,    0.9170820779481340945249457E-01,    0.1146902614268933834340558E+00,   -0.2298205363207997398156124E-01,    -20.04%
    0.2780000000000000248689958E+01,    0.9165033664128428847472918E-01,    0.1145685348975757217315774E+00,   -0.2291819825629143325684822E-01,    -20.00%
    0.2781666666666666287710541E+01,    0.9159431620323200962108245E-01,    0.1144469937159063449572116E+00,   -0.2285267751267433533612916E-01,    -19.97%
    0.2783333333333333214909544E+01,    0.9154014866445650544513057E-01,    0.1143256375242148042969959E+00,   -0.2278548885975829885186528E-01,    -19.93%
    0.2785000000000000142108547E+01,    0.9148783613138103398831902E-01,    0.1142044659656415855897293E+00,   -0.2271662983426055160141033E-01,    -19.89%
    0.2786666666666667069307550E+01,    0.9143738063260520299024847E-01,    0.1140834786841357778586215E+00,   -0.2264609805153057486837298E-01,    -19.85%
    0.2788333333333333108328134E+01,    0.9138878411846386440320344E-01,    0.1139626753244533524656035E+00,   -0.2257389120598948806240003E-01,    -19.81%
    0.2790000000000000035527137E+01,    0.9134204846058235904848743E-01,    0.1138420555321546789873111E+00,   -0.2250000707157231993882363E-01,    -19.76%
    0.2791666666666666962726140E+01,    0.9129717545143767321036421E-01,    0.1137216189536031513140912E+00,   -0.2242444350216547810372703E-01,    -19.72%
    0.2793333333333333001746723E+01,    0.9125416680391952584106008E-01,    0.1136013652359626896481970E+00,   -0.2234719843204316380713692E-01,    -19.67%
    0.2794999999999999928945726E+01,    0.9121302415089106718770751E-01,    0.1134812940271958114912820E+00,   -0.2226826987630474430357452E-01,    -19.62%
    0.2796666666666666856144730E+01,    0.9117374904475490648980696E-01,    0.1133614049760618414097735E+00,   -0.2218765593130693491996652E-01,    -19.57%
    0.2798333333333332895165313E+01,    0.9113634295701698861957851E-01,    0.1132416977321148293667008E+00,   -0.2210535477509784074712229E-01,    -19.52%
    0.2799999999999999822364316E+01,    0.9110080727785577203725609E-01,    0.1131221719457013580312221E+00,   -0.2202136466784558599396604E-01,    -19.47%
    0.2801666666666666749563319E+01,    0.9106714331568901976687869E-01,    0.1130028272679589051996629E+00,   -0.2193568395226988543278424E-01,    -19.41%
    0.2803333333333333676762322E+01,    0.9103535229674604434269014E-01,    0.1128836633508135539605277E+00,   -0.2184831105406750961783757E-01,    -19.35%
    0.2804999999999999715782906E+01,    0.9100543536463753802046028E-01,    0.1127646798469783412377510E+00,   -0.2175924448234080321729067E-01,    -19.30%
    0.2806666666666666642981909E+01,    0.9097739357993381292821766E-01,    0.1126458764099508846889819E+00,   -0.2166848283001707176076422E-01,    -19.24%
    0.2808333333333333570180912E+01,    0.9095122791973456188863167E-01,    0.1125272526940118145155623E+00,   -0.2157602477427725262693059E-01,    -19.17%
    0.2809999999999999609201495E+01,    0.9092693927725180313981213E-01,    0.1124088083542226779165674E+00,   -0.2148186907697087477675524E-01,    -19.11%
    0.2811666666666666536400498E+01,    0.9090452846138535880626819E-01,    0.1122905430464237186427567E+00,   -0.2138601458503835983648855E-01,    -19.05%
    0.2813333333333333463599502E+01,    0.9088399619630674330927889E-01,    0.1121724564272324892177934E+00,   -0.2128846023092574590851456E-01,    -18.98%
    0.2815000000000000390798505E+01,    0.9086534312103758392886732E-01,    0.1120545481540413390586508E+00,   -0.2118920503300375512978349E-01,    -18.91%
    0.2816666666666666429819088E+01,    0.9084856978903982360762370E-01,    0.1119368178850160405746195E+00,   -0.2108824809597621696699576E-01,    -18.84%
    0.2818333333333333357018091E+01,    0.9083367666779858240477807E-01,    0.1118192652790931107542605E+00,   -0.2098558861129452834948239E-01,    -18.77%
    0.2820000000000000284217094E+01,    0.9082066413841179131072323E-01,    0.1117018899959787286979562E+00,   -0.2088122585756693738723300E-01,    -18.69%
    0.2821666666666666323237678E+01,    0.9080953249518007586171819E-01,    0.1115846916961462098605296E+00,   -0.2077515920096613399881136E-01,    -18.62%
    0.2823333333333333250436681E+01,    0.9080028194519941531215323E-01,    0.1114676700408343407167067E+00,   -0.2066738809563492540455343E-01,    -18.54%
    0.2825000000000000177635684E+01,    0.9079291260795681328676920E-01,    0.1113508246920453803596729E+00,   -0.2055791208408856707290369E-01,    -18.46%
    0.2826666666666667104834687E+01,    0.9078742451492292919734695E-01,    0.1112341553125432286330820E+00,   -0.2044673079762029943573509E-01,    -18.38%
    0.2828333333333333143855270E+01,    0.9078381760915568698955269E-01,    0.1111176615658515803852779E+00,   -0.2033384395669589339572525E-01,    -18.30%
    0.2830000000000000071054274E+01,    0.9078209174489512700567673E-01,    0.1110013431162517050232452E+00,   -0.2021925137135657801756849E-01,    -18.22%
    0.2831666666666666998253277E+01,    0.9078224668717124745676017E-01,    0.1108851996287809754671017E+00,   -0.2010295294160972801034148E-01,    -18.13%
    0.2833333333333333037273860E+01,    0.9078428211140342207752241E-01,    0.1107692307692307864819270E+00,   -0.1998494865782736440440459E-01,    -18.04%
    0.2834999999999999964472863E+01,    0.9078819760301136410074463E-01,    0.1106534362041445285207431E+00,   -0.1986523860113316441999842E-01,    -17.95%
    0.2836666666666666891671866E+01,    0.9079399265702209342876472E-01,    0.1105378156008160056567036E+00,   -0.1974382294379391222793885E-01,    -17.86%
    0.2838333333333332930692450E+01,    0.9080166667768090060786079E-01,    0.1104223686272874233038621E+00,   -0.1962070194960652269600132E-01,    -17.77%
    0.2839999999999999857891453E+01,    0.9081121897806519738249875E-01,    0.1103070949523473343045765E+00,   -0.1949587597428213692207777E-01,    -17.67%
    0.2841666666666666785090456E+01,    0.9082264877969967176163379E-01,    0.1101919942455291817617891E+00,   -0.1936934546582951000015527E-01,    -17.58%
    0.2843333333333333712289459E+01,    0.9083595521217462109841989E-01,    0.1100770661771090785929772E+00,   -0.1924111096493445749455731E-01,    -17.48%
    0.2844999999999999751310042E+01,    0.9085113731276456272567543E-01,    0.1099623104181042115845557E+00,   -0.1911117310533964885888025E-01,    -17.38%
    0.2846666666666666678509046E+01,    0.9086819402605214590629146E-01,    0.1098477266402706764569785E+00,   -0.1897953261421853055068709E-01,    -17.28%
    0.2848333333333333605708049E+01,    0.9088712420355279930639369E-01,    0.1097333145161019651858680E+00,   -0.1884619031254916587947434E-01,    -17.17%
    0.2849999999999999644728632E+01,    0.9090792660333978092435103E-01,    0.1096190737188270925006606E+00,   -0.1871114711548731157630954E-01,    -17.07%
    0.2851666666666666571927635E+01,    0.9093059988967581996899270E-01,    0.1095050039224084170719209E+00,   -0.1857440403273259710292820E-01,    -16.96%
    0.2853333333333333499126638E+01,    0.9095514263264460608215956E-01,    0.1093911048015402120991979E+00,   -0.1843596216889560601703835E-01,    -16.85%
    0.2855000000000000426325641E+01,    0.9098155330778376348455083E-01,    0.1092773760316466946651559E+00,   -0.1829582272386293118060507E-01,    -16.74%
    0.2856666666666666465346225E+01,    0.9100983029572289051412071E-01,    0.1091638172888802216231596E+00,   -0.1815398699315733110903892E-01,    -16.63%
    0.2858333333333333392545228E+01,    0.9103997188182151589774804E-01,    0.1090504282501192634402543E+00,   -0.1801045636829774754250622E-01,    -16.52%
    0.2860000000000000319744231E+01,    0.9107197625581363309432703E-01,    0.1089372085929669886628091E+00,   -0.1786523233715335556848203E-01,    -16.40%
    0.2861666666666666358764815E+01,    0.9110584151144733577876167E-01,    0.1088241579957492238817096E+00,   -0.1771831648430188810294794E-01,    -16.28%
    0.2863333333333333285963818E+01,    0.9114156564613530575602596E-01,    0.1087112761375125108420647E+00,   -0.1756971049137720508603877E-01,    -16.16%
    0.2865000000000000213162821E+01,    0.9117914656060395472980673E-01,    0.1085985626980226909088501E+00,   -0.1741941613741873617904332E-01,    -16.04%
    0.2866666666666666252183404E+01,    0.9121858205854380119426139E-01,    0.1084860173577628095209491E+00,   -0.1726743529921900832668769E-01,    -15.92%
    0.2868333333333333179382407E+01,    0.9125986984626517639629384E-01,    0.1083736397979313259565259E+00,   -0.1711376995166614956023210E-01,    -15.79%
    0.2870000000000000106581410E+01,    0.9130300753235570665466980E-01,    0.1082614297004406145319422E+00,   -0.1695842216808490787727237E-01,    -15.66%
    0.2871666666666667033780413E+01,    0.9134799262734000224739361E-01,    0.1081493867479148690557977E+00,   -0.1680139412057486680840412E-01,    -15.54%
    0.2873333333333333072800997E+01,    0.9139482254334270472373447E-01,    0.1080375106236885623944843E+00,   -0.1664268808034585767074987E-01,    -15.40%
    0.2875000000000000000000000E+01,    0.9144349459375328281751649E-01,    0.1079258010118043786818021E+00,   -0.1648230641805109586428557E-01,    -15.27%
    0.2876666666666666927199003E+01,    0.9149400599289574109729273E-01,    0.1078142575970118532957542E+00,   -0.1632025160411611219846151E-01,    -15.14%
    0.2878333333333332966219587E+01,    0.9154635385569820371642891E-01,    0.1077028800647653605793153E+00,   -0.1615652620906715686288635E-01,    -15.00%
    0.2879999999999999893418590E+01,    0.9160053519736872928991289E-01,    0.1075916681012222403390766E+00,   -0.1599113290385351104916367E-01,    -14.86%
    0.2881666666666666820617593E+01,    0.9165654693306939104768816E-01,    0.1074806213932414239442537E+00,   -0.1582407446017203289656550E-01,    -14.72%
    0.2883333333333333747816596E+01,    0.9171438587759817018252306E-01,    0.1073697396283813804140905E+00,   -0.1565535375078321023156747E-01,    -14.58%
    0.2884999999999999786837179E+01,    0.9177404874507114063142410E-01,    0.1072590224948985065944740E+00,   -0.1548497374982736596304989E-01,    -14.44%
    0.2886666666666666714036182E+01,    0.9183553214860769309257904E-01,    0.1071484696817452259010039E+00,   -0.1531293753313753280842491E-01,    -14.29%
    0.2888333333333333641235185E+01,    0.9189883260001854847764946E-01,    0.1070380808785685450290615E+00,   -0.1513924827854999655141199E-01,    -14.14%
    0.2889999999999999680255769E+01,    0.9196394650949783755589095E-01,    0.1069278557757081526968790E+00,   -0.1496390926621031514098803E-01,    -13.99%
    0.2891666666666666607454772E+01,    0.9203087018531841412283256E-01,    0.1068177940641945322663986E+00,   -0.1478692387887611814356603E-01,    -13.84%
    0.2893333333333333534653775E+01,    0.9209959983352725143568307E-01,    0.1067078954357476017200668E+00,   -0.1460829560222035028438370E-01,    -13.69%
    0.2894999999999999573674359E+01,    0.9217013155764790244273144E-01,    0.1065981595827748262816925E+00,   -0.1442802802512692383896109E-01,    -13.53%
    0.2896666666666666500873362E+01,    0.9224246135838329307965466E-01,    0.1064885861983693171595178E+00,   -0.1424612483998602407986311E-01,    -13.38%
    0.2898333333333333428072365E+01,    0.9231658513332292870234852E-01,    0.1063791749763084715230121E+00,   -0.1406258984298554282066362E-01,    -13.22%
    0.2900000000000000355271368E+01,    0.9239249867665294546625887E-01,    0.1062699256110520573681555E+00,   -0.1387742693439911190189662E-01,    -13.06%
    0.2901666666666666394291951E+01,    0.9247019767886861807415499E-01,    0.1061608377977406175718400E+00,   -0.1369064011887199949768501E-01,    -12.90%
    0.2903333333333333321490954E+01,    0.9254967772649128066042579E-01,    0.1060519112321935963905162E+00,   -0.1350223350570231573009039E-01,    -12.73%
    0.2905000000000000248689958E+01,    0.9263093430178856446666202E-01,    0.1059431456109078961702608E+00,   -0.1331221130911933170359873E-01,    -12.57%
    0.2906666666666666287710541E+01,    0.9271396278249545430671930E-01,    0.1058345406310561148677252E+00,   -0.1312057784856066056100588E-01,    -12.40%
    0.2908333333333333214909544E+01,    0.9279875844154189534762622E-01,    0.1057260959904846586709937E+00,   -0.1292733754894276332336744E-01,    -12.23%
    0.2910000000000000142108547E+01,    0.9288531644678220400290769E-01,    0.1056178113877124097319538E+00,   -0.1273249494093020572904607E-01,    -12.06%
    0.2911666666666667069307550E+01,    0.9297363186072686580541102E-01,    0.1055096865219288387871543E+00,   -0.1253605466120197298174332E-01,    -11.88%
    0.2913333333333333108328134E+01,    0.9306369964027995378419433E-01,    0.1054017210929924508455713E+00,   -0.1233802145271249706137695E-01,    -11.71%
    0.2915000000000000035527137E+01,    0.9315551463647794849798345E-01,    0.1052939148014288422983142E+00,   -0.1213840016495089380033079E-01,    -11.53%
    0.2916666666666666962726140E+01,    0.9324907159423229119354914E-01,    0.1051862673484294935510874E+00,   -0.1193719575419720235753829E-01,    -11.35%
    0.2918333333333333001746723E+01,    0.9334436515207712725672451E-01,    0.1050787784358498677672600E+00,   -0.1173441328377274051053547E-01,    -11.17%
    0.2919999999999999928945726E+01,    0.9344138984191822927538595E-01,    0.1049714477662076067554509E+00,   -0.1153005792428937748006490E-01,    -10.98%
    0.2921666666666666856144730E+01,    0.9354014008878620833886686E-01,    0.1048642750426811987018993E+00,   -0.1132413495389499036303249E-01,    -10.80%
    0.2923333333333332895165313E+01,    0.9364061021059484624107228E-01,    0.1047572599691082712025647E+00,   -0.1111664975851342496149243E-01,    -10.61%
    0.2924999999999999822364316E+01,    0.9374279441790009381740845E-01,    0.1046504022499836622506209E+00,   -0.1090760783208356843321241E-01,    -10.42%
    0.2926666666666666749563319E+01,    0.9384668681366552245304291E-01,    0.1045437015904581712355537E+00,   -0.1069701477679264878251075E-01,    -10.23%
    0.2928333333333333676762322E+01,    0.9395228139302834458046476E-01,    0.1044371576963367548307460E+00,   -0.1048487630330841025028121E-01,    -10.04%
    0.2929999999999999715782906E+01,    0.9405957204307235919316099E-01,    0.1043307702740769588034553E+00,   -0.1027119823100459961029429E-01,     -9.84%
    0.2931666666666666642981909E+01,    0.9416855254260232677143705E-01,    0.1042245390307870722690353E+00,   -0.1005598648818474549759827E-01,     -9.65%
    0.2933333333333333570180912E+01,    0.9427921656192329857848478E-01,    0.1041184636742248786900333E+00,   -0.9839247112301580111548560E-02,     -9.45%
    0.2934999999999999609201495E+01,    0.9439155766262195823568248E-01,    0.1040125439127959072749263E+00,   -0.9620986250173949039243837E-02,     -9.25%
    0.2936666666666666536400498E+01,    0.9450556929735386135771336E-01,    0.1039067794555515733545548E+00,   -0.9401210158197711996841406E-02,     -9.05%
    0.2938333333333333463599502E+01,    0.9462124480963295114488432E-01,    0.1038011700121879710145834E+00,   -0.9179925202555019869699038E-02,     -8.84%
    0.2940000000000000390798505E+01,    0.9473857743362555650090684E-01,    0.1036957152930440551052982E+00,   -0.8957137859418498604391345E-02,     -8.64%
    0.2941666666666666429819088E+01,    0.9485756029394802613108340E-01,    0.1035904150091001424405235E+00,   -0.8732854715152116309440089E-02,     -8.43%
    0.2943333333333333357018091E+01,    0.9497818640546867863250213E-01,    0.1034852688719760660518432E+00,   -0.8507082466507387419341057E-02,     -8.22%
    0.2945000000000000284217094E+01,    0.9510044867311230609718820E-01,    0.1033802765939300233322129E+00,   -0.8279827920817717235024702E-02,     -8.01%
    0.2946666666666666323237678E+01,    0.9522433989167017331922693E-01,    0.1032754378878566609012424E+00,   -0.8051097996186487582015445E-02,     -7.80%
    0.2948333333333333250436681E+01,    0.9534985274561334767096099E-01,    0.1031707524672855619263245E+00,   -0.7820899721672214255363542E-02,     -7.58%
    0.2950000000000000177635684E+01,    0.9547697980890934577047346E-01,    0.1030662200463797889549156E+00,   -0.7589240237470443184442104E-02,     -7.36%
    0.2951666666666667104834687E+01,    0.9560571354484470596446499E-01,    0.1029618403399342047022103E+00,   -0.7356126795089498737745259E-02,     -7.14%
    0.2953333333333333143855270E+01,    0.9573604630584874042309451E-01,    0.1028576130633740148834221E+00,   -0.7121566757525274460327580E-02,     -6.92%
    0.2955000000000000071054274E+01,    0.9586797033332394857296777E-01,    0.1027535379327529502235805E+00,   -0.6885567599429001650612747E-02,     -6.70%
    0.2956666666666666998253277E+01,    0.9600147775747917833211176E-01,    0.1026496146647520313344160E+00,   -0.6648136907272853002304203E-02,     -6.48%
    0.2958333333333333037273860E+01,    0.9613656059716736701492579E-01,    0.1025458429766779588909742E+00,   -0.6409282379510591876048409E-02,     -6.25%
    0.2959999999999999964472863E+01,    0.9627321075972702923984059E-01,    0.1024422225864612401302622E+00,   -0.6169011826734210890421650E-02,     -6.02%
    0.2961666666666666891671866E+01,    0.9641142004082839389589310E-01,    0.1023387532126550925060116E+00,   -0.5927333171826698610118456E-02,     -5.79%
    0.2963333333333332930692450E+01,    0.9655118012432319096749467E-01,    0.1022354345744336673318386E+00,   -0.5684254450110476364343981E-02,     -5.56%
    0.2964999999999999857891453E+01,    0.9669248258209973967414186E-01,    0.1021322663915904399578594E+00,   -0.5439783809490700283717501E-02,     -5.33%
    0.2966666666666666785090456E+01,    0.9683531887394056236750828E-01,    0.1020292483845368913808471E+00,   -0.5193929510596329013338845E-02,     -5.09%
    0.2968333333333333712289459E+01,    0.9697968034738571607711322E-01,    0.1019263802743008567874838E+00,   -0.4946699926915140710370622E-02,     -4.85%
    0.2969999999999999751310042E+01,    0.9712555823760032902569606E-01,    0.1018236617825250406310644E+00,   -0.4698103544924711605368373E-02,     -4.61%
    0.2971666666666666678509046E+01,    0.9727294366724613394747934E-01,    0.1017210926314653235413843E+00,   -0.4448148964219189593904957E-02,     -4.37%
    0.2973333333333333605708049E+01,    0.9742182764635651248674719E-01,    0.1016186725439895827127756E+00,   -0.4196844897633070226028451E-02,     -4.13%
    0.2974999999999999644728632E+01,    0.9757220107221763194527142E-01,    0.1015164012435759433028437E+00,   -0.3944200171358311357572290E-02,     -3.89%
    0.2976666666666666571927635E+01,    0.9772405472925330127687005E-01,    0.1014142784543111963646567E+00,   -0.3690223725057895087786619E-02,     -3.64%
    0.2978333333333333499126638E+01,    0.9787737928891347694015934E-01,    0.1013123039008895359680551E+00,   -0.3434924611976059027895758E-02,     -3.39%
    0.2980000000000000426325641E+01,    0.9803216530956869456669978E-01,    0.1012104773086109493762663E+00,   -0.3178311999042254809566543E-02,     -3.14%
    0.2981666666666666465346225E+01,    0.9818840323640762313139874E-01,    0.1011087984033797460003967E+00,   -0.2920395166972122868997985E-02,     -2.89%
    0.2983333333333333392545228E+01,    0.9834608340134018411582417E-01,    0.1010072669117028226759558E+00,   -0.2661183510362638560131643E-02,     -2.63%
    0.2985000000000000319744231E+01,    0.9850519602290498666352647E-01,    0.1009058825606885534398316E+00,   -0.2400686537783566776305122E-02,     -2.38%
    0.2986666666666666358764815E+01,    0.9866573120618092607170269E-01,    0.1008046450780452213402683E+00,   -0.2138913871864295268565570E-02,     -2.12%
    0.2988333333333333285963818E+01,    0.9882767894270370889753252E-01,    0.1007035541920791726910878E+00,   -0.1875875249375463793555241E-02,     -1.86%
    0.2990000000000000213162821E+01,    0.9899102911038730467918612E-01,    0.1006026096316938317487555E+00,   -0.1611580521306527069569370E-02,     -1.60%
    0.2991666666666666252183404E+01,    0.9915577147344953323759853E-01,    0.1005018111263880353778433E+00,   -0.1346039652938502140244736E-02,     -1.34%
    0.2993333333333333179382407E+01,    0.9932189568234311982664053E-01,    0.1004011584062543260831291E+00,   -0.1079262723911206256488526E-02,     -1.07%
    0.2995000000000000106581410E+01,    0.9948939127369019197466571E-01,    0.1003006512019779111755113E+00,   -0.8112599282877192008456291E-03,     -0.81%
    0.2996666666666667033780413E+01,    0.9965824767022321561960041E-01,    0.1002002892448349419263209E+00,   -0.5420415746117263067205272E-03,     -0.54%
    0.2998333333333333072800997E+01,    0.9982845418072917864638072E-01,    0.1001000722666910702773890E+00,   -0.2716180859618916310083137E-03,     -0.27%
    0.3000000000000000000000000E+01,    0.1000000000000000055511151E+00,    0.1000000000000000055511151E+00,    0.0000000000000000000000000E+00,      0.00%
    0.3001666666666666927199003E+01,    0.1001728742087863999188357E+00,    0.9990007217780212667168627E-01,    0.2728020309842732471494742E-03,      0.27%
    0.3003333333333333854398006E+01,    0.1003470657737575849610678E+00,    0.9980028853372305275293286E-01,    0.5467772400345322081349764E-03,      0.55%
    0.3005000000000000781597009E+01,    0.1005225635474657347456784E+00,    0.9970064880197201939715512E-01,    0.8219147454937153485232670E-03,      0.82%
    0.3006666666666665932439173E+01,    0.1006993562683149573411256E+00,    0.9960115271734082398324972E-01,    0.1098203550974133357875928E-02,      1.10%
    0.3008333333333332859638176E+01,    0.1008774325605361898983148E+00,    0.9950180001520170236517515E-01,    0.1375632545334487533139622E-02,      1.38%
    0.3009999999999999786837179E+01,    0.1010567809341653827681640E+00,    0.9940259043150666273813698E-01,    0.1654190502658720030026984E-02,      1.66%
    0.3011666666666666714036182E+01,    0.1012373897850284559796208E+00,    0.9930352370278565377059721E-01,    0.1933866082242802209023580E-02,      1.95%
    0.3013333333333333641235185E+01,    0.1014192473947305439541111E+00,    0.9920459956614520458106909E-01,    0.2214647828585339373042018E-02,      2.23%
    0.3015000000000000568434189E+01,    0.1016023419306501807124476E+00,    0.9910581775926698144818516E-01,    0.2496524171383199264262487E-02,      2.52%
    0.3016666666666667495633192E+01,    0.1017866614459386753743786E+00,    0.9900717802040644166527983E-01,    0.2779483425532233709098762E-02,      2.81%
    0.3018333333333332646475355E+01,    0.1019721938795248444842301E+00,    0.9890868008839143188382081E-01,    0.3063513791133412600409258E-02,      3.10%
    0.3019999999999999573674359E+01,    0.1021589270561254481073377E+00,    0.9881032370262046726772098E-01,    0.3348603353504980839616678E-02,      3.39%
    0.3021666666666666500873362E+01,    0.1023468486862586651620077E+00,    0.9871210860306189882606986E-01,    0.3634740083196766335937866E-02,      3.68%
    0.3023333333333333428072365E+01,    0.1025359463662653680682268E+00,    0.9861403453025205378956741E-01,    0.3921911836013314278659436E-02,      3.98%
    0.3025000000000000355271368E+01,    0.1027262075783342970547452E+00,    0.9851610122529400048740911E-01,    0.4210106353040296567336043E-02,      4.27%
    0.3026666666666667282470371E+01,    0.1029176196905322998587096E+00,    0.9841830842985614669071737E-01,    0.4499311260676153167992197E-02,      4.57%
    0.3028333333333334209669374E+01,    0.1031101699568414686858375E+00,    0.9832065588617083795597296E-01,    0.4789514070670630729864570E-02,      4.87%
    0.3029999999999999360511538E+01,    0.1033038455171984976166399E+00,    0.9822314333703310862411229E-01,    0.5080702180165388992527653E-02,      5.17%
    0.3031666666666666287710541E+01,    0.1034986333975438238530487E+00,    0.9812577052579878056359775E-01,    0.5372862871745043289450905E-02,      5.48%
    0.3033333333333333214909544E+01,    0.1036945205098713518321318E+00,    0.9802853719638383866996634E-01,    0.5665983313487513162165499E-02,      5.78%
    0.3035000000000000142108547E+01,    0.1038914936522872395352479E+00,    0.9793144309326255736447564E-01,    0.5960050559024682170772280E-02,      6.09%
    0.3036666666666667069307550E+01,    0.1040895395090723485331807E+00,    0.9783448796146622383762548E-01,    0.6255051547606124695555252E-02,      6.39%
    0.3038333333333333996506553E+01,    0.1042886446507509529135760E+00,    0.9773767154658187517046741E-01,    0.6550973104169077743108573E-02,      6.70%
    0.3039999999999999147348717E+01,    0.1044887955341635699113567E+00,    0.9764099359475086892246054E-01,    0.6847801939412700988896177E-02,      7.01%
    0.3041666666666666074547720E+01,    0.1046899785025486029343966E+00,    0.9754445385266727330808578E-01,    0.7145524649881329626310844E-02,      7.33%
    0.3043333333333333001746723E+01,    0.1048921797856241094892837E+00,    0.9744805206757699289621399E-01,    0.7444127718047116593069745E-02,      7.64%
    0.3044999999999999928945726E+01,    0.1050953854996812264488426E+00,    0.9735178798727613103114464E-01,    0.7743597512405095417697964E-02,      7.95%
    0.3046666666666666856144730E+01,    0.1052995816476784141091372E+00,    0.9725566136010960205382503E-01,    0.8043920287568812055312151E-02,      8.27%
    0.3048333333333333783343733E+01,    0.1055047541193437354856144E+00,    0.9715967193496992393431100E-01,    0.8345082184373811551303390E-02,      8.59%
    0.3050000000000000710542736E+01,    0.1057108886912825340687050E+00,    0.9706381946129576110404713E-01,    0.8647069229986772964657860E-02,      8.91%
    0.3051666666666665861384899E+01,    0.1059179710270900798274596E+00,    0.9696810368907074484390307E-01,    0.8949867338019334983556519E-02,      9.23%
    0.3053333333333332788583903E+01,    0.1061259866774714594184204E+00,    0.9687252436882172468290975E-01,    0.9253462308649734735510606E-02,      9.55%
    0.3054999999999999715782906E+01,    0.1063349210803643946077202E+00,    0.9677708125161801899771774E-01,    0.9557839828746375610002417E-02,      9.88%
    0.3056666666666666642981909E+01,    0.1065447595610707759439251E+00,    0.9668177408906969416690913E-01,    0.9862985472001081777015941E-02,     10.20%
    0.3058333333333333570180912E+01,    0.1067554873323918324112825E+00,    0.9658660263332638495903382E-01,    0.1016888469906544745224863E-01,     10.53%
    0.3060000000000000497379915E+01,    0.1069670894947720857226514E+00,    0.9649156663707589287604094E-01,    0.1047552285769619284661047E-01,     10.86%
    0.3061666666666667424578918E+01,    0.1071795510364442344242164E+00,    0.9639666585354289551901275E-01,    0.1078288518290133890520366E-01,     11.19%
    0.3063333333333332575421082E+01,    0.1073928568335853622750520E+00,    0.9630190003648775309841312E-01,    0.1109095679709760917663885E-01,     11.52%
    0.3064999999999999502620085E+01,    0.1076069916504753670727368E+00,    0.9620726894020480146618723E-01,    0.1139972271027056560654955E-01,     11.85%
    0.3066666666666666429819088E+01,    0.1078219401396624532729618E+00,    0.9611277231952157495964428E-01,    0.1170916782014087831331750E-01,     12.18%
    0.3068333333333333357018091E+01,    0.1080376868421345226689567E+00,    0.9601840992979721045585961E-01,    0.1201927691233731221309711E-01,     12.52%
    0.3070000000000000284217094E+01,    0.1082542161874975039648206E+00,    0.9592418152692111510404516E-01,    0.1233003466057638886077541E-01,     12.85%
    0.3071666666666667211416097E+01,    0.1084715124941581371187382E+00,    0.9583008686731175895801016E-01,    0.1264142562684637816072808E-01,     13.19%
    0.3073333333333334138615101E+01,    0.1086895599695126973793791E+00,    0.9573612570791542597525847E-01,    0.1295343426159727140412059E-01,     13.53%
    0.3074999999999999289457264E+01,    0.1089083427101446011064922E+00,    0.9564229780620482623820777E-01,    0.1326604490393977486828447E-01,     13.87%
    0.3076666666666666216656267E+01,    0.1091278447020247871490639E+00,    0.9554860292017765266425755E-01,    0.1357924178184713448480636E-01,     14.21%
    0.3078333333333333143855270E+01,    0.1093480498207195367177391E+00,    0.9545504080835572058294503E-01,    0.1389300901236381613479409E-01,     14.55%
    0.3080000000000000071054274E+01,    0.1095689418316043023393647E+00,    0.9536161122978334403477163E-01,    0.1420733060182095830459303E-01,     14.90%
    0.3081666666666666998253277E+01,    0.1097905043900855165395214E+00,    0.9526831394402614228145154E-01,    0.1452219044605937425806985E-01,     15.24%
    0.3083333333333333925452280E+01,    0.1100127210418236356481714E+00,    0.9517514871116983243837240E-01,    0.1483757233065380320979898E-01,     15.59%
    0.3085000000000000852651283E+01,    0.1102355752229692287258445E+00,    0.9508211529181885557360232E-01,    0.1515345993115037315224214E-01,     15.94%
    0.3086666666666666003493447E+01,    0.1104590502603997048680640E+00,    0.9498921344709526648486531E-01,    0.1546983681330443838319866E-01,     16.29%
    0.3088333333333332930692450E+01,    0.1106831293719657410834500E+00,    0.9489644293863708224279208E-01,    0.1578668643332865884065797E-01,     16.64%
    0.3089999999999999857891453E+01,    0.1109077956667407494073530E+00,    0.9480380352859757442374189E-01,    0.1610399213814317498361106E-01,     16.99%
    0.3091666666666666785090456E+01,    0.1111330321452806968451910E+00,    0.9471129497964363153084122E-01,    0.1642173716563706531434974E-01,     17.34%
    0.3093333333333333712289459E+01,    0.1113588216998876445629207E+00,    0.9461891705495464877095912E-01,    0.1673990464493299579196162E-01,     17.69%
    0.3095000000000000639488462E+01,    0.1115851471148795875931725E+00,    0.9452666951822116803150209E-01,    0.1705847759665841956167043E-01,     18.05%
    0.3096666666666665790330626E+01,    0.1118119910668679134468917E+00,    0.9443455213364382316854062E-01,    0.1737743893322409027835107E-01,     18.40%
    0.3098333333333332717529629E+01,    0.1120393361250403008178012E+00,    0.9434256466593170242784794E-01,    0.1769677145910859838995322E-01,     18.76%
    0.3099999999999999644728632E+01,    0.1122671647514527359934533E+00,    0.9425070688030162679993396E-01,    0.1801645787115110919351935E-01,     19.12%
    0.3101666666666666571927635E+01,    0.1124954593013217790664626E+00,    0.9415897854247656795223520E-01,    0.1833648075884521111422742E-01,     19.47%
    0.3103333333333333499126638E+01,    0.1127242020233304997667290E+00,    0.9406737941868449637272676E-01,    0.1865682260464600339400221E-01,     19.83%
    0.3105000000000000426325641E+01,    0.1129533750599382019297323E+00,    0.9397590927565716012459518E-01,    0.1897746578428104180513714E-01,     20.19%
    0.3106666666666667353524645E+01,    0.1131829604476934786339015E+00,    0.9388456788062886360091142E-01,    0.1929839256706461503299010E-01,     20.56%
    0.3108333333333332504366808E+01,    0.1134129401175605206253394E+00,    0.9379335500133530179045493E-01,    0.1961958511622521883488446E-01,     20.92%
    0.3109999999999999431565811E+01,    0.1136432958952452165757308E+00,    0.9370227040601196433211584E-01,    0.1994102548923325224361491E-01,     21.28%
    0.3111666666666666358764815E+01,    0.1138740095015322167926186E+00,    0.9361131386339353877001912E-01,    0.2026269563813867802259949E-01,     21.65%
    0.3113333333333333285963818E+01,    0.1141050625526274092669254E+00,    0.9352048514271225909677554E-01,    0.2058457740991515017014990E-01,     22.01%
    0.3115000000000000213162821E+01,    0.1143364365605085697374932E+00,    0.9342978401369679553045700E-01,    0.2090665254681177420703619E-01,     22.38%
    0.3116666666666667140361824E+01,    0.1145681129332771219786480E+00,    0.9333921024657106102484505E-01,    0.2122890268670606095380293E-01,     22.74%
    0.3118333333333334067560827E+01,    0.1148000729755248999763850E+00,    0.9324876361205299002410385E-01,    0.2155130936347190995228118E-01,     23.11%
    0.3119999999999999218402991E+01,    0.1150322978887029223837857E+00,    0.9315844388135344211754330E-01,    0.2187385400734948026624238E-01,     23.48%
    0.3121666666666666145601994E+01,    0.1152647687714964536143114E+00,    0.9306825082617464772738458E-01,    0.2219651794532180588692682E-01,     23.85%
    0.3123333333333333072800997E+01,    0.1154974666202091132527485E+00,    0.9297818421870950034158199E-01,    0.2251928240149961291116654E-01,     24.22%
    0.3125000000000000000000000E+01,    0.1157303723291501634795608E+00,    0.9288824383164005771273963E-01,    0.2284212849751010576682120E-01,     24.59%
    0.3126666666666666927199003E+01,    0.1159634666910364791947430E+00,    0.9279842943813643163508686E-01,    0.2316503725290004755965612E-01,     24.96%
    0.3128333333333333854398006E+01,    0.1161967303973913262504780E+00,    0.9270874081185556669915115E-01,    0.2348798958553575955132686E-01,     25.34%
    0.3130000000000000781597009E+01,    0.1164301440389575448275394E+00,    0.9261917772694010231315787E-01,    0.2381096631201744251438157E-01,     25.71%
    0.3131666666666665932439173E+01,    0.1166636881061135638804060E+00,    0.9252973995801723472443001E-01,    0.2413394814809632915597604E-01,     26.08%
    0.3133333333333332859638176E+01,    0.1168973429893005872015621E+00,    0.9244042728019723209609282E-01,    0.2445691570910335510546929E-01,     26.46%
    0.3134999999999999786837179E+01,    0.1171310889794506954197928E+00,    0.9235123946907274061768334E-01,    0.2477984951037795480210946E-01,     26.83%
    0.3136666666666666714036182E+01,    0.1173649062684298527425852E+00,    0.9226217630071728570406719E-01,    0.2510272996771256703851805E-01,     27.21%
    0.3138333333333333641235185E+01,    0.1175987749494762646396140E+00,    0.9217323755168420340577740E-01,    0.2542553739779206123383659E-01,     27.58%
    0.3140000000000000568434189E+01,    0.1178326750176621057208948E+00,    0.9208442299900546079705066E-01,    0.2574825201865664492384411E-01,     27.96%
    0.3141666666666667495633192E+01,    0.1180665863703457968414412E+00,    0.9199573242019046248607594E-01,    0.2607085395015533435536526E-01,     28.34%
    0.3143333333333332646475355E+01,    0.1183004888076438221311548E+00,    0.9190716559322503753648448E-01,    0.2639332321441878459467034E-01,     28.72%
    0.3144999999999999573674359E+01,    0.1185343620329020186687785E+00,    0.9181872229656989903290309E-01,    0.2671563973633211963587542E-01,     29.10%
    0.3146666666666666500873362E+01,    0.1187681856531781349195498E+00,    0.9173040230915999182492726E-01,    0.2703778334401814309462253E-01,     29.48%
    0.3148333333333333428072365E+01,    0.1190019391797283165868038E+00,    0.9164220541040307699276468E-01,    0.2735973376932523959403909E-01,     29.85%
    0.3150000000000000355271368E+01,    0.1192356020285057910390591E+00,    0.9155413138017851060190821E-01,    0.2768147064832728043715093E-01,     30.24%
    0.3151666666666667282470371E+01,    0.1194691535206607868602191E+00,    0.9146617999883631389135275E-01,    0.2800297352182447296886636E-01,     30.62%
    0.3153333333333334209669374E+01,    0.1197025728830524854418016E+00,    0.9137835104719586876154125E-01,    0.2832422183585661668026034E-01,     31.00%
    0.3154999999999999360511538E+01,    0.1199358392487655938785096E+00,    0.9129064430654489081806702E-01,    0.2864519494222070306044259E-01,     31.38%
    0.3156666666666666287710541E+01,    0.1201689316576357441368472E+00,    0.9120305955863801383731726E-01,    0.2896587209899773029952996E-01,     31.76%
    0.3158333333333333214909544E+01,    0.1204018290567789445377755E+00,    0.9111559658569612363265833E-01,    0.2928623247108282090511722E-01,     32.14%
    0.3160000000000000142108547E+01,    0.1206345103011354918942644E+00,    0.9102825517040488700892809E-01,    0.2960625513073060488533628E-01,     32.52%
    0.3161666666666667069307550E+01,    0.1208669541540127595480314E+00,    0.9094103509591372480613813E-01,    0.2992591905809903474189326E-01,     32.91%
    0.3163333333333333996506553E+01,    0.1210991392876413080825770E+00,    0.9085393614583467392087357E-01,    0.3024520314180663416170347E-01,     33.29%
    0.3164999999999999147348717E+01,    0.1213310442837339797605978E+00,    0.9076695810424136034999520E-01,    0.3056408617949261941060257E-01,     33.67%
    0.3166666666666666074547720E+01,    0.1215626476340604944503809E+00,    0.9068010075566754202291975E-01,    0.3088254687839295242746118E-01,     34.06%
    0.3168333333333333001746723E+01,    0.1217939277410157866698981E+00,    0.9059336388510649817895626E-01,    0.3120056385590928849094183E-01,     34.44%
    0.3169999999999999928945726E+01,    0.1220248629182108385249350E+00,    0.9050674727800957219958633E-01,    0.3151811564020126632534868E-01,     34.82%
    0.3171666666666666856144730E+01,    0.1222554313910606954562965E+00,    0.9042025072028520016331754E-01,    0.3183518067077549529297897E-01,     35.21%
    0.3173333333333333783343733E+01,    0.1224856112973848470959481E+00,    0.9033387399829768960035636E-01,    0.3215173729908715749559178E-01,     35.59%
    0.3175000000000000710542736E+01,    0.1227153806880129510714639E+00,    0.9024761689886622029188601E-01,    0.3246776378914673077957787E-01,     35.98%
    0.3176666666666665861384899E+01,    0.1229447175273981618381924E+00,    0.9016147920926383119155645E-01,    0.3278323831813433064663599E-01,     36.36%
    0.3178333333333332788583903E+01,    0.1231735996942401600851014E+00,    0.9007546071721587999103775E-01,    0.3309813897702428009406361E-01,     36.74%
    0.3179999999999999715782906E+01,    0.1234020049821157316571885E+00,    0.8998956121089955739744681E-01,    0.3341244377121617425974165E-01,     37.13%
    0.3181666666666666642981909E+01,    0.1236299111001123024466963E+00,    0.8990378047894241608783972E-01,    0.3372613062116988635885662E-01,     37.51%
    0.3183333333333333570180912E+01,    0.1238572956734736302264466E+00,    0.8981811831042138538627739E-01,    0.3403917736305224484016918E-01,     37.90%
    0.3185000000000000497379915E+01,    0.1240841362442528100773487E+00,    0.8973257449486166104080098E-01,    0.3435156174939114903654769E-01,     38.28%
    0.3186666666666667424578918E+01,    0.1243104102719735370996545E+00,    0.8964714882223563663377064E-01,    0.3466326144973790046588391E-01,     38.67%
    0.3188333333333332575421082E+01,    0.1245360951342947830600139E+00,    0.8956184108296191825893118E-01,    0.3497425405133286480108268E-01,     39.05%
    0.3189999999999999502620085E+01,    0.1247611681276878103918904E+00,    0.8947665106790385347590444E-01,    0.3528451705978395691598593E-01,     39.43%
    0.3191666666666666429819088E+01,    0.1249856064681204720345775E+00,    0.8939157856836904558761603E-01,    0.3559402789975142644696149E-01,     39.82%
    0.3193333333333333357018091E+01,    0.1252093872917436345737485E+00,    0.8930662337610789647257548E-01,    0.3590276391563573810117305E-01,     40.20%
    0.3195000000000000284217094E+01,    0.1254324876555976686631766E+00,    0.8922178528331262126194190E-01,    0.3621070237228504740123469E-01,     40.59%
    0.3196666666666667211416097E+01,    0.1256548845383103907291655E+00,    0.8913706408261616587207499E-01,    0.3651782045569422485709055E-01,     40.97%
    0.3198333333333334138615101E+01,    0.1258765548408161127902360E+00,    0.8905245956709120780381284E-01,    0.3682409527372490498642321E-01,     41.35%
    0.3199999999999999289457264E+01,    0.1260974753870792441912130E+00,    0.8896797153024915694174979E-01,    0.3712950385683008724946319E-01,     41.73%
    0.3201666666666666216656267E+01,    0.1263176229248214599287792E+00,    0.8888359976603862899757758E-01,    0.3743402315878283093120160E-01,     42.12%
    0.3203333333333333143855270E+01,    0.1265369741262591107844315E+00,    0.8879934406884515407654135E-01,    0.3773763005741395670789018E-01,     42.50%
    0.3205000000000000071054274E+01,    0.1267555055888528181551322E+00,    0.8871520423348953909847836E-01,    0.3804030135536327905665388E-01,     42.88%
    0.3206666666666666998253277E+01,    0.1269731938360584844183165E+00,    0.8863118005522704900833730E-01,    0.3834201378083143540997924E-01,     43.26%
    0.3208333333333333925452280E+01,    0.1271900153180890447046636E+00,    0.8854727132974631043094149E-01,    0.3864274398834273427372210E-01,     43.64%
    0.3210000000000000852651283E+01,    0.1274059464126840734987667E+00,    0.8846347785316827083690328E-01,    0.3894246855951580266186340E-01,     44.02%
    0.3211666666666666003493447E+01,    0.1276209634258924363603427E+00,    0.8837979942204525485305311E-01,    0.3924116400384718150728958E-01,     44.40%
    0.3213333333333332930692450E+01,    0.1278350425928514166873384E+00,    0.8829623583335952097250754E-01,    0.3953880675949189571483089E-01,     44.78%
    0.3214999999999999857891453E+01,    0.1280481600785804696673864E+00,    0.8821278688452285909882278E-01,    0.3983537319405761056856363E-01,     45.16%
    0.3216666666666666785090456E+01,    0.1282602919787915463079031E+00,    0.8812945237337511950048707E-01,    0.4013083960541642680741603E-01,     45.54%
    0.3218333333333333712289459E+01,    0.1284714143206881209469117E+00,    0.8804623209818326912134978E-01,    0.4042518222250485182556190E-01,     45.91%
    0.3220000000000000639488462E+01,    0.1286815030637919465839047E+00,    0.8796312585764043401326262E-01,    0.4071837720615151257064213E-01,     46.29%
    0.3221666666666665790330626E+01,    0.1288905341007620941606859E+00,    0.8788013345086492789093313E-01,    0.4101040064989716626975280E-01,     46.67%
    0.3223333333333332717529629E+01,    0.1290984832582353913910111E+00,    0.8779725467739878108641705E-01,    0.4130122858083661030459410E-01,     47.04%
    0.3224999999999999644728632E+01,    0.1293053262976643635884244E+00,    0.8771448933720740748221090E-01,    0.4159083696045695610621351E-01,     47.42%
    0.3226666666666666571927635E+01,    0.1295110389161684416592379E+00,    0.8763183723067816122132001E-01,    0.4187920168549028043791793E-01,     47.79%
    0.3228333333333333499126638E+01,    0.1297155967473952453694608E+00,    0.8754929815861937913989976E-01,    0.4216629858877586622956102E-01,     48.16%
    0.3230000000000000426325641E+01,    0.1299189753623818111005761E+00,    0.8746687192225942319989684E-01,    0.4245210344012238790067926E-01,     48.54%
    0.3231666666666667353524645E+01,    0.1301211502704381628436892E+00,    0.8738455832324563965496367E-01,    0.4273659194719252318872549E-01,     48.91%
    0.3233333333333332504366808E+01,    0.1303220969200199197413070E+00,    0.8730235716364345699425087E-01,    0.4301973975637646274705617E-01,     49.28%
    0.3234999999999999431565811E+01,    0.1305217906996301024946661E+00,    0.8722026824593501204141432E-01,    0.4330152245369509045325174E-01,     49.65%
    0.3236666666666666358764815E+01,    0.1307202069387091714069982E+00,    0.8713829137301870586540531E-01,    0.4358191556569046554159286E-01,     50.01%
    0.3238333333333333285963818E+01,    0.1309173209085520983574469E+00,    0.8705642634820781600168971E-01,    0.4386089456034428235575717E-01,     50.38%
    0.3240000000000000213162821E+01,    0.1311131078232180002807183E+00,    0.8697467297522959439604051E-01,    0.4413843484798840588467783E-01,     50.75%
    0.3241666666666667140361824E+01,    0.1313075428404571753926433E+00,    0.8689303105822435147054250E-01,    0.4441451178223282392210081E-01,     51.11%
    0.3243333333333334067560827E+01,    0.1315006010626430243970475E+00,    0.8681150040174430426720420E-01,    0.4468910066089872012984330E-01,     51.48%
    0.3244999999999999218402991E+01,    0.1316922575377117710093700E+00,    0.8673008081075284092520405E-01,    0.4496217672695893008416590E-01,     51.84%
    0.3246666666666666145601994E+01,    0.1318824872601172260022651E+00,    0.8664877209062309126874624E-01,    0.4523371516949413473351882E-01,     52.20%
    0.3248333333333333072800997E+01,    0.1320712651717832475384284E+00,    0.8656757404713749659563859E-01,    0.4550369112464575094278985E-01,     52.56%
    0.3250000000000000000000000E+01,    0.1322585661630711895142554E+00,    0.8648648648648649128745092E-01,    0.4577207967658469822680445E-01,     52.92%
    0.3251666666666666927199003E+01,    0.1324443650737565925101791E+00,    0.8640550921526755911994400E-01,    0.4603885585848903339023508E-01,     53.28%
    0.3253333333333333854398006E+01,    0.1326286366940064576080971E+00,    0.8632464204048431732907432E-01,    0.4630399465352214027902278E-01,     53.64%
    0.3255000000000000781597009E+01,    0.1328113557653783083356558E+00,    0.8624388476954551741027188E-01,    0.4656747099583279092538390E-01,     54.00%
    0.3256666666666665932439173E+01,    0.1329924969818133684285044E+00,    0.8616323721026418469559616E-01,    0.4682925977154918373290826E-01,     54.35%
    0.3258333333333332859638176E+01,    0.1331720349906483358282117E+00,    0.8608269917085625833053086E-01,    0.4708933581979207749768079E-01,     54.70%
    0.3259999999999999786837179E+01,    0.1333499443936304873492560E+00,    0.8600227045994014718477416E-01,    0.4734767393369034016448182E-01,     55.05%
    0.3261666666666666714036182E+01,    0.1335261997479420259526961E+00,    0.8592195088653552248469936E-01,    0.4760424886140650346799674E-01,     55.40%
    0.3263333333333333641235185E+01,    0.1337007755672371123178976E+00,    0.8584174026006230473484493E-01,    0.4785903530717480758305271E-01,     55.75%
    0.3265000000000000568434189E+01,    0.1338736463226788686586843E+00,    0.8576163839033977553949484E-01,    0.4811200793233909311918950E-01,     56.10%
    0.3266666666666667495633192E+01,    0.1340447864439913983058972E+00,    0.8568164508758564779089539E-01,    0.4836314135640575051500178E-01,     56.45%
    0.3268333333333332646475355E+01,    0.1342141703205220193417802E+00,    0.8560176016241510810189652E-01,    0.4861241015810691123988363E-01,     56.79%
    0.3269999999999999573674359E+01,    0.1343817723023032206786098E+00,    0.8552198342583962331620029E-01,    0.4885978887646359736240953E-01,     57.13%
    0.3271666666666666500873362E+01,    0.1345475667011345466406169E+00,    0.8544231468926648254136325E-01,    0.4910525201186806409925367E-01,     57.47%
    0.3273333333333333428072365E+01,    0.1347115277916603737207168E+00,    0.8536275376449743712559126E-01,    0.4934877402716293659512559E-01,     57.81%
    0.3275000000000000355271368E+01,    0.1348736298124703081313669E+00,    0.8528330046372792350162229E-01,    0.4959032934874238462974461E-01,     58.15%
    0.3276666666666667282470371E+01,    0.1350338469671933105953343E+00,    0.8520395459954611949715542E-01,    0.4982989236764719109817889E-01,     58.48%
    0.3278333333333334209669374E+01,    0.1351921534256142753971375E+00,    0.8512471598493194513412874E-01,    0.5006743744068233026300874E-01,     58.82%
    0.3279999999999999360511538E+01,    0.1353485233247885277663158E+00,    0.8504558443325625771702647E-01,    0.5030293889153227004928937E-01,     59.15%
    0.3281666666666666287710541E+01,    0.1355029307701701435373565E+00,    0.8496655975827958895418845E-01,    0.5053637101189055458316801E-01,     59.48%
    0.3283333333333333214909544E+01,    0.1356553498367503440835691E+00,    0.8488764177415172862417592E-01,    0.5076770806259861545939316E-01,     59.81%
    0.3285000000000000142108547E+01,    0.1358057545701954194061756E+00,    0.8480883029541035067477850E-01,    0.5099692427478506873139708E-01,     60.13%
    0.3286666666666667069307550E+01,    0.1359541189880111577981125E+00,    0.8473012513698034708919948E-01,    0.5122399385103081070891307E-01,     60.46%
    0.3288333333333333996506553E+01,    0.1361004170806906499180400E+00,    0.8465152611417277317418240E-01,    0.5144889096651787674385758E-01,     60.78%
    0.3289999999999999147348717E+01,    0.1362446228128935676870981E+00,    0.8457303304268405652610596E-01,    0.5167158977020951116099212E-01,     61.10%
    0.3291666666666666074547720E+01,    0.1363867101246248325630006E+00,    0.8449464573859472027450579E-01,    0.5189206438603011228849482E-01,     61.41%
    0.3293333333333333001746723E+01,    0.1365266529324189737071293E+00,    0.8441636401836900838180355E-01,    0.5211028891404996532532579E-01,     61.73%
    0.3294999999999999928945726E+01,    0.1366644251305378643390753E+00,    0.8433818769885363664240430E-01,    0.5232623743168422769667103E-01,     62.04%
    0.3296666666666666856144730E+01,    0.1368000005921751194293279E+00,    0.8426011659727689062648892E-01,    0.5253988399489822880283896E-01,     62.35%
    0.3298333333333333783343733E+01,    0.1369333531706722340004490E+00,    0.8418215053124780689053352E-01,    0.5275120263942442710991543E-01,     62.66%
    0.3300000000000000710542736E+01,    0.1370644567007351932730330E+00,    0.8410428931875522928773847E-01,    0.5296016738197996398529455E-01,     62.97%
    0.3301666666666665861384899E+01,    0.1371932849996715109153200E+00,    0.8402653277816694854518431E-01,    0.5316675222150456237013572E-01,     63.27%
    0.3303333333333332788583903E+01,    0.1373198118686249635800323E+00,    0.8394888072822857816301934E-01,    0.5337093114039638541701294E-01,     63.58%
    0.3304999999999999715782906E+01,    0.1374440110938281167651809E+00,    0.8387133298806302705852289E-01,    0.5357267810576508970665799E-01,     63.87%
    0.3306666666666666642981909E+01,    0.1375658564478538514741501E+00,    0.8379388937716933383192952E-01,    0.5377196707068451764222061E-01,     64.17%
    0.3308333333333333570180912E+01,    0.1376853216908903443371770E+00,    0.8371654971542186185473611E-01,    0.5396877197546848248244089E-01,     64.47%
    0.3310000000000000497379915E+01,    0.1378023805720029193455645E+00,    0.8363931382306936945791875E-01,    0.5416306674893354988764571E-01,     64.76%
    0.3311666666666667424578918E+01,    0.1379170068304274021642186E+00,    0.8356218152073417726466431E-01,    0.5435482530969322489955431E-01,     65.05%
    0.3313333333333332575421082E+01,    0.1380291741968548979713205E+00,    0.8348515262941129388973849E-01,    0.5454402156744360408158201E-01,     65.33%
    0.3314999999999999502620085E+01,    0.1381388563947369974016510E+00,    0.8340822697046725020530999E-01,    0.5473062942426974719634103E-01,     65.62%
    0.3316666666666666429819088E+01,    0.1382460271415960062491024E+00,    0.8333140436563969688510412E-01,    0.5491462277595630936399829E-01,     65.90%
    0.3318333333333333357018091E+01,    0.1383506601503355082360969E+00,    0.8325468463703616928128781E-01,    0.5509597551329933895480906E-01,     66.18%
    0.3320000000000000284217094E+01,    0.1384527291305757412676058E+00,    0.8317806760713333802392810E-01,    0.5527466152344240324367775E-01,     66.45%
    0.3321666666666667211416097E+01,    0.1385522077899806747680600E+00,    0.8310155309877609308699675E-01,    0.5545065469120458168106325E-01,     66.73%
    0.3323333333333334138615101E+01,    0.1386490698356110662370355E+00,    0.8302514093517669724331398E-01,    0.5562392890043436899372153E-01,     67.00%
    0.3324999999999999289457264E+01,    0.1387432889752716336229099E+00,    0.8294883093991396727506782E-01,    0.5579445803535766634784210E-01,     67.26%
    0.3326666666666666216656267E+01,    0.1388348389188712450614815E+00,    0.8287262293693212211742605E-01,    0.5596221598193912294405550E-01,     67.53%
    0.3328333333333333143855270E+01,    0.1389236933797959594460991E+00,    0.8279651675054031101375074E-01,    0.5612717662925564843234838E-01,     67.79%
    0.3330000000000000071054274E+01,    0.1390098260762904491816272E+00,    0.8272051220541157268151267E-01,    0.5628931387087887650011453E-01,     68.05%
    0.3331666666666666998253277E+01,    0.1390932107328405886725875E+00,    0.8264460912658191937829599E-01,    0.5644860160625866929429151E-01,     68.30%
    0.3333333333333333925452280E+01,    0.1391738210815741116910260E+00,    0.8256880733944951811231761E-01,    0.5660501374212459357870841E-01,     68.55%
    0.3335000000000000852651283E+01,    0.1392516308636645161467271E+00,    0.8249310666977387185294646E-01,    0.5675852419389064429378067E-01,     68.80%
    0.3336666666666666003493447E+01,    0.1393266138307415746844242E+00,    0.8241750694367498686343509E-01,    0.5690910688706658782098913E-01,     69.05%
    0.3338333333333332930692450E+01,    0.1393987437463229117629027E+00,    0.8234200798763224860010723E-01,    0.5705673575869066316279543E-01,     69.29%
    0.3339999999999999857891453E+01,    0.1394679943872355609713054E+00,    0.8226660962848399150093570E-01,    0.5720138475875156947036970E-01,     69.53%
    0.3341666666666666785090456E+01,    0.1395343395450623635856147E+00,    0.8219131169342640264030564E-01,    0.5734302785163596094530902E-01,     69.77%
    0.3343333333333333712289459E+01,    0.1395977530275875067022895E+00,    0.8211611401001267518395821E-01,    0.5748163901757483151833128E-01,     70.00%
    0.3345000000000000639488462E+01,    0.1396582086602606020964146E+00,    0.8204101640615223123287336E-01,    0.5761719225410837086354121E-01,     70.23%
    0.3346666666666665790330626E+01,    0.1397156802876525494294668E+00,    0.8196601871010991691157699E-01,    0.5774966157754263251788984E-01,     70.46%
    0.3348333333333332717529629E+01,    0.1397701417749409313895370E+00,    0.8189112075050485051175286E-01,    0.5787902102443608087778415E-01,     70.68%
    0.3349999999999999644728632E+01,    0.1398215670093885254487986E+00,    0.8181632235631008942533526E-01,    0.5800524465307843602346338E-01,     70.90%
    0.3351666666666666571927635E+01,    0.1398699299018350550305456E+00,    0.8174162335685146441033311E-01,    0.5812830654498359062021251E-01,     71.11%
    0.3353333333333333499126638E+01,    0.1399152043882034013311255E+00,    0.8166702358180674692356149E-01,    0.5824818080639665440756403E-01,     71.32%
    0.3355000000000000426325641E+01,    0.1399573644310031783621895E+00,    0.8159252286120498298682691E-01,    0.5836484156979819537536258E-01,     71.53%
    0.3356666666666667353524645E+01,    0.1399963840208589826996644E+00,    0.8151812102542546623062947E-01,    0.5847826299543351646903488E-01,     71.74%
    0.3358333333333332504366808E+01,    0.1400322371780278740693859E+00,    0.8144381790519716890486279E-01,    0.5858841927283070516452312E-01,     71.94%
    0.3359999999999999431565811E+01,    0.1400648979539389771264979E+00,    0.8136961333159746512233568E-01,    0.5869528462234151200416221E-01,     72.13%
    0.3361666666666666358764815E+01,    0.1400943404327439634204922E+00,    0.8129550713605188105859156E-01,    0.5879883329669208236190059E-01,     72.33%
    0.3363333333333333285963818E+01,    0.1401205387328589568873838E+00,    0.8122149915033287370658144E-01,    0.5889903958252608318080235E-01,     72.52%
    0.3365000000000000213162821E+01,    0.1401434670085416334117667E+00,    0.8114758920655915086506127E-01,    0.5899587780198248254670546E-01,     72.70%
    0.3366666666666667140361824E+01,    0.1401630994514479477963675E+00,    0.8107377713719482459353571E-01,    0.5908932231425312320283183E-01,     72.88%
    0.3368333333333334067560827E+01,    0.1401794102922216123108257E+00,    0.8100006277504862017835308E-01,    0.5917934751717299213247259E-01,     73.06%
    0.3369999999999999218402991E+01,    0.1401923738020771914580820E+00,    0.8092644595327311285437588E-01,    0.5926592784880407860370610E-01,     73.23%
    0.3371666666666666145601994E+01,    0.1402019642944026256436985E+00,    0.8085292650536360370416844E-01,    0.5934903778903902193953002E-01,     73.40%
    0.3373333333333333072800997E+01,    0.1402081561263537334838247E+00,    0.8077950426515782822445289E-01,    0.5942865186119590525937184E-01,     73.57%
    0.3375000000000000000000000E+01,    0.1402109237004848241170407E+00,    0.8070617906683480446972112E-01,    0.5950474463365001964731960E-01,     73.73%
    0.3376666666666666927199003E+01,    0.1402102414663576324116434E+00,    0.8063295074491406977390540E-01,    0.5957729072144356263773801E-01,     73.89%
    0.3378333333333333854398006E+01,    0.1402060839221781762820029E+00,    0.8055981913425493134983668E-01,    0.5964626478792324493216626E-01,     74.04%
    0.3380000000000000781597009E+01,    0.1401984256164384712306514E+00,    0.8048678407005566137755181E-01,    0.5971164154638280985309962E-01,     74.19%
    0.3381666666666665932439173E+01,    0.1401872411495615200482945E+00,    0.8041384538785276148153969E-01,    0.5977339576170875856675480E-01,     74.33%
    0.3383333333333332859638176E+01,    0.1401725051755633721928263E+00,    0.8034100292351985250771662E-01,    0.5983150225204351968510963E-01,     74.47%
    0.3384999999999999786837179E+01,    0.1401541924037127129221147E+00,    0.8026825651326734145651898E-01,    0.5988593589044537146559577E-01,     74.61%
    0.3386666666666666714036182E+01,    0.1401322776002139891549092E+00,    0.8019560599364136677102977E-01,    0.5993667160657262238387943E-01,     74.74%
    0.3388333333333333641235185E+01,    0.1401067355898813204806430E+00,    0.8012305120152303505864921E-01,    0.5998368438835828542199380E-01,     74.86%
    0.3390000000000000568434189E+01,    0.1400775412578409706565452E+00,    0.8005059197412761617940191E-01,    0.6002694928371335447714330E-01,     74.99%
    0.3391666666666667495633192E+01,    0.1400446695512151951135138E+00,    0.7997822814900384935654643E-01,    0.6006644140221134575696738E-01,     75.10%
    0.3393333333333332646475355E+01,    0.1400080954808513855613938E+00,    0.7990595956403311050930682E-01,    0.6010213591681827505208702E-01,     75.22%
    0.3394999999999999573674359E+01,    0.1399677941230213773504687E+00,    0.7983378605742845468551394E-01,    0.6013400806559292266495476E-01,     75.32%
    0.3396666666666666500873362E+01,    0.1399237406211604750616573E+00,    0.7976170746773418585018334E-01,    0.6016203315342628921147394E-01,     75.43%
    0.3398333333333333428072365E+01,    0.1398759101875926003089035E+00,    0.7968972363382482992921751E-01,    0.6018618655376777037968594E-01,     75.53%
    0.3400000000000000355271368E+01,    0.1398242781052766170457602E+00,    0.7961783439490444092001553E-01,    0.6020644371037217612574466E-01,     75.62%
    0.3401666666666667282470371E+01,    0.1397688197295597900549069E+00,    0.7954603959050579597978015E-01,    0.6022278013905399407512675E-01,     75.71%
    0.3403333333333334209669374E+01,    0.1397095104899340745063796E+00,    0.7947433906048964602497620E-01,    0.6023517142944442848140341E-01,     75.79%
    0.3404999999999999360511538E+01,    0.1396463258918035632571986E+00,    0.7940273264504400796415240E-01,    0.6024359324675955529304616E-01,     75.87%
    0.3406666666666666287710541E+01,    0.1395792415182649237603840E+00,    0.7933122018468309610828015E-01,    0.6024802133358182765210387E-01,     75.94%
    0.3408333333333333214909544E+01,    0.1395082330318891672416015E+00,    0.7925980152024703073720957E-01,    0.6024843151164213650439194E-01,     76.01%
    0.3410000000000000142108547E+01,    0.1394332761765142980614485E+00,    0.7918847649290074175443266E-01,    0.6024479968361355630701581E-01,     76.08%
    0.3411666666666667069307550E+01,    0.1393543467790563372687984E+00,    0.7911724494413331643105636E-01,    0.6023710183492302083774206E-01,     76.14%
    0.3413333333333333996506553E+01,    0.1392714207512965041146913E+00,    0.7904610671575719449410968E-01,    0.6022531403553930962058161E-01,     76.19%
    0.3414999999999999147348717E+01,    0.1391844740917305145444516E+00,    0.7897506164990754362609238E-01,    0.6020941244182297091835920E-01,     76.24%
    0.3416666666666666074547720E+01,    0.1390934828873694184547816E+00,    0.7890410958904112148637466E-01,    0.6018937329832829696840690E-01,     76.28%
    0.3418333333333333001746723E+01,    0.1389984233155843462714785E+00,    0.7883325037593608142216794E-01,    0.6016517293964826484931052E-01,     76.32%
    0.3419999999999999928945726E+01,    0.1388992716459593046440801E+00,    0.7876248385369082061213675E-01,    0.6013678779226848403194339E-01,     76.35%
    0.3421666666666666856144730E+01,    0.1387960042421207129681449E+00,    0.7869180986572334168815956E-01,    0.6010419437639737127998529E-01,     76.38%
    0.3423333333333333783343733E+01,    0.1386885975636150680756487E+00,    0.7862122825577055884593847E-01,    0.6006736930784450922971018E-01,     76.40%
    0.3425000000000000710542736E+01,    0.1385770281677740911607799E+00,    0.7855073886788743742215502E-01,    0.6002628929988665373862489E-01,     76.42%
    0.3426666666666665861384899E+01,    0.1384612727115843433534081E+00,    0.7848034154644645266074576E-01,    0.5998093116513789069266238E-01,     76.43%
    0.3428333333333332788583903E+01,    0.1383413079535736056602246E+00,    0.7841003613613639622315077E-01,    0.5993127181743720943707388E-01,     76.43%
    0.3429999999999999715782906E+01,    0.1382171107557108036267834E+00,    0.7833982248196227904379896E-01,    0.5987728827374852458298449E-01,     76.43%
    0.3431666666666666642981909E+01,    0.1380886580852930534124567E+00,    0.7826970042924408232920541E-01,    0.5981895765604897108325133E-01,     76.43%
    0.3433333333333333570180912E+01,    0.1379559270168663476230364E+00,    0.7819966982361628571318590E-01,    0.5975625719325006190985050E-01,     76.41%
    0.3435000000000000497379915E+01,    0.1378188947341389969380998E+00,    0.7812973051102702071180062E-01,    0.5968916422311197622629919E-01,     76.40%
    0.3436666666666667424578918E+01,    0.1376775385318976530069079E+00,    0.7805988233773732132281253E-01,    0.5961765619416033168409541E-01,     76.37%
    0.3438333333333332575421082E+01,    0.1375318358179573874355839E+00,    0.7799012515032058279196292E-01,    0.5954171066763680464362096E-01,     76.35%
    0.3439999999999999502620085E+01,    0.1373817641150838486652219E+00,    0.7792045879566140975658328E-01,    0.5946130531942243890863864E-01,     76.31%
    0.3441666666666666429819088E+01,    0.1372273010629569967022690E+00,    0.7785088312095540807877825E-01,    0.5937641794200158862349070E-01,     76.27%
    0.3443333333333333357018091E+01,    0.1370684244201163526355458E+00,    0.7778139797370815788912779E-01,    0.5928702644640819474641802E-01,     76.22%
    0.3445000000000000284217094E+01,    0.1369051120659358078412993E+00,    0.7771200320173451969729683E-01,    0.5919310886420128814400243E-01,     76.17%
    0.3446666666666667211416097E+01,    0.1367373420025861097126807E+00,    0.7764269865315796825822048E-01,    0.5909464334942814145446022E-01,     76.11%
    0.3448333333333334138615101E+01,    0.1365650923570232433412741E+00,    0.7757348417640982929377458E-01,    0.5899160818061341404749953E-01,     76.05%
    0.3449999999999999289457264E+01,    0.1363883413829742319300919E+00,    0.7750435962022866887011219E-01,    0.5888398176274556305997976E-01,     75.98%
    0.3451666666666666216656267E+01,    0.1362070674629283495438159E+00,    0.7743532483365926644136579E-01,    0.5877174262926908310245011E-01,     75.90%
    0.3453333333333333143855270E+01,    0.1360212491101500664747448E+00,    0.7736637966605232341610332E-01,    0.5865486944409774305864147E-01,     75.81%
    0.3455000000000000071054274E+01,    0.1358308649706840842696920E+00,    0.7729752396706351946775726E-01,    0.5853334100362056480193473E-01,     75.72%
    0.3456666666666666998253277E+01,    0.1356358938253738044554808E+00,    0.7722875758665279088965860E-01,    0.5840713623872101356582220E-01,     75.63%
    0.3458333333333333925452280E+01,    0.1354363145918917044063789E+00,    0.7716008037508370609458552E-01,    0.5827623421680799831179343E-01,     75.53%
    0.3460000000000000852651283E+01,    0.1352321063267763467941052E+00,    0.7709149218292266070307051E-01,    0.5814061414385368609103466E-01,     75.42%
    0.3461666666666666003493447E+01,    0.1350232482274656975462790E+00,    0.7702299286103835018746366E-01,    0.5800025536642734735881533E-01,     75.30%
    0.3463333333333332930692450E+01,    0.1348097196343547299335341E+00,    0.7695458226060071516005934E-01,    0.5785513737375401477347481E-01,     75.18%
    0.3464999999999999857891453E+01,    0.1345915000328525290562709E+00,    0.7688626023308070545070336E-01,    0.5770523979977182360556753E-01,     75.05%
    0.3466666666666666785090456E+01,    0.1343685690554434764010239E+00,    0.7681802663024922539491968E-01,    0.5755054242519425100610420E-01,     74.92%
    0.3468333333333333712289459E+01,    0.1341409064837574549589050E+00,    0.7674988130417660647797362E-01,    0.5739102517958084848093137E-01,     74.78%
    0.3470000000000000639488462E+01,    0.1339084922506624808491438E+00,    0.7668182410723184405654251E-01,    0.5722666814343063679260126E-01,     74.63%
    0.3471666666666665790330626E+01,    0.1336713064423350749709840E+00,    0.7661385489208197285826429E-01,    0.5705745155025310211271972E-01,     74.47%
    0.3473333333333332717529629E+01,    0.1334293293003655789252804E+00,    0.7654597351169115104774221E-01,    0.5688335578867442787753816E-01,     74.31%
    0.3474999999999999644728632E+01,    0.1331825412238590300439967E+00,    0.7647817981932031328184962E-01,    0.5670436140453871676214703E-01,     74.14%
    0.3476666666666666571927635E+01,    0.1329309227715420316240369E+00,    0.7641047366852628253131030E-01,    0.5652044910301574909272659E-01,     73.97%
    0.3478333333333333499126638E+01,    0.1326744546638776445224295E+00,    0.7634285491316104843573243E-01,    0.5633159975071659608669705E-01,     73.79%
    0.3480000000000000426325641E+01,    0.1324131177851943508283483E+00,    0.7627532340737122606988407E-01,    0.5613779437782312475846425E-01,     73.60%
    0.3481666666666667353524645E+01,    0.1321468931858168771587003E+00,    0.7620787900559723715421256E-01,    0.5593901418021964000448776E-01,     73.40%
    0.3483333333333332504366808E+01,    0.1318757620841974065317714E+00,    0.7614052156257274106554434E-01,    0.5573524052162466546622710E-01,     73.20%
    0.3484999999999999431565811E+01,    0.1315997058690683285675505E+00,    0.7607325093332371890308963E-01,    0.5552645493574460966446082E-01,     72.99%
    0.3486666666666666358764815E+01,    0.1313187061015895495952321E+00,    0.7600606697316818205489852E-01,    0.5531263912842136754033362E-01,     72.77%
    0.3488333333333333285963818E+01,    0.1310327445175126781506947E+00,    0.7593896953771520075271440E-01,    0.5509377497979747739798029E-01,     72.55%
    0.3490000000000000213162821E+01,    0.1307418030293450994516746E+00,    0.7587195848286430732709817E-01,    0.5486984454648079212457645E-01,     72.32%
    0.3491666666666667140361824E+01,    0.1304458637285195177213382E+00,    0.7580503366480487170697700E-01,    0.5464083006371464601436116E-01,     72.08%
    0.3493333333333334067560827E+01,    0.1301449088875814563692757E+00,    0.7573819494001532426352696E-01,    0.5440671394756613210574869E-01,     71.84%
    0.3494999999999999218402991E+01,    0.1298389209623704299012559E+00,    0.7567144216526267008759987E-01,    0.5416747879710775981365600E-01,     71.58%
    0.3496666666666666145601994E+01,    0.1295278825942191569531303E+00,    0.7560477519760150366678886E-01,    0.5392310739661765328634146E-01,     71.32%
    0.3498333333333333072800997E+01,    0.1292117766121462507644679E+00,    0.7553819389437368969630882E-01,    0.5367358271777256106815912E-01,     71.05%
    0.3500000000000000000000000E+01,    0.1288905860350742227371512E+00,    0.7547169811320754428951574E-01,    0.5341888792186667844763548E-01,     70.78%
    0.3501666666666666927199003E+01,    0.1285642940740346351624623E+00,    0.7540528771201714108851633E-01,    0.5315900636201749407394601E-01,     70.50%
    0.3503333333333333854398006E+01,    0.1282328841343914060946219E+00,    0.7533896254900170064150444E-01,    0.5289392158538970545311741E-01,     70.21%
    0.3505000000000000781597009E+01,    0.1278963398180710808738070E+00,    0.7527272248264489651337072E-01,    0.5262361733542618436043625E-01,     69.91%
    0.3506666666666665932439173E+01,    0.1275546449257976278079951E+00,    0.7520656737171434180755369E-01,    0.5234807755408328600044143E-01,     69.61%
    0.3508333333333332859638176E+01,    0.1272077834593217382508357E+00,    0.7514049707526053445416636E-01,    0.5206728638406120379666930E-01,     69.29%
    0.3509999999999999786837179E+01,    0.1268557396236814349688160E+00,    0.7507451145261673230990596E-01,    0.5178122817106470265891005E-01,     68.97%
    0.3511666666666666714036182E+01,    0.1264984978294502182549763E+00,    0.7500861036339796783511957E-01,    0.5148988746605225041985676E-01,     68.65%
    0.3513333333333333641235185E+01,    0.1261360426949935942264602E+00,    0.7494279366750046522671624E-01,    0.5119324902749312899974399E-01,     68.31%
    0.3515000000000000568434189E+01,    0.1257683590487363445298286E+00,    0.7487706122510101591771559E-01,    0.5089129782363532861211297E-01,     67.97%
    0.3516666666666667495633192E+01,    0.1253954319314380394523312E+00,    0.7481141289665631244343302E-01,    0.5058401903478172700889814E-01,     67.62%
    0.3518333333333332646475355E+01,    0.1250172465984696335006277E+00,    0.7474584854290237945217967E-01,    0.5027139805556725404844798E-01,     67.26%
    0.3519999999999999573674359E+01,    0.1246337885220927671481306E+00,    0.7468036802485364389347922E-01,    0.4995342049723912325465136E-01,     66.89%
    0.3521666666666666500873362E+01,    0.1242450433937567350062281E+00,    0.7461497120380271297346297E-01,    0.4963007218995402203276512E-01,     66.51%
    0.3523333333333333428072365E+01,    0.1238509971263958286957774E+00,    0.7454965794131948597645021E-01,    0.4930133918507634271932716E-01,     66.13%
    0.3525000000000000355271368E+01,    0.1234516358567211147256870E+00,    0.7448442809925048813113335E-01,    0.4896720775747062659455366E-01,     65.74%
    0.3526666666666667282470371E+01,    0.1230469459475463378517190E+00,    0.7441928153971837101021691E-01,    0.4862766440782796684150213E-01,     65.34%
    0.3528333333333334209669374E+01,    0.1226369139900848753699236E+00,    0.7435421812512117700766368E-01,    0.4828269586496369836225995E-01,     64.94%
    0.3529999999999999360511538E+01,    0.1222215268062792764558466E+00,    0.7428923771813179810497019E-01,    0.4793228908814747835087644E-01,     64.52%
    0.3531666666666666287710541E+01,    0.1218007714511260136669435E+00,    0.7422434018169707381495925E-01,    0.4757643126942893985198424E-01,     64.10%
    0.3533333333333333214909544E+01,    0.1213746352150053969820576E+00,    0.7415952537903758301496282E-01,    0.4721510983596781396709474E-01,     63.67%
    0.3535000000000000142108547E+01,    0.1209431056260156511772408E+00,    0.7409479317364670025725104E-01,    0.4684831245236895091998974E-01,     63.23%
    0.3536666666666667069307550E+01,    0.1205061704523255200482978E+00,    0.7403014342929008229088339E-01,    0.4647602702303543775741446E-01,     62.78%
    0.3538333333333333996506553E+01,    0.1200638177045117577224076E+00,    0.7396557601000505743904512E-01,    0.4609824169450670028336248E-01,     62.32%
    0.3539999999999999147348717E+01,    0.1196160356379178113517270E+00,    0.7390109078009994558744467E-01,    0.4571494485781786576428232E-01,     61.86%
    0.3541666666666666074547720E+01,    0.1191628127550104221388239E+00,    0.7383668760415333653934766E-01,    0.4532612515085708559947619E-01,     61.39%
    0.3543333333333333001746723E+01,    0.1187041378077492437270735E+00,    0.7377236634701374307088173E-01,    0.4493177146073550065619173E-01,     60.91%
    0.3544999999999999928945726E+01,    0.1182399997999480228960678E+00,    0.7370812687379879601934363E-01,    0.4453187292614922687672419E-01,     60.42%
    0.3546666666666666856144730E+01,    0.1177703879896557503936805E+00,    0.7364396904989460590496009E-01,    0.4412641893976114448872039E-01,     59.92%
    0.3548333333333333783343733E+01,    0.1172952918915374648234362E+00,    0.7357989274095522169716332E-01,    0.4371539915058224312627289E-01,     59.41%
    0.3550000000000000710542736E+01,    0.1168147012792515315737774E+00,    0.7351589781290202019192748E-01,    0.4329880346634951138184988E-01,     58.90%
    0.3551666666666665861384899E+01,    0.1163286061878466559615930E+00,    0.7345198413192305375574165E-01,    0.4287662205592360220585135E-01,     58.37%
    0.3553333333333332788583903E+01,    0.1158369969161542195612569E+00,    0.7338815156447232868064390E-01,    0.4244884535168189088061297E-01,     57.84%
    0.3554999999999999715782906E+01,    0.1153398640291892068843183E+00,    0.7332439997726944436173824E-01,    0.4201546405191976252258002E-01,     57.30%
    0.3556666666666666642981909E+01,    0.1148371983605509100145881E+00,    0.7326072923729883001886520E-01,    0.4157646912325207999572285E-01,     56.75%
    0.3558333333333333570180912E+01,    0.1143289910148371779641252E+00,    0.7319713921180913407393831E-01,    0.4113185180302804389018689E-01,     56.19%
    0.3560000000000000497379915E+01,    0.1138152333700538088034904E+00,    0.7313362976831264128385612E-01,    0.4068160360174116751963425E-01,     55.63%
    0.3561666666666667424578918E+01,    0.1132959170800383885691076E+00,    0.7307020077458468987341433E-01,    0.4022571630545369869569328E-01,     55.05%
    0.3563333333333332575421082E+01,    0.1127710340768770663766318E+00,    0.7300685209866310254600563E-01,    0.3976418197821396383062620E-01,     54.47%
    0.3564999999999999502620085E+01,    0.1122405765733337085210408E+00,    0.7294358360884733993856344E-01,    0.3929699296448636858247738E-01,     53.87%
    0.3566666666666666429819088E+01,    0.1117045370652847841030919E+00,    0.7288039517369827857695697E-01,    0.3882414189158650552613494E-01,     53.27%
    0.3568333333333333357018091E+01,    0.1111629083341524465433636E+00,    0.7281728666203737820872277E-01,    0.3834562167211506833464085E-01,     52.66%
    0.3570000000000000284217094E+01,    0.1106156834493450258349867E+00,    0.7275425794294609893597681E-01,    0.3786142550639892689900989E-01,     52.04%
    0.3571666666666667211416097E+01,    0.1100628557707025167999859E+00,    0.7269130888576538773726554E-01,    0.3737154688493712906272037E-01,     51.41%
    0.3573333333333334138615101E+01,    0.1095044189509428861351026E+00,    0.7262843936009499845596338E-01,    0.3687597959084788767913921E-01,     50.77%
    0.3574999999999999289457264E+01,    0.1089403669381163175522431E+00,    0.7256564923579303383327499E-01,    0.3637471770232328371896813E-01,     50.13%
    0.3576666666666666216656267E+01,    0.1083706939780603728529229E+00,    0.7250293838297502957424001E-01,    0.3586775559508534327868290E-01,     49.47%
    0.3578333333333333143855270E+01,    0.1077953946168610371847407E+00,    0.7244030667201384332543057E-01,    0.3535508794484719385931015E-01,     48.81%
    0.3580000000000000071054274E+01,    0.1072144637033157765770852E+00,    0.7237775397353869710759255E-01,    0.3483670972977707946949266E-01,     48.13%
    0.3581666666666666998253277E+01,    0.1066278963913997457346738E+00,    0.7231528015843473322643575E-01,    0.3431261623296501250823809E-01,     47.45%
    0.3583333333333333925452280E+01,    0.1060356881427430147946112E+00,    0.7225288509784243140554594E-01,    0.3378280304490058338906522E-01,     46.76%
    0.3585000000000000852651283E+01,    0.1054378347290944595293638E+00,    0.7219056866315697040814570E-01,    0.3324726606593748912121811E-01,     46.05%
    0.3586666666666666003493447E+01,    0.1048343322348103401342456E+00,    0.7212833072602777007009678E-01,    0.3270600150878257006414884E-01,     45.34%
    0.3588333333333332930692450E+01,    0.1042251770593276838372532E+00,    0.7206617115835761699926820E-01,    0.3215900590097006683798497E-01,     44.62%
    0.3589999999999999857891453E+01,    0.1036103659196540988096658E+00,    0.7200408983230247028650695E-01,    0.3160627608735162852315881E-01,     43.90%
    0.3591666666666666785090456E+01,    0.1029898958528535912737567E+00,    0.7194208662027067047173290E-01,    0.3104780923258292080202381E-01,     43.16%
    0.3593333333333333712289459E+01,    0.1023637642185356716462152E+00,    0.7188016139492237055463875E-01,    0.3048360282361330109157649E-01,     42.41%
    0.3595000000000000639488462E+01,    0.1017319687013515938645014E+00,    0.7181831402916899476096546E-01,    0.2991365467218259910353595E-01,     41.65%
    0.3596666666666665790330626E+01,    0.1010945073134922461699503E+00,    0.7175654439617269730877780E-01,    0.2933796291731954886117251E-01,     40.89%
    0.3598333333333332717529629E+01,    0.1004513783971801577088456E+00,    0.7169485236934561300792268E-01,    0.2875652602783454470092295E-01,     40.11%
    0.3599999999999999644728632E+01,    0.9980258062718179445926836E-01,    0.7163323782234957970427303E-01,    0.2816934280483221475499533E-01,     39.32%
    0.3601666666666666571927635E+01,    0.9914811301330712922652566E-01,    0.7157170062909537500139834E-01,    0.2757641238421175422512732E-01,     38.53%
    0.3603333333333333499126638E+01,    0.9848797490291529010963956E-01,    0.7151024066374216114905238E-01,    0.2697773423917312896058718E-01,     37.73%
    0.3605000000000000426325641E+01,    0.9782216598342742541749573E-01,    0.7144885780069697156502428E-01,    0.2637330818273045385247144E-01,     36.91%
    0.3606666666666667353524645E+01,    0.9715068628484027635217046E-01,    0.7138755191461411409026283E-01,    0.2576313437022616226190763E-01,     36.09%
    0.3608333333333332504366808E+01,    0.9647353618223478144422245E-01,    0.7132632288039469914409096E-01,    0.2514721330184008230013148E-01,     35.26%
    0.3609999999999999431565811E+01,    0.9579071639829753181949457E-01,    0.7126517057318577930136172E-01,    0.2452554582511175251813285E-01,     34.41%
    0.3611666666666666358764815E+01,    0.9510222800583940927499071E-01,    0.7120409486838022439236795E-01,    0.2389813313745918488262276E-01,     33.56%
    0.3613333333333333285963818E+01,    0.9440807243031312800951582E-01,    0.7114309564161586107999824E-01,    0.2326497678869726692951758E-01,     32.70%
    0.3615000000000000213162821E+01,    0.9370825145233736830352456E-01,    0.7108217276877501489273925E-01,    0.2262607868356235341078531E-01,     31.83%
    0.3616666666666667140361824E+01,    0.9300276721022325554510957E-01,    0.7102132612598392735758779E-01,    0.2198144108423932818752178E-01,     30.95%
    0.3618333333333334067560827E+01,    0.9229162220249592651910575E-01,    0.7096055558961221476632630E-01,    0.2133106661288371175277945E-01,     30.06%
    0.3619999999999999218402991E+01,    0.9157481929042574075872096E-01,    0.7089986103627239633073742E-01,    0.2067495825415334442798354E-01,     29.16%
    0.3621666666666666145601994E+01,    0.9085236170055338567053127E-01,    0.7083924234281904763754767E-01,    0.2001311935773433803298360E-01,     28.25%
    0.3623333333333333072800997E+01,    0.9012425302722541775590770E-01,    0.7077869938634868962612501E-01,    0.1934555364087672812978269E-01,     27.33%
    0.3625000000000000000000000E+01,    0.8939049723512083878151913E-01,    0.7071823204419890041005914E-01,    0.1867226519092193837145999E-01,     26.40%
    0.3626666666666666927199003E+01,    0.8865109866178715047890790E-01,    0.7065784019394791282131507E-01,    0.1799325846783923765759283E-01,     25.47%
    0.3628333333333333854398006E+01,    0.8790606202017345327526243E-01,    0.7059752371341404542093301E-01,    0.1730853830675940785432942E-01,     24.52%
    0.3630000000000000781597009E+01,    0.8715539240116414176906545E-01,    0.7053728248065511963194041E-01,    0.1661810992050902213712504E-01,     23.56%
    0.3631666666666665932439173E+01,    0.8639909527611536188551611E-01,    0.7047711637396804340571776E-01,    0.1592197890214731847979834E-01,     22.59%
    0.3633333333333332859638176E+01,    0.8563717649938974718626383E-01,    0.7041702527188797855473013E-01,    0.1522015122750176863153371E-01,     21.61%
    0.3634999999999999786837179E+01,    0.8486964231089830223986326E-01,    0.7035700905318814646349779E-01,    0.1451263325771015577636547E-01,     20.63%
    0.3636666666666666714036182E+01,    0.8409649933863060089489494E-01,    0.7029706759687912032141810E-01,    0.1379943174175148057347684E-01,     19.63%
    0.3638333333333333641235185E+01,    0.8331775460119927867452816E-01,    0.7023720078220828388904096E-01,    0.1308055381899099478548720E-01,     18.62%
    0.3640000000000000568434189E+01,    0.8253341551037463030837671E-01,    0.7017740848865930414213210E-01,    0.1235600702171532616624461E-01,     17.61%
    0.3641666666666667495633192E+01,    0.8174348987362288487812378E-01,    0.7011769059595164554909985E-01,    0.1162579927767123932902393E-01,     16.58%
    0.3643333333333332646475355E+01,    0.8094798589664808918797689E-01,    0.7005804698404001495948279E-01,    0.1088993891260807422849410E-01,     15.54%
    0.3644999999999999573674359E+01,    0.8014691218592383259444745E-01,    0.6999847753311366771455937E-01,    0.1014843465281016487988808E-01,     14.50%
    0.3646666666666666500873362E+01,    0.7934027775123909942411871E-01,    0.6993898212359617172495518E-01,    0.9401295627642927699163522E-02,     13.44%
    0.3648333333333333428072365E+01,    0.7852809200823149260450862E-01,    0.6987956063614469970346477E-01,    0.8648531372086792901043850E-02,     12.38%
    0.3650000000000000355271368E+01,    0.7771036478092646637705343E-01,    0.6982021295164948793132709E-01,    0.7890151829276978445726343E-02,     11.30%
    0.3651666666666667282470371E+01,    0.7688710630427300629641252E-01,    0.6976093895123339216901570E-01,    0.7126167353039614127396817E-02,     10.22%
    0.3653333333333334209669374E+01,    0.7605832722668161294254929E-01,    0.6970173851625131866693863E-01,    0.6356588710430294275610663E-02,      9.12%
    0.3654999999999999360511538E+01,    0.7522403861255980150879452E-01,    0.6964261152828972456507728E-01,    0.5581427084270076943717243E-02,      8.01%
    0.3656666666666666287710541E+01,    0.7438425194484382663162592E-01,    0.6958355786916591012580824E-01,    0.4800694075677916505817677E-02,      6.90%
    0.3658333333333333214909544E+01,    0.7353897912753663834717344E-01,    0.6952457742092786607823740E-01,    0.4014401706608772268936036E-02,      5.77%
    0.3660000000000000142108547E+01,    0.7268823248823870486479137E-01,    0.6946567006585344095093149E-01,    0.3222562422385263913859887E-02,      4.64%
    0.3661666666666667069307550E+01,    0.7183202478067898799629631E-01,    0.6940683568644998024943504E-01,    0.2425189094229007746861271E-02,      3.49%
    0.3663333333333333996506553E+01,    0.7097036918724526632917815E-01,    0.6934807416545370195581910E-01,    0.1622295021791564373359051E-02,      2.34%
    0.3664999999999999147348717E+01,    0.7010327932151368124369384E-01,    0.6928938538582930795062254E-01,    0.8138939356843732930713031E-03,      1.17%
    0.3666666666666666074547720E+01,    0.6923076923077138566942068E-01,    0.6923076923076924849009828E-01,    0.2137179322403426340315491E-14,      0.00%
    0.3668333333333333001746723E+01,    0.6835285339854776931467484E-01,    0.6917222558369350016160837E-01,   -0.8193721851457308469335317E-03,     -1.18%
    0.3669999999999999928945726E+01,    0.6746954674713362409832484E-01,    0.6911375432824887199423358E-01,   -0.1644207581115247895908738E-02,     -2.38%
    0.3671666666666666856144730E+01,    0.6658086464010327942819600E-01,    0.6905535534830849198062452E-01,   -0.2474490708205212552428520E-02,     -3.58%
    0.3673333333333333783343733E+01,    0.6568682288483355946606679E-01,    0.6899702852797137686557960E-01,   -0.3310205643137817399512812E-02,     -4.80%
    0.3675000000000000710542736E+01,    0.6478743773502049219104038E-01,    0.6893877375156186315674489E-01,   -0.4151336016541370965704516E-02,     -6.02%
    0.3676666666666665861384899E+01,    0.6388272589319447802846952E-01,    0.6888059090362919079097992E-01,   -0.4997865010434712762510401E-02,     -7.26%
    0.3678333333333332788583903E+01,    0.6297270451322856121834093E-01,    0.6882247986894672597824041E-01,   -0.5849775355718164759899480E-02,     -8.50%
    0.3679999999999999715782906E+01,    0.6205739120285259924347798E-01,    0.6876444053251183630148802E-01,   -0.6707049329659237058010035E-02,     -9.75%
    0.3681666666666666642981909E+01,    0.6113680402615610798289225E-01,    0.6870647277954516907172433E-01,   -0.7569668753389061088832079E-02,    -11.02%
    0.3683333333333333570180912E+01,    0.6021096150609185626567665E-01,    0.6864857649549015172762978E-01,   -0.8437614989398295461953126E-02,    -12.29%
    0.3685000000000000497379915E+01,    0.5927988262697673343959437E-01,    0.6859075156601257550192940E-01,   -0.9310868939035842062335036E-02,    -13.57%
    0.3686666666666667424578918E+01,    0.5834358683698796094185823E-01,    0.6853299787699999867651712E-01,   -0.1018941104001203773465889E-01,    -14.87%
    0.3688333333333332575421082E+01,    0.5740209405065788833555374E-01,    0.6847531531456135800439711E-01,   -0.1107322126390346966884337E-01,    -16.17%
    0.3689999999999999502620085E+01,    0.5645542465135968551726009E-01,    0.6841770376502626094250559E-01,   -0.1196227911366657542524550E-01,    -17.48%
    0.3691666666666666429819088E+01,    0.5550359949379900931232257E-01,    0.6836016311494477748489373E-01,   -0.1285656362114576817257117E-01,    -18.81%
    0.3693333333333333357018091E+01,    0.5454663990649419313960777E-01,    0.6830269325108677402891288E-01,   -0.1375605334459258088930511E-01,    -20.14%
    0.3695000000000000284217094E+01,    0.5358456769425273130691423E-01,    0.6824529406044144153042907E-01,   -0.1466072636618871022351485E-01,    -21.48%
    0.3696666666666667211416097E+01,    0.5261740514064913720737593E-01,    0.6818796543021679590346196E-01,   -0.1557056028956765869608603E-01,    -22.83%
    0.3698333333333334138615101E+01,    0.5164517501049124131862200E-01,    0.6813070724783923393097496E-01,   -0.1648553223734799261235295E-01,    -24.20%
    0.3699999999999999289457264E+01,    0.5066790055228948680410284E-01,    0.6807351940095306142008980E-01,   -0.1740561884866357461598696E-01,    -25.57%
    0.3701666666666666216656267E+01,    0.4968560550071230569324499E-01,    0.6801640177741974380154488E-01,   -0.1833079627670743810829990E-01,    -26.95%
    0.3703333333333333143855270E+01,    0.4869831407904919029494550E-01,    0.6795935426531785061854407E-01,   -0.1926104018626866032359857E-01,    -28.34%
    0.3705000000000000071054274E+01,    0.4770605100165845741111426E-01,    0.6790237675294229224842724E-01,   -0.2019632575128383483731298E-01,    -29.74%
    0.3706666666666666998253277E+01,    0.4670884147641232025938152E-01,    0.6784546912880384805788481E-01,   -0.2113662765239152779850329E-01,    -31.15%
    0.3708333333333333925452280E+01,    0.4570671120714218937930440E-01,    0.6778863128162879170268695E-01,   -0.2208192007448660232338256E-01,    -32.57%
    0.3710000000000000852651283E+01,    0.4469968639606822918830531E-01,    0.6773186310035826662723224E-01,   -0.2303217670429003743892693E-01,    -34.00%
    0.3711666666666666003493447E+01,    0.4368779374623817102207823E-01,    0.6767516447414802238657927E-01,   -0.2398737072790985136450104E-01,    -35.44%
    0.3713333333333332930692450E+01,    0.4267106046394179841296790E-01,    0.6761853529236754034581480E-01,   -0.2494747482842574193284690E-01,    -36.89%
    0.3714999999999999857891453E+01,    0.4164951426113720073240998E-01,    0.6756197544460003368005374E-01,   -0.2591246118346283294764376E-01,    -38.35%
    0.3716666666666666785090456E+01,    0.4062318335786168493894976E-01,    0.6750548482064167021832191E-01,   -0.2688230146277998527937214E-01,    -39.82%
    0.3718333333333333712289459E+01,    0.3959209648463741376689384E-01,    0.6744906331050118386549741E-01,   -0.2785696682586377009860357E-01,    -41.30%
    0.3720000000000000639488462E+01,    0.3855628288487092381053856E-01,    0.6739271080439937500194958E-01,   -0.2883642791952845119141102E-01,    -42.79%
    0.3721666666666665790330626E+01,    0.3751577231725167216325190E-01,    0.6733642719276869414990472E-01,   -0.2982065487551702198665282E-01,    -44.29%
    0.3723333333333332717529629E+01,    0.3647059505812957902470828E-01,    0.6728021236625256196184353E-01,   -0.3080961730812298293713525E-01,    -45.79%
    0.3724999999999999644728632E+01,    0.3542078190390570563428341E-01,    0.6722406621570523044262302E-01,   -0.3180328431179952480833961E-01,    -47.31%
    0.3726666666666666571927635E+01,    0.3436636417339945098747833E-01,    0.6716798863219108906008614E-01,   -0.3280162445879163807260781E-01,    -48.84%
    0.3728333333333333499126638E+01,    0.3330737371021811471516472E-01,    0.6711197950698420677806411E-01,   -0.3380460579676609206289939E-01,    -50.37%
    0.3730000000000000426325641E+01,    0.3224384288511271401400649E-01,    0.6705603873156795735610558E-01,   -0.3481219584645524334209910E-01,    -51.92%
    0.3731666666666667353524645E+01,    0.3117580459832964070998607E-01,    0.6700016619763446423796438E-01,   -0.3582436159930482699742527E-01,    -53.47%
    0.3733333333333332504366808E+01,    0.3010329228195527187517122E-01,    0.6694436179708422585132865E-01,   -0.3684106951512895744560439E-01,    -55.03%
    0.3734999999999999431565811E+01,    0.2902633990225066129564624E-01,    0.6688862542202543559621830E-01,   -0.3786228551977477430057206E-01,    -56.60%
    0.3736666666666666358764815E+01,    0.2794498196198286904534669E-01,    0.6683295696477384306710690E-01,   -0.3888797500279097402176021E-01,    -58.19%
    0.3738333333333333285963818E+01,    0.2685925350273979383963763E-01,    0.6677735631785206016353129E-01,   -0.3991810281511226632389366E-01,    -59.78%
    0.3740000000000000213162821E+01,    0.2576919010724051245508903E-01,    0.6672182337398915863424520E-01,   -0.4095263326674864617915617E-01,    -61.38%
    0.3741666666666667140361824E+01,    0.2467482790164481770700533E-01,    0.6666635802612023986579715E-01,   -0.4199153012447542215879182E-01,    -62.99%
    0.3743333333333334067560827E+01,    0.2357620355783864724008581E-01,    0.6661096016738592140438158E-01,   -0.4303475660954727416429577E-01,    -64.61%
    0.3744999999999999218402991E+01,    0.2247335429572621182114922E-01,    0.6655562969113199001114367E-01,   -0.4408227539540578165944140E-01,    -66.23%
    0.3746666666666666145601994E+01,    0.2136631788549494745388380E-01,    0.6650036649090868001721333E-01,   -0.4513404860541372909388258E-01,    -67.87%
    0.3748333333333333072800997E+01,    0.2025513264989714165564827E-01,    0.6644517046047057617919052E-01,   -0.4619003781057343105409529E-01,    -69.52%
    0.3750000000000000000000000E+01,    0.1913983746649180334165052E-01,    0.6639004149377593366754269E-01,   -0.4725020402728413032589216E-01,    -71.17%
    0.3751666666666666927199003E+01,    0.1802047176990311666555655E-01,    0.6633497948498626173297055E-01,   -0.4831450771508314506741399E-01,    -72.83%
    0.3753333333333333854398006E+01,    0.1689707555404805147669656E-01,    0.6627998432846590737277381E-01,   -0.4938290877441785242663030E-01,    -74.51%
    0.3755000000000000781597009E+01,    0.1576968937437245310562162E-01,    0.6622505591878156960827795E-01,   -0.5045536654440911650265633E-01,    -76.19%
    0.3756666666666665932439173E+01,    0.1463835435006317561845712E-01,    0.6617019415070191090677554E-01,   -0.5153183980063873181887146E-01,    -77.88%
    0.3758333333333332859638176E+01,    0.1350311216625278698533208E-01,    0.6611539891919690492549933E-01,   -0.5261228675294411794016725E-01,    -79.58%
    0.3759999999999999786837179E+01,    0.1236400507621757474674418E-01,    0.6606067011943769773374413E-01,   -0.5369666504322012645644691E-01,    -81.28%
    0.3761666666666666714036182E+01,    0.1122107590356352137261897E-01,    0.6600600764679598331241550E-01,   -0.5478493174323246367452001E-01,    -83.00%
    0.3763333333333333641235185E+01,    0.1007436804440375692493159E-01,    0.6595141139684355946481986E-01,   -0.5587704335243980080516479E-01,    -84.72%
    0.3765000000000000568434189E+01,    0.8923925469505758142907403E-02,    0.6589688126535189760524247E-01,   -0.5697295579584613772761159E-01,    -86.46%
    0.3766666666666667495633192E+01,    0.7769792726461745985266916E-02,    0.6584241714829172642531319E-01,   -0.5807262442182997697059932E-01,    -88.20%
    0.3768333333333332646475355E+01,    0.6612014941817710017568643E-02,    0.6578801894183262943816004E-01,   -0.5917600400001492289003835E-01,    -89.95%
    0.3769999999999999573674359E+01,    0.5450637823197078575543362E-02,    0.6573368654234236496680666E-01,   -0.6028304871914528378917808E-01,    -91.71%
    0.3771666666666666500873362E+01,    0.4285707661431797065032523E-02,    0.6567941984638679675523321E-01,   -0.6139371218495499882283895E-01,    -93.47%
    0.3773333333333333428072365E+01,    0.3117271332646370969599037E-02,    0.6562521875072917232341041E-01,   -0.6250794741808279875172616E-01,    -95.25%
    0.3775000000000000355271368E+01,    0.1945376300364254048072543E-02,    0.6557108315232980377817995E-01,   -0.6362570685196554387541568E-01,    -97.03%
    0.3776666666666667282470371E+01,    0.7700706175716259772531802E-03,    0.6551701294834563760183244E-01,   -0.6474694233077400717935035E-01,    -98.82%
    0.3778333333333334209669374E+01,   -0.4085970711982784653142076E-03,    0.6546300803612974117395851E-01,   -0.6587160510732802121136586E-01,   -100.62%
    0.3779999999999999360511538E+01,   -0.1590577527836303881741964E-02,    0.6540906831323096970454145E-01,   -0.6699964584106726794843212E-01,   -102.43%
    0.3781666666666666287710541E+01,   -0.2775820918600995206720894E-02,    0.6535519367739334173350585E-01,   -0.6813101459599434084335456E-01,   -104.25%
    0.3783333333333333214909544E+01,   -0.3964276812098369538739373E-02,    0.6530138402655590035283950E-01,   -0.6926566083865426382004671E-01,   -106.07%
    0.3785000000000000142108547E+01,   -0.5155894177277045749285822E-02,    0.6524763925885206095056645E-01,   -0.7040353343612910930193749E-01,   -107.90%
    0.3786666666666667069307550E+01,   -0.6350621381421856642690571E-02,    0.6519395927260925038826400E-01,   -0.7154458065403110356150762E-01,   -109.74%
    0.3788333333333333996506553E+01,   -0.7548406188174394161605196E-02,    0.6514034396634847678964064E-01,   -0.7268875015452287702277800E-01,   -111.59%
    0.3789999999999999147348717E+01,   -0.8749195755564797769010532E-02,    0.6508679323878394096247746E-01,   -0.7383598899434873352731756E-01,   -113.44%
    0.3791666666666666074547720E+01,   -0.9952936634059036946631238E-02,    0.6503330698882241189817677E-01,   -0.7498624362288144884480801E-01,   -115.30%
    0.3793333333333333001746723E+01,   -0.1115957476462036725151084E-01,    0.6497988511556312962724746E-01,   -0.7613945988018350208292873E-01,   -117.17%
    0.3794999999999999928945726E+01,   -0.1236905547677518563132182E-01,    0.6492652751829711132991463E-01,   -0.7729558299507230390013035E-01,   -119.05%
    0.3796666666666666856144730E+01,   -0.1358132348671854845723050E-01,    0.6487323409650685990257557E-01,   -0.7845455758322540662508260E-01,   -120.94%
    0.3798333333333333783343733E+01,   -0.1479632289541439604807493E-01,    0.6482000474986589211301435E-01,   -0.7961632764528028816108929E-01,   -122.83%
    0.3800000000000000710542736E+01,   -0.1601399718671412883419514E-01,    0.6476683937823832226676757E-01,   -0.8078083656495245457040966E-01,   -124.73%
    0.3801666666666665861384899E+01,   -0.1723428922550438932570493E-01,    0.6471373788167850138464132E-01,   -0.8194802710718289417979321E-01,   -126.63%
    0.3803333333333332788583903E+01,   -0.1845714125585348405755859E-01,    0.6466070016043039270225989E-01,   -0.8311784141628388022926543E-01,   -128.54%
    0.3804999999999999715782906E+01,   -0.1968249489919137243387759E-01,    0.6460772611492746064776327E-01,   -0.8429022101411882961219391E-01,   -130.46%
    0.3806666666666666642981909E+01,   -0.2091029115248717318298333E-01,    0.6455481564579203246356798E-01,   -0.8546510679827920564655130E-01,   -132.39%
    0.3808333333333333570180912E+01,   -0.2214047038646291959418377E-01,    0.6450196865383495126167190E-01,   -0.8664243904029786391696177E-01,   -134.33%
    0.3810000000000000497379915E+01,   -0.2337297234381544019932164E-01,    0.6444918504005515969002005E-01,   -0.8782215738387059988934169E-01,   -136.27%
    0.3811666666666667424578918E+01,   -0.2460773613744639612410658E-01,    0.6439646470563925584329468E-01,   -0.8900420084308564849795431E-01,   -138.21%
    0.3813333333333332575421082E+01,   -0.2584470024873487814520701E-01,    0.6434380755196121570715917E-01,   -0.9018850780069609385236618E-01,   -140.17%
    0.3814999999999999502620085E+01,   -0.2708380252580376568172227E-01,    0.6429121348058165763550420E-01,   -0.9137501600638542331722647E-01,   -142.13%
    0.3816666666666666429819088E+01,   -0.2832498018180903964768902E-01,    0.6423868239324780071708432E-01,   -0.9256366257505684036477334E-01,   -144.09%
    0.3818333333333333357018091E+01,   -0.2956816979326232913694028E-01,    0.6418621419189288190843001E-01,   -0.9375438398515520410647639E-01,   -146.07%
    0.3820000000000000284217094E+01,   -0.3081330729835765960822336E-01,    0.6413380877863573970021349E-01,   -0.9494711607699339583898990E-01,   -148.05%
    0.3821666666666667211416097E+01,   -0.3206032799531904897705203E-01,    0.6408146605578041166140224E-01,   -0.9614179405109946063845427E-01,   -150.03%
    0.3823333333333334138615101E+01,   -0.3330916654076624544567053E-01,    0.6402918592581575973898822E-01,   -0.9733835246658201212355266E-01,   -152.02%
    0.3824999999999999289457264E+01,   -0.3455975694810937276502116E-01,    0.6397696829141510943550486E-01,   -0.9853672523952447526163212E-01,   -154.02%
    0.3826666666666666216656267E+01,   -0.3581203258596125926782605E-01,    0.6392481305543561143078790E-01,   -0.9973684564139687069861395E-01,   -156.02%
    0.3828333333333333143855270E+01,   -0.3706592617655668497889110E-01,    0.6387272012091815831524855E-01,   -0.1009386462974748432941396E+00,   -158.03%
    0.3830000000000000071054274E+01,   -0.3832136979419047129180598E-01,    0.6382068939108680172278554E-01,   -0.1021420591852772730145915E+00,   -160.05%
    0.3831666666666666998253277E+01,   -0.3957829486371579330583614E-01,    0.6376872076934834987493872E-01,   -0.1033470156330641431807749E+00,   -162.07%
    0.3833333333333333925452280E+01,   -0.4083663215900944915004445E-01,    0.6371681415929202063619385E-01,   -0.1045534463183014628473444E+00,   -164.09%
    0.3835000000000000852651283E+01,   -0.4209631180148210027880396E-01,    0.6366496946468899742477277E-01,   -0.1057612812661710977035767E+00,   -166.12%
    0.3836666666666666003493447E+01,   -0.4335726325862356012041943E-01,    0.6361318658949211002351376E-01,   -0.1069704498481156701439332E+00,   -168.16%
    0.3838333333333332930692450E+01,   -0.4461941534255753349924589E-01,    0.6356146543783522395720809E-01,   -0.1081808807803927574564540E+00,   -170.20%
    0.3839999999999999857891453E+01,   -0.4588269620859032615900475E-01,    0.6350980591403312947029747E-01,   -0.1093925021226234556293022E+00,   -172.25%
    0.3841666666666666785090456E+01,   -0.4714703335383899768240568E-01,    0.6345820792258098641536179E-01,   -0.1106052412764199910366614E+00,   -174.30%
    0.3843333333333333712289459E+01,   -0.4841235361583694218889917E-01,    0.6340667136815392179727269E-01,   -0.1118190249839908639861719E+00,   -176.35%
    0.3845000000000000639488462E+01,   -0.4967858317116664867985065E-01,    0.6335519615560668282849832E-01,   -0.1130337793267733315083490E+00,   -178.41%
    0.3846666666666665790330626E+01,   -0.5094564753414807661835439E-01,    0.6330378218997327610662040E-01,   -0.1142494297241213596638687E+00,   -180.48%
    0.3848333333333332717529629E+01,   -0.5221347155550940671853155E-01,    0.6325242937646635699167064E-01,   -0.1154659009319757567713083E+00,   -182.55%
    0.3849999999999999644728632E+01,   -0.5348197942109873120886121E-01,    0.6320113762047717409497949E-01,   -0.1166831170415759122427346E+00,   -184.62%
    0.3851666666666666571927635E+01,   -0.5475109465062268782054034E-01,    0.6314990682757497253430046E-01,   -0.1179010014781976534159469E+00,   -186.70%
    0.3853333333333333499126638E+01,   -0.5602074009640981705482332E-01,    0.6309873690350660535575145E-01,   -0.1191194769999164293494687E+00,   -188.78%
    0.3855000000000000426325641E+01,   -0.5729083794219688718918349E-01,    0.6304762775419620046690738E-01,   -0.1203384656963930876560909E+00,   -190.87%
    0.3856666666666667353524645E+01,   -0.5856130970191902873622780E-01,    0.6299657928574475818095380E-01,   -0.1215578889876637869171816E+00,   -192.96%
    0.3858333333333332504366808E+01,   -0.5983207621856265895354809E-01,    0.6294559140442981814977941E-01,   -0.1227776676229924701644336E+00,   -195.05%
    0.3859999999999999431565811E+01,   -0.6110305766301674795792920E-01,    0.6289466401670483486352481E-01,   -0.1239977216797215897603479E+00,   -197.15%
    0.3861666666666666358764815E+01,   -0.6237417353294923832995877E-01,    0.6284379702919916377279463E-01,   -0.1252179705621483951638595E+00,   -199.25%
    0.3863333333333333285963818E+01,   -0.6364534265173470151122359E-01,    0.6279299034871738127705498E-01,   -0.1264383330004520966660664E+00,   -201.36%
    0.3865000000000000213162821E+01,   -0.6491648316736521595604614E-01,    0.6274224388223907655781630E-01,   -0.1276587270496042925138624E+00,   -203.47%
    0.3866666666666667140361824E+01,   -0.6618751255143563716476507E-01,    0.6269155753691835197827231E-01,   -0.1288790700883539752652496E+00,   -205.58%
    0.3868333333333334067560827E+01,   -0.6745834759811691894171304E-01,    0.6264093122008349001639260E-01,   -0.1300992788182004089581056E+00,   -207.69%
    0.3869999999999999218402991E+01,   -0.6872890442318041470670664E-01,    0.6259036483923667570916649E-01,   -0.1313192692624171042936609E+00,   -209.81%
    0.3871666666666666145601994E+01,   -0.6999909846303940808009969E-01,    0.6253985830205328888542482E-01,   -0.1325389567650926969655245E+00,   -211.93%
    0.3873333333333333072800997E+01,   -0.7126884447380825438056462E-01,    0.6248941151638194579920338E-01,   -0.1337582559901902001797680E+00,   -214.05%
    0.3875000000000000000000000E+01,   -0.7253805653042047496548150E-01,    0.6243902439024390238486717E-01,   -0.1349770809206643773503487E+00,   -216.17%
    0.3876666666666666927199003E+01,   -0.7380664802574013472202807E-01,    0.6238869683183265180126398E-01,   -0.1361953448575727865232921E+00,   -218.30%
    0.3878333333333333854398006E+01,   -0.7507453166971612967817151E-01,    0.6233842874951361218149870E-01,   -0.1374129604192297349207763E+00,   -220.43%
    0.3880000000000000781597009E+01,   -0.7634161948858080026791839E-01,    0.6228822005182376581045034E-01,   -0.1386298395404045591394748E+00,   -222.56%
    0.3881666666666665932439173E+01,   -0.7760782282403634602108156E-01,    0.6223807064747132605786462E-01,   -0.1398458934715076651400523E+00,   -224.70%
    0.3883333333333332859638176E+01,   -0.7887305233253619207722807E-01,    0.6218798044533505736675139E-01,   -0.1410610327778712425050855E+00,   -226.83%
    0.3884999999999999786837179E+01,   -0.8013721798451382827277456E-01,    0.6213794935446439321458101E-01,   -0.1422751673389782145484617E+00,   -228.97%
    0.3886666666666666714036182E+01,   -0.8140022906371810473835637E-01,    0.6208797728407870059053053E-01,   -0.1434882063477967983899930E+00,   -231.10%
    0.3888333333333333641235185E+01,   -0.8266199416652801612581669E-01,    0.6203806414356709958424219E-01,   -0.1447000583100951087711650E+00,   -233.24%
    0.3890000000000000568434189E+01,   -0.8392242120131698790430619E-01,    0.6198820984248794296878060E-01,   -0.1459106310438049169952990E+00,   -235.38%
    0.3891666666666667495633192E+01,   -0.8518141738786003114292100E-01,    0.6193841429056855946155835E-01,   -0.1471198316784285975433733E+00,   -237.53%
    0.3893333333333332646475355E+01,   -0.8643888925673919032544035E-01,    0.6188867739770491371853467E-01,   -0.1483275666544441040439750E+00,   -239.67%
    0.3894999999999999573674359E+01,   -0.8769474264882140546184530E-01,    0.6183899907396100265044581E-01,   -0.1495337417227824150511850E+00,   -241.81%
    0.3896666666666666500873362E+01,   -0.8894888271472117802218804E-01,    0.6178937922956882766722941E-01,   -0.1507382619442900195672053E+00,   -243.95%
    0.3898333333333333428072365E+01,   -0.9020121391436664026741710E-01,    0.6173981777492784650540614E-01,   -0.1519410316892944867728232E+00,   -246.10%
    0.3900000000000000355271368E+01,   -0.9145164001650357699091387E-01,    0.6169031462060456383333928E-01,   -0.1531419546371081408242532E+00,   -248.24%
    0.3901666666666667282470371E+01,   -0.9270006409830830462759366E-01,    0.6164086967733228838994819E-01,   -0.1543409337756405930175418E+00,   -250.39%
    0.3903333333333334209669374E+01,   -0.9394638854500557412219308E-01,    0.6159148285601072358996788E-01,   -0.1555378714010162977121610E+00,   -252.53%
    0.3904999999999999360511538E+01,   -0.9519051504953889020210767E-01,    0.6154215406770561364035999E-01,   -0.1567326691172445107813616E+00,   -254.68%
    0.3906666666666666287710541E+01,   -0.9643234461221490694260439E-01,    0.6149288322364825781773945E-01,   -0.1579252278358631578214499E+00,   -256.82%
    0.3908333333333333214909544E+01,   -0.9767177754047609572474187E-01,    0.6144367023523538556828427E-01,   -0.1591154477757114882319200E+00,   -258.96%
    0.3910000000000000142108547E+01,   -0.9890871344862627034810743E-01,    0.6139451501402864996848052E-01,   -0.1603032284626549341943758E+00,   -261.10%
    0.3911666666666667069307550E+01,   -0.1001430512576375747579860E+00,    0.6134541747175425996374543E-01,   -0.1614884687293918208439436E+00,   -263.24%
    0.3913333333333333996506553E+01,   -0.1013746891949624390205642E+00,    0.6129637752030270281267121E-01,   -0.1626710667152651557110232E+00,   -265.38%
    0.3914999999999999147348717E+01,   -0.1026035247944337008840776E+00,    0.6124739507172839020343602E-01,   -0.1638509198661620980264075E+00,   -267.52%
    0.3916666666666666074547720E+01,   -0.1038294548961138791254299E+00,    0.6119847003824906844782205E-01,   -0.1650279249343629406343581E+00,   -269.66%
    0.3918333333333333001746723E+01,   -0.1050523756462794638943947E+00,    0.6114960233224584623679121E-01,   -0.1662019779785253170700798E+00,   -271.80%
    0.3919999999999999928945726E+01,   -0.1062721824973590911689314E+00,    0.6110079186626259095671543E-01,   -0.1673729743636216960034346E+00,   -273.93%
    0.3921666666666666856144730E+01,   -0.1074887702079572182611855E+00,    0.6105203855300563031693883E-01,   -0.1685408087609628347003365E+00,   -276.06%
    0.3923333333333333783343733E+01,   -0.1087020328429159077288091E+00,    0.6100334230534341234397644E-01,   -0.1697053751482593131338916E+00,   -278.19%
    0.3925000000000000710542736E+01,   -0.1099118637733794562327816E+00,    0.6095470303630611680345552E-01,   -0.1708665668096855660973432E+00,   -280.32%
    0.3926666666666665861384899E+01,   -0.1111181556769236661308398E+00,    0.6090612065908546091108633E-01,   -0.1720242763360091409197139E+00,   -282.44%
    0.3928333333333332788583903E+01,   -0.1123208005377430013238538E+00,    0.6085759508703397768769605E-01,   -0.1731783956247769928893376E+00,   -284.56%
    0.3929999999999999715782906E+01,   -0.1135196896468080862696581E+00,    0.6080912623366516167600082E-01,   -0.1743288158804732479456590E+00,   -286.68%
    0.3931666666666666642981909E+01,   -0.1147147136021491459212385E+00,    0.6076071401265274035674580E-01,   -0.1754754276148018932168782E+00,   -288.80%
    0.3933333333333333570180912E+01,   -0.1159057623091107880330952E+00,    0.6071235833783053537082708E-01,   -0.1766181206469413234039223E+00,   -290.91%
    0.3935000000000000497379915E+01,   -0.1170927249806988507119243E+00,    0.6066405912319201149118797E-01,   -0.1777567841038908691420062E+00,   -293.02%
    0.3936666666666667424578918E+01,   -0.1182754901379069883970985E+00,    0.6061581628288995049480548E-01,   -0.1788913064207969250141161E+00,   -295.12%
    0.3938333333333332575421082E+01,   -0.1194539456101615798599980E+00,    0.6056762973123620830140368E-01,   -0.1800215753413977881614016E+00,   -297.22%
    0.3939999999999999502620085E+01,   -0.1206279785357291245428968E+00,    0.6051949938270112516747190E-01,   -0.1811474779184302497103687E+00,   -299.32%
    0.3941666666666666429819088E+01,   -0.1217974753622332595437427E+00,    0.6047142515191345629732567E-01,   -0.1822689005141467089021745E+00,   -301.41%
    0.3943333333333333357018091E+01,   -0.1229623218471588563804886E+00,    0.6042340695365993469279076E-01,   -0.1833857288008187980121733E+00,   -303.50%
    0.3945000000000000284217094E+01,   -0.1241224030584359705464692E+00,    0.6037544470288487563625068E-01,   -0.1844978477613208323049321E+00,   -305.58%
    0.3946666666666667211416097E+01,   -0.1252776033750474526939911E+00,    0.6032753831468988525710273E-01,   -0.1856051416897373518288816E+00,   -307.66%
    0.3948333333333334138615101E+01,   -0.1264278064877028262547043E+00,    0.6027968770433347195369933E-01,   -0.1867074941920363051472975E+00,   -309.74%
    0.3949999999999999289457264E+01,   -0.1275728953995041992097725E+00,    0.6023189278723086598210656E-01,   -0.1878047881867350721307730E+00,   -311.80%
    0.3951666666666666216656267E+01,   -0.1287127524267384082179433E+00,    0.6018415347895336026118329E-01,   -0.1888969059056917754180205E+00,   -313.86%
    0.3953333333333333143855270E+01,   -0.1298472591996298608485461E+00,    0.6013646969522837976152019E-01,   -0.1899837288948582336711723E+00,   -315.92%
    0.3955000000000000071054274E+01,   -0.1309762966631688452245896E+00,    0.6008884135193884312720058E-01,   -0.1910651380151076883517902E+00,   -317.97%
    0.3956666666666666998253277E+01,   -0.1320997450780416471172174E+00,    0.6004126836512294757008945E-01,   -0.1921410134431645877484129E+00,   -320.01%
    0.3958333333333333925452280E+01,   -0.1332174840214922495462702E+00,    0.5999375065097384274181991E-01,   -0.1932112346724660922880901E+00,   -322.05%
    0.3960000000000000852651283E+01,   -0.1343293923883486506998253E+00,    0.5994628812583922133905290E-01,   -0.1942756805141878650999843E+00,   -324.08%
    0.3961666666666666003493447E+01,   -0.1354353483919961964598855E+00,    0.5989888070622113175334178E-01,   -0.1953342290982173212743334E+00,   -326.11%
    0.3963333333333332930692450E+01,   -0.1365352295654783387757192E+00,    0.5985152830877537438736269E-01,   -0.1963867578742537201019758E+00,   -328.12%
    0.3964999999999999857891453E+01,   -0.1376289127625927588560728E+00,    0.5980423085031151553270234E-01,   -0.1974331436129042605109873E+00,   -330.13%
    0.3966666666666666785090456E+01,   -0.1387162741590375891753695E+00,    0.5975698824779230450277012E-01,   -0.1984732624068298867392457E+00,   -332.13%
    0.3968333333333333712289459E+01,   -0.1397971892536554461283771E+00,    0.5970980041833348628266265E-01,   -0.1995069896719889324110397E+00,   -334.13%
    0.3970000000000000639488462E+01,   -0.1408715328696509838657391E+00,    0.5966266727920335743995395E-01,   -0.2005342001488543413056931E+00,   -336.11%
    0.3971666666666665790330626E+01,   -0.1419391791559314330850583E+00,    0.5961558874782260653013566E-01,   -0.2015547679037540396151940E+00,   -338.09%
    0.3973333333333332717529629E+01,   -0.1430000015884433373081208E+00,    0.5956856474176368265727177E-01,   -0.2025685663302070338431804E+00,   -340.06%
    0.3974999999999999644728632E+01,   -0.1440538729715672983111574E+00,    0.5952159517875080241289254E-01,   -0.2035754681503181007240499E+00,   -342.02%
    0.3976666666666666571927635E+01,   -0.1451006654396079786906171E+00,    0.5947467997665949884789072E-01,   -0.2045753454162674844774017E+00,   -343.97%
    0.3978333333333333499126638E+01,   -0.1461402504582749450889878E+00,    0.5942781905351623289446295E-01,   -0.2055680695117911849223447E+00,   -345.91%
    0.3980000000000000426325641E+01,   -0.1471724988262325117815976E+00,    0.5938101232749815050482312E-01,   -0.2065535111537306622864207E+00,   -347.84%
    0.3981666666666667353524645E+01,   -0.1481972806767420935969426E+00,    0.5933425971693271488982546E-01,   -0.2075315403936748015478742E+00,   -349.77%
    0.3983333333333332504366808E+01,   -0.1492144654792970648315986E+00,    0.5928756114029745671878402E-01,   -0.2085020266195945215503826E+00,   -351.68%
    0.3984999999999999431565811E+01,   -0.1502239220413497111650258E+00,    0.5924091651621943982464202E-01,   -0.2094648385575691440507740E+00,   -353.58%
    0.3986666666666666358764815E+01,   -0.1512255185100665755282279E+00,    0.5919432576347526120397191E-01,   -0.2104198442735418228544120E+00,   -355.47%
    0.3988333333333333285963818E+01,   -0.1522191223741581056483341E+00,    0.5914778880099053059993253E-01,   -0.2113669111751486362482666E+00,   -357.35%
    0.3990000000000000213162821E+01,   -0.1532046004657740267962396E+00,    0.5910130554783954437425564E-01,   -0.2123059060136135711704952E+00,   -359.22%
    0.3991666666666667140361824E+01,   -0.1541818189623737345161913E+00,    0.5905487592324506346264101E-01,   -0.2132366948856188049177263E+00,   -361.08%
    0.3993333333333334067560827E+01,   -0.1551506433887680780348006E+00,    0.5900849984657787622444047E-01,   -0.2141591432353459611981350E+00,   -362.93%
    0.3994999999999999218402991E+01,   -0.1561109386191401604548901E+00,    0.5896217723735668742035543E-01,   -0.2150731158564968548141394E+00,   -364.76%
    0.3996666666666666145601994E+01,   -0.1570625688791464358295968E+00,    0.5891590801524745207862210E-01,   -0.2159784768943938948471128E+00,   -366.59%
    0.3998333333333333072800997E+01,   -0.1580053977480243287967454E+00,    0.5886969210006343100616277E-01,   -0.2168750898480877598029082E+00,   -368.40%
    0.4000000000000000000000000E+01,   -0.1589392881608729934939106E+00,    0.5882352941176470506601248E-01,   -0.2177628175726377124377109E+00,   -370.20%
    0.4001666666666666927199003E+01,   -0.1598641024108678754256374E+00,    0.5877741987045782823262385E-01,   -0.2186415222813257175360491E+00,   -371.98%
    0.4003333333333333854398006E+01,   -0.1607797021515877111674797E+00,    0.5873136339639557779168655E-01,   -0.2195110655479832750813785E+00,   -373.75%
    0.4005000000000000781597009E+01,   -0.1616859483994252388860957E+00,    0.5868535990997663515100768E-01,   -0.2203713083094018809759973E+00,   -375.51%
    0.4006666666666665932439173E+01,   -0.1625827015359759264434558E+00,    0.5863940933174530828475568E-01,   -0.2212221108677212277893176E+00,   -377.26%
    0.4008333333333332859638176E+01,   -0.1634698213105926500876564E+00,    0.5859351158239103213309917E-01,   -0.2220633328929836891596494E+00,   -378.99%
    0.4009999999999999786837179E+01,   -0.1643471668429128951238738E+00,    0.5854766658274834778552531E-01,   -0.2228948334256612429093991E+00,   -380.71%
    0.4011666666666666714036182E+01,   -0.1652145966254726094923910E+00,    0.5850187425379640288047867E-01,   -0.2237164708792690193117636E+00,   -382.41%
    0.4013333333333333641235185E+01,   -0.1660719685263947476006052E+00,    0.5845613451665868792739289E-01,   -0.2245281030430534285891042E+00,   -384.10%
    0.4015000000000000568434189E+01,   -0.1669191397921360731082530E+00,    0.5841044729260273793425284E-01,   -0.2253295870847388249202936E+00,   -385.77%
    0.4016666666666667495633192E+01,   -0.1677559670502793698343424E+00,    0.5836481250303980627958111E-01,   -0.2261207795533191622361358E+00,   -387.43%
    0.4018333333333332646475355E+01,   -0.1685823063123845499955422E+00,    0.5831923006952464266783309E-01,   -0.2269015363819091857244814E+00,   -389.07%
    0.4019999999999999573674359E+01,   -0.1693980129769516729254519E+00,    0.5827369991375493801788465E-01,   -0.2276717128907066178822305E+00,   -390.69%
    0.4021666666666666500873362E+01,   -0.1702029418323710019400608E+00,    0.5822822195757136609639559E-01,   -0.2284311637899423819142442E+00,   -392.30%
    0.4023333333333333428072365E+01,   -0.1709969470599747298766857E+00,    0.5818279612295705616187291E-01,   -0.2291797431829317721607708E+00,   -393.90%
    0.4025000000000000355271368E+01,   -0.1717798822372093026089601E+00,    0.5813742233203734316449030E-01,   -0.2299173045692466388345565E+00,   -395.47%
    0.4026666666666667282470371E+01,   -0.1725516003407356890875235E+00,    0.5809210050707946937365023E-01,   -0.2306437008478151584611737E+00,   -397.03%
    0.4028333333333334209669374E+01,   -0.1733119537497272433235196E+00,    0.5804683057049228600554613E-01,   -0.2313587843202195293290657E+00,   -398.57%
    0.4029999999999999360511538E+01,   -0.1740607942491844972732196E+00,    0.5800161244482597566740623E-01,   -0.2320624066940104590628380E+00,   -400.10%
    0.4031666666666666287710541E+01,   -0.1747979730332842041029551E+00,    0.5795644605277160826828364E-01,   -0.2327544190860558193101326E+00,   -401.60%
    0.4033333333333333214909544E+01,   -0.1755233407088311325949803E+00,    0.5791133131716105775232961E-01,   -0.2334346720259921903473099E+00,   -403.09%
    0.4035000000000000142108547E+01,   -0.1762367472987954875041083E+00,    0.5786626816096658576515921E-01,   -0.2341030154597620871470554E+00,   -404.56%
    0.4036666666666667069307550E+01,   -0.1769380422458394219731304E+00,    0.5782125650730056409809521E-01,   -0.2347592987531399999490134E+00,   -406.01%
    0.4038333333333333996506553E+01,   -0.1776270744160213799212045E+00,    0.5777629627941513468236678E-01,   -0.2354033706954365146035713E+00,   -407.44%
    0.4039999999999999147348717E+01,   -0.1783036921024827026194259E+00,    0.5773138740070203611676192E-01,   -0.2360350795031847526139757E+00,   -408.85%
    0.4041666666666666074547720E+01,   -0.1789677430292216375740111E+00,    0.5768652979469205549500899E-01,   -0.2366542728239136861301262E+00,   -410.24%
    0.4043333333333333001746723E+01,   -0.1796190743549838930714913E+00,    0.5764172338505504228356457E-01,   -0.2372607977400389422939497E+00,   -411.61%
    0.4044999999999999928945726E+01,   -0.1802575326771498898104085E+00,    0.5759696809559945035461581E-01,   -0.2378545007727493332261304E+00,   -412.96%
    0.4046666666666666856144730E+01,   -0.1808829640357474399792181E+00,    0.5755226385027202573585470E-01,   -0.2384352278860194518372850E+00,   -414.29%
    0.4048333333333333783343733E+01,   -0.1814952139175266820902976E+00,    0.5750761057315757068808537E-01,   -0.2390028244906842458394891E+00,   -415.60%
    0.4050000000000000710542736E+01,   -0.1820941272600841709383701E+00,    0.5746300818847864533278624E-01,   -0.2395571354485628301489442E+00,   -416.89%
    0.4051666666666665861384899E+01,   -0.1826795484560922722128140E+00,    0.5741845662059529009635384E-01,   -0.2400980050766875484313800E+00,   -418.15%
    0.4053333333333332788583903E+01,   -0.1832513213575612809336235E+00,    0.5737395579400456080421122E-01,   -0.2406252771515658417378347E+00,   -419.40%
    0.4054999999999999715782906E+01,   -0.1838092892802209721292428E+00,    0.5732950563334054949748975E-01,   -0.2411387949135615216267325E+00,   -420.62%
    0.4056666666666666642981909E+01,   -0.1843532950079310173130409E+00,    0.5728510606337387789377402E-01,   -0.2416384010713049090846027E+00,   -421.82%
    0.4058333333333333570180912E+01,   -0.1848831807972092233782746E+00,    0.5724075700901143370913360E-01,   -0.2421239378062206570874082E+00,   -422.99%
    0.4060000000000000497379915E+01,   -0.1853987883817947157627515E+00,    0.5719645839529615555241193E-01,   -0.2425952467770908782540573E+00,   -424.14%
    0.4061666666666667424578918E+01,   -0.1858999589773249194735172E+00,    0.5715221014740663740827387E-01,   -0.2430521691247315430040032E+00,   -425.27%
    0.4063333333333332575421082E+01,   -0.1863865332860508150503165E+00,    0.5710801219065701761490317E-01,   -0.2434945454767078465430075E+00,   -426.38%
    0.4064999999999999502620085E+01,   -0.1868583515016697116362110E+00,    0.5706386445049638905802070E-01,   -0.2439222159521660937553378E+00,   -427.45%
    0.4066666666666666429819088E+01,   -0.1873152533142085074402416E+00,    0.5701976685250887549871734E-01,   -0.2443350201667173760000651E+00,   -428.51%
    0.4068333333333333357018091E+01,   -0.1877570779149680957331725E+00,    0.5697571932241309033972954E-01,   -0.2447327972373811721951142E+00,   -429.54%
    0.4070000000000000284217094E+01,   -0.1881836640015971950923301E+00,    0.5693172178606197009198553E-01,   -0.2451153857876591790621035E+00,   -430.54%
    0.4071666666666667211416097E+01,   -0.1885948497832132253471116E+00,    0.5688777416944243436880413E-01,   -0.2454826239526556597159157E+00,   -431.52%
    0.4073333333333334138615101E+01,   -0.1889904729855990672682253E+00,    0.5684387639867513608571414E-01,   -0.2458343493842742033539395E+00,   -432.47%
    0.4074999999999999289457264E+01,   -0.1893703708564955512372308E+00,    0.5680002840001422553806165E-01,   -0.2461703992565097698363985E+00,   -433.40%
    0.4076666666666666216656267E+01,   -0.1897343801709692745482982E+00,    0.5675623009984683692286112E-01,   -0.2464906102708161184100533E+00,   -434.30%
    0.4078333333333333143855270E+01,   -0.1900823372368430907997094E+00,    0.5671248142469315772773442E-01,   -0.2467948186615362415885500E+00,   -435.17%
    0.4080000000000000071054274E+01,   -0.1904140779002576333578389E+00,    0.5666878230120591525276197E-01,   -0.2470828602014635555494948E+00,   -436.01%
    0.4081666666666666998253277E+01,   -0.1907294375512735562505640E+00,    0.5662513265617014068808999E-01,   -0.2473545702074436969386539E+00,   -436.83%
    0.4083333333333333925452280E+01,   -0.1910282511295477436696899E+00,    0.5658153241650294013043165E-01,   -0.2476097835460506768612277E+00,   -437.62%
    0.4085000000000000852651283E+01,   -0.1913103531301431070588137E+00,    0.5653798150925311988279631E-01,   -0.2478483346393962338805039E+00,   -438.37%
    0.4086666666666666003493447E+01,   -0.1915755776093808759874548E+00,    0.5649447986160109624886871E-01,   -0.2480700574709819861141114E+00,   -439.10%
    0.4088333333333332930692450E+01,   -0.1918237581908132094454800E+00,    0.5645102740085829184923938E-01,   -0.2482747855916714874169315E+00,   -439.81%
    0.4089999999999999857891453E+01,   -0.1920547280711848991963109E+00,    0.5640762405446721194923754E-01,   -0.2484623521256520972677606E+00,   -440.48%
    0.4091666666666666785090456E+01,   -0.1922683200266976921710693E+00,    0.5636426975000097261414567E-01,   -0.2486325897766986647852150E+00,   -441.12%
    0.4093333333333333712289459E+01,   -0.1924643664190653635781558E+00,    0.5632096441516309254238237E-01,   -0.2487853308342284630594321E+00,   -441.73%
    0.4095000000000000639488462E+01,   -0.1926426992019181216875268E+00,    0.5627770797778716693748891E-01,   -0.2489204071797052886250157E+00,   -442.31%
    0.4096666666666665790330626E+01,   -0.1928031499271539161988187E+00,    0.5623450036583668709688766E-01,   -0.2490376502929906032957064E+00,   -442.86%
    0.4098333333333332717529629E+01,   -0.1929455497514312445339613E+00,    0.5619134150740455468930890E-01,   -0.2491368912588358131010580E+00,   -443.37%
    0.4099999999999999644728632E+01,   -0.1930697294426836907454970E+00,    0.5614823133071308869368465E-01,   -0.2492179607733967794391816E+00,   -443.86%
    0.4101666666666666571927635E+01,   -0.1931755193868519571154252E+00,    0.5610516976411360906551451E-01,   -0.2492806891509655731198336E+00,   -444.31%
    0.4103333333333333499126638E+01,   -0.1932627495945743734129252E+00,    0.5606215673608614530332162E-01,   -0.2493249063306605117773529E+00,   -444.73%
    0.4105000000000000426325641E+01,   -0.1933312497080539593685700E+00,    0.5601919217523922828183558E-01,   -0.2493504418832931945892994E+00,   -445.12%
    0.4106666666666667353524645E+01,   -0.1933808490079759190294340E+00,    0.5597627601030957106287289E-01,   -0.2493571250182854970312007E+00,   -445.47%
    0.4108333333333332504366808E+01,   -0.1934113764205337149260089E+00,    0.5593340817016187460630761E-01,   -0.2493447845906955895323165E+00,   -445.79%
    0.4109999999999999431565811E+01,   -0.1934226605245556451784239E+00,    0.5589058858378839061975540E-01,   -0.2493132491083440427370732E+00,   -446.07%
    0.4111666666666666358764815E+01,   -0.1934145295587134383286099E+00,    0.5584781718030887298631626E-01,   -0.2492623467390223113149261E+00,   -446.32%
    0.4113333333333333285963818E+01,   -0.1933868114288160300340280E+00,    0.5580509388897018918651582E-01,   -0.2491919053177862330983316E+00,   -446.54%
    0.4115000000000000213162821E+01,   -0.1933393337152274349399761E+00,    0.5576241863914605662033708E-01,   -0.2491017523543734846214193E+00,   -446.72%
    0.4116666666666667140361824E+01,   -0.1932719236803572826488562E+00,    0.5571979136033678586814588E-01,   -0.2489917150406940615781082E+00,   -446.86%
    0.4118333333333334067560827E+01,   -0.1931844082762786685147915E+00,    0.5567721198216903782940435E-01,   -0.2488616202584477132830898E+00,   -446.97%
    0.4119999999999999218402991E+01,   -0.1930766141523799495072211E+00,    0.5563468043439560861695981E-01,   -0.2487112945867755442463931E+00,   -447.04%
    0.4121666666666666145601994E+01,   -0.1929483676631693900294096E+00,    0.5559219664689490220110812E-01,   -0.2485405643100642991694116E+00,   -447.08%
    0.4123333333333333072800997E+01,   -0.1927994948762059013169790E+00,    0.5554976054967106224857787E-01,   -0.2483492554258769635655568E+00,   -447.08%
    0.4125000000000000000000000E+01,   -0.1926298215800330559943632E+00,    0.5550737207285342394991190E-01,   -0.2481371936528864730053812E+00,   -447.03%
    0.4126666666666666927199003E+01,   -0.1924391732922983988540722E+00,    0.5546503114669637524158929E-01,   -0.2479042044389947740956615E+00,   -446.96%
    0.4128333333333333854398006E+01,   -0.1922273752679376501717456E+00,    0.5542273770157903067801186E-01,   -0.2476501129695166669719697E+00,   -446.84%
    0.4130000000000000781597009E+01,   -0.1919942525074713468580256E+00,    0.5538049166800500938689922E-01,   -0.2473747441754763631838188E+00,   -446.68%
    0.4131666666666665932439173E+01,   -0.1917396297653942149885609E+00,    0.5533829297660221996357777E-01,   -0.2470779227419964418910325E+00,   -446.49%
    0.4133333333333332859638176E+01,   -0.1914633315586893314019790E+00,    0.5529614155812240250398304E-01,   -0.2467594731168117339059620E+00,   -446.25%
    0.4134999999999999786837179E+01,   -0.1911651821754065116998333E+00,    0.5525403734344114248244750E-01,   -0.2464192195188476541822808E+00,   -445.98%
    0.4136666666666666714036182E+01,   -0.1908450056833623231788977E+00,    0.5521198026355745441806633E-01,   -0.2460569859469197706580701E+00,   -445.66%
    0.4138333333333333641235185E+01,   -0.1905026259389991927228891E+00,    0.5516997024959353207451684E-01,   -0.2456725961885927178585121E+00,   -445.30%
    0.4140000000000000568434189E+01,   -0.1901378665962672465106209E+00,    0.5512800723279453335434752E-01,   -0.2452658738290617868038623E+00,   -444.90%
    0.4141666666666667495633192E+01,   -0.1897505511156319379928448E+00,    0.5508609114452828192654010E-01,   -0.2448366422601602199193849E+00,   -444.46%
    0.4143333333333332646475355E+01,   -0.1893405027732432133191764E+00,    0.5504422191628510069305591E-01,   -0.2443847246895283209511263E+00,   -443.98%
    0.4144999999999999573674359E+01,   -0.1889075446701532212667729E+00,    0.5500239947967730524958085E-01,   -0.2439099441498305265163538E+00,   -443.45%
    0.4146666666666666500873362E+01,   -0.1884514997416852355449635E+00,    0.5496062376643934266340352E-01,   -0.2434121235081245782083670E+00,   -442.88%
    0.4148333333333333428072365E+01,   -0.1879721907668615021869130E+00,    0.5491889470842719472853943E-01,   -0.2428910854752887038543463E+00,   -442.27%
    0.4150000000000000355271368E+01,   -0.1874694403779735840664955E+00,    0.5487721223761831551568591E-01,   -0.2423466526155919065210753E+00,   -441.62%
    0.4151666666666667282470371E+01,   -0.1869430710703045839249370E+00,    0.5483557628611131218310248E-01,   -0.2417786473564159099858273E+00,   -440.92%
    0.4153333333333334209669374E+01,   -0.1863929052118750151478821E+00,    0.5479398678612565354306696E-01,   -0.2411868919980006686909491E+00,   -440.17%
    0.4154999999999999360511538E+01,   -0.1858187650533560386634235E+00,    0.5475244367000156597846683E-01,   -0.2405712087233576046418904E+00,   -439.38%
    0.4156666666666666287710541E+01,   -0.1852204727380941662318037E+00,    0.5471094687019950608686258E-01,   -0.2399314196082936723186663E+00,   -438.54%
    0.4158333333333333214909544E+01,   -0.1845978503122254199553254E+00,    0.5466949631930023700832066E-01,   -0.2392673466315256569636460E+00,   -437.66%
    0.4160000000000000142108547E+01,   -0.1839507197349491696147794E+00,    0.5462809195000436351952189E-01,   -0.2385788116849535400731952E+00,   -436.73%
    0.4161666666666667069307550E+01,   -0.1832789028888778259940295E+00,    0.5458673369513217243920167E-01,   -0.2378656365840099984332312E+00,   -435.76%
    0.4163333333333333996506553E+01,   -0.1825822215904789880269732E+00,    0.5454542148762332731681823E-01,   -0.2371276430781023014660036E+00,   -434.73%
    0.4164999999999999147348717E+01,   -0.1818604976007227869150285E+00,    0.5450415526053668802131114E-01,   -0.2363646528612594610585518E+00,   -433.66%
    0.4166666666666666074547720E+01,   -0.1811135526357549874187924E+00,    0.5446293494704993604083043E-01,   -0.2355764875828049165207290E+00,   -432.54%
    0.4168333333333333001746723E+01,   -0.1803412083777568009068659E+00,    0.5442176048045949121600984E-01,   -0.2347629688582162921228758E+00,   -431.38%
    0.4169999999999999928945726E+01,   -0.1795432864858518551276489E+00,    0.5438063179418018561195325E-01,   -0.2339239182800320338007083E+00,   -430.16%
    0.4171666666666666856144730E+01,   -0.1787196086072302403380263E+00,    0.5433954882174499290137248E-01,   -0.2330591574289752332393988E+00,   -428.89%
    0.4173333333333333783343733E+01,   -0.1778699963882838241957529E+00,    0.5429851149680482019777017E-01,   -0.2321685078850886374546292E+00,   -427.58%
    0.4175000000000000710542736E+01,   -0.1769942714859632226787056E+00,    0.5425751975312826519415310E-01,   -0.2312517912390914809339648E+00,   -426.21%
    0.4176666666666665861384899E+01,   -0.1760922555792052701661987E+00,    0.5421657352460138717953342E-01,   -0.2303088291038066504068382E+00,   -424.79%
    0.4178333333333332788583903E+01,   -0.1751637703804455881151370E+00,    0.5417567274522732539976388E-01,   -0.2293394431256729204537947E+00,   -423.33%
    0.4179999999999999715782906E+01,   -0.1742086376473631625927396E+00,    0.5413481734912627130196228E-01,   -0.2283434549964894477724897E+00,   -421.81%
    0.4181666666666666642981909E+01,   -0.1732266791946341921715202E+00,    0.5409400727053510077313447E-01,   -0.2273206864651692860057608E+00,   -420.23%
    0.4183333333333333570180912E+01,   -0.1722177169059130874551045E+00,    0.5405324244380714515667563E-01,   -0.2262709593497202464895679E+00,   -418.61%
    0.4185000000000000497379915E+01,   -0.1711815727458512181868855E+00,    0.5401252280341196226887135E-01,   -0.2251940955492631735168629E+00,   -416.93%
    0.4186666666666667424578918E+01,   -0.1701180687723044815395923E+00,    0.5397184828393507965982323E-01,   -0.2240899170562395681383094E+00,   -415.20%
    0.4188333333333332575421082E+01,   -0.1690270271486447872799630E+00,    0.5393121882007782807999519E-01,   -0.2229582459687226014821704E+00,   -413.41%
    0.4189999999999999502620085E+01,   -0.1679082701561835644366028E+00,    0.5389063434665690432989749E-01,   -0.2217989045028404548887124E+00,   -411.57%
    0.4191666666666666429819088E+01,   -0.1667616202067737085634747E+00,    0.5385009479860439207676848E-01,   -0.2206117150053781006402431E+00,   -409.68%
    0.4193333333333333357018091E+01,   -0.1655868998554985427329456E+00,    0.5380960011096735245983425E-01,   -0.2193964999664659021316737E+00,   -407.73%
    0.4195000000000000284217094E+01,   -0.1643839318135009996968421E+00,    0.5376915021890764367906712E-01,   -0.2181530820324086294981214E+00,   -405.72%
    0.4196666666666667211416097E+01,   -0.1631525389609648768463046E+00,    0.5372874505770167119500513E-01,   -0.2168812840186665480413097E+00,   -403.66%
    0.4198333333333334138615101E+01,   -0.1618925443602090841199725E+00,    0.5368838456274015180635928E-01,   -0.2155809289229492220485440E+00,   -401.54%
    0.4199999999999999289457264E+01,   -0.1606037712689045160452395E+00,    0.5364806866952791242209031E-01,   -0.2142518399384324423451176E+00,   -399.37%
    0.4201666666666666216656267E+01,   -0.1592860431534724452440344E+00,    0.5360779731368350842224402E-01,   -0.2128938404671559536662784E+00,   -397.13%
    0.4203333333333333143855270E+01,   -0.1579391837025735101374124E+00,    0.5356757043093920284126952E-01,   -0.2115067541335127199175759E+00,   -394.84%
    0.4205000000000000071054274E+01,   -0.1565630168407362576843411E+00,    0.5352738795714061942332407E-01,   -0.2100904047978768840465591E+00,   -392.49%
    0.4206666666666666998253277E+01,   -0.1551573667421614066697089E+00,    0.5348724982824649282209251E-01,   -0.2086446165704078925529075E+00,   -390.08%
    0.4208333333333333925452280E+01,   -0.1537220578446211738388172E+00,    0.5344715598032846043397015E-01,   -0.2071692138249496273338934E+00,   -387.62%
    0.4210000000000000852651283E+01,   -0.1522569148635052049822747E+00,    0.5340710634957085423124568E-01,   -0.2056640212130760592135204E+00,   -385.09%
    0.4211666666666666003493447E+01,   -0.1507617628060531067557548E+00,    0.5336710087227045096192057E-01,   -0.2041288636783235577176754E+00,   -382.50%
    0.4213333333333332930692450E+01,   -0.1492364269856401026714821E+00,    0.5332713948483613908280176E-01,   -0.2025635664704762417542838E+00,   -379.85%
    0.4214999999999999857891453E+01,   -0.1476807330362933656786595E+00,    0.5328722212378888406503208E-01,   -0.2009679551600822566825855E+00,   -377.14%
    0.4216666666666666785090456E+01,   -0.1460945069272960306072662E+00,    0.5324734872576136063271335E-01,   -0.1993418556530573981788734E+00,   -374.37%
    0.4218333333333333712289459E+01,   -0.1444775749779656226490232E+00,    0.5320751922749775153498319E-01,   -0.1976850942054633741840064E+00,   -371.54%
    0.4220000000000000639488462E+01,   -0.1428297638725228302369885E+00,    0.5316773356585353937919791E-01,   -0.1959974974383763557383986E+00,   -368.64%
    0.4221666666666665790330626E+01,   -0.1411509006751922312705716E+00,    0.5312799167779527764743364E-01,   -0.1942788923529875089180052E+00,   -365.68%
    0.4223333333333332717529629E+01,   -0.1394408128453776540833786E+00,    0.5308829350040024375179115E-01,   -0.1925291063457779117129576E+00,   -362.66%
    0.4224999999999999644728632E+01,   -0.1376993282530092344018158E+00,    0.5304863897085641127882027E-01,   -0.1907479672238656387417421E+00,   -359.57%
    0.4226666666666666571927635E+01,   -0.1359262751940355506974356E+00,    0.5300902802646210998371856E-01,   -0.1889353032204976745589420E+00,   -356.42%
    0.4228333333333333499126638E+01,   -0.1341214824060816546147379E+00,    0.5296946060462578986793858E-01,   -0.1870909430107074444826765E+00,   -353.21%
    0.4230000000000000426325641E+01,   -0.1322847790842144322098761E+00,    0.5292993664286582689015859E-01,   -0.1852147157270802591000347E+00,   -349.92%
    0.4231666666666667353524645E+01,   -0.1304159948969159377174520E+00,    0.5289045607881028704388982E-01,   -0.1833064509757262317002358E+00,   -346.58%
    0.4233333333333332504366808E+01,   -0.1285149600021675553307432E+00,    0.5285101885019674594623496E-01,   -0.1813659788523643012769782E+00,   -343.16%
    0.4234999999999999431565811E+01,   -0.1265815050636803773542738E+00,    0.5281162489487187250425393E-01,   -0.1793931299585522498585277E+00,   -339.68%
    0.4236666666666666358764815E+01,   -0.1246154612673220918317440E+00,    0.5277227415079150524279683E-01,   -0.1773877354181135901356470E+00,   -336.14%
    0.4238333333333333285963818E+01,   -0.1226166603376423885896074E+00,    0.5273296655602020127640017E-01,   -0.1753496268936625968049015E+00,   -332.52%
    0.4240000000000000213162821E+01,   -0.1205849345546284173691376E+00,    0.5269370204873113222587833E-01,   -0.1732786366033595426561220E+00,   -328.84%
    0.4241666666666667140361824E+01,   -0.1185201167705195041124355E+00,    0.5265448056720575115141614E-01,   -0.1711745973377252483249578E+00,   -325.09%
    0.4243333333333334067560827E+01,   -0.1164220404268718617180056E+00,    0.5261530204983368846916036E-01,   -0.1690373424767055432482721E+00,   -321.27%
    0.4244999999999999218402991E+01,   -0.1142905395717135896838101E+00,    0.5257616643511248827325133E-01,   -0.1668667060068260710181676E+00,   -317.38%
    0.4246666666666666145601994E+01,   -0.1121254488768955864808063E+00,    0.5253707366164724751333992E-01,   -0.1646625225385428270552524E+00,   -313.42%
    0.4248333333333333072800997E+01,   -0.1099266036556148656844201E+00,    0.5249802366815066456684491E-01,   -0.1624246273237655302512650E+00,   -309.39%
    0.4250000000000000000000000E+01,   -0.1076938398800224155893446E+00,    0.5245901639344262290531873E-01,   -0.1601528562734650384946633E+00,   -305.29%
    0.4251666666666666927199003E+01,   -0.1054269941991102382816692E+00,    0.5242005177645001762209986E-01,   -0.1578470459755602628426630E+00,   -301.12%
    0.4253333333333333854398006E+01,   -0.1031259039566442270441371E+00,    0.5238112975620656808217745E-01,   -0.1555070337128507951263146E+00,   -296.88%
    0.4255000000000000781597009E+01,   -0.1007904072093679243016240E+00,    0.5234225027185254036643514E-01,   -0.1531326574812204577291652E+00,   -292.56%
    0.4256666666666665932439173E+01,   -0.9842034274526241521829917E-01,    0.5230341326263462931045467E-01,   -0.1507237560078970584065416E+00,   -288.17%
    0.4258333333333332859638176E+01,   -0.9601555010206894169577652E-01,    0.5226461866790554217088172E-01,   -0.1482801687699744908055521E+00,   -283.71%
    0.4259999999999999786837179E+01,   -0.9357586958592548076474316E-01,    0.5222586642712403331989535E-01,   -0.1458017360130495210235324E+00,   -279.18%
    0.4261666666666666714036182E+01,   -0.9110114229017719778003226E-01,    0.5218715647985452260604333E-01,   -0.1432882987700317134471817E+00,   -274.57%
    0.4263333333333333641235185E+01,   -0.8859121011438260417936164E-01,    0.5214848876576694963747016E-01,   -0.1407396988801495607557257E+00,   -269.88%
    0.4265000000000000568434189E+01,   -0.8604591578342901669884668E-01,    0.5210986322463648928726698E-01,   -0.1381557790080654990472198E+00,   -265.12%
    0.4266666666666667495633192E+01,   -0.8346510286690525526331896E-01,    0.5207127979634341985448742E-01,   -0.1355363826632486889955942E+00,   -260.29%
    0.4268333333333332646475355E+01,   -0.8084861579856249258480005E-01,    0.5203273842087289408064876E-01,   -0.1328813542194353936043427E+00,   -255.38%
    0.4269999999999999573674359E+01,   -0.7819629989601485642314316E-01,    0.5199423903831456444946113E-01,   -0.1301905389343294139337104E+00,   -250.39%
    0.4271666666666666500873362E+01,   -0.7550800138055108190471287E-01,    0.5195578158886264563687263E-01,   -0.1274637829694137414193733E+00,   -245.33%
    0.4273333333333333428072365E+01,   -0.7278356739719611667727150E-01,    0.5191736601281551205522291E-01,   -0.1247009334100116217936005E+00,   -240.19%
    0.4275000000000000355271368E+01,   -0.7002284603486927383464433E-01,    0.5187899225057553131978949E-01,   -0.1219018382854448051544338E+00,   -234.97%
    0.4276666666666667282470371E+01,   -0.6722568634677615617700752E-01,    0.5184066024264883526528891E-01,   -0.1190663465894249983811903E+00,   -229.68%
    0.4278333333333334209669374E+01,   -0.6439193837095900929679004E-01,    0.5180236992964516035131695E-01,   -0.1161943083006041765870009E+00,   -224.30%
    0.4279999999999999360511538E+01,   -0.6152145315102235112458828E-01,    0.5176412125227763949553150E-01,   -0.1132855744032999906201198E+00,   -218.85%
    0.4281666666666666287710541E+01,   -0.5861408275703126197209158E-01,    0.5172591415136239267891227E-01,   -0.1103399969083936615898978E+00,   -213.32%
    0.4283333333333333214909544E+01,   -0.5566968030664139893692877E-01,    0.5168774856781863796806320E-01,   -0.1073574288744600369049920E+00,   -207.70%
    0.4285000000000000142108547E+01,   -0.5268809998632205393587213E-01,    0.5164962444266826824268435E-01,   -0.1043377244289903221785565E+00,   -202.01%
    0.4286666666666667069307550E+01,   -0.4966919707285467888713271E-01,    0.5161154171703569160101210E-01,   -0.1012807387898903704881448E+00,   -196.24%
    0.4288333333333333996506553E+01,   -0.4661282795494357811261210E-01,    0.5157350033214765094857768E-01,   -0.9818632828709122906118978E-01,   -190.38%
    0.4289999999999999147348717E+01,   -0.4351885015507632459286214E-01,    0.5153550022933299501470827E-01,   -0.9505435038440931960757041E-01,   -184.44%
    0.4291666666666666074547720E+01,   -0.4038712235149458790184340E-01,    0.5149754135002236610230142E-01,   -0.9188466370151696094303873E-01,   -178.43%
    0.4293333333333333001746723E+01,   -0.3721750440042208979418703E-01,    0.5145962363574820702671886E-01,   -0.8867712803617029682090589E-01,   -172.32%
    0.4294999999999999928945726E+01,   -0.3400985735846435986662328E-01,    0.5142174702814440723219747E-01,   -0.8543160438660876709882075E-01,   -166.14%
    0.4296666666666666856144730E+01,   -0.3076404350515496780027469E-01,    0.5138391146894612931950164E-01,   -0.8214795497410110058922328E-01,   -159.87%
    0.4298333333333333783343733E+01,   -0.2747992636575019922973162E-01,    0.5134611689998958700131837E-01,   -0.7882604326573978970049694E-01,   -153.52%
    0.4300000000000000710542736E+01,   -0.2415737073418964056537028E-01,    0.5130836326321188550769747E-01,   -0.7546573399740152954251471E-01,   -147.08%
    0.4301666666666665861384899E+01,   -0.2079624269623909713078369E-01,    0.5127065050065079954144664E-01,   -0.7206689319688990014167729E-01,   -140.56%
    0.4303333333333332788583903E+01,   -0.1739640965283951665187878E-01,    0.5123297855444444715011798E-01,   -0.6862938820728396727144371E-01,   -133.96%
    0.4304999999999999715782906E+01,   -0.1395774034367384605626050E-01,    0.5119534736683130360379579E-01,   -0.6515308771050515312950324E-01,   -127.26%
    0.4306666666666666642981909E+01,   -0.1048010487087716255394376E-01,    0.5115775688014987526708310E-01,   -0.6163786175102703435157991E-01,   -120.49%
    0.4308333333333333570180912E+01,   -0.6963374722998958051001228E-02,    0.5112020703683849143228457E-01,   -0.5808358175983745208537101E-01,   -113.62%
    0.4310000000000000497379915E+01,   -0.3407422799129506286314184E-02,    0.5108269777943511696927104E-01,   -0.5449012057856462282190435E-01,   -106.67%
    0.4311666666666667424578918E+01,    0.1878765667676832564272904E-03,    0.5104522905057715109755634E-01,   -0.5085735248380946621482579E-01,    -99.63%
    0.4313333333333332575421082E+01,    0.3822647581302071346370797E-02,    0.5100780079300128860841923E-01,   -0.4718515321169921422628235E-01,    -92.51%
    0.4314999999999999502620085E+01,    0.7497012966941316892965919E-02,    0.5097041294954312434795085E-01,   -0.4347339998260180832234667E-01,    -85.29%
    0.4316666666666666429819088E+01,    0.1121109393704743106834343E-01,    0.5093306546313720178931206E-01,   -0.3972197152608977072096863E-01,    -77.99%
    0.4318333333333333357018091E+01,    0.1496501017073495129472427E-01,    0.5089575827681665914914433E-01,   -0.3593074810608171132386701E-01,    -70.60%
    0.4320000000000000284217094E+01,    0.1875887978752483961630837E-01,    0.5085849133371306979300996E-01,   -0.3209961154618823364614855E-01,    -63.12%
    0.4321666666666667211416097E+01,    0.2259281932177712587384022E-01,    0.5082126457705624100746888E-01,   -0.2822844525527911513362866E-01,    -55.54%
    0.4323333333333334138615101E+01,    0.2646694369693287918199331E-01,    0.5078407795017402664994322E-01,   -0.2431713425324114746794990E-01,    -47.88%
    0.4324999999999999289457264E+01,    0.3038136619952562858526512E-01,    0.5074693139649213285968798E-01,   -0.2036556519696650427442286E-01,    -40.13%
    0.4326666666666666216656267E+01,    0.3433619845301797562919788E-01,    0.5070982485953379886867154E-01,   -0.1637362640651582323947366E-01,    -32.29%
    0.4328333333333333143855270E+01,    0.3833155039137674940930012E-01,    0.5067275828291981087936335E-01,   -0.1234120789154306147006324E-01,    -24.35%
    0.4330000000000000071054274E+01,    0.4236753023248011201795649E-01,    0.5063573161036817593672055E-01,   -0.8268201377888063918764061E-02,    -16.33%
    0.4331666666666666998253277E+01,    0.4644424445129114592534236E-01,    0.5059874478569392070026467E-01,   -0.4154500334402774774922307E-02,     -8.21%
    0.4333333333333333925452280E+01,    0.5056179775281783445040062E-01,    0.5056179775280898042177924E-01,    0.8854028621385623409878463E-14,      0.00%
    0.4335000000000000852651283E+01,    0.5472029304486029921417156E-01,    0.5052489045572185893950845E-01,    0.4195402589138440274663111E-02,      8.30%
    0.4336666666666666003493447E+01,    0.5891983141053393213670830E-01,    0.5048802283853763561705108E-01,    0.8431808571996296519657221E-02,     16.70%
    0.4338333333333332930692450E+01,    0.6316051208059753063750463E-01,    0.5045119484545748655968112E-01,    0.1270931723514004407782352E-01,     25.19%
    0.4339999999999999857891453E+01,    0.6744243240551602014409838E-01,    0.5041440642077880257554412E-01,    0.1702802598473721756855426E-01,     33.78%
    0.4341666666666666785090456E+01,    0.7176568782734840667991705E-01,    0.5037765750889480059759862E-01,    0.2138803031845360608231843E-01,     42.46%
    0.4343333333333333712289459E+01,    0.7613037185139130691435838E-01,    0.5034094805429438490573801E-01,    0.2578942379709692200862037E-01,     51.23%
    0.4345000000000000639488462E+01,    0.8053657601759932338492121E-01,    0.5030427800156193202107957E-01,    0.3023229801603739136384164E-01,     60.10%
    0.4346666666666665790330626E+01,    0.8498438987178329184768444E-01,    0.5026764729537718662255585E-01,    0.3471674257640610522512858E-01,     69.06%
    0.4348333333333332717529629E+01,    0.8947390093660248511220345E-01,    0.5023105588051484521328049E-01,    0.3924284505608763989892296E-01,     78.12%
    0.4349999999999999644728632E+01,    0.9400519468227873376431347E-01,    0.5019450370184466020395675E-01,    0.4381069098043407356035672E-01,     87.28%
    0.4351666666666666571927635E+01,    0.9857835449713732434151581E-01,    0.5015799070433104439592498E-01,    0.4842036379280627994559083E-01,     96.54%
    0.4353333333333333499126638E+01,    0.1031934616578902008665608E+00,    0.5012151683303296689775408E-01,    0.5307194482485723396880672E-01,    105.89%
    0.4355000000000000426325641E+01,    0.1078505952996898359375066E+00,    0.5008508203310372414174267E-01,    0.5776551326658611179576397E-01,    115.33%
    0.4356666666666667353524645E+01,    0.1125498323859613902797605E+00,    0.5004868624979075253378369E-01,    0.6250114613617063774597682E-01,    124.88%
    0.4358333333333332504366808E+01,    0.1172912476779821300265638E+00,    0.5001232942843550355327409E-01,    0.6727891824954662647328973E-01,    134.52%
    0.4359999999999999431565811E+01,    0.1220749137042670545705292E+00,    0.4997601151447306211395016E-01,    0.7209890218979399245657902E-01,    144.27%
    0.4361666666666666358764815E+01,    0.1269009007296515723073327E+00,    0.4993973245343224370840218E-01,    0.7696116827621932166003660E-01,    154.11%
    0.4363333333333333285963818E+01,    0.1317692767242030771335237E+00,    0.4990349219093519889112187E-01,    0.8186578453326787130350795E-01,    164.05%
    0.4365000000000000213162821E+01,    0.1366801073318611725593286E+00,    0.4986729067269728143951824E-01,    0.8681281665916389111981033E-01,    174.09%
    0.4366666666666667140361824E+01,    0.1416334558388359921021760E+00,    0.4983112784452687488156997E-01,    0.9180232799430912415949990E-01,    184.23%
    0.4368333333333334067560827E+01,    0.1466293831417870008326787E+00,    0.4979500365232517739011442E-01,    0.9683437948946183038145819E-01,    194.47%
    0.4369999999999999218402991E+01,    0.1516679477157270583553839E+00,    0.4975891804208610463833296E-01,    0.1019090296736409606559448E+00,    204.81%
    0.4371666666666666145601994E+01,    0.1567492055817296392472571E+00,    0.4972287095989589428279842E-01,    0.1070263346218337519033525E+00,    215.25%
    0.4373333333333333072800997E+01,    0.1618732102743238865372177E+00,    0.4968686235193315453573248E-01,    0.1121863479223907389403792E+00,    225.79%
    0.4375000000000000000000000E+01,    0.1670400128087182467506722E+00,    0.4965089216446857967035555E-01,    0.1173891206442496670803166E+00,    236.43%
    0.4376666666666666927199003E+01,    0.1722496616477168229764061E+00,    0.4961496034386474185406968E-01,    0.1226347013038520811223364E+00,    247.17%
    0.4378333333333333854398006E+01,    0.1775022026684185960654361E+00,    0.4957906683657595237058047E-01,    0.1279231358318426436948556E+00,    258.02%
    0.4380000000000000781597009E+01,    0.1827976791286676505610131E+00,    0.4954321158914803957529216E-01,    0.1332544675395196109857210E+00,    268.97%
    0.4381666666666665932439173E+01,    0.1881361316332228750258793E+00,    0.4950739454821822399521736E-01,    0.1386287370850046440917680E+00,    280.02%
    0.4383333333333332859638176E+01,    0.1935175980997023703622517E+00,    0.4947161566051479220096354E-01,    0.1440459824391875920390760E+00,    291.17%
    0.4384999999999999786837179E+01,    0.1989421137242742554374075E+00,    0.4943587487285711068452088E-01,    0.1495062388514171447528867E+00,    302.42%
    0.4386666666666666714036182E+01,    0.2044097109470630058147833E+00,    0.4940017213215534136461216E-01,    0.1550095388149076713890651E+00,    313.78%
    0.4388333333333333641235185E+01,    0.2099204194173326931682766E+00,    0.4936450738541023341987568E-01,    0.1605559120319224597484009E+00,    325.25%
    0.4390000000000000568434189E+01,    0.2154742659583953889868013E+00,    0.4932888057971299144988109E-01,    0.1661453853786823975369202E+00,    336.81%
    0.4391666666666667495633192E+01,    0.2210712745322647998502674E+00,    0.4929329166224508812499394E-01,    0.1717779828700197186641674E+00,    348.48%
    0.4393333333333332646475355E+01,    0.2267114662040047579072422E+00,    0.4925774058027808377513423E-01,    0.1774537256237266880098957E+00,    360.26%
    0.4394999999999999573674359E+01,    0.2323948591059344648268592E+00,    0.4922222728117336965070194E-01,    0.1831726318247610951761573E+00,    372.13%
    0.4396666666666666500873362E+01,    0.2381214684014281712798322E+00,    0.4918675171238211241142579E-01,    0.1889347166890460449906186E+00,    384.12%
    0.4398333333333333428072365E+01,    0.2438913062485172922322363E+00,    0.4915131382144501126507663E-01,    0.1947399924270722948449475E+00,    396.21%
    0.4400000000000000355271368E+01,    0.2497043817632406126350020E+00,    0.4911591355599213143401371E-01,    0.2005884682072484881398822E+00,    408.40%
    0.4401666666666667282470371E+01,    0.2555607009827046138816797E+00,    0.4908055086374269598836761E-01,    0.2064801501189619248322060E+00,    420.70%
    0.4403333333333334209669374E+01,    0.2614602668278651620425990E+00,    0.4904522569250494706816212E-01,    0.2124150411353602219133307E+00,    433.10%
    0.4404999999999999360511538E+01,    0.2674030790660321676988076E+00,    0.4900993799017597241096666E-01,    0.2183931410758561952878409E+00,    445.61%
    0.4406666666666666287710541E+01,    0.2733891342731756268769061E+00,    0.4897468770474140697945842E-01,    0.2244144465684342337752355E+00,    458.23%
    0.4408333333333333214909544E+01,    0.2794184257958356454309978E+00,    0.4893947478427548153367965E-01,    0.2304789510115601569584243E+00,    470.95%
    0.4410000000000000142108547E+01,    0.2854909437128335669697776E+00,    0.4890429917694064099187301E-01,    0.2365866445358929259779046E+00,    483.77%
    0.4411666666666667069307550E+01,    0.2916066747967619443571152E+00,    0.4886916083098748891933027E-01,    0.2427375139657744484988910E+00,    496.71%
    0.4413333333333333996506553E+01,    0.2977656024750053864735833E+00,    0.4883405969475455854489354E-01,    0.2489315427802508140509019E+00,    509.75%
    0.4414999999999999147348717E+01,    0.3039677067907265994861632E+00,    0.4879899571666816704418324E-01,    0.2551687110740584185641922E+00,    522.90%
    0.4416666666666666074547720E+01,    0.3102129643633769195965044E+00,    0.4876396884524213798384196E-01,    0.2614489955181347746737686E+00,    536.15%
    0.4418333333333333001746723E+01,    0.3165013483490292656163945E+00,    0.4872897902907780826042838E-01,    0.2677723693199514642948600E+00,    549.51%
    0.4419999999999999928945726E+01,    0.3228328284003625925357994E+00,    0.4869402621686371585019160E-01,    0.2741388021834988975022895E+00,    562.98%
    0.4421666666666666856144730E+01,    0.3292073706264049826053508E+00,    0.4865911035737548184787471E-01,    0.2805482602690295146352639E+00,    576.56%
    0.4423333333333333783343733E+01,    0.3356249375520227173907983E+00,    0.4862423139947560229989776E-01,    0.2870007061525471359075823E+00,    590.24%
    0.4425000000000000710542736E+01,    0.3420854880770029526892984E+00,    0.4858938929211332330426742E-01,    0.2934960987848896363239248E+00,    604.03%
    0.4426666666666665861384899E+01,    0.3485889774349540393139080E+00,    0.4855458398432443978265383E-01,    0.3000343934506295995312541E+00,    617.93%
    0.4428333333333332788583903E+01,    0.3551353571518963692099646E+00,    0.4851981542523103874131607E-01,    0.3066155417266653304686486E+00,    631.94%
    0.4429999999999999715782906E+01,    0.3617245750044885688190277E+00,    0.4848508356404152702667787E-01,    0.3132394914404470487312437E+00,    646.05%
    0.4431666666666666642981909E+01,    0.3683565749780914333477710E+00,    0.4845038835005029131952625E-01,    0.3199061866280411559060326E+00,    660.28%
    0.4433333333333333570180912E+01,    0.3750312972243730058607980E+00,    0.4841572973263757323492129E-01,    0.3266155674917354256869828E+00,    674.61%
    0.4435000000000000497379915E+01,    0.3817486780187395178920440E+00,    0.4838110766126933748321193E-01,    0.3333675703574701665310442E+00,    689.04%
    0.4436666666666667424578918E+01,    0.3885086497174409791988126E+00,    0.4834652208549704982543105E-01,    0.3401621276319439224344876E+00,    703.59%
    0.4438333333333332575421082E+01,    0.3953111407143843902822766E+00,    0.4831197295495755217320522E-01,    0.3469991677594268519868592E+00,    718.25%
    0.4439999999999999502620085E+01,    0.4021560753975076396571353E+00,    0.4827746021937279197189241E-01,    0.3538786151781348476852429E+00,    733.01%
    0.4441666666666666429819088E+01,    0.4090433741051165972280046E+00,    0.4824298382854979444500643E-01,    0.3608003902765667958441043E+00,    747.88%
    0.4443333333333333357018091E+01,    0.4159729530816588249919619E+00,    0.4820854373238044748850584E-01,    0.3677644093492783983201377E+00,    762.86%
    0.4445000000000000284217094E+01,    0.4229447244333243149938539E+00,    0.4817413988084125880950737E-01,    0.3747705845524830770010283E+00,    777.95%
    0.4446666666666667211416097E+01,    0.4299585960833561815164217E+00,    0.4813977222399327959845294E-01,    0.3818188238593628880401809E+00,    793.15%
    0.4448333333333334138615101E+01,    0.4370144717269334178055828E+00,    0.4810544071198188942339868E-01,    0.3889090310149515561377598E+00,    808.45%
    0.4449999999999999289457264E+01,    0.4441122507858265011648768E+00,    0.4807114529503666439103071E-01,    0.3960411054907898575905278E+00,    823.86%
    0.4451666666666666216656267E+01,    0.4512518283628199622370403E+00,    0.4803688592347111346869681E-01,    0.4032149424393488557072374E+00,    839.39%
    0.4453333333333333143855270E+01,    0.4584330951955761235261377E+00,    0.4800266254768265072883082E-01,    0.4104304326478934727973069E+00,    855.02%
    0.4455000000000000071054274E+01,    0.4656559376104567049559080E+00,    0.4796847511815234554877208E-01,    0.4176874624923043732849237E+00,    870.75%
    0.4456666666666666998253277E+01,    0.4729202374758300075896500E+00,    0.4793432358544479077178124E-01,    0.4249859138903852029400809E+00,    886.60%
    0.4458333333333333925452280E+01,    0.4802258721551832532092874E+00,    0.4790020790020788760132930E-01,    0.4323256642549753725468520E+00,    902.55%
    0.4460000000000000852651283E+01,    0.4875727144598153151022757E+00,    0.4786612801317274151768899E-01,    0.4397065864466425666456928E+00,    918.62%
    0.4461666666666666003493447E+01,    0.4949606326012883084075611E+00,    0.4783208387515348880558719E-01,    0.4471285487261348334797617E+00,    934.79%
    0.4463333333333332930692450E+01,    0.5023894901434926563155159E+00,    0.4779807543704702593734268E-01,    0.4545914147064456511948549E+00,    951.07%
    0.4464999999999999857891453E+01,    0.5098591459544279391735699E+00,    0.4776410264983300263397226E-01,    0.4620950433045949434784916E+00,    967.45%
    0.4466666666666666785090456E+01,    0.5173694541576643324276574E+00,    0.4773016546457361369837358E-01,    0.4696392886930907395459656E+00,    983.95%
    0.4468333333333333712289459E+01,    0.5249202640833479094339964E+00,    0.4769626383241334227625075E-01,    0.4772240002509345879744274E+00,   1000.55%
    0.4470000000000000639488462E+01,    0.5325114202191402190678104E+00,    0.4766239770457891128385697E-01,    0.4848490225145613008450596E+00,   1017.26%
    0.4471666666666665790330626E+01,    0.5401427621605089379741571E+00,    0.4762856703237910993564697E-01,    0.4925141951281298280385101E+00,   1034.07%
    0.4473333333333332717529629E+01,    0.5478141245609319254228353E+00,    0.4759477176720446067736958E-01,    0.5002193527937274231121023E+00,   1051.00%
    0.4474999999999999644728632E+01,    0.5555253370816675140275720E+00,    0.4756101186052733714726415E-01,    0.5079643252211402115747774E+00,   1068.03%
    0.4476666666666666571927635E+01,    0.5632762243410964764223081E+00,    0.4752728726390160335357749E-01,    0.5157489370771948244964733E+00,   1085.16%
    0.4478333333333333499126638E+01,    0.5710666058639218833903328E+00,    0.4749359792896250959115534E-01,    0.5235730079349594223714348E+00,   1102.41%
    0.4480000000000000426325641E+01,    0.5788962960298860149777056E+00,    0.4745994380742652590798869E-01,    0.5314363522224594404974596E+00,   1119.76%
    0.4481666666666667353524645E+01,    0.5867651040221927294382454E+00,    0.4742632485109120332733568E-01,    0.5393387791711015122331219E+00,   1137.21%
    0.4483333333333332504366808E+01,    0.5946728337755332605141234E+00,    0.4739274101183504200873742E-01,    0.5472800927636982670776433E+00,   1154.78%
    0.4484999999999999431565811E+01,    0.6026192839238300180682018E+00,    0.4735919224161713736442891E-01,    0.5552600916822129084593485E+00,   1172.44%
    0.4486666666666666358764815E+01,    0.6106042477476804064551175E+00,    0.4732567849247732577611103E-01,    0.5632785692552030321067491E+00,   1190.22%
    0.4488333333333333285963818E+01,    0.6186275131212471967145916E+00,    0.4729219971653580989467969E-01,    0.5713353134047114423310632E+00,   1208.10%
    0.4490000000000000213162821E+01,    0.6266888624590433165550962E+00,    0.4725875586599306149571120E-01,    0.5794301065930502758760667E+00,   1226.08%
    0.4491666666666667140361824E+01,    0.6347880726621646374496777E+00,    0.4722534689312968270158422E-01,    0.5875627257690350102592447E+00,   1244.17%
    0.4493333333333334067560827E+01,    0.6429249150643014942829723E+00,    0.4719197275030621169245038E-01,    0.5957329423139953172849914E+00,   1262.36%
    0.4494999999999999218402991E+01,    0.6510991553773400886129252E+00,    0.4715863338996301168393188E-01,    0.6039405219873770214178421E+00,   1280.66%
    0.4496666666666666145601994E+01,    0.6593105536366219432409252E+00,    0.4712532876461999337136533E-01,    0.6121852248720019984418172E+00,   1299.06%
    0.4498333333333333072800997E+01,    0.6675588641457697036685204E+00,    0.4709205882687664268537731E-01,    0.6204668053188930887387187E+00,   1317.56%
    0.4500000000000000000000000E+01,    0.6758438354212908949492089E+00,    0.4705882352941176405280999E-01,    0.6287850118918791864075502E+00,   1336.17%
    0.4501666666666666927199003E+01,    0.6841652101366765270640258E+00,    0.4702562282498329304658569E-01,    0.6371395873116931785062889E+00,   1354.88%
    0.4503333333333333854398006E+01,    0.6925227250662607803022297E+00,    0.4699245666642821311898004E-01,    0.6455302683998325186109923E+00,   1373.69%
    0.4505000000000000781597009E+01,    0.7009161110285447859880037E+00,    0.4695932500666234049591097E-01,    0.6539567860218824524309866E+00,   1392.60%
    0.4506666666666665932439173E+01,    0.7093450928293949520053729E+00,    0.4692622779868024091021184E-01,    0.6624188650307146764006916E+00,   1411.62%
    0.4508333333333332859638176E+01,    0.7178093892045636081888915E+00,    0.4689316499555492429029968E-01,    0.6709162242090086492041223E+00,   1430.73%
    0.4509999999999999786837179E+01,    0.7263087127621927763243548E+00,    0.4686013655043790721022035E-01,    0.6794485762117549176863918E+00,   1449.95%
    0.4511666666666666714036182E+01,    0.7348427699245942967820611E+00,    0.4682714241655890757831671E-01,    0.6880156275080353545092748E+00,   1469.27%
    0.4513333333333333641235185E+01,    0.7434112608698942858964642E+00,    0.4679418254722572667603231E-01,    0.6966170783226686147315831E+00,   1488.68%
    0.4515000000000000568434189E+01,    0.7520138794731511255875489E+00,    0.4676125689582408956335158E-01,    0.7052526225773270152075156E+00,   1508.20%
    0.4516666666666667495633192E+01,    0.7606503132472706152356068E+00,    0.4672836541581753405649735E-01,    0.7139219478314531297513668E+00,   1527.81%
    0.4518333333333332646475355E+01,    0.7693202432833314841076344E+00,    0.4669550806074723725558329E-01,    0.7226247352225843023632024E+00,   1547.53%
    0.4519999999999999573674359E+01,    0.7780233441906574398672092E+00,    0.4666268478423175880553941E-01,    0.7313606594064256949394576E+00,   1567.34%
    0.4521666666666666500873362E+01,    0.7867592840364822093235375E+00,    0.4662989553996707559058166E-01,    0.7401293884965151059773802E+00,   1587.24%
    0.4523333333333333428072365E+01,    0.7955277242851693797476287E+00,    0.4659714028172631111734958E-01,    0.7489305840034430339358096E+00,   1607.25%
    0.4525000000000000355271368E+01,    0.8043283197370897363853715E+00,    0.4656441896335961061481612E-01,    0.7577639007737301257705553E+00,   1627.35%
    0.4526666666666667282470371E+01,    0.8131607184672350330245649E+00,    0.4653173153879400919530340E-01,    0.7666289869284410585237310E+00,   1647.54%
    0.4528333333333334209669374E+01,    0.8220245617630969059419499E+00,    0.4649907796203323062655954E-01,    0.7755254838010636753153904E+00,   1667.83%
    0.4529999999999999360511538E+01,    0.8309194840624658517924672E+00,    0.4646645818715761100392569E-01,    0.7844530258753081852773903E+00,   1688.21%
    0.4531666666666666287710541E+01,    0.8398451128908710483500499E+00,    0.4643387216832382813347380E-01,    0.7934112407225472063387883E+00,   1708.69%
    0.4533333333333333214909544E+01,    0.8488010687981624169395900E+00,    0.4640131985976490847090048E-01,    0.8023997489383974945909017E+00,   1729.26%
    0.4535000000000000142108547E+01,    0.8577869652952672119283761E+00,    0.4636880121578996344355872E-01,    0.8114181640794771999125601E+00,   1749.92%
    0.4536666666666667069307550E+01,    0.8668024087902304053443459E+00,    0.4633631619078411312262489E-01,    0.8204660925994462505883575E+00,   1770.68%
    0.4538333333333333996506553E+01,    0.8758469985238248600722955E+00,    0.4630386473920825723959993E-01,    0.8295431337846166375271650E+00,   1791.52%
    0.4539999999999999147348717E+01,    0.8849203265048813937809769E+00,    0.4627144681559904743073375E-01,    0.8386488796892823671669248E+00,   1812.45%
    0.4541666666666666074547720E+01,    0.8940219774452171641598852E+00,    0.4623906237456852641454219E-01,    0.8477829150706486238675552E+00,   1833.48%
    0.4543333333333333001746723E+01,    0.9031515286939519882025706E+00,    0.4620671137080424595300343E-01,    0.8569448173231477561273550E+00,   1854.59%
    0.4544999999999999928945726E+01,    0.9123085501717853595948782E+00,    0.4617439375906894072354447E-01,    0.8661341564127164049935459E+00,   1875.79%
    0.4546666666666666856144730E+01,    0.9214926043043929482223575E+00,    0.4614210949420044505231431E-01,    0.8753504948101924476588920E+00,   1897.08%
    0.4548333333333333783343733E+01,    0.9307032459557970094365942E+00,    0.4610985853111152638073023E-01,    0.8845933874246855177503335E+00,   1918.45%
    0.4550000000000000710542736E+01,    0.9399400223610814286701043E+00,    0.4607764082478975342649363E-01,    0.8938623815362917168769741E+00,   1939.90%
    0.4551666666666665861384899E+01,    0.9492024730588356495886160E+00,    0.4604545633029737822239369E-01,    0.9031570167285383199384796E+00,   1961.45%
    0.4553333333333332788583903E+01,    0.9584901298231389699111560E+00,    0.4601330500277103774386944E-01,    0.9124768248203679599228622E+00,   1983.07%
    0.4554999999999999715782906E+01,    0.9678025165949970531897861E+00,    0.4598118679742183717573667E-01,    0.9218213297975752507085190E+00,   2004.78%
    0.4556666666666666642981909E+01,    0.9771391494134841204655118E+00,    0.4594910166953507929532563E-01,    0.9311900477439490897424434E+00,   2026.57%
    0.4558333333333333570180912E+01,    0.9864995363463850974738989E+00,    0.4591704957447011181681518E-01,    0.9405824867719150272904471E+00,   2048.44%
    0.4560000000000000497379915E+01,    0.9958831774206078346622917E+00,    0.4588503046766022330782420E-01,    0.9499981469529475974766797E+00,   2070.39%
    0.4561666666666667424578918E+01,    0.1005289564551769654343616E+01,    0.4585304430461245583927621E-01,    0.9594365202471571985043397E+00,   2092.42%
    0.4563333333333332575421082E+01,    0.1014718181473680536086590E+01,    0.4582109104090755641314203E-01,    0.9688970904327729449789786E+00,   2114.52%
    0.4564999999999999502620085E+01,    0.1024168503667331586726164E+01,    0.4578917063219964389553240E-01,    0.9783793330351319150750555E+00,   2136.70%
    0.4566666666666666429819088E+01,    0.1033639998289337169623536E+01,    0.4575728303421628534453092E-01,    0.9878827152551208357067480E+00,   2158.96%
    0.4568333333333333357018091E+01,    0.1043132124099990676313610E+01,    0.4572542820275823233222567E-01,    0.9974066958972324092869144E+00,   2181.30%
    0.4570000000000000284217094E+01,    0.1052644331390897747269264E+01,    0.4569360609369930298351292E-01,    0.1006950725297198534491372E+01,   2203.70%
    0.4571666666666667211416097E+01,    0.1062176061912208702153748E+01,    0.4566181666298622932043116E-01,    0.1016514245249222403444378E+01,   2226.18%
    0.4573333333333334138615101E+01,    0.1071726748799118222876814E+01,    0.4563005986663853236207089E-01,    0.1026096688932479628064698E+01,   2248.73%
    0.4574999999999999289457264E+01,    0.1081295816498548223449916E+01,    0.4559833566074839722448431E-01,    0.1035697480837799888675477E+01,   2271.35%
    0.4576666666666666216656267E+01,    0.1090882680694577944180423E+01,    0.4556664400148041638161089E-01,    0.1045316036693097583309964E+01,   2294.04%
    0.4578333333333333143855270E+01,    0.1100486748233989287015788E+01,    0.4553498484507164517642863E-01,    0.1054951763388917607144890E+01,   2316.79%
    0.4580000000000000071054274E+01,    0.1110107417051255485063166E+01,    0.4550335814783130344851614E-01,    0.1064604058903424244064695E+01,   2339.62%
    0.4581666666666666998253277E+01,    0.1119744076092747286921281E+01,    0.4547176386614072002290143E-01,    0.1074272312226606462814971E+01,   2362.50%
    0.4583333333333333925452280E+01,    0.1129396105241055936474481E+01,    0.4544020195645313148213873E-01,    0.1083955903284602895197963E+01,   2385.46%
    0.4585000000000000852651283E+01,    0.1139062875238281424827846E+01,    0.4540867237529357808289987E-01,    0.1093654202862987867561628E+01,   2408.47%
    0.4586666666666666003493447E+01,    0.1148743747609155985145435E+01,    0.4537717507925881355035358E-01,    0.1103366572529897116083930E+01,   2431.55%
    0.4588333333333332930692450E+01,    0.1158438074583744814560760E+01,    0.4534571002501698588904588E-01,    0.1113092364558727842549501E+01,   2454.68%
    0.4589999999999999857891453E+01,    0.1168145199019550606323037E+01,    0.4531427716930774146630867E-01,    0.1122830921850242802406683E+01,   2477.87%
    0.4591666666666666785090456E+01,    0.1177864454322970377830870E+01,    0.4528287646894191970092791E-01,    0.1132581577854028465068836E+01,   2501.13%
    0.4593333333333333712289459E+01,    0.1187595164370826461563979E+01,    0.4525150788080149061309854E-01,    0.1142343656490024894623048E+01,   2524.43%
    0.4595000000000000639488462E+01,    0.1197336643430903180274072E+01,    0.4522017136183936747428902E-01,    0.1152116472069063757288632E+01,   2547.79%
    0.4596666666666665790330626E+01,    0.1207088196082129583075471E+01,    0.4518886686907933741830234E-01,    0.1161899329213050169329335E+01,   2571.21%
    0.4598333333333332717529629E+01,    0.1216849117134458202471592E+01,    0.4515759435961577694662594E-01,    0.1171691522774842342258239E+01,   2594.67%
    0.4599999999999999644728632E+01,    0.1226618691548025497084495E+01,    0.4512635379061372825626464E-01,    0.1181492337757411803522700E+01,   2618.19%
    0.4601666666666666571927635E+01,    0.1236396194352110677883161E+01,    0.4509514511930860086730277E-01,    0.1191301049232802000688025E+01,   2641.75%
    0.4603333333333333499126638E+01,    0.1246180890563272081195123E+01,    0.4506396830300611611175299E-01,    0.1201116922260266006716734E+01,   2665.36%
    0.4605000000000000426325641E+01,    0.1255972035103384731868914E+01,    0.4503282329908211284452690E-01,    0.1210939211804302528818766E+01,   2689.01%
    0.4606666666666667353524645E+01,    0.1265768872716531712185883E+01,    0.4500171006498245029892047E-01,    0.1220767162651549275764751E+01,   2712.71%
    0.4608333333333332504366808E+01,    0.1275570637886425551243974E+01,    0.4497062855822292481988711E-01,    0.1230600009328202570912936E+01,   2736.45%
    0.4609999999999999431565811E+01,    0.1285376554752313715823675E+01,    0.4493957873638893679713036E-01,    0.1240436976015924841476590E+01,   2760.23%
    0.4611666666666666358764815E+01,    0.1295185837024996233779461E+01,    0.4490856055713560862630018E-01,    0.1250277276467860687603206E+01,   2784.05%
    0.4613333333333333285963818E+01,    0.1304997687902095249157242E+01,    0.4487757397818750715323688E-01,    0.1260120113923907769759580E+01,   2807.91%
    0.4615000000000000213162821E+01,    0.1314811299982909575945200E+01,    0.4484661895733852571277467E-01,    0.1269964681025571140438046E+01,   2831.80%
    0.4616666666666667140361824E+01,    0.1324625855182860467706973E+01,    0.4481569545245178698422706E-01,    0.1279810159730408791745049E+01,   2855.72%
    0.4618333333333334067560827E+01,    0.1334440524647154902027069E+01,    0.4478480342145944870235752E-01,    0.1289655721225695383935772E+01,   2879.67%
    0.4619999999999999218402991E+01,    0.1344254468664218382656372E+01,    0.4475394282236266202401609E-01,    0.1299500525841855713693462E+01,   2903.66%
    0.4621666666666666145601994E+01,    0.1354066836578427635018329E+01,    0.4472311361323129397238318E-01,    0.1309343722965196299412582E+01,   2927.67%
    0.4623333333333333072800997E+01,    0.1363876766702437404177317E+01,    0.4469231575220395519254524E-01,    0.1319184450950233511434817E+01,   2951.70%
    0.4625000000000000000000000E+01,    0.1373683386228979008691908E+01,    0.4466154919748778484578366E-01,    0.1329021837031491237723912E+01,   2975.76%
    0.4626666666666666927199003E+01,    0.1383485811142136423512738E+01,    0.4463081390735832570948460E-01,    0.1338854997234778076986572E+01,   2999.84%
    0.4628333333333333854398006E+01,    0.1393283146128006189101711E+01,    0.4460010984015939233815473E-01,    0.1348683036287846803702450E+01,   3023.95%
    0.4630000000000000781597009E+01,    0.1403074484484866601974318E+01,    0.4456943695430293922443710E-01,    0.1358505047530563558666472E+01,   3048.06%
    0.4631666666666665932439173E+01,    0.1412858908033166605022757E+01,    0.4453879520826898447127817E-01,    0.1368320112824897627490373E+01,   3072.20%
    0.4633333333333332859638176E+01,    0.1422635487024194178573566E+01,    0.4450818456060531835838390E-01,    0.1378127302463588943481909E+01,   3096.35%
    0.4634999999999999786837179E+01,    0.1432403280049294069797838E+01,    0.4447760496992758660894651E-01,    0.1387925675079366483188892E+01,   3120.50%
    0.4636666666666666714036182E+01,    0.1442161333947421963941338E+01,    0.4444705639491900589499451E-01,    0.1397714277552502881718510E+01,   3144.67%
    0.4638333333333333641235185E+01,    0.1451908683713005521198625E+01,    0.4441653879433032220402922E-01,    0.1407492144918675247566853E+01,   3168.85%
    0.4640000000000000568434189E+01,    0.1461644352402935886914292E+01,    0.4438605212697960961110155E-01,    0.1417258300275956228730934E+01,   3193.03%
    0.4641666666666667495633192E+01,    0.1471367351043112003949886E+01,    0.4435559635175218701208522E-01,    0.1427011754691359879387846E+01,   3217.21%
    0.4643333333333332646475355E+01,    0.1481076678534047008639618E+01,    0.4432517142760050710137421E-01,    0.1436751507106446501538244E+01,   3241.39%
    0.4644999999999999573674359E+01,    0.1490771321556735973246077E+01,    0.4429477731354390657170228E-01,    0.1446476544243192163818890E+01,   3265.57%
    0.4646666666666666500873362E+01,    0.1500450254477163625210778E+01,    0.4426441396866866856418810E-01,    0.1456185840508494866440969E+01,   3289.74%
    0.4648333333333333428072365E+01,    0.1510112439250852700567407E+01,    0.4423408135212773817368515E-01,    0.1465878357898724893004783E+01,   3313.91%
    0.4650000000000000355271368E+01,    0.1519756825326333604664342E+01,    0.4420377942314067387652443E-01,    0.1475553045903192916910029E+01,   3338.07%
    0.4651666666666667282470371E+01,    0.1529382349548559894003574E+01,    0.4417350814099348793595468E-01,    0.1485208841407566371373150E+01,   3362.22%
    0.4653333333333334209669374E+01,    0.1538987936061470884752111E+01,    0.4414326746503851456315815E-01,    0.1494844668596432279983333E+01,   3386.35%
    0.4654999999999999360511538E+01,    0.1548572496209998927696461E+01,    0.4411305735469435440609942E-01,    0.1504459438855304531656998E+01,   3410.46%
    0.4656666666666666287710541E+01,    0.1558134928441824662570525E+01,    0.4408287776944557617708753E-01,    0.1514052050672379134965695E+01,   3434.56%
    0.4658333333333333214909544E+01,    0.1567674118207889488729734E+01,    0.4405272866884278604171499E-01,    0.1523621389539046688810231E+01,   3458.63%
    0.4660000000000000142108547E+01,    0.1577188937863288176188803E+01,    0.4402261001250241945204067E-01,    0.1533166327850785659592248E+01,   3482.68%
    0.4661666666666667069307550E+01,    0.1586678246566652905613637E+01,    0.4399252176010656767424223E-01,    0.1542685724806546421206122E+01,   3506.70%
    0.4663333333333333996506553E+01,    0.1596140890179686966376948E+01,    0.4396246387140294309414656E-01,    0.1552178426308284064916165E+01,   3530.69%
    0.4664999999999999147348717E+01,    0.1605575701165636415268523E+01,    0.4393243630620469880598833E-01,    0.1561643264859431612379126E+01,   3554.65%
    0.4666666666666666074547720E+01,    0.1614981498487501054839299E+01,    0.4390243902439025514006232E-01,    0.1571079059463110771943661E+01,   3578.57%
    0.4668333333333333001746723E+01,    0.1624357087505443830721674E+01,    0.4387247198590329272382959E-01,    0.1580484615519540447792224E+01,   3602.45%
    0.4669999999999999928945726E+01,    0.1633701259873802991151592E+01,    0.4384253515075255819288813E-01,    0.1589858724723050453775386E+01,   3626.29%
    0.4671666666666666856144730E+01,    0.1643012793437323093570512E+01,    0.4381262847901173929088259E-01,    0.1599200164958311409790781E+01,   3650.09%
    0.4673333333333333783343733E+01,    0.1652290452127112452274105E+01,    0.4378275193081935384720182E-01,    0.1608507700196293077610221E+01,   3673.84%
    0.4675000000000000710542736E+01,    0.1661532985855408206532502E+01,    0.4375290546637861099910083E-01,    0.1617780080389029651044552E+01,   3697.54%
    0.4676666666666665861384899E+01,    0.1670739130410585193686757E+01,    0.4372308904595734874165558E-01,    0.1627016041364627740861692E+01,   3721.18%
    0.4678333333333332788583903E+01,    0.1679907607350977105653556E+01,    0.4369330262988775637200689E-01,    0.1636214304721089307648185E+01,   3744.77%
    0.4679999999999999715782906E+01,    0.1689037123898094128193748E+01,    0.4366354617856644387829945E-01,    0.1645373577719527746765493E+01,   3768.30%
    0.4681666666666666642981909E+01,    0.1698126372829442676248846E+01,    0.4363381965245420601728910E-01,    0.1654492553176988511864920E+01,   3791.77%
    0.4683333333333333570180912E+01,    0.1707174032370930127910924E+01,    0.4360412301207591823093423E-01,    0.1663569909358854292946717E+01,   3815.17%
    0.4685000000000000497379915E+01,    0.1716178766088168217152088E+01,    0.4357445621802042562409341E-01,    0.1672604309870147742955737E+01,   3838.50%
    0.4686666666666667424578918E+01,    0.1725139222777500425110020E+01,    0.4354481923094041806443499E-01,    0.1681594403546559979290009E+01,   3861.76%
    0.4688333333333332575421082E+01,    0.1734054036356260430906673E+01,    0.4351521201155233303792258E-01,    0.1690538824344708146441008E+01,   3884.94%
    0.4689999999999999502620085E+01,    0.1742921825752818953958467E+01,    0.4348563452063611972642221E-01,    0.1699436191232182924437666E+01,   3908.04%
    0.4691666666666666429819088E+01,    0.1751741194795288558694324E+01,    0.4345608671903528064106581E-01,    0.1708285108076253333564409E+01,   3931.06%
    0.4693333333333333357018091E+01,    0.1760510732100178277192981E+01,    0.4342656856765666345543409E-01,    0.1717084163532521579043078E+01,   3953.99%
    0.4695000000000000284217094E+01,    0.1769229010960347237002566E+01,    0.4339708002747034304436013E-01,    0.1725831930932876900897099E+01,   3976.84%
    0.4696666666666667211416097E+01,    0.1777894589232098754294498E+01,    0.4336762105950952433941481E-01,    0.1734526968172589223016189E+01,   3999.59%
    0.4698333333333334138615101E+01,    0.1786506009221958679589193E+01,    0.4333819162487037579545301E-01,    0.1743167817597088387060467E+01,   4022.24%
    0.4699999999999999289457264E+01,    0.1795061797572426565139381E+01,    0.4330879168471200857393200E-01,    0.1751753005887714653709963E+01,   4044.80%
    0.4701666666666666216656267E+01,    0.1803560465147568292465508E+01,    0.4327942120025617123157957E-01,    0.1760281043947312218378443E+01,   4067.25%
    0.4703333333333333143855270E+01,    0.1812000506917517572702536E+01,    0.4325008013278736074269659E-01,    0.1768750426784730267470991E+01,   4089.59%
    0.4705000000000000071054274E+01,    0.1820380401842711881599257E+01,    0.4322076844365254494340078E-01,    0.1777159633399059357472538E+01,   4111.82%
    0.4706666666666666998253277E+01,    0.1828698612757358565872323E+01,    0.4319148609426109314268771E-01,    0.1785507126663097521301893E+01,   4133.93%
    0.4708333333333333925452280E+01,    0.1836953586251865999656729E+01,    0.4316223304608466510012832E-01,    0.1793791353205781424762222E+01,   4155.93%
    0.4710000000000000852651283E+01,    0.1845143752555529204073537E+01,    0.4313300926065707224799084E-01,    0.1802010743294872208153379E+01,   4177.80%
    0.4711666666666666003493447E+01,    0.1853267525417467531667626E+01,    0.4310381469957420136340787E-01,    0.1810163710717893392754263E+01,   4199.54%
    0.4713333333333332930692450E+01,    0.1861323301987972023141538E+01,    0.4307464932449377864598361E-01,    0.1818248652663478237556660E+01,   4221.16%
    0.4714999999999999857891453E+01,    0.1869309462698242052525188E+01,    0.4304551309713543216783904E-01,    0.1826263949601106606479561E+01,   4242.63%
    0.4716666666666666785090456E+01,    0.1877224371140237435540143E+01,    0.4301640597928042819564354E-01,    0.1834207965160957076733439E+01,   4263.97%
    0.4718333333333333712289459E+01,    0.1885066373945299300629586E+01,    0.4298732793277163649614536E-01,    0.1842079046012527587805607E+01,   4285.17%
    0.4720000000000000639488462E+01,    0.1892833800662534038394824E+01,    0.4295827891951335686382407E-01,    0.1849875521743020723164364E+01,   4306.21%
    0.4721666666666665790330626E+01,    0.1900524963636228914509729E+01,    0.4292925890147128442642099E-01,    0.1857595704734757546816581E+01,   4327.11%
    0.4723333333333332717529629E+01,    0.1908138157882788954466946E+01,    0.4290026784067223208918307E-01,    0.1865237890042116708499975E+01,   4347.85%
    0.4724999999999999644728632E+01,    0.1915671660966701717043748E+01,    0.4287130569920420686269580E-01,    0.1872800355267497440792113E+01,   4368.42%
    0.4726666666666666571927635E+01,    0.1923123732876398150892783E+01,    0.4284237243921619475717222E-01,    0.1880281360437181970013398E+01,   4388.84%
    0.4728333333333333499126638E+01,    0.1930492615898875774504972E+01,    0.4281346802291804282125653E-01,    0.1887679147875957808011549E+01,   4409.08%
    0.4730000000000000426325641E+01,    0.1937776534493722557783713E+01,    0.4278459241258037587529728E-01,    0.1894991942081142077825007E+01,   4429.15%
    0.4731666666666667353524645E+01,    0.1944973695166915872434288E+01,    0.4275574557053444385568142E-01,    0.1902217949596381352250773E+01,   4449.03%
    0.4733333333333332504366808E+01,    0.1952082286343290729035971E+01,    0.4272692745917205936478922E-01,    0.1909355358884118558648879E+01,   4468.74%
    0.4734999999999999431565811E+01,    0.1959100478238876341663399E+01,    0.4269813804094538950417714E-01,    0.1916402340197930875831389E+01,   4488.26%
    0.4736666666666666358764815E+01,    0.1966026422731873113391998E+01,    0.4266937727836696281347173E-01,    0.1923357045453506053434012E+01,   4507.58%
    0.4738333333333333285963818E+01,    0.1972858253234076819637721E+01,    0.4264064513400947498134030E-01,    0.1930217608100067261389654E+01,   4526.71%
    0.4740000000000000213162821E+01,    0.1979594084559873401474306E+01,    0.4261194157050571945655193E-01,    0.1936982142989367661201072E+01,   4545.63%
    0.4741666666666667140361824E+01,    0.1986232012796703250145924E+01,    0.4258326655054840009784201E-01,    0.1943648746246154912498127E+01,   4564.35%
    0.4743333333333334067560827E+01,    0.1992770115172423084359821E+01,    0.4255462003689011035723055E-01,    0.1950215495135533050330423E+01,   4582.85%
    0.4744999999999999218402991E+01,    0.1999206449924149975316823E+01,    0.4252600199234320144103805E-01,    0.1956680447931806732242421E+01,   4601.14%
    0.4746666666666666145601994E+01,    0.2005539056165023481526077E+01,    0.4249741237977954638749267E-01,    0.1963041643785244039221993E+01,   4619.20%
    0.4748333333333333072800997E+01,    0.2011765953750620283813078E+01,    0.4246885116213062333345718E-01,    0.1969297102588489556396212E+01,   4637.04%
    0.4750000000000000000000000E+01,    0.2017885143144764636957689E+01,    0.4244031830238726571424834E-01,    0.1975444824842377267160032E+01,   4654.64%
    0.4751666666666666927199003E+01,    0.2023894605284587644433714E+01,    0.4241181376359960675248573E-01,    0.1981482791520988051559016E+01,   4672.01%
    0.4753333333333333854398006E+01,    0.2029792301444842461677354E+01,    0.4238333750887694068021361E-01,    0.1987408963935965555691610E+01,   4689.13%
    0.4755000000000000781597009E+01,    0.2035576173101184327407509E+01,    0.4235488950138763947217413E-01,    0.1993221283599796667118653E+01,   4706.00%
    0.4756666666666665932439173E+01,    0.2041244141793507882454151E+01,    0.4232646970435902794571703E-01,    0.1998917672089148833691752E+01,   4722.62%
    0.4758333333333332859638176E+01,    0.2046794108987346483274905E+01,    0.4229807808107719641066424E-01,    0.2004496030906269155025257E+01,   4738.98%
    0.4759999999999999786837179E+01,    0.2052223955936057997462285E+01,    0.4226971459488705618046112E-01,    0.2009954241341171066181914E+01,   4755.07%
    0.4761666666666666714036182E+01,    0.2057531543540883411935738E+01,    0.4224137920919209671088979E-01,    0.2015290164331691169508076E+01,   4770.89%
    0.4763333333333333641235185E+01,    0.2062714712210749201659610E+01,    0.4221307188745431621113013E-01,    0.2020501640323294711976132E+01,   4786.44%
    0.4765000000000000568434189E+01,    0.2067771281721968001932055E+01,    0.4218479259319410368256342E-01,    0.2025586489128774037027370E+01,   4801.70%
    0.4766666666666667495633192E+01,    0.2072699051076027476625541E+01,    0.4215654128999015565204544E-01,    0.2030542509786037452812479E+01,   4816.67%
    0.4768333333333332646475355E+01,    0.2077495798357670064859803E+01,    0.4212831794147933045513454E-01,    0.2035367480416190755221351E+01,   4831.35%
    0.4769999999999999573674359E+01,    0.2082159280591461048004476E+01,    0.4210012251135651639710744E-01,    0.2040059158080104406707278E+01,   4845.73%
    0.4771666666666666500873362E+01,    0.2086687233598172763748835E+01,    0.4207195496337461093627752E-01,    0.2044615278634798194445921E+01,   4859.81%
    0.4773333333333333428072365E+01,    0.2091077371849752175592130E+01,    0.4204381526134435415054114E-01,    0.2049033556588407911647209E+01,   4873.57%
    0.4775000000000000355271368E+01,    0.2095327388324298656385736E+01,    0.4201570336913421077618125E-01,    0.2053311684955164473365130E+01,   4887.01%
    0.4776666666666667282470371E+01,    0.2099434954359942651080928E+01,    0.4198761925067028000224667E-01,    0.2057447335109272579245498E+01,   4900.13%
    0.4778333333333334209669374E+01,    0.2103397719507417384932069E+01,    0.4195956286993617750935570E-01,    0.2061438156637481089461517E+01,   4912.92%
    0.4779999999999999360511538E+01,    0.2107213311382761133927488E+01,    0.4193153419097298689743880E-01,    0.2065281777191787959679914E+01,   4925.37%
    0.4781666666666666287710541E+01,    0.2110879335518844879260314E+01,    0.4190353317787898906887634E-01,    0.2068975802340965675085727E+01,   4937.47%
    0.4783333333333333214909544E+01,    0.2114393375215621873053351E+01,    0.4187555979480975937301324E-01,    0.2072517815420812148374807E+01,   4949.23%
    0.4785000000000000142108547E+01,    0.2117752991390735139987100E+01,    0.4184761400597793168376626E-01,    0.2075905377384757333203424E+01,   4960.63%
    0.4786666666666667069307550E+01,    0.2120955722428125245215824E+01,    0.4181969577565312207179105E-01,    0.2079136026652472324371956E+01,   4971.67%
    0.4788333333333333996506553E+01,    0.2123999084026718886519802E+01,    0.4179180506816183859886138E-01,    0.2082207278958557061798729E+01,   4982.33%
    0.4789999999999999147348717E+01,    0.2126880569047696400986069E+01,    0.4176394184788738417335452E-01,    0.2085116627199809169468381E+01,   4992.62%
    0.4791666666666666074547720E+01,    0.2129597647361590961878619E+01,    0.4173610607926962756675238E-01,    0.2087861541282321375945230E+01,   5002.53%
    0.4793333333333333001746723E+01,    0.2132147765694075047804290E+01,    0.4170829772680509361926227E-01,    0.2090439467967269759895999E+01,   5012.05%
    0.4794999999999999928945726E+01,    0.2134528347471042142302622E+01,    0.4168051675504673425631808E-01,    0.2092847830715995449679667E+01,   5021.17%
    0.4796666666666666856144730E+01,    0.2136736792663309181250497E+01,    0.4165276312860383134406561E-01,    0.2095084029534705294395280E+01,   5029.88%
    0.4798333333333333783343733E+01,    0.2138770477629602595470715E+01,    0.4162503681214192730042356E-01,    0.2097145440817460571025777E+01,   5038.18%
    0.4800000000000000710542736E+01,    0.2140626754959906730135799E+01,    0.4159733777038268631720541E-01,    0.2099029417189524071574169E+01,   5046.07%
    0.4801666666666665861384899E+01,    0.2142302953316907121461554E+01,    0.4156966596810383884896822E-01,    0.2100733287348803379757101E+01,   5053.52%
    0.4803333333333332788583903E+01,    0.2143796377277399134442248E+01,    0.4154202137013895956840770E-01,    0.2102254355907260396918446E+01,   5060.55%
    0.4804999999999999715782906E+01,    0.2145104307172179147755742E+01,    0.4151440394137751593861552E-01,    0.2103589903230801638756020E+01,   5067.13%
    0.4806666666666666642981909E+01,    0.2146223998926076514948136E+01,    0.4148681364676467392405002E-01,    0.2104737185279311972863070E+01,   5073.27%
    0.4808333333333333570180912E+01,    0.2147152683895980906925161E+01,    0.4145925045130121472380935E-01,    0.2105693433444679740773609E+01,   5078.95%
    0.4810000000000000497379915E+01,    0.2147887568708840344555711E+01,    0.4143171432004340987154123E-01,    0.2106455854388797011012002E+01,   5084.16%
    0.4811666666666667424578918E+01,    0.2148425835098772385123311E+01,    0.4140420521810296572429166E-01,    0.2107021629880669433276807E+01,   5088.91%
    0.4813333333333332575421082E+01,    0.2148764639742830606650159E+01,    0.4137672311064688468462691E-01,    0.2107387916632183610943230E+01,   5093.17%
    0.4814999999999999502620085E+01,    0.2148901114096634312744527E+01,    0.4134926796289731254496758E-01,    0.2107551846133736805910530E+01,   5096.95%
    0.4816666666666666429819088E+01,    0.2148832364228401292649551E+01,    0.4132183974013154542648252E-01,    0.2107510524488269698650811E+01,   5100.23%
    0.4818333333333333357018091E+01,    0.2148555470652744769921583E+01,    0.4129443840768186324563516E-01,    0.2107261032245062892798160E+01,   5103.01%
    0.4820000000000000284217094E+01,    0.2148067488163182048310773E+01,    0.4126706393093543950856272E-01,    0.2106800424232246449207651E+01,   5105.28%
    0.4821666666666667211416097E+01,    0.2147365445664254579583030E+01,    0.4123971627533420947209208E-01,    0.2106125729388920397866514E+01,   5107.03%
    0.4823333333333334138615101E+01,    0.2146446346002221172710733E+01,    0.4121239540637480769369461E-01,    0.2105233950595846170728009E+01,   5108.25%
    0.4824999999999999289457264E+01,    0.2145307165795274695341277E+01,    0.4118510128960849864254712E-01,    0.2104122064505666411804441E+01,   5108.94%
    0.4826666666666666216656267E+01,    0.2143944855262817306140732E+01,    0.4115783389064089914377575E-01,    0.2102787021372176212707927E+01,   5109.08%
    0.4828333333333333143855270E+01,    0.2142356338053815978383909E+01,    0.4113059317513212409522794E-01,    0.2101225744878683965310984E+01,   5108.67%
    0.4830000000000000071054274E+01,    0.2140538511074202787654031E+01,    0.4110337910879652972839793E-01,    0.2099435131965406320375678E+01,   5107.69%
    0.4831666666666666998253277E+01,    0.2138488244313621944314718E+01,    0.4107619165740264421948780E-01,    0.2097412052656219216828504E+01,   5106.15%
    0.4833333333333333925452280E+01,    0.2136202380670941813889385E+01,    0.4104903078677307748378666E-01,    0.2095153349884168569872145E+01,   5104.03%
    0.4835000000000000852651283E+01,    0.2133677735779514250680222E+01,    0.4102189646278440321447434E-01,    0.2092655839316730048693671E+01,   5101.31%
    0.4836666666666666003493447E+01,    0.2130911097830503475591968E+01,    0.4099478865136711724925789E-01,    0.2089916309179136177931468E+01,   5098.00%
    0.4838333333333332930692450E+01,    0.2127899227396513825993907E+01,    0.4096770731850538083129720E-01,    0.2086931520078008528429336E+01,   5094.09%
    0.4839999999999999857891453E+01,    0.2124638857253548618331251E+01,    0.4094065243023713163150745E-01,    0.2083698204823311694866561E+01,   5089.56%
    0.4841666666666666785090456E+01,    0.2121126692201867669496096E+01,    0.4091362395265384088727245E-01,    0.2080213068249213925753338E+01,   5084.40%
    0.4843333333333333712289459E+01,    0.2117359408887143246147389E+01,    0.4088662185190047176908124E-01,    0.2076472787035242628661535E+01,   5078.61%
    0.4845000000000000639488462E+01,    0.2113333655619284101589983E+01,    0.4085964609417534754154389E-01,    0.2072474009525108851192954E+01,   5072.18%
    0.4846666666666665790330626E+01,    0.2109046052190929998459978E+01,    0.4083269664573008911334639E-01,    0.2068213355545200027307828E+01,   5065.09%
    0.4848333333333332717529629E+01,    0.2104493189695334720568098E+01,    0.4080577347286944156490307E-01,    0.2063687416222465209614256E+01,   5057.34%
    0.4849999999999999644728632E+01,    0.2099671630343124650863729E+01,    0.4077887654195127414835653E-01,    0.2058892753801173203243025E+01,   5048.92%
    0.4851666666666666571927635E+01,    0.2094577907277841877231594E+01,    0.4075200581938642763191183E-01,    0.2053825901458455227555078E+01,   5039.82%
    0.4853333333333333499126638E+01,    0.2089208524390646193324983E+01,    0.4072516127163863797200349E-01,    0.2048483363119007361063950E+01,   5030.02%
    0.4855000000000000426325641E+01,    0.2083559956134603652344595E+01,    0.4069834286522437671873575E-01,    0.2042861613269379095214617E+01,   5019.52%
    0.4856666666666667353524645E+01,    0.2077628647337446565757091E+01,    0.4067155056671285795477644E-01,    0.2036957096770733777191253E+01,   5008.31%
    0.4858333333333332504366808E+01,    0.2071411013013471524857323E+01,    0.4064478434272586482300937E-01,    0.2030766228670745743301040E+01,   4996.38%
    0.4859999999999999431565811E+01,    0.2064903438174988892228612E+01,    0.4061804415993761768755022E-01,    0.2024285394015051142702077E+01,   4983.71%
    0.4861666666666666358764815E+01,    0.2058102277642047894801181E+01,    0.4059132998507479495042816E-01,    0.2017510947656973030461813E+01,   4970.30%
    0.4863333333333333285963818E+01,    0.2051003855851766033424610E+01,    0.4056464178491635264034443E-01,    0.2010439214066849888951083E+01,   4956.14%
    0.4865000000000000213162821E+01,    0.2043604466666900876248292E+01,    0.4053797952629343420705155E-01,    0.2003066487140607421224558E+01,   4941.21%
    0.4866666666666667140361824E+01,    0.2035900373182494949020338E+01,    0.4051134317608930113241428E-01,    0.1995389030006405661765712E+01,   4925.51%
    0.4868333333333334067560827E+01,    0.2027887807532811059729738E+01,    0.4048473270123919415253155E-01,    0.1987403074831571858638313E+01,   4909.02%
    0.4869999999999999218402991E+01,    0.2019562970696121784186516E+01,    0.4045814806873031244105476E-01,    0.1979104822627391513378825E+01,   4891.73%
    0.4871666666666666145601994E+01,    0.2010922032299569561786257E+01,    0.4043158924560158462568893E-01,    0.1970490443053968032671719E+01,   4873.64%
    0.4873333333333333072800997E+01,    0.2001961130422253098970486E+01,    0.4040505619894373123823783E-01,    0.1961556074223309353854461E+01,   4854.73%
    0.4875000000000000000000000E+01,    0.1992676371397756218684094E+01,    0.4037854889589905654778690E-01,    0.1952297822501857238464140E+01,   4834.99%
    0.4876666666666666927199003E+01,    0.1983063829615628659297499E+01,    0.4035206730366140692733978E-01,    0.1942711762311967182981221E+01,   4814.40%
    0.4878333333333333854398006E+01,    0.1973119547321680711249314E+01,    0.4032561138947605983151590E-01,    0.1932793935932204609784435E+01,   4792.97%
    0.4880000000000000781597009E+01,    0.1962839534417812226152478E+01,    0.4029918112063961971314185E-01,    0.1922540353297172543989291E+01,   4770.67%
    0.4881666666666665932439173E+01,    0.1952219768259949805866427E+01,    0.4027277646449994863431243E-01,    0.1911946991795449912743265E+01,   4747.49%
    0.4883333333333332859638176E+01,    0.1941256193456034395694587E+01,    0.4024639738845599973293687E-01,    0.1901009796067578472289483E+01,   4723.43%
    0.4884999999999999786837179E+01,    0.1929944721662083972901769E+01,    0.4022004385995783803942061E-01,    0.1889724677802126162617924E+01,   4698.46%
    0.4886666666666666714036182E+01,    0.1918281231378129891851358E+01,    0.4019371584650645312652983E-01,    0.1878087515531623452602616E+01,   4672.59%
    0.4888333333333333641235185E+01,    0.1906261567742177920337099E+01,    0.4016741331565371747602811E-01,    0.1866094154426524154288813E+01,   4645.79%
    0.4890000000000000568434189E+01,    0.1893881542323921252091168E+01,    0.4014113623500226157858606E-01,    0.1853740406088919101534884E+01,   4618.06%
    0.4891666666666667495633192E+01,    0.1881136932917214954485985E+01,    0.4011488457220538372816065E-01,    0.1841022048345009487491097E+01,   4589.37%
    0.4893333333333332646475355E+01,    0.1868023483331178624666791E+01,    0.4008865829496701532752567E-01,    0.1827934825036211519133644E+01,   4559.73%
    0.4894999999999999573674359E+01,    0.1854536903181136731078027E+01,    0.4006245737104145721030335E-01,    0.1814474445810095204478785E+01,   4529.11%
    0.4896666666666666500873362E+01,    0.1840672867677353385928996E+01,    0.4003628176823352535773637E-01,    0.1800636585909119791182320E+01,   4497.51%
    0.4898333333333333428072365E+01,    0.1826427017413687625690955E+01,    0.4001013145439828028182561E-01,    0.1786416885959289269081296E+01,   4464.91%
    0.4900000000000000355271368E+01,    0.1811794958154887114076814E+01,    0.3998400639744101314754232E-01,    0.1771810951757446073173696E+01,   4431.30%
    0.4901666666666667282470371E+01,    0.1796772260622627070958401E+01,    0.3995790656531712781163179E-01,    0.1756814354057310012535709E+01,   4396.66%
    0.4903333333333334209669374E+01,    0.1781354460280964335794351E+01,    0.3993183192603203673920476E-01,    0.1741422628354932333749616E+01,   4360.99%
    0.4904999999999999360511538E+01,    0.1765537057120269315291239E+01,    0.3990578244764112630926789E-01,    0.1725631274672628112654138E+01,   4324.26%
    0.4906666666666666287710541E+01,    0.1749315515440224233500999E+01,    0.3987975809824954864790669E-01,    0.1709435757341974726486455E+01,   4286.47%
    0.4908333333333333214909544E+01,    0.1732685263632408378953187E+01,    0.3985375884601227020054282E-01,    0.1692831504786396212836053E+01,   4247.61%
    0.4910000000000000142108547E+01,    0.1715641693960509917005197E+01,    0.3982778465913390519848036E-01,    0.1675813909301375970173353E+01,   4207.65%
    0.4911666666666667069307550E+01,    0.1698180162340614529625782E+01,    0.3980183550586861157549734E-01,    0.1658378326834745841722452E+01,   4166.59%
    0.4913333333333333996506553E+01,    0.1680295988120227734796686E+01,    0.3977591135452003545669442E-01,    0.1640520076765707768728930E+01,   4124.41%
    0.4914999999999999147348717E+01,    0.1661984453855519294762644E+01,    0.3975001217344124176955589E-01,    0.1622234441682077976665255E+01,   4081.09%
    0.4916666666666666074547720E+01,    0.1643240805088485689822164E+01,    0.3972413793103449219934475E-01,    0.1603516667157451225378395E+01,   4036.63%
    0.4918333333333333001746723E+01,    0.1624060250122209447809496E+01,    0.3969828859575134233361737E-01,    0.1584361961526458140170348E+01,   3991.01%
    0.4919999999999999928945726E+01,    0.1604437959795482537828093E+01,    0.3967246413609242655651244E-01,    0.1564765495659390159843838E+01,   3944.21%
    0.4921666666666666856144730E+01,    0.1584369067256210961147644E+01,    0.3964666452060739559870584E-01,    0.1544722402735603461465530E+01,   3896.22%
    0.4923333333333333783343733E+01,    0.1563848667733922281897208E+01,    0.3962088971789486102625943E-01,    0.1524227778016027379237585E+01,   3847.03%
    0.4925000000000000710542736E+01,    0.1542871818310452169953351E+01,    0.3959513969660223564606127E-01,    0.1503276678613849837162775E+01,   3796.62%
    0.4926666666666665861384899E+01,    0.1521433537690577431078509E+01,    0.3956941442542573350582558E-01,    0.1481864123265151711450471E+01,   3744.97%
    0.4928333333333332788583903E+01,    0.1499528805970784084422576E+01,    0.3954371387311016172727562E-01,    0.1459985092097674019839815E+01,   3692.08%
    0.4929999999999999715782906E+01,    0.1477152564407098855880918E+01,    0.3951803800844896213950719E-01,    0.1437634526398649859046941E+01,   3637.92%
    0.4931666666666666642981909E+01,    0.1454299715182089114406949E+01,    0.3949238680028403780664092E-01,    0.1414807328381805007211369E+01,   3582.48%
    0.4933333333333333570180912E+01,    0.1430965121170145293305609E+01,    0.3946676021750569751667115E-01,    0.1391498360952639679055665E+01,   3525.75%
    0.4935000000000000497379915E+01,    0.1407143605702362743059552E+01,    0.3944115822905254475916337E-01,    0.1367702447473310156667026E+01,   3467.70%
    0.4936666666666667424578918E+01,    0.1382829952329629463747551E+01,    0.3941558080391141527520915E-01,    0.1343414371525718076227918E+01,   3408.33%
    0.4938333333333332575421082E+01,    0.1358018904585112762717358E+01,    0.3939002791111728685180537E-01,    0.1318628876673995531376704E+01,   3347.62%
    0.4939999999999999502620085E+01,    0.1332705165745116770992240E+01,    0.3936449951975311278840053E-01,    0.1293340666225363699837203E+01,   3285.55%
    0.4941666666666666429819088E+01,    0.1306883398589278266754832E+01,    0.3933899559894987046915205E-01,    0.1267544402990328444857937E+01,   3222.11%
    0.4943333333333333357018091E+01,    0.1280548225159281461316141E+01,    0.3931351611788638789057870E-01,    0.1241234709041395101181138E+01,   3157.27%
    0.4945000000000000284217094E+01,    0.1253694226516376630797822E+01,    0.3928806104578924651704597E-01,    0.1214406165470587328769625E+01,   3091.03%
    0.4946666666666667211416097E+01,    0.1226315942498287014927882E+01,    0.3926263035193276046408428E-01,    0.1187053312146354233647116E+01,   3023.37%
    0.4948333333333334138615101E+01,    0.1198407871473924357630381E+01,    0.3923722400563881690382928E-01,    0.1159170647468285464398718E+01,   2954.26%
    0.4949999999999999289457264E+01,    0.1169964470098188824565000E+01,    0.3921184197627684137055226E-01,    0.1130752628121912017888917E+01,   2883.70%
    0.4951666666666666216656267E+01,    0.1140980153064592217404538E+01,    0.3918648423326364510499431E-01,    0.1101793668831328565360650E+01,   2811.67%
    0.4953333333333333143855270E+01,    0.1111449292857196402550812E+01,    0.3916115074606343893215410E-01,    0.1072288142111132991374234E+01,   2738.14%
    0.4955000000000000071054274E+01,    0.1081366219501146863635199E+01,    0.3913584148418765285004639E-01,    0.1042230378016959280174092E+01,   2663.11%
    0.4956666666666666998253277E+01,    0.1050725220312335395078662E+01,    0.3911055641719490827412642E-01,    0.1011614663895140431293385E+01,   2586.55%
    0.4958333333333333925452280E+01,    0.1019520539645530243788585E+01,    0.3908529551469090701498743E-01,    0.9804352441308393784069608E+00,   2508.45%
    0.4960000000000000852651283E+01,    0.9877463786414245605627116E+00,    0.3906005874632834107273993E-01,    0.9486863198950962194899716E+00,   2428.79%
    0.4961666666666666003493447E+01,    0.9553968949727063009191852E+00,    0.3903484608180685100364826E-01,    0.9163620488908994499155369E+00,   2347.55%
    0.4963333333333332930692450E+01,    0.9224662025882564009293674E+00,    0.3900965749087283163110129E-01,    0.8834565450973835831760539E+00,   2264.71%
    0.4964999999999999857891453E+01,    0.8889483714572581352086900E+00,    0.3898449294331947367897584E-01,    0.8499638785139386198963507E+00,   2180.26%
    0.4966666666666666785090456E+01,    0.8548374273109589083219362E+00,    0.3895935240898662499375860E-01,    0.8158780749019722833281776E+00,   2094.18%
    0.4968333333333333712289459E+01,    0.8201273513839140161252317E+00,    0.3893423585776068646113757E-01,    0.7811931155261533366029880E+00,   2006.44%
    0.4970000000000000639488462E+01,    0.7848120801537062929398303E+00,    0.3890914325957455649485084E-01,    0.7459029368941317850172368E+00,   1917.04%
    0.4971666666666665790330626E+01,    0.7488855050796168200122338E+00,    0.3888407458440756164774754E-01,    0.7100014304952092514255924E+00,   1825.94%
    0.4973333333333332717529629E+01,    0.7123414723398171499724185E+00,    0.3885902980228526232275854E-01,    0.6734824425375318668329783E+00,   1733.14%
    0.4974999999999999644728632E+01,    0.6751737825677119886336186E+00,    0.3883400888327953603962328E-01,    0.6363397736844325081051466E+00,   1638.61%
    0.4976666666666666571927635E+01,    0.6373761905866039967349934E+00,    0.3880901179750837620696657E-01,    0.5985671787890955997113451E+00,   1542.34%
    0.4978333333333333499126638E+01,    0.5989424051434208973176965E+00,    0.3878403851513584355004127E-01,    0.5601583666282849982565040E+00,   1444.30%
    0.4980000000000000426325641E+01,    0.5598660886411014336871972E+00,    0.3875908900637198978289533E-01,    0.5211069996347293953320445E+00,   1344.48%
    0.4981666666666667353524645E+01,    0.5201408568696631595784652E+00,    0.3873416324147274658606932E-01,    0.4814066936281904407479715E+00,   1242.85%
    0.4983333333333332504366808E+01,    0.4797602787361180398661986E+00,    0.3870926119073989785102086E-01,    0.4410510175453781211984960E+00,   1139.39%
    0.4984999999999999431565811E+01,    0.4387178759929230564829084E+00,    0.3868438282452087845220134E-01,    0.4000334931684021988473887E+00,   1034.10%
    0.4986666666666666358764815E+01,    0.3970071229655487421439375E+00,    0.3865952811320884363599504E-01,    0.3583475948523399123857303E+00,    926.93%
    0.4988333333333333285963818E+01,    0.3546214462783246479382626E+00,    0.3863469702724250942615924E-01,    0.3159867492510821662676790E+00,    817.88%
    0.4990000000000000213162821E+01,    0.3115542245792986553176718E+00,    0.3860988953710603466262796E-01,    0.2729443350421926206550438E+00,    706.93%
    0.4991666666666667140361824E+01,    0.2677987882637128391749570E+00,    0.3858510561332900018483016E-01,    0.2292136826503838320512330E+00,    594.05%
    0.4993333333333334067560827E+01,    0.2233484191961861708985992E+00,    0.3856034522648631862606905E-01,    0.1847880739696998453336363E+00,    479.22%
    0.4994999999999999218402991E+01,    0.1781963504316675939165293E+00,    0.3853560834719813726900739E-01,    0.1396607420844694635864158E+00,    362.42%
    0.4996666666666666145601994E+01,    0.1323357659348483317263145E+00,    0.3851089494612968539000164E-01,    0.9382487098871863939741900E-01,    243.63%
    0.4998333333333333072800997E+01,    0.8575980029875554522256209E-01,    0.3848620499399134364804098E-01,    0.4727359530476420157452111E-01,    122.83%
    0.5000000000000000000000000E+01,    0.3846153846153847061239972E-01,    0.3846153846153846367350582E-01,    0.6938893903907228377647698E-17,      0.00%
