   -0.5000000000000000000000000E+01,    0.3846153846153845673461191E-01,    0.3846153846153846367350582E-01,   -0.6938893903907228377647698E-17,      0.00%
   -0.4998333333333333072800997E+01,    0.8575980029875585053389386E-01,    0.3848620499399134364804098E-01,    0.4727359530476450688585288E-01,    122.83%
   -0.4996666666666667033780413E+01,    0.1323357659348254888875829E+00,    0.3851089494612967151221383E-01,    0.9382487098869582431426295E-01,    243.63%
   -0.4995000000000000106581410E+01,    0.1781963504316449453668270E+00,    0.3853560834719812339121958E-01,    0.1396607420844468150367135E+00,    362.42%
   -0.4993333333333333179382407E+01,    0.2233484191962130105402196E+00,    0.3856034522648633250385686E-01,    0.1847880739697266849752566E+00,    479.22%
   -0.4991666666666666252183404E+01,    0.2677987882637397620833042E+00,    0.3858510561332901406261797E-01,    0.2292136826504107549595801E+00,    594.05%
   -0.4990000000000000213162821E+01,    0.3115542245792996545183939E+00,    0.3860988953710603466262796E-01,    0.2729443350421936198557660E+00,    706.93%
   -0.4988333333333333285963818E+01,    0.3546214462783221499364572E+00,    0.3863469702724250942615924E-01,    0.3159867492510796127547223E+00,    817.88%
   -0.4986666666666666358764815E+01,    0.3970071229655488531662400E+00,    0.3865952811320884363599504E-01,    0.3583475948523400234080327E+00,    926.93%
   -0.4985000000000000319744231E+01,    0.4387178759929096782954616E+00,    0.3868438282452086457441354E-01,    0.4000334931683888206599420E+00,   1034.10%
   -0.4983333333333333392545228E+01,    0.4797602787361016085654342E+00,    0.3870926119073988397323305E-01,    0.4410510175453617454088828E+00,   1139.39%
   -0.4981666666666666465346225E+01,    0.5201408568696852530166552E+00,    0.3873416324147275352496322E-01,    0.4814066936282124786750103E+00,   1242.85%
   -0.4980000000000000426325641E+01,    0.5598660886411036541332464E+00,    0.3875908900637198978289533E-01,    0.5211069996347316157780938E+00,   1344.48%
   -0.4978333333333333499126638E+01,    0.5989424051434192319831595E+00,    0.3878403851513584355004127E-01,    0.5601583666282834439442695E+00,   1444.30%
   -0.4976666666666666571927635E+01,    0.6373761905865916732594201E+00,    0.3880901179750837620696657E-01,    0.5985671787890832762357718E+00,   1542.34%
   -0.4974999999999999644728632E+01,    0.6751737825677044391170512E+00,    0.3883400888327953603962328E-01,    0.6363397736844249585885791E+00,   1638.61%
   -0.4973333333333333605708049E+01,    0.7123414723398026060507959E+00,    0.3885902980228525538386464E-01,    0.6734824425375173229113557E+00,   1733.14%
   -0.4971666666666666678509046E+01,    0.7488855050795979462208152E+00,    0.3888407458440755470885364E-01,    0.7100014304951903776341737E+00,   1825.94%
   -0.4969999999999999751310042E+01,    0.7848120801537212809506627E+00,    0.3890914325957457037263865E-01,    0.7459029368941466620057668E+00,   1917.04%
   -0.4968333333333333712289459E+01,    0.8201273513839146822590465E+00,    0.3893423585776068646113757E-01,    0.7811931155261540027368028E+00,   2006.44%
   -0.4966666666666666785090456E+01,    0.8548374273109702325967874E+00,    0.3895935240898662499375860E-01,    0.8158780749019836076030288E+00,   2094.18%
   -0.4964999999999999857891453E+01,    0.8889483714572680161936091E+00,    0.3898449294331947367897584E-01,    0.8499638785139485008812699E+00,   2180.26%
   -0.4963333333333332930692450E+01,    0.9224662025882723881409220E+00,    0.3900965749087283163110129E-01,    0.8834565450973995703876085E+00,   2264.71%
   -0.4961666666666666891671866E+01,    0.9553968949726840964586927E+00,    0.3903484608180684406475436E-01,    0.9163620488908772454550444E+00,   2347.55%
   -0.4959999999999999964472863E+01,    0.9877463786414800717139428E+00,    0.3906005874632835495052774E-01,    0.9486863198951517306412029E+00,   2428.79%
   -0.4958333333333333037273860E+01,    0.1019520539645562218211694E+01,    0.3908529551469091395388133E-01,    0.9804352441308713528300700E+00,   2508.45%
   -0.4956666666666666998253277E+01,    0.1050725220312346275264304E+01,    0.3911055641719490827412642E-01,    0.1011614663895151311479026E+01,   2586.55%
   -0.4955000000000000071054274E+01,    0.1081366219501143532966125E+01,    0.3913584148418765285004639E-01,    0.1042230378016955949505018E+01,   2663.11%
   -0.4953333333333333143855270E+01,    0.1111449292857184856231356E+01,    0.3916115074606343893215410E-01,    0.1072288142111121445054778E+01,   2738.14%
   -0.4951666666666667104834687E+01,    0.1140980153064603541679389E+01,    0.3918648423326363816610041E-01,    0.1101793668831339889635501E+01,   2811.67%
   -0.4950000000000000177635684E+01,    0.1169964470098207920401023E+01,    0.3921184197627683443165836E-01,    0.1130752628121931113724941E+01,   2883.70%
   -0.4948333333333333250436681E+01,    0.1198407871473937014172861E+01,    0.3923722400563882384272318E-01,    0.1159170647468298120941199E+01,   2954.26%
   -0.4946666666666666323237678E+01,    0.1226315942498277244965266E+01,    0.3926263035193277434187209E-01,    0.1187053312146344463684500E+01,   3023.37%
   -0.4945000000000000284217094E+01,    0.1253694226516409493399351E+01,    0.3928806104578924651704597E-01,    0.1214406165470620191371154E+01,   3091.03%
   -0.4943333333333333357018091E+01,    0.1280548225159269470907475E+01,    0.3931351611788638789057870E-01,    0.1241234709041383110772472E+01,   3157.27%
   -0.4941666666666666429819088E+01,    0.1306883398589290035118893E+01,    0.3933899559894987046915205E-01,    0.1267544402990340213221998E+01,   3222.11%
   -0.4940000000000000390798505E+01,    0.1332705165745106112851204E+01,    0.3936449951975309891061272E-01,    0.1293340666225353041696167E+01,   3285.55%
   -0.4938333333333333463599502E+01,    0.1358018904585095665282779E+01,    0.3939002791111727991291147E-01,    0.1318628876673978433942125E+01,   3347.62%
   -0.4936666666666666536400498E+01,    0.1382829952329639011665563E+01,    0.3941558080391142915299696E-01,    0.1343414371525727624145929E+01,   3408.33%
   -0.4934999999999999609201495E+01,    0.1407143605702361632836528E+01,    0.3944115822905255863695118E-01,    0.1367702447473309046444001E+01,   3467.70%
   -0.4933333333333333570180912E+01,    0.1430965121170145959439424E+01,    0.3946676021750569751667115E-01,    0.1391498360952640345189479E+01,   3525.75%
   -0.4931666666666666642981909E+01,    0.1454299715182074903552234E+01,    0.3949238680028403780664092E-01,    0.1414807328381790796356654E+01,   3582.48%
   -0.4929999999999999715782906E+01,    0.1477152564407113510824843E+01,    0.3951803800844896213950719E-01,    0.1437634526398664513990866E+01,   3637.92%
   -0.4928333333333333676762322E+01,    0.1499528805970760103605244E+01,    0.3954371387311014784948782E-01,    0.1459985092097650039022483E+01,   3692.08%
   -0.4926666666666666749563319E+01,    0.1521433537690571435874176E+01,    0.3956941442542571962803777E-01,    0.1481864123265145716246138E+01,   3744.97%
   -0.4924999999999999822364316E+01,    0.1542871818310450393596511E+01,    0.3959513969660224258495518E-01,    0.1503276678613848060805935E+01,   3796.62%
   -0.4923333333333333783343733E+01,    0.1563848667733914066246825E+01,    0.3962088971789486102625943E-01,    0.1524227778016019163587202E+01,   3847.03%
   -0.4921666666666666856144730E+01,    0.1584369067256254259845605E+01,    0.3964666452060739559870584E-01,    0.1544722402735646760163490E+01,   3896.22%
   -0.4919999999999999928945726E+01,    0.1604437959795465884482724E+01,    0.3967246413609242655651244E-01,    0.1564765495659373506498468E+01,   3944.21%
   -0.4918333333333333001746723E+01,    0.1624060250122189463795053E+01,    0.3969828859575134233361737E-01,    0.1584361961526438156155905E+01,   3991.01%
   -0.4916666666666666962726140E+01,    0.1643240805088481693019276E+01,    0.3972413793103447832155695E-01,    0.1603516667157447228575506E+01,   4036.63%
   -0.4915000000000000035527137E+01,    0.1661984453855541721267741E+01,    0.3975001217344122789176808E-01,    0.1622234441682100403170352E+01,   4081.09%
   -0.4913333333333333108328134E+01,    0.1680295988120243055874425E+01,    0.3977591135452004933448222E-01,    0.1640520076765723089806670E+01,   4124.41%
   -0.4911666666666667069307550E+01,    0.1698180162340663157394260E+01,    0.3980183550586861157549734E-01,    0.1658378326834794469490930E+01,   4166.59%
   -0.4910000000000000142108547E+01,    0.1715641693960523905815307E+01,    0.3982778465913390519848036E-01,    0.1675813909301389958983464E+01,   4207.65%
   -0.4908333333333333214909544E+01,    0.1732685263632459893301530E+01,    0.3985375884601227020054282E-01,    0.1692831504786447727184395E+01,   4247.61%
   -0.4906666666666666287710541E+01,    0.1749315515440308610450870E+01,    0.3987975809824954864790669E-01,    0.1709435757342059103436327E+01,   4286.47%
   -0.4905000000000000248689958E+01,    0.1765537057120259101239412E+01,    0.3990578244764111937037399E-01,    0.1725631274672617898602311E+01,   4324.26%
   -0.4903333333333333321490954E+01,    0.1781354460280993423637597E+01,    0.3993183192603204367809866E-01,    0.1741422628354961421592861E+01,   4360.99%
   -0.4901666666666666394291951E+01,    0.1796772260622662154005980E+01,    0.3995790656531714168941960E-01,    0.1756814354057345095583287E+01,   4396.66%
   -0.4900000000000000355271368E+01,    0.1811794958154890444745888E+01,    0.3998400639744101314754232E-01,    0.1771810951757449403842770E+01,   4431.30%
   -0.4898333333333333428072365E+01,    0.1826427017413709386062237E+01,    0.4001013145439828028182561E-01,    0.1786416885959311029452579E+01,   4464.91%
   -0.4896666666666666500873362E+01,    0.1840672867677366042471476E+01,    0.4003628176823352535773637E-01,    0.1800636585909132447724801E+01,   4497.51%
   -0.4894999999999999573674359E+01,    0.1854536903181169149590346E+01,    0.4006245737104145721030335E-01,    0.1814474445810127622991104E+01,   4529.11%
   -0.4893333333333333534653775E+01,    0.1868023483331227030390664E+01,    0.4008865829496699451084396E-01,    0.1827934825036260146902123E+01,   4559.73%
   -0.4891666666666666607454772E+01,    0.1881136932917204296344948E+01,    0.4011488457220540454484237E-01,    0.1841022048344998829350061E+01,   4589.37%
   -0.4889999999999999680255769E+01,    0.1893881542323960109897030E+01,    0.4014113623500227545637387E-01,    0.1853740406088957737296141E+01,   4618.06%
   -0.4888333333333333641235185E+01,    0.1906261567742213891563097E+01,    0.4016741331565371747602811E-01,    0.1866094154426560125514811E+01,   4645.79%
   -0.4886666666666666714036182E+01,    0.1918281231378185847091800E+01,    0.4019371584650645312652983E-01,    0.1878087515531679407843058E+01,   4672.59%
   -0.4884999999999999786837179E+01,    0.1929944721662153028773901E+01,    0.4022004385995783803942061E-01,    0.1889724677802195218490056E+01,   4698.46%
   -0.4883333333333333747816596E+01,    0.1941256193456037060229846E+01,    0.4024639738845598585514907E-01,    0.1901009796067581136824742E+01,   4723.43%
   -0.4881666666666666820617593E+01,    0.1952219768259976895308228E+01,    0.4027277646449993475652462E-01,    0.1911946991795477002185066E+01,   4747.49%
   -0.4879999999999999893418590E+01,    0.1962839534417834208568365E+01,    0.4029918112063962665203576E-01,    0.1922540353297194526405178E+01,   4770.67%
   -0.4878333333333332966219587E+01,    0.1973119547321749100987631E+01,    0.4032561138947607370930371E-01,    0.1932793935932272999522752E+01,   4792.97%
   -0.4876666666666666927199003E+01,    0.1983063829615648865356548E+01,    0.4035206730366140692733978E-01,    0.1942711762311987389040269E+01,   4814.40%
   -0.4875000000000000000000000E+01,    0.1992676371397798407159030E+01,    0.4037854889589905654778690E-01,    0.1952297822501899426939076E+01,   4834.99%
   -0.4873333333333333072800997E+01,    0.2001961130422295731534632E+01,    0.4040505619894373123823783E-01,    0.1961556074223351986418606E+01,   4854.73%
   -0.4871666666666667033780413E+01,    0.2010922032299614858885661E+01,    0.4043158924560157074790112E-01,    0.1970490443054013329771124E+01,   4873.64%
   -0.4870000000000000106581410E+01,    0.2019562970696169301731970E+01,    0.4045814806873029856326696E-01,    0.1979104822627439030924279E+01,   4891.73%
   -0.4868333333333333179382407E+01,    0.2027887807532838149171539E+01,    0.4048473270123920803031936E-01,    0.1987403074831598948080114E+01,   4909.02%
   -0.4866666666666666252183404E+01,    0.2035900373182561118312606E+01,    0.4051134317608930807130818E-01,    0.1995389030006471831057979E+01,   4925.51%
   -0.4865000000000000213162821E+01,    0.2043604466666929742046932E+01,    0.4053797952629343420705155E-01,    0.2003066487140636287023199E+01,   4941.21%
   -0.4863333333333333285963818E+01,    0.2051003855851825097289520E+01,    0.4056464178491635264034443E-01,    0.2010439214066908952815993E+01,   4956.14%
   -0.4861666666666666358764815E+01,    0.2058102277642049671158020E+01,    0.4059132998507479495042816E-01,    0.2017510947656974806818653E+01,   4970.30%
   -0.4860000000000000319744231E+01,    0.2064903438175027083900659E+01,    0.4061804415993761074865631E-01,    0.2024285394015089334374125E+01,   4983.71%
   -0.4858333333333333392545228E+01,    0.2071411013013539470506430E+01,    0.4064478434272585788411547E-01,    0.2030766228670813688950147E+01,   4996.38%
   -0.4856666666666666465346225E+01,    0.2077628647337474099288102E+01,    0.4067155056671287183256425E-01,    0.2036957096770761310722264E+01,   5008.31%
   -0.4855000000000000426325641E+01,    0.2083559956134644064462691E+01,    0.4069834286522437671873575E-01,    0.2042861613269419507332714E+01,   5019.52%
   -0.4853333333333333499126638E+01,    0.2089208524390663956893377E+01,    0.4072516127163863797200349E-01,    0.2048483363119025124632344E+01,   5030.02%
   -0.4851666666666666571927635E+01,    0.2094577907277843653588434E+01,    0.4075200581938642763191183E-01,    0.2053825901458457003911917E+01,   5039.82%
   -0.4849999999999999644728632E+01,    0.2099671630343173500676812E+01,    0.4077887654195127414835653E-01,    0.2058892753801222053056108E+01,   5048.92%
   -0.4848333333333333605708049E+01,    0.2104493189695354260493332E+01,    0.4080577347286942768711526E-01,    0.2063687416222484749539490E+01,   5057.34%
   -0.4846666666666666678509046E+01,    0.2109046052190899356304499E+01,    0.4083269664573008217445249E-01,    0.2068213355545169385152349E+01,   5065.09%
   -0.4844999999999999751310042E+01,    0.2113333655619289874749711E+01,    0.4085964609417536141933169E-01,    0.2072474009525114624352682E+01,   5072.18%
   -0.4843333333333333712289459E+01,    0.2117359408887219629491483E+01,    0.4088662185190047176908124E-01,    0.2076472787035319012005630E+01,   5078.61%
   -0.4841666666666666785090456E+01,    0.2121126692201915187041550E+01,    0.4091362395265384088727245E-01,    0.2080213068249261443298792E+01,   5084.40%
   -0.4839999999999999857891453E+01,    0.2124638857253513091194463E+01,    0.4094065243023713163150745E-01,    0.2083698204823276167729773E+01,   5089.56%
   -0.4838333333333332930692450E+01,    0.2127899227396545800417016E+01,    0.4096770731850538083129720E-01,    0.2086931520078040502852446E+01,   5094.09%
   -0.4836666666666666891671866E+01,    0.2130911097830503475591968E+01,    0.4099478865136710337147008E-01,    0.2089916309179136177931468E+01,   5098.00%
   -0.4834999999999999964472863E+01,    0.2133677735779493378487359E+01,    0.4102189646278442403115605E-01,    0.2092655839316709176500808E+01,   5101.31%
   -0.4833333333333333037273860E+01,    0.2136202380670972900134075E+01,    0.4104903078677309830046838E-01,    0.2095153349884199656116834E+01,   5104.03%
   -0.4831666666666666998253277E+01,    0.2138488244313609065727633E+01,    0.4107619165740264421948780E-01,    0.2097412052656206338241418E+01,   5106.15%
   -0.4830000000000000071054274E+01,    0.2140538511074224548025313E+01,    0.4110337910879652972839793E-01,    0.2099435131965428080746960E+01,   5107.69%
   -0.4828333333333333143855270E+01,    0.2142356338053841291468871E+01,    0.4113059317513212409522794E-01,    0.2101225744878709278395945E+01,   5108.67%
   -0.4826666666666666216656267E+01,    0.2143944855262854165545150E+01,    0.4115783389064089914377575E-01,    0.2102787021372213072112345E+01,   5109.08%
   -0.4825000000000000177635684E+01,    0.2145307165795294679355720E+01,    0.4118510128960848476475931E-01,    0.2104122064505686395818884E+01,   5108.94%
   -0.4823333333333333250436681E+01,    0.2146446346002231386762560E+01,    0.4121239540637482851037632E-01,    0.2105233950595856384779836E+01,   5108.25%
   -0.4821666666666666323237678E+01,    0.2147365445664271010883795E+01,    0.4123971627533422334987989E-01,    0.2106125729388936829167278E+01,   5107.03%
   -0.4820000000000000284217094E+01,    0.2148067488163196703254698E+01,    0.4126706393093543950856272E-01,    0.2106800424232261104151576E+01,   5105.28%
   -0.4818333333333333357018091E+01,    0.2148555470652728782710028E+01,    0.4129443840768186324563516E-01,    0.2107261032245046905586605E+01,   5103.01%
   -0.4816666666666666429819088E+01,    0.2148832364228414615325846E+01,    0.4132183974013154542648252E-01,    0.2107510524488283021327106E+01,   5100.23%
   -0.4815000000000000390798505E+01,    0.2148901114096650299956082E+01,    0.4134926796289729172828586E-01,    0.2107551846133752793122085E+01,   5096.95%
   -0.4813333333333333463599502E+01,    0.2148764639742849258396973E+01,    0.4137672311064687080683910E-01,    0.2107387916632202262690043E+01,   5093.17%
   -0.4811666666666666536400498E+01,    0.2148425835098740410700202E+01,    0.4140420521810297960207947E-01,    0.2107021629880637458853698E+01,   5088.91%
   -0.4809999999999999609201495E+01,    0.2147887568708818140095218E+01,    0.4143171432004343068822294E-01,    0.2106455854388774806551510E+01,   5084.16%
   -0.4808333333333333570180912E+01,    0.2147152683895941382985484E+01,    0.4145925045130121472380935E-01,    0.2105693433444640216833932E+01,   5078.95%
   -0.4806666666666666642981909E+01,    0.2146223998926075626769716E+01,    0.4148681364676467392405002E-01,    0.2104737185279311084684650E+01,   5073.27%
   -0.4804999999999999715782906E+01,    0.2145104307172199131770185E+01,    0.4151440394137751593861552E-01,    0.2103589903230821622770463E+01,   5067.13%
   -0.4803333333333333676762322E+01,    0.2143796377277366715929929E+01,    0.4154202137013894569061989E-01,    0.2102254355907227978406127E+01,   5060.55%
   -0.4801666666666666749563319E+01,    0.2142302953316927105475997E+01,    0.4156966596810382497118042E-01,    0.2100733287348823363771544E+01,   5053.52%
   -0.4799999999999999822364316E+01,    0.2140626754959919164633675E+01,    0.4159733777038270019499322E-01,    0.2099029417189536506072045E+01,   5046.07%
   -0.4798333333333333783343733E+01,    0.2138770477629624355841997E+01,    0.4162503681214192730042356E-01,    0.2097145440817482331397059E+01,   5038.18%
   -0.4796666666666666856144730E+01,    0.2136736792663297190841831E+01,    0.4165276312860383134406561E-01,    0.2095084029534693303986614E+01,   5029.88%
   -0.4794999999999999928945726E+01,    0.2134528347471074116725731E+01,    0.4168051675504673425631808E-01,    0.2092847830716027424102776E+01,   5021.17%
   -0.4793333333333333001746723E+01,    0.2132147765694060392860365E+01,    0.4170829772680509361926227E-01,    0.2090439467967255104952073E+01,   5012.05%
   -0.4791666666666666962726140E+01,    0.2129597647361590073700199E+01,    0.4173610607926961368896457E-01,    0.2087861541282320487766810E+01,   5002.53%
   -0.4790000000000000035527137E+01,    0.2126880569047683966488194E+01,    0.4176394184788737029556671E-01,    0.2085116627199796734970505E+01,   4992.62%
   -0.4788333333333333108328134E+01,    0.2123999084026694905702470E+01,    0.4179180506816185941554309E-01,    0.2082207278958533080981397E+01,   4982.33%
   -0.4786666666666667069307550E+01,    0.2120955722428142120605798E+01,    0.4181969577565312207179105E-01,    0.2079136026652489199761931E+01,   4971.67%
   -0.4785000000000000142108547E+01,    0.2117752991390737360433150E+01,    0.4184761400597793168376626E-01,    0.2075905377384759553649474E+01,   4960.63%
   -0.4783333333333333214909544E+01,    0.2114393375215621428964141E+01,    0.4187555979480975937301324E-01,    0.2072517815420811704285597E+01,   4949.23%
   -0.4781666666666666287710541E+01,    0.2110879335518799582160909E+01,    0.4190353317787898906887634E-01,    0.2068975802340920377986322E+01,   4937.47%
   -0.4780000000000000248689958E+01,    0.2107213311382776232960623E+01,    0.4193153419097297995854490E-01,    0.2065281777191803058713049E+01,   4925.37%
   -0.4778333333333333321490954E+01,    0.2103397719507399177274465E+01,    0.4195956286993619138714351E-01,    0.2061438156637462881803913E+01,   4912.92%
   -0.4776666666666666394291951E+01,    0.2099434954359935545653570E+01,    0.4198761925067028694114057E-01,    0.2057447335109265473818141E+01,   4900.13%
   -0.4775000000000000355271368E+01,    0.2095327388324337292146993E+01,    0.4201570336913421077618125E-01,    0.2053311684955203109126387E+01,   4887.01%
   -0.4773333333333333428072365E+01,    0.2091077371849736632469785E+01,    0.4204381526134435415054114E-01,    0.2049033556588392368524865E+01,   4873.57%
   -0.4771666666666666500873362E+01,    0.2086687233598172763748835E+01,    0.4207195496337461093627752E-01,    0.2044615278634798194445921E+01,   4859.81%
   -0.4769999999999999573674359E+01,    0.2082159280591529881832003E+01,    0.4210012251135651639710744E-01,    0.2040059158080173240534805E+01,   4845.73%
   -0.4768333333333333534653775E+01,    0.2077495798357719802851307E+01,    0.4212831794147931657734674E-01,    0.2035367480416240493212854E+01,   4831.35%
   -0.4766666666666666607454772E+01,    0.2072699051076064336029958E+01,    0.4215654128999016259093935E-01,    0.2030542509786074312216897E+01,   4816.67%
   -0.4764999999999999680255769E+01,    0.2067771281721964449218376E+01,    0.4218479259319411756035123E-01,    0.2025586489128770484313691E+01,   4801.70%
   -0.4763333333333333641235185E+01,    0.2062714712210765632960374E+01,    0.4221307188745431621113013E-01,    0.2020501640323311143276896E+01,   4786.44%
   -0.4761666666666666714036182E+01,    0.2057531543540869201081023E+01,    0.4224137920919209671088979E-01,    0.2015290164331676958653361E+01,   4770.89%
   -0.4759999999999999786837179E+01,    0.2052223955936117949505615E+01,    0.4226971459488705618046112E-01,    0.2009954241341231018225244E+01,   4755.07%
   -0.4758333333333333747816596E+01,    0.2046794108987397997623248E+01,    0.4229807808107718253287644E-01,    0.2004496030906320669373599E+01,   4738.98%
   -0.4756666666666666820617593E+01,    0.2041244141793498556580744E+01,    0.4232646970435900712903532E-01,    0.1998917672089139507818345E+01,   4722.62%
   -0.4754999999999999893418590E+01,    0.2035576173101246055807678E+01,    0.4235488950138765334996194E-01,    0.1993221283599858395518822E+01,   4706.00%
   -0.4753333333333332966219587E+01,    0.2029792301444869107029945E+01,    0.4238333750887696149689532E-01,    0.1987408963935992201044201E+01,   4689.13%
   -0.4751666666666666927199003E+01,    0.2023894605284645376030994E+01,    0.4241181376359960675248573E-01,    0.1981482791521045783156296E+01,   4672.01%
   -0.4750000000000000000000000E+01,    0.2017885143144785509150552E+01,    0.4244031830238726571424834E-01,    0.1975444824842398139352895E+01,   4654.64%
   -0.4748333333333333072800997E+01,    0.2011765953750623392437546E+01,    0.4246885116213062333345718E-01,    0.1969297102588492665020681E+01,   4637.04%
   -0.4746666666666667033780413E+01,    0.2005539056165042133272891E+01,    0.4249741237977953944859877E-01,    0.1963041643785262690968807E+01,   4619.20%
   -0.4745000000000000106581410E+01,    0.1999206449924178397026253E+01,    0.4252600199234318756325024E-01,    0.1956680447931835153951852E+01,   4601.14%
   -0.4743333333333333179382407E+01,    0.1992770115172427303207314E+01,    0.4255462003689013117391227E-01,    0.1950215495135537269177917E+01,   4582.85%
   -0.4741666666666666252183404E+01,    0.1986232012796693924272518E+01,    0.4258326655054841397562981E-01,    0.1943648746246145586624721E+01,   4564.35%
   -0.4740000000000000213162821E+01,    0.1979594084559954225710499E+01,    0.4261194157050571945655193E-01,    0.1936982142989448485437265E+01,   4545.63%
   -0.4738333333333333285963818E+01,    0.1972858253234068603987339E+01,    0.4264064513400947498134030E-01,    0.1930217608100059045739272E+01,   4526.71%
   -0.4736666666666666358764815E+01,    0.1966026422731928180454020E+01,    0.4266937727836696281347173E-01,    0.1923357045453561120496033E+01,   4507.58%
   -0.4735000000000000319744231E+01,    0.1959100478238859910362635E+01,    0.4269813804094537562638934E-01,    0.1916402340197914444530625E+01,   4488.26%
   -0.4733333333333333392545228E+01,    0.1952082286343318706656191E+01,    0.4272692745917204548700141E-01,    0.1909355358884146758313705E+01,   4468.74%
   -0.4731666666666666465346225E+01,    0.1944973695166918759014152E+01,    0.4275574557053445773346922E-01,    0.1902217949596384238830638E+01,   4449.03%
   -0.4730000000000000426325641E+01,    0.1937776534493727220720416E+01,    0.4278459241258037587529728E-01,    0.1894991942081146740761710E+01,   4429.15%
   -0.4728333333333333499126638E+01,    0.1930492615898859787293418E+01,    0.4281346802291804282125653E-01,    0.1887679147875941820799994E+01,   4409.08%
   -0.4726666666666666571927635E+01,    0.1923123732876425684423793E+01,    0.4284237243921619475717222E-01,    0.1880281360437209503544409E+01,   4388.84%
   -0.4724999999999999644728632E+01,    0.1915671660966725031727265E+01,    0.4287130569920420686269580E-01,    0.1872800355267520755475630E+01,   4368.42%
   -0.4723333333333333605708049E+01,    0.1908138157882806940079945E+01,    0.4290026784067221127250136E-01,    0.1865237890042134694112974E+01,   4347.85%
   -0.4721666666666666678509046E+01,    0.1900524963636296194025022E+01,    0.4292925890147127054863319E-01,    0.1857595704734824826331874E+01,   4327.11%
   -0.4719999999999999751310042E+01,    0.1892833800662590881813685E+01,    0.4295827891951337074161188E-01,    0.1849875521743077566583224E+01,   4306.21%
   -0.4718333333333333712289459E+01,    0.1885066373945343931595175E+01,    0.4298732793277163649614536E-01,    0.1842079046012572218771197E+01,   4285.17%
   -0.4716666666666666785090456E+01,    0.1877224371140262304535895E+01,    0.4301640597928042819564354E-01,    0.1834207965160981945729191E+01,   4263.97%
   -0.4714999999999999857891453E+01,    0.1869309462698275359215927E+01,    0.4304551309713543216783904E-01,    0.1826263949601139913170300E+01,   4242.63%
   -0.4713333333333332930692450E+01,    0.1861323301987990230799142E+01,    0.4307464932449377864598361E-01,    0.1818248652663496445214264E+01,   4221.16%
   -0.4711666666666666891671866E+01,    0.1853267525417505501295068E+01,    0.4310381469957418748562006E-01,    0.1810163710717931362381705E+01,   4199.54%
   -0.4709999999999999964472863E+01,    0.1845143752555534533144055E+01,    0.4313300926065708612577865E-01,    0.1802010743294877537223897E+01,   4177.80%
   -0.4708333333333333037273860E+01,    0.1836953586251904857462591E+01,    0.4316223304608467897791613E-01,    0.1793791353205820282568084E+01,   4155.93%
   -0.4706666666666666998253277E+01,    0.1828698612757372776727038E+01,    0.4319148609426109314268771E-01,    0.1785507126663111732156608E+01,   4133.93%
   -0.4705000000000000071054274E+01,    0.1820380401842768947062723E+01,    0.4322076844365254494340078E-01,    0.1777159633399116422936004E+01,   4111.82%
   -0.4703333333333333143855270E+01,    0.1812000506917535780360140E+01,    0.4325008013278736074269659E-01,    0.1768750426784748475128595E+01,   4089.59%
   -0.4701666666666666216656267E+01,    0.1803560465147571401089976E+01,    0.4327942120025617123157957E-01,    0.1760281043947315327002912E+01,   4067.25%
   -0.4700000000000000177635684E+01,    0.1795061797572450990045922E+01,    0.4330879168471198775725028E-01,    0.1751753005887739078616505E+01,   4044.80%
   -0.4698333333333333250436681E+01,    0.1786506009221978885648241E+01,    0.4333819162487038967324082E-01,    0.1743167817597108593119515E+01,   4022.24%
   -0.4696666666666666323237678E+01,    0.1777894589232137168011150E+01,    0.4336762105950953821720262E-01,    0.1734526968172627636732841E+01,   3999.59%
   -0.4695000000000000284217094E+01,    0.1769229010960366554883194E+01,    0.4339708002747034304436013E-01,    0.1725831930932896218777728E+01,   3976.84%
   -0.4693333333333333357018091E+01,    0.1760510732100199149385844E+01,    0.4342656856765666345543409E-01,    0.1717084163532542451235940E+01,   3953.99%
   -0.4691666666666666429819088E+01,    0.1751741194795303435682854E+01,    0.4345608671903528064106581E-01,    0.1708285108076268210552939E+01,   3931.06%
   -0.4690000000000000390798505E+01,    0.1742921825752861364478008E+01,    0.4348563452063610584863440E-01,    0.1699436191232225334957207E+01,   3908.04%
   -0.4688333333333333463599502E+01,    0.1734054036356309280719756E+01,    0.4351521201155231916013477E-01,    0.1690538824344756996254091E+01,   3884.94%
   -0.4686666666666666536400498E+01,    0.1725139222777500647154625E+01,    0.4354481923094043888111671E-01,    0.1681594403546560201334614E+01,   3861.76%
   -0.4684999999999999609201495E+01,    0.1716178766088199303396777E+01,    0.4357445621802044644077512E-01,    0.1672604309870178829200427E+01,   3838.50%
   -0.4683333333333333570180912E+01,    0.1707174032370979643857822E+01,    0.4360412301207591823093423E-01,    0.1663569909358903808893615E+01,   3815.17%
   -0.4681666666666666642981909E+01,    0.1698126372829482422233127E+01,    0.4363381965245420601728910E-01,    0.1654492553177028257849202E+01,   3791.77%
   -0.4679999999999999715782906E+01,    0.1689037123898100567487290E+01,    0.4366354617856644387829945E-01,    0.1645373577719534186059036E+01,   3768.30%
   -0.4678333333333333676762322E+01,    0.1679907607351017517771652E+01,    0.4369330262988774249421908E-01,    0.1636214304721129719766282E+01,   3744.77%
   -0.4676666666666666749563319E+01,    0.1670739130410628270340112E+01,    0.4372308904595733486386777E-01,    0.1627016041364671039559653E+01,   3721.18%
   -0.4674999999999999822364316E+01,    0.1661532985855398658614490E+01,    0.4375290546637862487688864E-01,    0.1617780080389020103126541E+01,   3697.54%
   -0.4673333333333333783343733E+01,    0.1652290452127087805322958E+01,    0.4378275193081935384720182E-01,    0.1608507700196268430659075E+01,   3673.84%
   -0.4671666666666666856144730E+01,    0.1643012793437353291636782E+01,    0.4381262847901173929088259E-01,    0.1599200164958341607857051E+01,   3650.09%
   -0.4669999999999999928945726E+01,    0.1633701259873814315426443E+01,    0.4384253515075255819288813E-01,    0.1589858724723061778050237E+01,   3626.29%
   -0.4668333333333333001746723E+01,    0.1624357087505464036780722E+01,    0.4387247198590329272382959E-01,    0.1580484615519560653851272E+01,   3602.45%
   -0.4666666666666666962726140E+01,    0.1614981498487520150675323E+01,    0.4390243902439023432338061E-01,    0.1571079059463129867779685E+01,   3578.57%
   -0.4665000000000000035527137E+01,    0.1605575701165657509505991E+01,    0.4393243630620468492820052E-01,    0.1561643264859452928661199E+01,   3554.65%
   -0.4663333333333333108328134E+01,    0.1596140890179696070205750E+01,    0.4396246387140295697193437E-01,    0.1552178426308293168744967E+01,   3530.69%
   -0.4661666666666667069307550E+01,    0.1586678246566664896022303E+01,    0.4399252176010656767424223E-01,    0.1542685724806558411614787E+01,   3506.70%
   -0.4660000000000000142108547E+01,    0.1577188937863281958939865E+01,    0.4402261001250241945204067E-01,    0.1533166327850779442343310E+01,   3482.68%
   -0.4658333333333333214909544E+01,    0.1567674118207897482335511E+01,    0.4405272866884278604171499E-01,    0.1523621389539054682416008E+01,   3458.63%
   -0.4656666666666666287710541E+01,    0.1558134928441807343091341E+01,    0.4408287776944557617708753E-01,    0.1514052050672361815486511E+01,   3434.56%
   -0.4655000000000000248689958E+01,    0.1548572496210030458030360E+01,    0.4411305735469434052831161E-01,    0.1504459438855336061990897E+01,   3410.46%
   -0.4653333333333333321490954E+01,    0.1538987936061471994975136E+01,    0.4414326746503852844094595E-01,    0.1494844668596433390206357E+01,   3386.35%
   -0.4651666666666666394291951E+01,    0.1529382349548574104858290E+01,    0.4417350814099350181374248E-01,    0.1485208841407580582227865E+01,   3362.22%
   -0.4650000000000000355271368E+01,    0.1519756825326354032767995E+01,    0.4420377942314067387652443E-01,    0.1475553045903213345013683E+01,   3338.07%
   -0.4648333333333333428072365E+01,    0.1510112439250874905027899E+01,    0.4423408135212773817368515E-01,    0.1465878357898747097465275E+01,   3313.91%
   -0.4646666666666666500873362E+01,    0.1500450254477198486213751E+01,    0.4426441396866866856418810E-01,    0.1456185840508529727443943E+01,   3289.74%
   -0.4644999999999999573674359E+01,    0.1490771321556730200086349E+01,    0.4429477731354390657170228E-01,    0.1446476544243186390659162E+01,   3265.57%
   -0.4643333333333333534653775E+01,    0.1481076678534039459123051E+01,    0.4432517142760049322358640E-01,    0.1436751507106438952021676E+01,   3241.39%
   -0.4641666666666666607454772E+01,    0.1471367351043087356998740E+01,    0.4435559635175220088987302E-01,    0.1427011754691335232436700E+01,   3217.21%
   -0.4639999999999999680255769E+01,    0.1461644352402959423642415E+01,    0.4438605212697962348888936E-01,    0.1417258300275979765459056E+01,   3193.03%
   -0.4638333333333333641235185E+01,    0.1451908683712999748038897E+01,    0.4441653879433032220402922E-01,    0.1407492144918669474407125E+01,   3168.85%
   -0.4636666666666666714036182E+01,    0.1442161333947399093347030E+01,    0.4444705639491900589499451E-01,    0.1397714277552480011124203E+01,   3144.67%
   -0.4634999999999999786837179E+01,    0.1432403280049284299835222E+01,    0.4447760496992758660894651E-01,    0.1387925675079356713226275E+01,   3120.50%
   -0.4633333333333333747816596E+01,    0.1422635487024213052364985E+01,    0.4450818456060530448059609E-01,    0.1378127302463607817273328E+01,   3096.35%
   -0.4631666666666666820617593E+01,    0.1412858908033139293536351E+01,    0.4453879520826897059349037E-01,    0.1368320112824870316003967E+01,   3072.20%
   -0.4629999999999999893418590E+01,    0.1403074484484879036472194E+01,    0.4456943695430296004111881E-01,    0.1358505047530575993164348E+01,   3048.06%
   -0.4628333333333332966219587E+01,    0.1393283146127990868023971E+01,    0.4460010984015940621594254E-01,    0.1348683036287831482624711E+01,   3023.95%
   -0.4626666666666666927199003E+01,    0.1383485811142158850017836E+01,    0.4463081390735832570948460E-01,    0.1338854997234800503491670E+01,   2999.84%
   -0.4625000000000000000000000E+01,    0.1373683386229006986312129E+01,    0.4466154919748778484578366E-01,    0.1329021837031519215344133E+01,   2975.76%
   -0.4623333333333333072800997E+01,    0.1363876766702444731649280E+01,    0.4469231575220395519254524E-01,    0.1319184450950240838906780E+01,   2951.70%
   -0.4621666666666667033780413E+01,    0.1354066836578431409776613E+01,    0.4472311361323128009459538E-01,    0.1309343722965200074170866E+01,   2927.67%
   -0.4620000000000000106581410E+01,    0.1344254468664231261243458E+01,    0.4475394282236264814622828E-01,    0.1299500525841868592280548E+01,   2903.66%
   -0.4618333333333333179382407E+01,    0.1334440524647177772621376E+01,    0.4478480342145946258014533E-01,    0.1289655721225718254530079E+01,   2879.67%
   -0.4616666666666666252183404E+01,    0.1324625855182878897409182E+01,    0.4481569545245180086201486E-01,    0.1279810159730426999402653E+01,   2855.72%
   -0.4615000000000000213162821E+01,    0.1314811299982932002450298E+01,    0.4484661895733852571277467E-01,    0.1269964681025593566943144E+01,   2831.80%
   -0.4613333333333333285963818E+01,    0.1304997687902100356183155E+01,    0.4487757397818750715323688E-01,    0.1260120113923912876785494E+01,   2807.91%
   -0.4611666666666666358764815E+01,    0.1295185837025019548462978E+01,    0.4490856055713560862630018E-01,    0.1250277276467884002286723E+01,   2784.05%
   -0.4610000000000000319744231E+01,    0.1285376554752357236566240E+01,    0.4493957873638892291934255E-01,    0.1240436976015968362219155E+01,   2760.23%
   -0.4608333333333333392545228E+01,    0.1275570637886462854737601E+01,    0.4497062855822291094209930E-01,    0.1230600009328239874406563E+01,   2736.45%
   -0.4606666666666666465346225E+01,    0.1265768872716556359137030E+01,    0.4500171006498247805449608E-01,    0.1220767162651573922715897E+01,   2712.71%
   -0.4605000000000000426325641E+01,    0.1255972035103374295772483E+01,    0.4503282329908211284452690E-01,    0.1210939211804292092722335E+01,   2689.01%
   -0.4603333333333333499126638E+01,    0.1246180890563311383090195E+01,    0.4506396830300611611175299E-01,    0.1201116922260305308611805E+01,   2665.36%
   -0.4601666666666666571927635E+01,    0.1236396194352112232195395E+01,    0.4509514511930860086730277E-01,    0.1191301049232803555000260E+01,   2641.75%
   -0.4599999999999999644728632E+01,    0.1226618691548015505077274E+01,    0.4512635379061372825626464E-01,    0.1181492337757401811515479E+01,   2618.19%
   -0.4598333333333333605708049E+01,    0.1216849117134437108234124E+01,    0.4515759435961576306883813E-01,    0.1171691522774821248020771E+01,   2594.67%
   -0.4596666666666666678509046E+01,    0.1207088196082130693298495E+01,    0.4518886686907931660162063E-01,    0.1161899329213051279552360E+01,   2571.21%
   -0.4594999999999999751310042E+01,    0.1197336643430911840013664E+01,    0.4522017136183938135207683E-01,    0.1152116472069072417028224E+01,   2547.79%
   -0.4593333333333333712289459E+01,    0.1187595164370849332158286E+01,    0.4525150788080149061309854E-01,    0.1142343656490047765217355E+01,   2524.43%
   -0.4591666666666666785090456E+01,    0.1177864454322970377830870E+01,    0.4528287646894191970092791E-01,    0.1132581577854028465068836E+01,   2501.13%
   -0.4589999999999999857891453E+01,    0.1168145199019533730933063E+01,    0.4531427716930774146630867E-01,    0.1122830921850225927016709E+01,   2477.87%
   -0.4588333333333332930692450E+01,    0.1158438074583768351288882E+01,    0.4534571002501698588904588E-01,    0.1113092364558751379277624E+01,   2454.68%
   -0.4586666666666666891671866E+01,    0.1148743747609168863732521E+01,    0.4537717507925879967256577E-01,    0.1103366572529909994671016E+01,   2431.55%
   -0.4584999999999999964472863E+01,    0.1139062875238282090961661E+01,    0.4540867237529359889958158E-01,    0.1093654202862988533695443E+01,   2408.47%
   -0.4583333333333333037273860E+01,    0.1129396105241071923686036E+01,    0.4544020195645314535992654E-01,    0.1083955903284618882409518E+01,   2385.46%
   -0.4581666666666666998253277E+01,    0.1119744076092770157515588E+01,    0.4547176386614072002290143E-01,    0.1074272312226629333409278E+01,   2362.50%
   -0.4580000000000000071054274E+01,    0.1110107417051255707107771E+01,    0.4550335814783130344851614E-01,    0.1064604058903424466109300E+01,   2339.62%
   -0.4578333333333333143855270E+01,    0.1100486748234013045788515E+01,    0.4553498484507164517642863E-01,    0.1054951763388941365917617E+01,   2316.79%
   -0.4576666666666666216656267E+01,    0.1090882680694579276448053E+01,    0.4556664400148041638161089E-01,    0.1045316036693098915577593E+01,   2294.04%
   -0.4575000000000000177635684E+01,    0.1081295816498553996609644E+01,    0.4559833566074837640780260E-01,    0.1035697480837805661835205E+01,   2271.35%
   -0.4573333333333333250436681E+01,    0.1071726748799122663768912E+01,    0.4563005986663854623985870E-01,    0.1026096688932484068956796E+01,   2248.73%
   -0.4571666666666666323237678E+01,    0.1062176061912172286838540E+01,    0.4566181666298624319821897E-01,    0.1016514245249185988129170E+01,   2226.18%
   -0.4570000000000000284217094E+01,    0.1052644331390902854295177E+01,    0.4569360609369930298351292E-01,    0.1006950725297203641517285E+01,   2203.70%
   -0.4568333333333333357018091E+01,    0.1043132124099989788135190E+01,    0.4572542820275823233222567E-01,    0.9974066958972315211084947E+00,   2181.30%
   -0.4566666666666666429819088E+01,    0.1033639998289337391668141E+01,    0.4575728303421628534453092E-01,    0.9878827152551210577513530E+00,   2158.96%
   -0.4565000000000000390798505E+01,    0.1024168503667335361484447E+01,    0.4578917063219962307885069E-01,    0.9783793330351356898333393E+00,   2136.70%
   -0.4563333333333333463599502E+01,    0.1014718181473674318837652E+01,    0.4582109104090754253535422E-01,    0.9688970904327667277300407E+00,   2114.52%
   -0.4561666666666666536400498E+01,    0.1005289564551754999399691E+01,    0.4585304430461246971706402E-01,    0.9594365202471425435604147E+00,   2092.42%
   -0.4559999999999999609201495E+01,    0.9958831774206075015953843E+00,    0.4588503046766023718561200E-01,    0.9499981469529472644097723E+00,   2070.39%
   -0.4558333333333333570180912E+01,    0.9864995363464003075293363E+00,    0.4591704957447011181681518E-01,    0.9405824867719302373458845E+00,   2048.44%
   -0.4556666666666666642981909E+01,    0.9771391494134759048151295E+00,    0.4594910166953507929532563E-01,    0.9311900477439408740920612E+00,   2026.57%
   -0.4554999999999999715782906E+01,    0.9678025165950063790631930E+00,    0.4598118679742183717573667E-01,    0.9218213297975845765819258E+00,   2004.78%
   -0.4553333333333333676762322E+01,    0.9584901298231605082378337E+00,    0.4601330500277100998829383E-01,    0.9124768248203894982495399E+00,   1983.07%
   -0.4551666666666666749563319E+01,    0.9492024730588465297742573E+00,    0.4604545633029735740571198E-01,    0.9031570167285492001241209E+00,   1961.45%
   -0.4549999999999999822364316E+01,    0.9399400223610632210125004E+00,    0.4607764082478977424317534E-01,    0.8938623815362733981970678E+00,   1939.90%
   -0.4548333333333333783343733E+01,    0.9307032459557816883588544E+00,    0.4610985853111152638073023E-01,    0.8845933874246701966725936E+00,   1918.45%
   -0.4546666666666666856144730E+01,    0.9214926043043956127576166E+00,    0.4614210949420044505231431E-01,    0.8753504948101951121941511E+00,   1897.08%
   -0.4544999999999999928945726E+01,    0.9123085501717953516020998E+00,    0.4617439375906894072354447E-01,    0.8661341564127263970007675E+00,   1875.79%
   -0.4543333333333333001746723E+01,    0.9031515286939695297263597E+00,    0.4620671137080424595300343E-01,    0.8569448173231652976511441E+00,   1854.59%
   -0.4541666666666666962726140E+01,    0.8940219774452123902008793E+00,    0.4623906237456850559786048E-01,    0.8477829150706438499085493E+00,   1833.48%
   -0.4540000000000000035527137E+01,    0.8849203265048871669407049E+00,    0.4627144681559903355294594E-01,    0.8386488796892881403266529E+00,   1812.45%
   -0.4538333333333333108328134E+01,    0.8758469985238201971355920E+00,    0.4630386473920827805628164E-01,    0.8295431337846119745904616E+00,   1791.52%
   -0.4536666666666667069307550E+01,    0.8668024087902331809019074E+00,    0.4633631619078411312262489E-01,    0.8204660925994490261459191E+00,   1770.68%
   -0.4535000000000000142108547E+01,    0.8577869652952689882852155E+00,    0.4636880121578996344355872E-01,    0.8114181640794789762693995E+00,   1749.92%
   -0.4533333333333333214909544E+01,    0.8488010687981453195050108E+00,    0.4640131985976490847090048E-01,    0.8023997489383803971563225E+00,   1729.26%
   -0.4531666666666666287710541E+01,    0.8398451128908520635363288E+00,    0.4643387216832382813347380E-01,    0.7934112407225282215250672E+00,   1708.69%
   -0.4530000000000000248689958E+01,    0.8309194840624734013090347E+00,    0.4646645818715759712613789E-01,    0.7844530258753158458162602E+00,   1688.21%
   -0.4528333333333333321490954E+01,    0.8220245617630717038792909E+00,    0.4649907796203324450434735E-01,    0.7755254838010384732527314E+00,   1667.83%
   -0.4526666666666666394291951E+01,    0.8131607184672228205712941E+00,    0.4653173153879403001198511E-01,    0.7666289869284288460704602E+00,   1647.54%
   -0.4525000000000000355271368E+01,    0.8043283197370989512364758E+00,    0.4656441896335961061481612E-01,    0.7577639007737393406216597E+00,   1627.35%
   -0.4523333333333333428072365E+01,    0.7955277242851596097850120E+00,    0.4659714028172631111734958E-01,    0.7489305840034332639731929E+00,   1607.25%
   -0.4521666666666666500873362E+01,    0.7867592840364855399926114E+00,    0.4662989553996707559058166E-01,    0.7401293884965184366464541E+00,   1587.24%
   -0.4519999999999999573674359E+01,    0.7780233441906683200528505E+00,    0.4666268478423175880553941E-01,    0.7313606594064365751250989E+00,   1567.34%
   -0.4518333333333333534653775E+01,    0.7693202432833381454457822E+00,    0.4669550806074721643890157E-01,    0.7226247352225909637013501E+00,   1547.53%
   -0.4516666666666666607454772E+01,    0.7606503132472683947895575E+00,    0.4672836541581755487317906E-01,    0.7139219478314507982830150E+00,   1527.81%
   -0.4514999999999999680255769E+01,    0.7520138794731408005134199E+00,    0.4676125689582410344113939E-01,    0.7052526225773166901333866E+00,   1508.20%
   -0.4513333333333333641235185E+01,    0.7434112608698785207295145E+00,    0.4679418254722572667603231E-01,    0.6966170783226528495646335E+00,   1488.68%
   -0.4511666666666666714036182E+01,    0.7348427699245952959827832E+00,    0.4682714241655890757831671E-01,    0.6880156275080363537099970E+00,   1469.27%
   -0.4509999999999999786837179E+01,    0.7263087127621991045955951E+00,    0.4686013655043790721022035E-01,    0.6794485762117612459576321E+00,   1449.95%
   -0.4508333333333333747816596E+01,    0.7178093892045758206421624E+00,    0.4689316499555491041251187E-01,    0.6709162242090208616573932E+00,   1430.73%
   -0.4506666666666666820617593E+01,    0.7093450928293918433809040E+00,    0.4692622779868022009353012E-01,    0.6624188650307116787985251E+00,   1411.62%
   -0.4504999999999999893418590E+01,    0.7009161110285556661736450E+00,    0.4695932500666235437369878E-01,    0.6539567860218933326166280E+00,   1392.60%
   -0.4503333333333332966219587E+01,    0.6925227250662639999490011E+00,    0.4699245666642823393566175E-01,    0.6455302683998357382577638E+00,   1373.69%
   -0.4501666666666666927199003E+01,    0.6841652101366932914316976E+00,    0.4702562282498329304658569E-01,    0.6371395873117100538962632E+00,   1354.88%
   -0.4500000000000000000000000E+01,    0.6758438354212970011758443E+00,    0.4705882352941176405280999E-01,    0.6287850118918851816118831E+00,   1336.17%
   -0.4498333333333333072800997E+01,    0.6675588641457730343375943E+00,    0.4709205882687664268537731E-01,    0.6204668053188964194077926E+00,   1317.56%
   -0.4496666666666667033780413E+01,    0.6593105536366234975531597E+00,    0.4712532876461997255468361E-01,    0.6121852248720035527540517E+00,   1299.06%
   -0.4495000000000000106581410E+01,    0.6510991553773455287057459E+00,    0.4715863338996298392835627E-01,    0.6039405219873825725329652E+00,   1280.66%
   -0.4493333333333333179382407E+01,    0.6429249150642983856585033E+00,    0.4719197275030622557023818E-01,    0.5957329423139922086605225E+00,   1262.36%
   -0.4491666666666667140361824E+01,    0.6347880726621637492712580E+00,    0.4722534689312968270158422E-01,    0.5875627257690341220808250E+00,   1244.17%
   -0.4490000000000000213162821E+01,    0.6266888624590475354025898E+00,    0.4725875586599306149571120E-01,    0.5794301065930544947235603E+00,   1226.08%
   -0.4488333333333333285963818E+01,    0.6186275131212582989448379E+00,    0.4729219971653580989467969E-01,    0.5713353134047225445613094E+00,   1208.10%
   -0.4486666666666666358764815E+01,    0.6106042477476837371241913E+00,    0.4732567849247732577611103E-01,    0.5632785692552063627758230E+00,   1190.22%
   -0.4485000000000000319744231E+01,    0.6026192839238366794063495E+00,    0.4735919224161712348664111E-01,    0.5552600916822195697974962E+00,   1172.44%
   -0.4483333333333333392545228E+01,    0.5946728337755214921500624E+00,    0.4739274101183502119205571E-01,    0.5472800927636864987135823E+00,   1154.78%
   -0.4481666666666666465346225E+01,    0.5867651040221878444569370E+00,    0.4742632485109123108291129E-01,    0.5393387791710966272518135E+00,   1137.21%
   -0.4480000000000000426325641E+01,    0.5788962960298950077842051E+00,    0.4745994380742652590798869E-01,    0.5314363522224684333039590E+00,   1119.76%
   -0.4478333333333333499126638E+01,    0.5710666058639279896169683E+00,    0.4749359792896250959115534E-01,    0.5235730079349655285980703E+00,   1102.41%
   -0.4476666666666666571927635E+01,    0.5632762243411015834482214E+00,    0.4752728726390160335357749E-01,    0.5157489370771999315223866E+00,   1085.16%
   -0.4474999999999999644728632E+01,    0.5555253370816767288786764E+00,    0.4756101186052733714726415E-01,    0.5079643252211494264258818E+00,   1068.03%
   -0.4473333333333333605708049E+01,    0.5478141245609583487308214E+00,    0.4759477176720444679958177E-01,    0.5002193527937539574423909E+00,   1051.00%
   -0.4471666666666666678509046E+01,    0.5401427621605222606504526E+00,    0.4762856703237908911896525E-01,    0.4925141951281431507148056E+00,   1034.07%
   -0.4469999999999999751310042E+01,    0.5325114202191461032498410E+00,    0.4766239770457893210053868E-01,    0.4848490225145671850270901E+00,   1017.26%
   -0.4468333333333333712289459E+01,    0.5249202640833610100656870E+00,    0.4769626383241334227625075E-01,    0.4772240002509476886061179E+00,   1000.55%
   -0.4466666666666666785090456E+01,    0.5173694541576662198067993E+00,    0.4773016546457361369837358E-01,    0.4696392886930926269251074E+00,    983.95%
   -0.4464999999999999857891453E+01,    0.5098591459544448145635442E+00,    0.4776410264983300263397226E-01,    0.4620950433046118188684659E+00,    967.45%
   -0.4463333333333332930692450E+01,    0.5023894901435017601443178E+00,    0.4779807543704702593734268E-01,    0.4545914147064547550236568E+00,    951.07%
   -0.4461666666666666891671866E+01,    0.4949606326012975787698167E+00,    0.4783208387515347492779938E-01,    0.4471285487261441038420173E+00,    934.79%
   -0.4459999999999999964472863E+01,    0.4875727144598232531969018E+00,    0.4786612801317275539547680E-01,    0.4397065864466505047403189E+00,    918.62%
   -0.4458333333333333037273860E+01,    0.4802258721551868614341174E+00,    0.4790020790020790841801102E-01,    0.4323256642549789807716820E+00,    902.55%
   -0.4456666666666666998253277E+01,    0.4729202374758364468831928E+00,    0.4793432358544479077178124E-01,    0.4249859138903916422336238E+00,    886.60%
   -0.4455000000000000071054274E+01,    0.4656559376104574266008740E+00,    0.4796847511815234554877208E-01,    0.4176874624923050949298897E+00,    870.75%
   -0.4453333333333333143855270E+01,    0.4584330951955788435725481E+00,    0.4800266254768265072883082E-01,    0.4104304326478961928437172E+00,    855.02%
   -0.4451666666666666216656267E+01,    0.4512518283628202953039477E+00,    0.4803688592347111346869681E-01,    0.4032149424393491887741447E+00,    839.39%
   -0.4450000000000000177635684E+01,    0.4441122507858377699285768E+00,    0.4807114529503665051324290E-01,    0.3960411054908011263542278E+00,    823.86%
   -0.4448333333333333250436681E+01,    0.4370144717269295875361479E+00,    0.4810544071198190330118649E-01,    0.3889090310149476703571736E+00,    808.45%
   -0.4446666666666666323237678E+01,    0.4299585960833605668973689E+00,    0.4813977222399330041513466E-01,    0.3818188238593672734211282E+00,    793.15%
   -0.4445000000000000284217094E+01,    0.4229447244333360833579150E+00,    0.4817413988084125880950737E-01,    0.3747705845524948453650893E+00,    777.95%
   -0.4443333333333333357018091E+01,    0.4159729530816621001498845E+00,    0.4820854373238044748850584E-01,    0.3677644093492816734780604E+00,    762.86%
   -0.4441666666666666429819088E+01,    0.4090433741051235361219085E+00,    0.4824298382854979444500643E-01,    0.3608003902765737347380082E+00,    747.88%
   -0.4439999999999999502620085E+01,    0.4021560753975165214413323E+00,    0.4827746021937279197189241E-01,    0.3538786151781437294694399E+00,    733.01%
   -0.4438333333333333463599502E+01,    0.3953111407143893862858874E+00,    0.4831197295495753829541741E-01,    0.3469991677594318479904700E+00,    718.25%
   -0.4436666666666666536400498E+01,    0.3885086497174567443657622E+00,    0.4834652208549706370321886E-01,    0.3401621276319596876014373E+00,    703.59%
   -0.4435000000000000497379915E+01,    0.3817486780187442363398986E+00,    0.4838110766126933748321193E-01,    0.3333675703574748849788989E+00,    689.04%
   -0.4433333333333333570180912E+01,    0.3750312972243736164834615E+00,    0.4841572973263757323492129E-01,    0.3266155674917360363096464E+00,    674.61%
   -0.4431666666666666642981909E+01,    0.3683565749780992604200947E+00,    0.4845038835005029131952625E-01,    0.3199061866280489829783562E+00,    660.28%
   -0.4429999999999999715782906E+01,    0.3617245750045022245622306E+00,    0.4848508356404152702667787E-01,    0.3132394914404607044744466E+00,    646.05%
   -0.4428333333333333676762322E+01,    0.3551353571519050844607079E+00,    0.4851981542523102486352826E-01,    0.3066155417266740457193919E+00,    631.94%
   -0.4426666666666666749563319E+01,    0.3485889774349655301222128E+00,    0.4855458398432442590486602E-01,    0.3000343934506410903395590E+00,    617.93%
   -0.4424999999999999822364316E+01,    0.3420854880770090589159338E+00,    0.4858938929211333718205523E-01,    0.2934960987848957425505603E+00,    604.03%
   -0.4423333333333333783343733E+01,    0.3356249375520328759314737E+00,    0.4862423139947560229989776E-01,    0.2870007061525572944482576E+00,    590.24%
   -0.4421666666666666856144730E+01,    0.3292073706264153076794798E+00,    0.4865911035737548184787471E-01,    0.2805482602690398397093929E+00,    576.56%
   -0.4419999999999999928945726E+01,    0.3228328284003636472476728E+00,    0.4869402621686371585019160E-01,    0.2741388021834999522141629E+00,    562.98%
   -0.4418333333333333001746723E+01,    0.3165013483490355383764836E+00,    0.4872897902907780826042838E-01,    0.2677723693199577370549491E+00,    549.51%
   -0.4416666666666666962726140E+01,    0.3102129643633911304512196E+00,    0.4876396884524212410605415E-01,    0.2614489955181489855284838E+00,    536.15%
   -0.4415000000000000035527137E+01,    0.3039677067907357588261164E+00,    0.4879899571666814622750152E-01,    0.2551687110740676334152965E+00,    522.90%
   -0.4413333333333333108328134E+01,    0.2977656024750100494102867E+00,    0.4883405969475457242268135E-01,    0.2489315427802554769876053E+00,    509.75%
   -0.4411666666666667069307550E+01,    0.2916066747967634986693497E+00,    0.4886916083098748891933027E-01,    0.2427375139657760028111255E+00,    496.71%
   -0.4410000000000000142108547E+01,    0.2854909437128444471554189E+00,    0.4890429917694064099187301E-01,    0.2365866445359038061635459E+00,    483.77%
   -0.4408333333333333214909544E+01,    0.2794184257958363670759638E+00,    0.4893947478427548153367965E-01,    0.2304789510115608786033903E+00,    470.95%
   -0.4406666666666666287710541E+01,    0.2733891342731814000366342E+00,    0.4897468770474140697945842E-01,    0.2244144465684400069349635E+00,    458.23%
   -0.4405000000000000248689958E+01,    0.2674030790660422152171805E+00,    0.4900993799017595853317886E-01,    0.2183931410758662705617894E+00,    445.61%
   -0.4403333333333333321490954E+01,    0.2614602668278671049328921E+00,    0.4904522569250496788484384E-01,    0.2124150411353621370480482E+00,    433.10%
   -0.4401666666666666394291951E+01,    0.2555607009827107201083152E+00,    0.4908055086374271680504933E-01,    0.2064801501189680033032658E+00,    420.70%
   -0.4400000000000000355271368E+01,    0.2497043817632489670632623E+00,    0.4911591355599213143401371E-01,    0.2005884682072568425681425E+00,    408.40%
   -0.4398333333333333428072365E+01,    0.2438913062485225657916033E+00,    0.4915131382144501126507663E-01,    0.1947399924270775684043144E+00,    396.21%
   -0.4396666666666666500873362E+01,    0.2381214684014339166839846E+00,    0.4918675171238211241142579E-01,    0.1889347166890518181503467E+00,    384.12%
   -0.4394999999999999573674359E+01,    0.2323948591059430135441488E+00,    0.4922222728117336965070194E-01,    0.1831726318247696438934469E+00,    372.13%
   -0.4393333333333333534653775E+01,    0.2267114662040121964015071E+00,    0.4925774058027806989734643E-01,    0.1774537256237341265041607E+00,    360.26%
   -0.4391666666666666607454772E+01,    0.2210712745322636063605160E+00,    0.4929329166224510200278175E-01,    0.1717779828700184974188403E+00,    348.48%
   -0.4389999999999999680255769E+01,    0.2154742659584010511242269E+00,    0.4932888057971301226656280E-01,    0.1661453853786880319187702E+00,    336.81%
   -0.4388333333333333641235185E+01,    0.2099204194173387993949120E+00,    0.4936450738541023341987568E-01,    0.1605559120319285659750363E+00,    325.25%
   -0.4386666666666666714036182E+01,    0.2044097109470658368834961E+00,    0.4940017213215534136461216E-01,    0.1550095388149105024577779E+00,    313.78%
   -0.4384999999999999786837179E+01,    0.1989421137242757819940664E+00,    0.4943587487285711068452088E-01,    0.1495062388514186713095455E+00,    302.42%
   -0.4383333333333332859638176E+01,    0.1935175980997042022302423E+00,    0.4947161566051479220096354E-01,    0.1440459824391894239070666E+00,    291.17%
   -0.4381666666666666820617593E+01,    0.1881361316332248456717480E+00,    0.4950739454821821011742955E-01,    0.1386287370850066424932123E+00,    280.02%
   -0.4379999999999999893418590E+01,    0.1827976791286694824290038E+00,    0.4954321158914805345307997E-01,    0.1332544675395214150981360E+00,    268.97%
   -0.4378333333333332966219587E+01,    0.1775022026684197895551875E+00,    0.4957906683657597318726218E-01,    0.1279231358318438094290315E+00,    258.02%
   -0.4376666666666666927199003E+01,    0.1722496616477171560433135E+00,    0.4961496034386474185406968E-01,    0.1226347013038524141892438E+00,    247.17%
   -0.4375000000000000000000000E+01,    0.1670400128087187185954576E+00,    0.4965089216446857967035555E-01,    0.1173891206442501389251021E+00,    236.43%
   -0.4373333333333333072800997E+01,    0.1618732102743252188048473E+00,    0.4968686235193315453573248E-01,    0.1121863479223920712080087E+00,    225.79%
   -0.4371666666666667033780413E+01,    0.1567492055817323870492430E+00,    0.4972287095989586652722281E-01,    0.1070263346218365274609141E+00,    215.25%
   -0.4370000000000000106581410E+01,    0.1516679477157315547586336E+00,    0.4975891804208609076054515E-01,    0.1019090296736454570591945E+00,    204.81%
   -0.4368333333333333179382407E+01,    0.1466293831417866400101957E+00,    0.4979500365232519820679613E-01,    0.9683437948946144180339957E-01,    194.47%
   -0.4366666666666667140361824E+01,    0.1416334558388381292814984E+00,    0.4983112784452687488156997E-01,    0.9180232799431126133882231E-01,    184.23%
   -0.4365000000000000213162821E+01,    0.1366801073318614778706603E+00,    0.4986729067269728143951824E-01,    0.8681281665916419643114210E-01,    174.09%
   -0.4363333333333333285963818E+01,    0.1317692767242039653119434E+00,    0.4990349219093519889112187E-01,    0.8186578453326875948192765E-01,    164.05%
   -0.4361666666666666358764815E+01,    0.1269009007296517110852108E+00,    0.4993973245343224370840218E-01,    0.7696116827621946043791468E-01,    154.11%
   -0.4360000000000000319744231E+01,    0.1220749137042697468613639E+00,    0.4997601151447304823616236E-01,    0.7209890218979669862520154E-01,    144.27%
   -0.4358333333333333392545228E+01,    0.1172912476779856827402426E+00,    0.5001232942843547579769847E-01,    0.6727891824955020694254415E-01,    134.52%
   -0.4356666666666666465346225E+01,    0.1125498323859594612672552E+00,    0.5004868624979076641157150E-01,    0.6250114613616869485568373E-01,    124.88%
   -0.4355000000000000426325641E+01,    0.1078505952996908351382288E+00,    0.5008508203310372414174267E-01,    0.5776551326658711099648613E-01,    115.33%
   -0.4353333333333333499126638E+01,    0.1031934616578905894446194E+00,    0.5012151683303296689775408E-01,    0.5307194482485762254686534E-01,    105.89%
   -0.4351666666666666571927635E+01,    0.9857835449713819864214770E-01,    0.5015799070433104439592498E-01,    0.4842036379280715424622272E-01,     96.54%
   -0.4349999999999999644728632E+01,    0.9400519468227930275361359E-01,    0.5019450370184466020395675E-01,    0.4381069098043464254965684E-01,     87.28%
   -0.4348333333333333605708049E+01,    0.8947390093660537169206748E-01,    0.5023105588051481745770488E-01,    0.3924284505609055423436260E-01,     78.12%
   -0.4346666666666666678509046E+01,    0.8498438987178651149445585E-01,    0.5026764729537716580587414E-01,    0.3471674257640934568858171E-01,     69.06%
   -0.4344999999999999751310042E+01,    0.8053657601759725559453784E-01,    0.5030427800156195283776128E-01,    0.3023229801603530275677656E-01,     60.10%
   -0.4343333333333333712289459E+01,    0.7613037185139151508117550E-01,    0.5034094805429438490573801E-01,    0.2578942379709713017543748E-01,     51.23%
   -0.4341666666666666785090456E+01,    0.7176568782734903118036840E-01,    0.5037765750889480059759862E-01,    0.2138803031845423058276978E-01,     42.46%
   -0.4339999999999999857891453E+01,    0.6744243240551625606649111E-01,    0.5041440642077880257554412E-01,    0.1702802598473745349094699E-01,     33.78%
   -0.4338333333333332930692450E+01,    0.6316051208059761390423148E-01,    0.5045119484545748655968112E-01,    0.1270931723514012734455036E-01,     25.19%
   -0.4336666666666666891671866E+01,    0.5891983141053631217731734E-01,    0.5048802283853761480036937E-01,    0.8431808571998697376947973E-02,     16.70%
   -0.4334999999999999964472863E+01,    0.5472029304485809264591012E-01,    0.5052489045572188669508407E-01,    0.4195402589136205950826053E-02,      8.30%
   -0.4333333333333333037273860E+01,    0.5056179775281560012656357E-01,    0.5056179775280899429956705E-01,    0.6605826996519681415520608E-14,      0.00%
   -0.4331666666666666998253277E+01,    0.4644424445129111816976675E-01,    0.5059874478569392070026467E-01,   -0.4154500334402802530497922E-02,     -8.21%
   -0.4330000000000000071054274E+01,    0.4236753023248023691804676E-01,    0.5063573161036817593672055E-01,   -0.8268201377887939018673791E-02,    -16.33%
   -0.4328333333333333143855270E+01,    0.3833155039137675634819402E-01,    0.5067275828291981087936335E-01,   -0.1234120789154305453116933E-01,    -24.35%
   -0.4326666666666666216656267E+01,    0.3433619845301803114034911E-01,    0.5070982485953379886867154E-01,   -0.1637362640651576772832243E-01,    -32.29%
   -0.4325000000000000177635684E+01,    0.3038136619952769637564849E-01,    0.5074693139649211204300627E-01,   -0.2036556519696441566735778E-01,    -40.13%
   -0.4323333333333333250436681E+01,    0.2646694369693055812198246E-01,    0.5078407795017405440551883E-01,   -0.2431713425324349628353637E-01,    -47.88%
   -0.4321666666666666323237678E+01,    0.2259281932177506155290381E-01,    0.5082126457705626876304450E-01,   -0.2822844525528120721014069E-01,    -55.54%
   -0.4320000000000000284217094E+01,    0.1875887978752411797134236E-01,    0.5085849133371306979300996E-01,   -0.3209961154618895529111455E-01,    -63.12%
   -0.4318333333333333357018091E+01,    0.1496501017073496343778860E-01,    0.5089575827681665914914433E-01,   -0.3593074810608169744607920E-01,    -70.60%
   -0.4316666666666666429819088E+01,    0.1121109393704718647233332E-01,    0.5093306546313720178931206E-01,   -0.3972197152609001358225527E-01,    -77.99%
   -0.4314999999999999502620085E+01,    0.7497012966941587509828171E-02,    0.5097041294954312434795085E-01,   -0.4347339998260153770548442E-01,    -85.29%
   -0.4313333333333333463599502E+01,    0.3822647581302951718534855E-02,    0.5100780079300127473063142E-01,   -0.4718515321169832604786265E-01,    -92.51%
   -0.4311666666666666536400498E+01,    0.1878765667650344963097997E-03,    0.5104522905057717191423805E-01,   -0.5085735248381213768897879E-01,    -99.63%
   -0.4310000000000000497379915E+01,   -0.3407422799129065666551286E-02,    0.5108269777943511696927104E-01,   -0.5449012057856418567158840E-01,   -106.67%
   -0.4308333333333333570180912E+01,   -0.6963374722999685767499400E-02,    0.5112020703683849143228457E-01,   -0.5808358175983817373033702E-01,   -113.62%
   -0.4306666666666666642981909E+01,   -0.1048010487087746092638163E-01,    0.5115775688014987526708310E-01,   -0.6163786175102733966291169E-01,   -120.49%
   -0.4304999999999999715782906E+01,   -0.1395774034367365350195467E-01,    0.5119534736683130360379579E-01,   -0.6515308771050495884047393E-01,   -127.26%
   -0.4303333333333333676762322E+01,   -0.1739640965283979420763494E-01,    0.5123297855444441939454236E-01,   -0.6862938820728421707162425E-01,   -133.96%
   -0.4301666666666666749563319E+01,   -0.2079624269623808752172067E-01,    0.5127065050065077872476493E-01,   -0.7206689319688885930759170E-01,   -140.56%
   -0.4299999999999999822364316E+01,   -0.2415737073419212815883483E-01,    0.5130836326321190632437919E-01,   -0.7546573399740402754432012E-01,   -147.08%
   -0.4298333333333333783343733E+01,   -0.2747992636575177782809476E-01,    0.5134611689998958700131837E-01,   -0.7882604326574135789051923E-01,   -153.52%
   -0.4296666666666666856144730E+01,   -0.3076404350515403798849157E-01,    0.5138391146894612931950164E-01,   -0.8214795497410017077744016E-01,   -159.87%
   -0.4294999999999999928945726E+01,   -0.3400985735846320107134133E-01,    0.5142174702814440723219747E-01,   -0.8543160438660760136464489E-01,   -166.14%
   -0.4293333333333333001746723E+01,   -0.3721750440042295715592502E-01,    0.5145962363574820702671886E-01,   -0.8867712803617117112153778E-01,   -172.32%
   -0.4291666666666666962726140E+01,   -0.4038712235149108376042193E-01,    0.5149754135002235222451361E-01,   -0.9188466370151343598493554E-01,   -178.43%
   -0.4290000000000000035527137E+01,   -0.4351885015507613724272673E-01,    0.5153550022933297419802656E-01,   -0.9505435038440911144075329E-01,   -184.44%
   -0.4288333333333333108328134E+01,   -0.4661282795494813696590697E-01,    0.5157350033214767870415329E-01,   -0.9818632828709580873116636E-01,   -190.38%
   -0.4286666666666667069307550E+01,   -0.4966919707285433194243751E-01,    0.5161154171703569160101210E-01,   -0.1012807387898900235434496E+00,   -196.24%
   -0.4285000000000000142108547E+01,   -0.5268809998632309476995772E-01,    0.5164962444266826824268435E-01,   -0.1043377244289913630126421E+00,   -202.01%
   -0.4283333333333333214909544E+01,   -0.5566968030664126709794459E-01,    0.5168774856781863796806320E-01,   -0.1073574288744598981271139E+00,   -207.70%
   -0.4281666666666666287710541E+01,   -0.5861408275703393344624459E-01,    0.5172591415136239267891227E-01,   -0.1103399969083963261251569E+00,   -213.32%
   -0.4280000000000000248689958E+01,   -0.6152145315101970740601089E-01,    0.5176412125227761867884979E-01,   -0.1132855744032973260848607E+00,   -218.85%
   -0.4278333333333333321490954E+01,   -0.6439193837096052197566109E-01,    0.5180236992964518810689256E-01,   -0.1161943083006057031436598E+00,   -224.30%
   -0.4276666666666666394291951E+01,   -0.6722568634677843213420800E-01,    0.5184066024264885608197062E-01,   -0.1190663465894272882161786E+00,   -229.68%
   -0.4275000000000000355271368E+01,   -0.7002284603486913505676625E-01,    0.5187899225057553131978949E-01,   -0.1219018382854446663765557E+00,   -234.97%
   -0.4273333333333333428072365E+01,   -0.7278356739719607504390808E-01,    0.5191736601281551205522291E-01,   -0.1247009334100115940380249E+00,   -240.19%
   -0.4271666666666666500873362E+01,   -0.7550800138055181742746669E-01,    0.5195578158886264563687263E-01,   -0.1274637829694144630643393E+00,   -245.33%
   -0.4269999999999999573674359E+01,   -0.7819629989601258046594268E-01,    0.5199423903831456444946113E-01,   -0.1301905389343271379765099E+00,   -250.39%
   -0.4268333333333333534653775E+01,   -0.8084861579856300606294894E-01,    0.5203273842087286632507315E-01,   -0.1328813542194358654491282E+00,   -255.38%
   -0.4266666666666666607454772E+01,   -0.8346510286690536628562143E-01,    0.5207127979634344067116913E-01,   -0.1355363826632488000178967E+00,   -260.29%
   -0.4264999999999999680255769E+01,   -0.8604591578343170898968140E-01,    0.5210986322463650316505479E-01,   -0.1381557790080682190936301E+00,   -265.12%
   -0.4263333333333333641235185E+01,   -0.8859121011438282622396656E-01,    0.5214848876576694963747016E-01,   -0.1407396988801497828003306E+00,   -269.88%
   -0.4261666666666666714036182E+01,   -0.9110114229018144438310145E-01,    0.5218715647985452260604333E-01,   -0.1432882987700359600502509E+00,   -274.57%
   -0.4259999999999999786837179E+01,   -0.9357586958592589709837739E-01,    0.5222586642712403331989535E-01,   -0.1458017360130499373571666E+00,   -279.18%
   -0.4258333333333332859638176E+01,   -0.9601555010206917761816925E-01,    0.5226461866790554217088172E-01,   -0.1482801687699747128501571E+00,   -283.71%
   -0.4256666666666666820617593E+01,   -0.9842034274526126336191112E-01,    0.5230341326263460849377296E-01,   -0.1507237560078958649167902E+00,   -288.17%
   -0.4254999999999999893418590E+01,   -0.1007904072093685488020753E+00,    0.5234225027185256812201075E-01,   -0.1531326574812211238629800E+00,   -292.56%
   -0.4253333333333332966219587E+01,   -0.1031259039566495283590797E+00,    0.5238112975620658889885917E-01,   -0.1555070337128561241968328E+00,   -296.88%
   -0.4251666666666666927199003E+01,   -0.1054269941991100717482155E+00,    0.5242005177645001762209986E-01,   -0.1578470459755600963092093E+00,   -301.12%
   -0.4250000000000000000000000E+01,   -0.1076938398800250523690281E+00,    0.5245901639344262290531873E-01,   -0.1601528562734676752743468E+00,   -305.29%
   -0.4248333333333333072800997E+01,   -0.1099266036556154901848714E+00,    0.5249802366815066456684491E-01,   -0.1624246273237661686295041E+00,   -309.39%
   -0.4246666666666667033780413E+01,   -0.1121254488769004437065391E+00,    0.5253707366164722669665821E-01,   -0.1646625225385476842809851E+00,   -313.42%
   -0.4245000000000000106581410E+01,   -0.1142905395717138949951419E+00,    0.5257616643511246745656962E-01,   -0.1668667060068263485739237E+00,   -317.38%
   -0.4243333333333333179382407E+01,   -0.1164220404268737907305109E+00,    0.5261530204983370928584208E-01,   -0.1690373424767074861385652E+00,   -321.27%
   -0.4241666666666667140361824E+01,   -0.1185201167705227931481460E+00,    0.5265448056720575115141614E-01,   -0.1711745973377285512384560E+00,   -325.09%
   -0.4240000000000000213162821E+01,   -0.1205849345546307349597015E+00,    0.5269370204873113222587833E-01,   -0.1732786366033618741244737E+00,   -328.84%
   -0.4238333333333333285963818E+01,   -0.1226166603376469266262205E+00,    0.5273296655602020127640017E-01,   -0.1753496268936671209637268E+00,   -332.52%
   -0.4236666666666666358764815E+01,   -0.1246154612673223277541368E+00,    0.5277227415079150524279683E-01,   -0.1773877354181138399358275E+00,   -336.14%
   -0.4235000000000000319744231E+01,   -0.1265815050636837635344989E+00,    0.5281162489487185168757222E-01,   -0.1793931299585556082831772E+00,   -339.68%
   -0.4233333333333333392545228E+01,   -0.1285149600021712745778757E+00,    0.5285101885019671819065934E-01,   -0.1813659788523679927685350E+00,   -343.16%
   -0.4231666666666666465346225E+01,   -0.1304159948969212390323946E+00,    0.5289045607881030786057153E-01,   -0.1833064509757315607707540E+00,   -346.58%
   -0.4230000000000000426325641E+01,   -0.1322847790842147097656323E+00,    0.5292993664286582689015859E-01,   -0.1852147157270805366557909E+00,   -349.92%
   -0.4228333333333333499126638E+01,   -0.1341214824060795729465667E+00,    0.5296946060462578986793858E-01,   -0.1870909430107053628145053E+00,   -353.21%
   -0.4226666666666666571927635E+01,   -0.1359262751940367441871871E+00,    0.5300902802646210998371856E-01,   -0.1889353032204988402931178E+00,   -356.42%
   -0.4224999999999999644728632E+01,   -0.1376993282530095952242988E+00,    0.5304863897085641127882027E-01,   -0.1907479672238659995642251E+00,   -359.57%
   -0.4223333333333333605708049E+01,   -0.1394408128453791528844619E+00,    0.5308829350040022293510944E-01,   -0.1925291063457793827584652E+00,   -362.66%
   -0.4221666666666666678509046E+01,   -0.1411509006751943406943184E+00,    0.5312799167779526376964583E-01,   -0.1942788923529896183417520E+00,   -365.68%
   -0.4219999999999999751310042E+01,   -0.1428297638725241347490424E+00,    0.5316773356585356019587962E-01,   -0.1959974974383776880060282E+00,   -368.64%
   -0.4218333333333333712289459E+01,   -0.1444775749779658724492037E+00,    0.5320751922749775153498319E-01,   -0.1976850942054636239841869E+00,   -371.54%
   -0.4216666666666666785090456E+01,   -0.1460945069273021645894772E+00,    0.5324734872576136063271335E-01,   -0.1993418556530635321610845E+00,   -374.37%
   -0.4214999999999999857891453E+01,   -0.1476807330362960579694942E+00,    0.5328722212378888406503208E-01,   -0.2009679551600849489734202E+00,   -377.14%
   -0.4213333333333332930692450E+01,   -0.1492364269856414349391116E+00,    0.5332713948483613908280176E-01,   -0.2025635664704775740219134E+00,   -379.85%
   -0.4211666666666666891671866E+01,   -0.1507617628060540226897501E+00,    0.5336710087227043014523886E-01,   -0.2041288636783244458960951E+00,   -382.50%
   -0.4209999999999999964472863E+01,   -0.1522569148635103120081880E+00,    0.5340710634957087504792739E-01,   -0.2056640212130811939950092E+00,   -385.09%
   -0.4208333333333333037273860E+01,   -0.1537220578446231444846859E+00,    0.5344715598032848125065186E-01,   -0.2071692138249516257353378E+00,   -387.62%
   -0.4206666666666666998253277E+01,   -0.1551573667421665414511978E+00,    0.5348724982824649282209251E-01,   -0.2086446165704130273343964E+00,   -390.08%
   -0.4205000000000000071054274E+01,   -0.1565630168407417255327374E+00,    0.5352738795714061942332407E-01,   -0.2100904047978823518949554E+00,   -392.49%
   -0.4203333333333333143855270E+01,   -0.1579391837025779510295109E+00,    0.5356757043093920284126952E-01,   -0.2115067541335171608096744E+00,   -394.84%
   -0.4201666666666666216656267E+01,   -0.1592860431534795506713920E+00,    0.5360779731368350842224402E-01,   -0.2128938404671630590936360E+00,   -397.13%
   -0.4200000000000000177635684E+01,   -0.1606037712689091234707917E+00,    0.5364806866952789854430250E-01,   -0.2142518399384370220150942E+00,   -399.37%
   -0.4198333333333333250436681E+01,   -0.1618925443602119429442610E+00,    0.5368838456274017262304099E-01,   -0.2155809289229521086284080E+00,   -401.54%
   -0.4196666666666666323237678E+01,   -0.1631525389609707055171839E+00,    0.5372874505770169201168684E-01,   -0.2168812840186724044677646E+00,   -403.66%
   -0.4195000000000000284217094E+01,   -0.1643839318135041083213110E+00,    0.5376915021890764367906712E-01,   -0.2181530820324117381225904E+00,   -405.72%
   -0.4193333333333333357018091E+01,   -0.1655868998554997362226970E+00,    0.5380960011096735245983425E-01,   -0.2193964999664670956214252E+00,   -407.73%
   -0.4191666666666666429819088E+01,   -0.1667616202067762620764313E+00,    0.5385009479860439207676848E-01,   -0.2206117150053806541531998E+00,   -409.68%
   -0.4189999999999999502620085E+01,   -0.1679082701561863122385887E+00,    0.5389063434665690432989749E-01,   -0.2217989045028432304462740E+00,   -411.57%
   -0.4188333333333333463599502E+01,   -0.1690270271486478959044319E+00,    0.5393121882007780726331347E-01,   -0.2229582459687257101066393E+00,   -413.41%
   -0.4186666666666666536400498E+01,   -0.1701180687723122253451891E+00,    0.5397184828393510047650494E-01,   -0.2240899170562473119439062E+00,   -415.20%
   -0.4185000000000000497379915E+01,   -0.1711815727458568248131598E+00,    0.5401252280341196226887135E-01,   -0.2251940955492687801431373E+00,   -416.93%
   -0.4183333333333333570180912E+01,   -0.1722177169059163348574515E+00,    0.5405324244380714515667563E-01,   -0.2262709593497234661363393E+00,   -418.61%
   -0.4181666666666666642981909E+01,   -0.1732266791946365791510232E+00,    0.5409400727053510077313447E-01,   -0.2273206864651716729852637E+00,   -420.23%
   -0.4179999999999999715782906E+01,   -0.1742086376473618858362613E+00,    0.5413481734912627130196228E-01,   -0.2283434549964881710160114E+00,   -421.81%
   -0.4178333333333333676762322E+01,   -0.1751637703804488077619084E+00,    0.5417567274522730458308217E-01,   -0.2293394431256761123449905E+00,   -423.33%
   -0.4176666666666666749563319E+01,   -0.1760922555792085175685457E+00,    0.5421657352460136636285171E-01,   -0.2303088291038098978091853E+00,   -424.79%
   -0.4174999999999999822364316E+01,   -0.1769942714859720489517514E+00,    0.5425751975312828601083481E-01,   -0.2312517912391003349625862E+00,   -426.21%
   -0.4173333333333333783343733E+01,   -0.1778699963882851009522312E+00,    0.5429851149680482019777017E-01,   -0.2321685078850899142111075E+00,   -427.58%
   -0.4171666666666666856144730E+01,   -0.1787196086072276035583428E+00,    0.5433954882174499290137248E-01,   -0.2330591574289725964597153E+00,   -428.89%
   -0.4169999999999999928945726E+01,   -0.1795432864858530208618248E+00,    0.5438063179418018561195325E-01,   -0.2339239182800331995348841E+00,   -430.16%
   -0.4168333333333333001746723E+01,   -0.1803412083777559682395975E+00,    0.5442176048045949121600984E-01,   -0.2347629688582154594556073E+00,   -431.38%
   -0.4166666666666666962726140E+01,   -0.1811135526357590952439836E+00,    0.5446293494704991522414872E-01,   -0.2355764875828090243459201E+00,   -432.54%
   -0.4165000000000000035527137E+01,   -0.1818604976007242857161117E+00,    0.5450415526053666720462942E-01,   -0.2363646528612609598596350E+00,   -433.66%
   -0.4163333333333333108328134E+01,   -0.1825822215904814305176274E+00,    0.5454542148762334813349995E-01,   -0.2371276430781047717122334E+00,   -434.73%
   -0.4161666666666667069307550E+01,   -0.1832789028888788251947517E+00,    0.5458673369513217243920167E-01,   -0.2378656365840109976339534E+00,   -435.76%
   -0.4160000000000000142108547E+01,   -0.1839507197349555811527466E+00,    0.5462809195000436351952189E-01,   -0.2385788116849599516111624E+00,   -436.73%
   -0.4158333333333333214909544E+01,   -0.1845978503122271408010135E+00,    0.5466949631930023700832066E-01,   -0.2392673466315273778093342E+00,   -437.66%
   -0.4156666666666666287710541E+01,   -0.1852204727380932780533840E+00,    0.5471094687019950608686258E-01,   -0.2399314196082927841402466E+00,   -438.54%
   -0.4155000000000000248689958E+01,   -0.1858187650533604240443708E+00,    0.5475244367000153822289121E-01,   -0.2405712087233619622672620E+00,   -439.38%
   -0.4153333333333333321490954E+01,   -0.1863929052118821483308153E+00,    0.5479398678612567435974867E-01,   -0.2411868919980078296294579E+00,   -440.17%
   -0.4151666666666666394291951E+01,   -0.1869430710703132991756803E+00,    0.5483557628611133299978420E-01,   -0.2417786473564246252365706E+00,   -440.92%
   -0.4150000000000000355271368E+01,   -0.1874694403779790796704674E+00,    0.5487721223761831551568591E-01,   -0.2423466526155974021250472E+00,   -441.62%
   -0.4148333333333333428072365E+01,   -0.1879721907668606972752201E+00,    0.5491889470842719472853943E-01,   -0.2428910854752878989426534E+00,   -442.27%
   -0.4146666666666666500873362E+01,   -0.1884514997416897874593644E+00,    0.5496062376643934266340352E-01,   -0.2434121235081291301227679E+00,   -442.88%
   -0.4144999999999999573674359E+01,   -0.1889075446701594662712864E+00,    0.5500239947967730524958085E-01,   -0.2439099441498367715208673E+00,   -443.45%
   -0.4143333333333333534653775E+01,   -0.1893405027732439349641425E+00,    0.5504422191628507987637420E-01,   -0.2443847246895290148405167E+00,   -443.98%
   -0.4141666666666666607454772E+01,   -0.1897505511156325763710839E+00,    0.5508609114452830274322181E-01,   -0.2448366422601608860531996E+00,   -444.46%
   -0.4139999999999999680255769E+01,   -0.1901378665962695224678214E+00,    0.5512800723279455417102923E-01,   -0.2452658738290640627610628E+00,   -444.90%
   -0.4138333333333333641235185E+01,   -0.1905026259390074083732713E+00,    0.5516997024959353207451684E-01,   -0.2456725961886009335088943E+00,   -445.30%
   -0.4136666666666666714036182E+01,   -0.1908450056833670971379036E+00,    0.5521198026355745441806633E-01,   -0.2460569859469245446170760E+00,   -445.66%
   -0.4134999999999999786837179E+01,   -0.1911651821754064839442577E+00,    0.5525403734344114248244750E-01,   -0.2464192195188476264267052E+00,   -445.98%
   -0.4133333333333332859638176E+01,   -0.1914633315586960482512779E+00,    0.5529614155812240250398304E-01,   -0.2467594731168184507552610E+00,   -446.25%
   -0.4131666666666666820617593E+01,   -0.1917396297654015979716746E+00,    0.5533829297660219914689606E-01,   -0.2470779227420037971185707E+00,   -446.49%
   -0.4129999999999999893418590E+01,   -0.1919942525074734285261968E+00,    0.5538049166800503020358093E-01,   -0.2473747441754784448519899E+00,   -446.68%
   -0.4128333333333332966219587E+01,   -0.1922273752679384273278629E+00,    0.5542273770157905149469357E-01,   -0.2476501129695174718836626E+00,   -446.84%
   -0.4126666666666666927199003E+01,   -0.1924391732922993425436431E+00,    0.5546503114669637524158929E-01,   -0.2479042044389957177852324E+00,   -446.96%
   -0.4125000000000000000000000E+01,   -0.1926298215800364144190127E+00,    0.5550737207285342394991190E-01,   -0.2481371936528898314300307E+00,   -447.03%
   -0.4123333333333333072800997E+01,   -0.1927994948762117022322826E+00,    0.5554976054967106224857787E-01,   -0.2483492554258827644808605E+00,   -447.08%
   -0.4121666666666667033780413E+01,   -0.1929483676631770505682795E+00,    0.5559219664689488138442641E-01,   -0.2485405643100719319527059E+00,   -447.08%
   -0.4120000000000000106581410E+01,   -0.1930766141523827805759339E+00,    0.5563468043439558780027809E-01,   -0.2487112945867783753151059E+00,   -447.04%
   -0.4118333333333333179382407E+01,   -0.1931844082762874670322617E+00,    0.5567721198216907252387387E-01,   -0.2488616202584565395561356E+00,   -446.97%
   -0.4116666666666667140361824E+01,   -0.1932719236803682461012244E+00,    0.5571979136033678586814588E-01,   -0.2489917150407050250304763E+00,   -446.86%
   -0.4115000000000000213162821E+01,   -0.1933393337152307378534744E+00,    0.5576241863914605662033708E-01,   -0.2491017523543767875349175E+00,   -446.72%
   -0.4113333333333333285963818E+01,   -0.1933868114288176676129893E+00,    0.5580509388897018918651582E-01,   -0.2491919053177878429217174E+00,   -446.54%
   -0.4111666666666666358764815E+01,   -0.1934145295587158253081128E+00,    0.5584781718030887298631626E-01,   -0.2492623467390246982944291E+00,   -446.32%
   -0.4110000000000000319744231E+01,   -0.1934226605245603636262786E+00,    0.5589058858378836980307369E-01,   -0.2493132491083487334293523E+00,   -446.07%
   -0.4108333333333333392545228E+01,   -0.1934113764205367957949022E+00,    0.5593340817016185378962589E-01,   -0.2493447845906986426456342E+00,   -445.79%
   -0.4106666666666666465346225E+01,   -0.1933808490079780284531807E+00,    0.5597627601030959187955460E-01,   -0.2493571250182876064549475E+00,   -445.47%
   -0.4105000000000000426325641E+01,   -0.1933312497080578729047318E+00,    0.5601919217523922828183558E-01,   -0.2493504418832971081254612E+00,   -445.12%
   -0.4103333333333333499126638E+01,   -0.1932627495945789253273261E+00,    0.5606215673608614530332162E-01,   -0.2493249063306650636917539E+00,   -444.73%
   -0.4101666666666666571927635E+01,   -0.1931755193868549547175917E+00,    0.5610516976411360906551451E-01,   -0.2492806891509685707220001E+00,   -444.31%
   -0.4099999999999999644728632E+01,   -0.1930697294426870214145708E+00,    0.5614823133071308869368465E-01,   -0.2492179607734001101082555E+00,   -443.86%
   -0.4098333333333333605708049E+01,   -0.1929455497514315220897174E+00,    0.5619134150740452693373328E-01,   -0.2491368912588360351456629E+00,   -443.37%
   -0.4096666666666666678509046E+01,   -0.1928031499271621040936253E+00,    0.5623450036583666628020595E-01,   -0.2490376502929987634349374E+00,   -442.86%
   -0.4094999999999999751310042E+01,   -0.1926426992019216466456299E+00,    0.5627770797778719469306452E-01,   -0.2489204071797088413386945E+00,   -442.31%
   -0.4093333333333333712289459E+01,   -0.1924643664190665570679073E+00,    0.5632096441516309254238237E-01,   -0.2487853308342296565491836E+00,   -441.73%
   -0.4091666666666666785090456E+01,   -0.1922683200267000236394210E+00,    0.5636426975000097261414567E-01,   -0.2486325897767009962535667E+00,   -441.12%
   -0.4089999999999999857891453E+01,   -0.1920547280711962234711621E+00,    0.5640762405446721194923754E-01,   -0.2484623521256634215426118E+00,   -440.48%
   -0.4088333333333332930692450E+01,   -0.1918237581908128763785726E+00,    0.5645102740085829184923938E-01,   -0.2482747855916711543500242E+00,   -439.81%
   -0.4086666666666666891671866E+01,   -0.1915755776093923112846085E+00,    0.5649447986160107543218700E-01,   -0.2480700574709933936556894E+00,   -439.10%
   -0.4084999999999999964472863E+01,   -0.1913103531301502124861713E+00,    0.5653798150925315457726583E-01,   -0.2478483346394033670634371E+00,   -438.37%
   -0.4083333333333333037273860E+01,   -0.1910282511295523510952421E+00,    0.5658153241650296094711337E-01,   -0.2476097835460553120423555E+00,   -437.62%
   -0.4081666666666666998253277E+01,   -0.1907294375512770534530915E+00,    0.5662513265617014068808999E-01,   -0.2473545702074471941411815E+00,   -436.83%
   -0.4080000000000000071054274E+01,   -0.1904140779002630179395084E+00,    0.5666878230120591525276197E-01,   -0.2470828602014689401311642E+00,   -436.01%
   -0.4078333333333333143855270E+01,   -0.1900823372368443120450365E+00,    0.5671248142469315772773442E-01,   -0.2467948186615374628338770E+00,   -435.17%
   -0.4076666666666666216656267E+01,   -0.1897343801709685251477566E+00,    0.5675623009984683692286112E-01,   -0.2464906102708153690095116E+00,   -434.30%
   -0.4075000000000000177635684E+01,   -0.1893703708564994647733926E+00,    0.5680002840001419778248604E-01,   -0.2461703992565136556169847E+00,   -433.40%
   -0.4073333333333333250436681E+01,   -0.1889904729856028975376603E+00,    0.5684387639867516384128976E-01,   -0.2458343493842780613789500E+00,   -432.47%
   -0.4071666666666666323237678E+01,   -0.1885948497832163894827318E+00,    0.5688777416944246212437974E-01,   -0.2454826239526588516071115E+00,   -431.52%
   -0.4070000000000000284217094E+01,   -0.1881836640016005812725552E+00,    0.5693172178606197009198553E-01,   -0.2451153857876625652423286E+00,   -430.54%
   -0.4068333333333333357018091E+01,   -0.1877570779149710655797634E+00,    0.5697571932241309033972954E-01,   -0.2447327972373841697972807E+00,   -429.54%
   -0.4066666666666666429819088E+01,   -0.1873152533142137809996086E+00,    0.5701976685250887549871734E-01,   -0.2443350201667226495594321E+00,   -428.51%
   -0.4064999999999999502620085E+01,   -0.1868583515016790930207691E+00,    0.5706386445049638905802070E-01,   -0.2439222159521754751398959E+00,   -427.45%
   -0.4063333333333333463599502E+01,   -0.1863865332860564771877421E+00,    0.5710801219065699679822146E-01,   -0.2434945454767134809248574E+00,   -426.38%
   -0.4061666666666666536400498E+01,   -0.1858999589773270844084152E+00,    0.5715221014740666516384948E-01,   -0.2430521691247337634500525E+00,   -425.27%
   -0.4060000000000000497379915E+01,   -0.1853987883817983517431571E+00,    0.5719645839529615555241193E-01,   -0.2425952467770945142344630E+00,   -424.14%
   -0.4058333333333333570180912E+01,   -0.1848831807972124430250460E+00,    0.5724075700901143370913360E-01,   -0.2421239378062238767341796E+00,   -422.99%
   -0.4056666666666666642981909E+01,   -0.1843532950079364296502860E+00,    0.5728510606337387789377402E-01,   -0.2416384010713102936662722E+00,   -421.82%
   -0.4054999999999999715782906E+01,   -0.1838092892802258293549755E+00,    0.5732950563334054949748975E-01,   -0.2411387949135663788524653E+00,   -420.62%
   -0.4053333333333333676762322E+01,   -0.1832513213575677479827419E+00,    0.5737395579400453998752951E-01,   -0.2406252771515722810313775E+00,   -419.40%
   -0.4051666666666666749563319E+01,   -0.1826795484560965465714588E+00,    0.5741845662059526927967212E-01,   -0.2400980050766918227900248E+00,   -418.15%
   -0.4049999999999999822364316E+01,   -0.1820941272600883065191368E+00,    0.5746300818847866614946795E-01,   -0.2395571354485669657297109E+00,   -416.89%
   -0.4048333333333333783343733E+01,   -0.1814952139175277645577467E+00,    0.5750761057315757068808537E-01,   -0.2390028244906853283069381E+00,   -415.60%
   -0.4046666666666666856144730E+01,   -0.1808829640357486334689696E+00,    0.5755226385027202573585470E-01,   -0.2384352278860206730826121E+00,   -414.29%
   -0.4044999999999999928945726E+01,   -0.1802575326771511665668868E+00,    0.5759696809559945035461581E-01,   -0.2378545007727506099826087E+00,   -412.96%
   -0.4043333333333333001746723E+01,   -0.1796190743549886947860728E+00,    0.5764172338505504228356457E-01,   -0.2372607977400437440085312E+00,   -411.61%
   -0.4041666666666666962726140E+01,   -0.1789677430292291315794273E+00,    0.5768652979469203467832727E-01,   -0.2366542728239211523799668E+00,   -410.24%
   -0.4040000000000000035527137E+01,   -0.1783036921024865606444365E+00,    0.5773138740070201530008021E-01,   -0.2360350795031885828834106E+00,   -408.85%
   -0.4038333333333333108328134E+01,   -0.1776270744160271530809325E+00,    0.5777629627941515549904850E-01,   -0.2354033706954423155188749E+00,   -407.44%
   -0.4036666666666667069307550E+01,   -0.1769380422458432799981409E+00,    0.5782125650730056409809521E-01,   -0.2347592987531438302184483E+00,   -406.01%
   -0.4035000000000000142108547E+01,   -0.1762367472987971805942209E+00,    0.5786626816096658576515921E-01,   -0.2341030154597637524815923E+00,   -404.56%
   -0.4033333333333333214909544E+01,   -0.1755233407088390429340308E+00,    0.5791133131716105775232961E-01,   -0.2334346720260001006863604E+00,   -403.09%
   -0.4031666666666666287710541E+01,   -0.1747979730332888115285073E+00,    0.5795644605277160826828364E-01,   -0.2327544190860604267356848E+00,   -401.60%
   -0.4030000000000000248689958E+01,   -0.1740607942491905202331282E+00,    0.5800161244482595485072451E-01,   -0.2320624066940164820227466E+00,   -400.10%
   -0.4028333333333333321490954E+01,   -0.1733119537497317952379206E+00,    0.5804683057049231376112175E-01,   -0.2313587843202241089990423E+00,   -398.57%
   -0.4026666666666666394291951E+01,   -0.1725516003407347176423769E+00,    0.5809210050707949712922584E-01,   -0.2306437008478142147716028E+00,   -397.03%
   -0.4025000000000000355271368E+01,   -0.1717798822372106903877409E+00,    0.5813742233203734316449030E-01,   -0.2299173045692480266133373E+00,   -395.47%
   -0.4023333333333333428072365E+01,   -0.1709969470599816410150140E+00,    0.5818279612295705616187291E-01,   -0.2291797431829387110546747E+00,   -393.90%
   -0.4021666666666666500873362E+01,   -0.1702029418323713627625438E+00,    0.5822822195757136609639559E-01,   -0.2284311637899427149811515E+00,   -392.30%
   -0.4019999999999999573674359E+01,   -0.1693980129769573073073019E+00,    0.5827369991375493801788465E-01,   -0.2276717128907122522640805E+00,   -390.69%
   -0.4018333333333333534653775E+01,   -0.1685823063123909615335094E+00,    0.5831923006952462185115138E-01,   -0.2269015363819155695068730E+00,   -389.07%
   -0.4016666666666666607454772E+01,   -0.1677559670502800082125816E+00,    0.5836481250303983403515673E-01,   -0.2261207795533198283699505E+00,   -387.43%
   -0.4014999999999999680255769E+01,   -0.1669191397921382657987266E+00,    0.5841044729260276568982846E-01,   -0.2253295870847410453663429E+00,   -385.77%
   -0.4013333333333333641235185E+01,   -0.1660719685263959133347811E+00,    0.5845613451665868792739289E-01,   -0.2245281030430545943232801E+00,   -384.10%
   -0.4011666666666666714036182E+01,   -0.1652145966254719433585763E+00,    0.5850187425379640288047867E-01,   -0.2237164708792683531779488E+00,   -382.41%
   -0.4009999999999999786837179E+01,   -0.1643471668429141441247765E+00,    0.5854766658274834778552531E-01,   -0.2228948334256624919103018E+00,   -380.71%
   -0.4008333333333332859638176E+01,   -0.1634698213105956476898228E+00,    0.5859351158239103213309917E-01,   -0.2220633328929866867618159E+00,   -378.99%
   -0.4006666666666666820617593E+01,   -0.1625827015359763982882413E+00,    0.5863940933174528746807397E-01,   -0.2212221108677216996341031E+00,   -377.26%
   -0.4004999999999999893418590E+01,   -0.1616859483994223800618073E+00,    0.5868535990997665596768940E-01,   -0.2203713083093990499072845E+00,   -375.51%
   -0.4003333333333332966219587E+01,   -0.1607797021515902924360120E+00,    0.5873136339639560554726216E-01,   -0.2195110655479858841054863E+00,   -373.75%
   -0.4001666666666666927199003E+01,   -0.1598641024108679864479399E+00,    0.5877741987045782823262385E-01,   -0.2186415222813258285583515E+00,   -371.98%
   -0.4000000000000000000000000E+01,   -0.1589392881608747698507500E+00,    0.5882352941176470506601248E-01,   -0.2177628175726394887945503E+00,   -370.20%
   -0.3998333333333333072800997E+01,   -0.1580053977480243843078966E+00,    0.5886969210006343100616277E-01,   -0.2168750898480878153140594E+00,   -368.40%
   -0.3996666666666666589691204E+01,   -0.1570625688791425500490107E+00,    0.5891590801524744513972820E-01,   -0.2159784768943899813109510E+00,   -366.59%
   -0.3995000000000000106581410E+01,   -0.1561109386191441017466275E+00,    0.5896217723735665966477981E-01,   -0.2150731158565007683503012E+00,   -364.76%
   -0.3993333333333333179382407E+01,   -0.1551506433887681057903762E+00,    0.5900849984657790398001609E-01,   -0.2141591432353460167092862E+00,   -362.93%
   -0.3991666666666666696272614E+01,   -0.1541818189623707369140249E+00,    0.5905487592324506346264101E-01,   -0.2132366948856158073155598E+00,   -361.08%
   -0.3990000000000000213162821E+01,   -0.1532046004657725835063076E+00,    0.5910130554783954437425564E-01,   -0.2123059060136121278805632E+00,   -359.22%
   -0.3988333333333333285963818E+01,   -0.1522191223741644061639988E+00,    0.5914778880099053059993253E-01,   -0.2113669111751549367639313E+00,   -357.35%
   -0.3986666666666666358764815E+01,   -0.1512255185100677412624037E+00,    0.5919432576347526120397191E-01,   -0.2104198442735429885885878E+00,   -355.47%
   -0.3985000000000000319744231E+01,   -0.1502239220413517650776214E+00,    0.5924091651621941206906641E-01,   -0.2094648385575711702077939E+00,   -353.58%
   -0.3983333333333333392545228E+01,   -0.1492144654793010338789117E+00,    0.5928756114029743590210231E-01,   -0.2085020266195984628421201E+00,   -351.68%
   -0.3981666666666666465346225E+01,   -0.1481972806767450079323822E+00,    0.5933425971693273570650717E-01,   -0.2075315403936777436388894E+00,   -349.77%
   -0.3979999999999999982236432E+01,   -0.1471724988262349542722518E+00,    0.5938101232749815050482312E-01,   -0.2065535111537331047770749E+00,   -347.84%
   -0.3978333333333333499126638E+01,   -0.1461402504582760275564368E+00,    0.5942781905351623289446295E-01,   -0.2055680695117922673897937E+00,   -345.91%
   -0.3976666666666666571927635E+01,   -0.1451006654396135575613158E+00,    0.5947467997665949884789072E-01,   -0.2045753454162730633481004E+00,   -343.97%
   -0.3975000000000000088817842E+01,   -0.1440538729715724608482219E+00,    0.5952159517875078853510473E-01,   -0.2035754681503232355055388E+00,   -342.02%
   -0.3973333333333333605708049E+01,   -0.1430000015884458630655018E+00,    0.5956856474176365490169616E-01,   -0.2025685663302095318449858E+00,   -340.06%
   -0.3971666666666666678509046E+01,   -0.1419391791559372340003620E+00,    0.5961558874782257877456004E-01,   -0.2015547679037598127749220E+00,   -338.09%
   -0.3969999999999999751310042E+01,   -0.1408715328696553137355352E+00,    0.5966266727920338519552956E-01,   -0.2005342001488586989310647E+00,   -336.11%
   -0.3968333333333333268200249E+01,   -0.1397971892536569171738847E+00,    0.5970980041833350016045046E-01,   -0.1995069896719904312121230E+00,   -334.13%
   -0.3966666666666666785090456E+01,   -0.1387162741590410308667458E+00,    0.5975698824779230450277012E-01,   -0.1984732624068333284306220E+00,   -332.13%
   -0.3964999999999999857891453E+01,   -0.1376289127625936470344925E+00,    0.5980423085031151553270234E-01,   -0.1974331436129051486894070E+00,   -330.13%
   -0.3963333333333333374781660E+01,   -0.1365352295654825853787884E+00,    0.5985152830877536050957488E-01,   -0.1963867578742579389494693E+00,   -328.12%
   -0.3961666666666666891671866E+01,   -0.1354353483919989997730227E+00,    0.5989888070622110399776616E-01,   -0.1953342290982200968318949E+00,   -326.11%
   -0.3959999999999999964472863E+01,   -0.1343293923883490392778839E+00,    0.5994628812583924909462851E-01,   -0.1942756805141882814336185E+00,   -324.08%
   -0.3958333333333333037273860E+01,   -0.1332174840214951083705586E+00,    0.5999375065097386355850162E-01,   -0.1932112346724689788679541E+00,   -322.05%
   -0.3956666666666666998253277E+01,   -0.1320997450780427573402420E+00,    0.6004126836512294757008945E-01,   -0.1921410134431656979714376E+00,   -320.01%
   -0.3955000000000000071054274E+01,   -0.1309762966631734526501418E+00,    0.6008884135193884312720058E-01,   -0.1910651380151122957773424E+00,   -317.97%
   -0.3953333333333333143855270E+01,   -0.1298472591996304159600584E+00,    0.6013646969522837976152019E-01,   -0.1899837288948587887826847E+00,   -315.92%
   -0.3951666666666666660745477E+01,   -0.1287127524267448752670617E+00,    0.6018415347895336026118329E-01,   -0.1888969059056982424671389E+00,   -313.86%
   -0.3950000000000000177635684E+01,   -0.1275728953995104442142861E+00,    0.6023189278723084516542485E-01,   -0.1878047881867412893797109E+00,   -311.80%
   -0.3948333333333333250436681E+01,   -0.1264278064877035478996703E+00,    0.6027968770433349970927495E-01,   -0.1867074941920370545478391E+00,   -309.74%
   -0.3946666666666666767326888E+01,   -0.1252776033750506445851869E+00,    0.6032753831468988525710273E-01,   -0.1856051416897405159645018E+00,   -307.66%
   -0.3945000000000000284217094E+01,   -0.1241224030584368170915255E+00,    0.6037544470288487563625068E-01,   -0.1844978477613216927277762E+00,   -305.58%
   -0.3943333333333333357018091E+01,   -0.1229623218471611878488403E+00,    0.6042340695365993469279076E-01,   -0.1833857288008211294805250E+00,   -303.50%
   -0.3941666666666666429819088E+01,   -0.1217974753622372008354802E+00,    0.6047142515191345629732567E-01,   -0.1822689005141506501939119E+00,   -301.41%
   -0.3939999999999999946709295E+01,   -0.1206279785357346201468687E+00,    0.6051949938270109741189628E-01,   -0.1811474779184357175587650E+00,   -299.32%
   -0.3938333333333333463599502E+01,   -0.1194539456101651186958890E+00,    0.6056762973123618054582806E-01,   -0.1800215753414012853639292E+00,   -297.22%
   -0.3936666666666666536400498E+01,   -0.1182754901379116513338019E+00,    0.6061581628288997825038109E-01,   -0.1788913064208016434619708E+00,   -295.12%
   -0.3935000000000000053290705E+01,   -0.1170927249807010295246101E+00,    0.6066405912319201149118797E-01,   -0.1777567841038930340769042E+00,   -293.02%
   -0.3933333333333333570180912E+01,   -0.1159057623091162975148549E+00,    0.6071235833783053537082708E-01,   -0.1766181206469468190078942E+00,   -290.91%
   -0.3931666666666666642981909E+01,   -0.1147147136021519492343756E+00,    0.6076071401265274035674580E-01,   -0.1754754276148046965300153E+00,   -288.80%
   -0.3929999999999999715782906E+01,   -0.1135196896468119304168809E+00,    0.6080912623366516167600082E-01,   -0.1743288158804771059706695E+00,   -286.68%
   -0.3928333333333333232673112E+01,   -0.1123208005377466511820472E+00,    0.6085759508703397768769605E-01,   -0.1731783956247806288697433E+00,   -284.56%
   -0.3926666666666666749563319E+01,   -0.1111181556769307576804096E+00,    0.6090612065908543315551071E-01,   -0.1720242763360161908359203E+00,   -282.44%
   -0.3924999999999999822364316E+01,   -0.1099118637733813991230747E+00,    0.6095470303630614455903114E-01,   -0.1708665668096875367432119E+00,   -280.32%
   -0.3923333333333333339254523E+01,   -0.1087020328429185583862804E+00,    0.6100334230534341234397644E-01,   -0.1697053751482619776691507E+00,   -278.19%
   -0.3921666666666666856144730E+01,   -0.1074887702079599799409593E+00,    0.6105203855300563031693883E-01,   -0.1685408087609656102578981E+00,   -276.06%
   -0.3919999999999999928945726E+01,   -0.1062721824973592715801729E+00,    0.6110079186626259095671543E-01,   -0.1673729743636218625368883E+00,   -273.93%
   -0.3918333333333333001746723E+01,   -0.1050523756462820729185026E+00,    0.6114960233224584623679121E-01,   -0.1662019779785279260941877E+00,   -271.80%
   -0.3916666666666666962726140E+01,   -0.1038294548961190971736457E+00,    0.6119847003824904069224644E-01,   -0.1650279249343681309269982E+00,   -269.66%
   -0.3915000000000000035527137E+01,   -0.1026035247944359907190659E+00,    0.6124739507172836244786041E-01,   -0.1638509198661643462280324E+00,   -267.52%
   -0.3913333333333333108328134E+01,   -0.1013746891949665607235431E+00,    0.6129637752030273056824683E-01,   -0.1626710667152692912917900E+00,   -265.38%
   -0.3911666666666666625218340E+01,   -0.1001430512576368392352322E+00,    0.6134541747175425996374543E-01,   -0.1614884687293910991989776E+00,   -263.24%
   -0.3910000000000000142108547E+01,   -0.9890871344862832426070298E-01,    0.6139451501402864996848052E-01,   -0.1603032284626569881069713E+00,   -261.10%
   -0.3908333333333333214909544E+01,   -0.9767177754047857984875947E-01,    0.6144367023523538556828427E-01,   -0.1591154477757139584781498E+00,   -258.96%
   -0.3906666666666666731799751E+01,   -0.9643234461221823761167826E-01,    0.6149288322364824393995164E-01,   -0.1579252278358664884905238E+00,   -256.82%
   -0.3905000000000000248689958E+01,   -0.9519051504954097187027884E-01,    0.6154215406770558588478437E-01,   -0.1567326691172465646939571E+00,   -254.68%
   -0.3903333333333333321490954E+01,   -0.9394638854501166647104071E-01,    0.6159148285601074440664959E-01,   -0.1555378714010224039387964E+00,   -252.53%
   -0.3901666666666666394291951E+01,   -0.9270006409830988669540375E-01,    0.6164086967733231614552381E-01,   -0.1543409337756422028409276E+00,   -250.39%
   -0.3899999999999999911182158E+01,   -0.9145164001650568641466066E-01,    0.6169031462060456383333928E-01,   -0.1531419546371102502479999E+00,   -248.24%
   -0.3898333333333333428072365E+01,   -0.9020121391437146973757422E-01,    0.6173981777492784650540614E-01,   -0.1519410316892993162429804E+00,   -246.10%
   -0.3896666666666666500873362E+01,   -0.8894888271472721485988444E-01,    0.6178937922956882766722941E-01,   -0.1507382619442960425271139E+00,   -243.95%
   -0.3895000000000000017763568E+01,   -0.8769474264882148872857215E-01,    0.6183899907396098877265800E-01,   -0.1495337417227824705623362E+00,   -241.81%
   -0.3893333333333333534653775E+01,   -0.8643888925674213241645560E-01,    0.6188867739770488596295905E-01,   -0.1483275666544470183794147E+00,   -239.67%
   -0.3891666666666666607454772E+01,   -0.8518141738786243200021175E-01,    0.6193841429056858027824006E-01,   -0.1471198316784310122784518E+00,   -237.53%
   -0.3889999999999999680255769E+01,   -0.8392242120132081817374115E-01,    0.6198820984248797072435622E-01,   -0.1459106310438088027758852E+00,   -235.38%
   -0.3888333333333333641235185E+01,   -0.8266199416653069453886360E-01,    0.6203806414356709958424219E-01,   -0.1447000583100978010619997E+00,   -233.24%
   -0.3886666666666666714036182E+01,   -0.8140022906372149091858148E-01,    0.6208797728407870059053053E-01,   -0.1434882063478001845702181E+00,   -231.10%
   -0.3884999999999999786837179E+01,   -0.8013721798451668709706297E-01,    0.6213794935446439321458101E-01,   -0.1422751673389810733727501E+00,   -228.97%
   -0.3883333333333333303727386E+01,   -0.7887305233253745495591858E-01,    0.6218798044533504348896358E-01,   -0.1410610327778724915059883E+00,   -226.83%
   -0.3881666666666666820617593E+01,   -0.7760782282403926035652120E-01,    0.6223807064747129830228900E-01,   -0.1398458934715105517199163E+00,   -224.70%
   -0.3879999999999999893418590E+01,   -0.7634161948857996760064992E-01,    0.6228822005182379356602596E-01,   -0.1386298395404037542277820E+00,   -222.56%
   -0.3878333333333333410308796E+01,   -0.7507453166971890523573308E-01,    0.6233842874951362605928651E-01,   -0.1374129604192325382339135E+00,   -220.43%
   -0.3876666666666666927199003E+01,   -0.7380664802574279925728717E-01,    0.6238869683183265180126398E-01,   -0.1361953448575754510585512E+00,   -218.30%
   -0.3875000000000000000000000E+01,   -0.7253805653042480483527754E-01,    0.6243902439024390238486717E-01,   -0.1349770809206687072201447E+00,   -216.17%
   -0.3873333333333333072800997E+01,   -0.7126884447381189036097027E-01,    0.6248941151638194579920338E-01,   -0.1337582559901938361601736E+00,   -214.05%
   -0.3871666666666666589691204E+01,   -0.6999909846304093463675855E-01,    0.6253985830205327500763701E-01,   -0.1325389567650941957666078E+00,   -211.93%
   -0.3870000000000000106581410E+01,   -0.6872890442318299597523890E-01,    0.6259036483923664795359088E-01,   -0.1313192692624196578066176E+00,   -209.81%
   -0.3868333333333333179382407E+01,   -0.6745834759811751568658877E-01,    0.6264093122008351777196822E-01,   -0.1300992788182010473363448E+00,   -207.69%
   -0.3866666666666666696272614E+01,   -0.6618751255143509593104056E-01,    0.6269155753691836585606012E-01,   -0.1288790700883534756648885E+00,   -205.58%
   -0.3865000000000000213162821E+01,   -0.6491648316736529922277299E-01,    0.6274224388223907655781630E-01,   -0.1276587270496043757805893E+00,   -203.47%
   -0.3863333333333333285963818E+01,   -0.6364534265173465987786017E-01,    0.6279299034871738127705498E-01,   -0.1264383330004520411549152E+00,   -201.36%
   -0.3861666666666666358764815E+01,   -0.6237417353295166000393124E-01,    0.6284379702919916377279463E-01,   -0.1252179705621508376545137E+00,   -199.25%
   -0.3860000000000000319744231E+01,   -0.6110305766301834390352710E-01,    0.6289466401670480710794919E-01,   -0.1239977216797231440725824E+00,   -197.15%
   -0.3858333333333333392545228E+01,   -0.5983207621856543451110966E-01,    0.6294559140442979039420379E-01,   -0.1227776676229952179664195E+00,   -195.05%
   -0.3856666666666666465346225E+01,   -0.5856130970192097856541480E-01,    0.6299657928574478593652941E-01,   -0.1215578889876657575630503E+00,   -192.96%
   -0.3854999999999999982236432E+01,   -0.5729083794219860803487165E-01,    0.6304762775419621434469519E-01,   -0.1203384656963948223795668E+00,   -190.87%
   -0.3853333333333333499126638E+01,   -0.5602074009641320323504843E-01,    0.6309873690350660535575145E-01,   -0.1191194769999198155296938E+00,   -188.78%
   -0.3851666666666666571927635E+01,   -0.5475109465062329844320388E-01,    0.6314990682757497253430046E-01,   -0.1179010014781982640386104E+00,   -186.70%
   -0.3850000000000000088817842E+01,   -0.5348197942109900876461737E-01,    0.6320113762047716021719168E-01,   -0.1166831170415761620429151E+00,   -184.62%
   -0.3848333333333333605708049E+01,   -0.5221347155551186308697353E-01,    0.6325242937646632923609502E-01,   -0.1154659009319781992619625E+00,   -182.55%
   -0.3846666666666666678509046E+01,   -0.5094564753415179586548689E-01,    0.6330378218997324835104479E-01,   -0.1142494297241250511554256E+00,   -180.48%
   -0.3844999999999999751310042E+01,   -0.4967858317116872340912792E-01,    0.6335519615560671058407394E-01,   -0.1130337793267754409320958E+00,   -178.41%
   -0.3843333333333333268200249E+01,   -0.4841235361583661606088569E-01,    0.6340667136815393567506050E-01,   -0.1118190249839905447970523E+00,   -176.35%
   -0.3841666666666666785090456E+01,   -0.4714703335384091281712315E-01,    0.6345820792258098641536179E-01,   -0.1106052412764219061713789E+00,   -174.30%
   -0.3839999999999999857891453E+01,   -0.4588269620859146413760499E-01,    0.6350980591403312947029747E-01,   -0.1093925021226245936079025E+00,   -172.25%
   -0.3838333333333333374781660E+01,   -0.4461941534255817881637896E-01,    0.6356146543783521007942028E-01,   -0.1081808807803933958346931E+00,   -170.20%
   -0.3836666666666666891671866E+01,   -0.4335726325862734181759706E-01,    0.6361318658949208226793814E-01,   -0.1069704498481194310244291E+00,   -168.16%
   -0.3834999999999999964472863E+01,   -0.4209631180148270396257359E-01,    0.6366496946468902518034838E-01,   -0.1057612812661717360818159E+00,   -166.12%
   -0.3833333333333333037273860E+01,   -0.4083663215900969201133108E-01,    0.6371681415929204839176947E-01,   -0.1045534463183017404031006E+00,   -164.09%
   -0.3831666666666666998253277E+01,   -0.3957829486371953336965035E-01,    0.6376872076934834987493872E-01,   -0.1033470156330678901834830E+00,   -162.07%
   -0.3830000000000000071054274E+01,   -0.3832136979419412114999943E-01,    0.6382068939108680172278554E-01,   -0.1021420591852809228727850E+00,   -160.05%
   -0.3828333333333333143855270E+01,   -0.3706592617655792010200599E-01,    0.6387272012091815831524855E-01,   -0.1009386462974760784172545E+00,   -158.03%
   -0.3826666666666666660745477E+01,   -0.3581203258596579730443921E-01,    0.6392481305543559755300009E-01,   -0.9973684564140139485743930E-01,   -156.02%
   -0.3825000000000000177635684E+01,   -0.3455975694811277282303408E-01,    0.6397696829141508167992924E-01,   -0.9853672523952786144185723E-01,   -154.02%
   -0.3823333333333333250436681E+01,   -0.3330916654076641197912423E-01,    0.6402918592581578749456384E-01,   -0.9733835246658220641258197E-01,   -152.02%
   -0.3821666666666666767326888E+01,   -0.3206032799531944449400456E-01,    0.6408146605578042553919005E-01,   -0.9614179405109987697208851E-01,   -150.03%
   -0.3820000000000000284217094E+01,   -0.3081330729836006046551411E-01,    0.6413380877863573970021349E-01,   -0.9494711607699579669628065E-01,   -148.05%
   -0.3818333333333333357018091E+01,   -0.2956816979326458427745905E-01,    0.6418621419189288190843001E-01,   -0.9375438398515746618588906E-01,   -146.07%
   -0.3816666666666666429819088E+01,   -0.2832498018181003190951728E-01,    0.6423868239324780071708432E-01,   -0.9256366257505782568770769E-01,   -144.09%
   -0.3814999999999999946709295E+01,   -0.2708380252580460875733159E-01,    0.6429121348058164375771639E-01,   -0.9137501600638625598449494E-01,   -142.13%
   -0.3813333333333333463599502E+01,   -0.2584470024873743512761060E-01,    0.6434380755196120182937136E-01,   -0.9018850780069863348753501E-01,   -140.17%
   -0.3811666666666666536400498E+01,   -0.2460773613744817248094598E-01,    0.6439646470563929747665810E-01,   -0.8900420084308746648815713E-01,   -138.21%
   -0.3810000000000000053290705E+01,   -0.2337297234381638041944562E-01,    0.6444918504005517356780786E-01,   -0.8782215738387155745670043E-01,   -136.27%
   -0.3808333333333333570180912E+01,   -0.2214047038646568127395753E-01,    0.6450196865383495126167190E-01,   -0.8664243904030063947452334E-01,   -134.33%
   -0.3806666666666666642981909E+01,   -0.2091029115248925485115450E-01,    0.6455481564579203246356798E-01,   -0.8546510679828128731472248E-01,   -132.39%
   -0.3804999999999999715782906E+01,   -0.1968249489919325287412555E-01,    0.6460772611492746064776327E-01,   -0.8429022101412071699133577E-01,   -130.46%
   -0.3803333333333333232673112E+01,   -0.1845714125585621798175673E-01,    0.6466070016043037882447209E-01,   -0.8311784141628660027567577E-01,   -128.54%
   -0.3801666666666666749563319E+01,   -0.1723428922550605119079492E-01,    0.6471373788167847362906571E-01,   -0.8194802710718451788096672E-01,   -126.63%
   -0.3799999999999999822364316E+01,   -0.1601399718671555824633934E-01,    0.6476683937823835002234318E-01,   -0.8078083656495391173812948E-01,   -124.73%
   -0.3798333333333333339254523E+01,   -0.1479632289541546116828918E-01,    0.6482000474986590599080216E-01,   -0.7961632764528137062853830E-01,   -122.83%
   -0.3796666666666666856144730E+01,   -0.1358132348672071512685200E-01,    0.6487323409650685990257557E-01,   -0.7845455758322757155998062E-01,   -120.94%
   -0.3794999999999999928945726E+01,   -0.1236905547677675035189715E-01,    0.6492652751829711132991463E-01,   -0.7729558299507385821236483E-01,   -119.05%
   -0.3793333333333333001746723E+01,   -0.1115957476462148961759979E-01,    0.6497988511556312962724746E-01,   -0.7613945988018461230595335E-01,   -117.17%
   -0.3791666666666666962726140E+01,   -0.9952936634062164653058424E-02,    0.6503330698882239802038896E-01,   -0.7498624362288455746927696E-01,   -115.30%
   -0.3790000000000000035527137E+01,   -0.8749195755566442286865758E-02,    0.6508679323878391320690184E-01,   -0.7383598899435035722849108E-01,   -113.44%
   -0.3788333333333333108328134E+01,   -0.7548406188174866873752400E-02,    0.6514034396634850454521626E-01,   -0.7268875015452337662313909E-01,   -111.59%
   -0.3786666666666666625218340E+01,   -0.6350621381422694514129468E-02,    0.6519395927260926426605181E-01,   -0.7154458065403196398435171E-01,   -109.74%
   -0.3785000000000000142108547E+01,   -0.5155894177278868943659074E-02,    0.6524763925885206095056645E-01,   -0.7040353343613092729214031E-01,   -107.90%
   -0.3783333333333333214909544E+01,   -0.3964276812100421716611454E-02,    0.6530138402655590035283950E-01,   -0.6926566083865631773264226E-01,   -106.07%
   -0.3781666666666666731799751E+01,   -0.2775820918602189130153235E-02,    0.6535519367739332785571804E-01,   -0.6813101459599552045531823E-01,   -104.25%
   -0.3780000000000000248689958E+01,   -0.1590577527838361046944038E-02,    0.6540906831323094194896584E-01,   -0.6699964584106930798323987E-01,   -102.43%
   -0.3778333333333333321490954E+01,   -0.4085970712002323060492437E-03,    0.6546300803612976892953412E-01,   -0.6587160510733000573502238E-01,   -100.62%
   -0.3776666666666666394291951E+01,    0.7700706175714280019364844E-03,    0.6551701294834566535740805E-01,   -0.6474694233077424310174308E-01,    -98.82%
   -0.3774999999999999911182158E+01,    0.1945376300362093449983214E-02,    0.6557108315232983153375557E-01,   -0.6362570685196773656588931E-01,    -97.03%
   -0.3773333333333333428072365E+01,    0.3117271332645394753962931E-02,    0.6562521875072917232341041E-01,   -0.6250794741808378407466051E-01,    -95.25%
   -0.3771666666666666500873362E+01,    0.4285707661430617453068859E-02,    0.6567941984638679675523321E-01,   -0.6139371218495617843480261E-01,    -93.47%
   -0.3770000000000000017763568E+01,    0.5450637823196531270286691E-02,    0.6573368654234235108901885E-01,   -0.6028304871914581808400868E-01,    -91.71%
   -0.3768333333333333534653775E+01,    0.6612014941815231097721473E-02,    0.6578801894183260168258442E-01,   -0.5917600400001737231958643E-01,    -89.95%
   -0.3766666666666666607454772E+01,    0.7769792726460735508842159E-02,    0.6584241714829175418088880E-01,   -0.5807262442183101780468490E-01,    -88.20%
   -0.3764999999999999680255769E+01,    0.8923925469504649654606254E-02,    0.6589688126535192536081809E-01,   -0.5697295579584727570621183E-01,    -86.46%
   -0.3763333333333333641235185E+01,    0.1007436804440162668450309E-01,    0.6595141139684355946481986E-01,   -0.5587704335244193104559329E-01,    -84.72%
   -0.3761666666666666714036182E+01,    0.1122107590356343290172170E-01,    0.6600600764679598331241550E-01,   -0.5478493174323255388014076E-01,    -83.00%
   -0.3759999999999999786837179E+01,    0.1236400507621602563868013E-01,    0.6606067011943769773374413E-01,   -0.5369666504322167382978748E-01,    -81.28%
   -0.3758333333333333303727386E+01,    0.1350311216625072613384262E-01,    0.6611539891919689104771152E-01,   -0.5261228675294616491386890E-01,    -79.58%
   -0.3756666666666666820617593E+01,    0.1463835435006177743133549E-01,    0.6617019415070188315119992E-01,   -0.5153183980064010571986444E-01,    -77.88%
   -0.3754999999999999893418590E+01,    0.1576968937437197085249529E-01,    0.6622505591878159736385356E-01,   -0.5045536654440962998080522E-01,    -76.19%
   -0.3753333333333333410308796E+01,    0.1689707555404698288703536E-01,    0.6627998432846592125056162E-01,   -0.4938290877441893489407931E-01,    -74.51%
   -0.3751666666666666927199003E+01,    0.1802047176990130561424763E-01,    0.6633497948498626173297055E-01,   -0.4831450771508495611872291E-01,    -72.83%
   -0.3750000000000000000000000E+01,    0.1913983746649092210212473E-01,    0.6639004149377593366754269E-01,   -0.4725020402728501156541796E-01,    -71.17%
   -0.3748333333333333072800997E+01,    0.2025513264989606265764621E-01,    0.6644517046047057617919052E-01,   -0.4619003781057451352154430E-01,    -69.52%
   -0.3746666666666666589691204E+01,    0.2136631788549446173131052E-01,    0.6650036649090866613942552E-01,   -0.4513404860541420093866805E-01,    -67.87%
   -0.3745000000000000106581410E+01,    0.2247335429572475465342940E-01,    0.6655562969113196225556806E-01,   -0.4408227539540721107158561E-01,    -66.23%
   -0.3743333333333333179382407E+01,    0.2357620355783898724588710E-01,    0.6661096016738594915995719E-01,   -0.4303475660954696191407010E-01,    -64.61%
   -0.3741666666666666696272614E+01,    0.2467482790164455749848393E-01,    0.6666635802612025374358495E-01,   -0.4199153012447569277565407E-01,    -62.99%
   -0.3740000000000000213162821E+01,    0.2576919010724015163260603E-01,    0.6672182337398915863424520E-01,   -0.4095263326674900700163917E-01,    -61.38%
   -0.3738333333333333285963818E+01,    0.2685925350273876688333985E-01,    0.6677735631785206016353129E-01,   -0.3991810281511329328019144E-01,    -59.78%
   -0.3736666666666666358764815E+01,    0.2794498196198273026746861E-01,    0.6683295696477384306710690E-01,   -0.3888797500279111279963828E-01,    -58.19%
   -0.3735000000000000319744231E+01,    0.2902633990225003332574794E-01,    0.6688862542202540784064269E-01,   -0.3786228551977537104544780E-01,    -56.60%
   -0.3733333333333333392545228E+01,    0.3010329228195411654933622E-01,    0.6694436179708419809575304E-01,   -0.3684106951513008154641682E-01,    -55.03%
   -0.3731666666666666465346225E+01,    0.3117580459832918621243536E-01,    0.6700016619763449199354000E-01,   -0.3582436159930530578110464E-01,    -53.47%
   -0.3729999999999999982236432E+01,    0.3224384288511278340294552E-01,    0.6705603873156797123389339E-01,   -0.3481219584645518783094786E-01,    -51.92%
   -0.3728333333333333499126638E+01,    0.3330737371021855186548066E-01,    0.6711197950698420677806411E-01,   -0.3380460579676565491258344E-01,    -50.37%
   -0.3726666666666666571927635E+01,    0.3436636417339972854323449E-01,    0.6716798863219108906008614E-01,   -0.3280162445879136051685165E-01,    -48.84%
   -0.3725000000000000088817842E+01,    0.3542078190390493541706007E-01,    0.6722406621570521656483521E-01,   -0.3180328431180028114777514E-01,    -47.31%
   -0.3723333333333333605708049E+01,    0.3647059505812844798500194E-01,    0.6728021236625253420626791E-01,   -0.3080961730812408622126597E-01,    -45.79%
   -0.3721666666666666678509046E+01,    0.3751577231725066602363583E-01,    0.6733642719276866639432910E-01,   -0.2982065487551800037069327E-01,    -44.29%
   -0.3719999999999999751310042E+01,    0.3855628288487140953311183E-01,    0.6739271080439940275752519E-01,   -0.2883642791952799322441336E-01,    -42.79%
   -0.3718333333333333268200249E+01,    0.3959209648463722641675844E-01,    0.6744906331050119774328522E-01,   -0.2785696682586397132652678E-01,    -41.30%
   -0.3716666666666666785090456E+01,    0.4062318335786147677213265E-01,    0.6750548482064167021832191E-01,   -0.2688230146278019344618926E-01,    -39.82%
   -0.3714999999999999857891453E+01,    0.4164951426113701338227457E-01,    0.6756197544460003368005374E-01,   -0.2591246118346302029777917E-01,    -38.35%
   -0.3713333333333333374781660E+01,    0.4267106046394125717924339E-01,    0.6761853529236751259023919E-01,   -0.2494747482842625541099579E-01,    -36.89%
   -0.3711666666666666891671866E+01,    0.4368779374623777550512571E-01,    0.6767516447414798075321585E-01,   -0.2398737072791020524809014E-01,    -35.44%
   -0.3709999999999999964472863E+01,    0.4469968639606886756654447E-01,    0.6773186310035830826059566E-01,   -0.2303217670428944069405119E-01,    -34.00%
   -0.3708333333333333037273860E+01,    0.4570671120714216856262269E-01,    0.6778863128162881945826257E-01,   -0.2208192007448665089563988E-01,    -32.57%
   -0.3706666666666666998253277E+01,    0.4670884147641227168712419E-01,    0.6784546912880384805788481E-01,   -0.2113662765239157637076062E-01,    -31.15%
   -0.3705000000000000071054274E+01,    0.4770605100165797168854098E-01,    0.6790237675294229224842724E-01,   -0.2019632575128432055988625E-01,    -29.74%
   -0.3703333333333333143855270E+01,    0.4869831407904896131144667E-01,    0.6795935426531785061854407E-01,   -0.1926104018626888930709740E-01,    -28.34%
   -0.3701666666666666660745477E+01,    0.4968560550071169507058144E-01,    0.6801640177741972992375707E-01,   -0.1833079627670803485317563E-01,    -26.95%
   -0.3700000000000000177635684E+01,    0.5066790055228868883130389E-01,    0.6807351940095301978672637E-01,   -0.1740561884866433095542249E-01,    -25.57%
   -0.3698333333333333250436681E+01,    0.5164517501049163683557452E-01,    0.6813070724783926168655057E-01,   -0.1648553223734762485097605E-01,    -24.20%
   -0.3696666666666666767326888E+01,    0.5261740514064934537419305E-01,    0.6818796543021680978124976E-01,   -0.1557056028956746440705672E-01,    -22.83%
   -0.3695000000000000284217094E+01,    0.5358456769425291171815573E-01,    0.6824529406044144153042907E-01,   -0.1466072636618852981227334E-01,    -21.48%
   -0.3693333333333333357018091E+01,    0.5454663990649401966726018E-01,    0.6830269325108677402891288E-01,   -0.1375605334459275436165271E-01,    -20.14%
   -0.3691666666666666429819088E+01,    0.5550359949379903012900428E-01,    0.6836016311494477748489373E-01,   -0.1285656362114574735588945E-01,    -18.81%
   -0.3689999999999999946709295E+01,    0.5645542465135924142805024E-01,    0.6841770376502624706471778E-01,   -0.1196227911366700563666754E-01,    -17.48%
   -0.3688333333333333463599502E+01,    0.5740209405065733322404142E-01,    0.6847531531456133024882149E-01,   -0.1107322126390399702478007E-01,    -16.17%
   -0.3686666666666666536400498E+01,    0.5834358683698837727549247E-01,    0.6853299787700002643209274E-01,   -0.1018941104001164915660027E-01,    -14.87%
   -0.3685000000000000053290705E+01,    0.5927988262697683752300293E-01,    0.6859075156601258937971721E-01,   -0.9310868939035751856714285E-02,    -13.57%
   -0.3683333333333333570180912E+01,    0.6021096150609169667111686E-01,    0.6864857649549015172762978E-01,   -0.8437614989398455056512915E-02,    -12.29%
   -0.3681666666666666642981909E+01,    0.6113680402615590675496904E-01,    0.6870647277954516907172433E-01,   -0.7569668753389262316755293E-02,    -11.02%
   -0.3679999999999999715782906E+01,    0.6205739120285254373232675E-01,    0.6876444053251183630148802E-01,   -0.6707049329659292569161266E-02,     -9.75%
   -0.3678333333333333232673112E+01,    0.6297270451322828366258477E-01,    0.6882247986894671210045260E-01,   -0.5849775355718428437867829E-02,     -8.50%
   -0.3676666666666666749563319E+01,    0.6388272589319399230589624E-01,    0.6888059090362916303540430E-01,   -0.4997865010435170729508059E-02,     -7.26%
   -0.3674999999999999822364316E+01,    0.6478743773502089464688680E-01,    0.6893877375156190479010831E-01,   -0.4151336016541010143221513E-02,     -6.02%
   -0.3673333333333333339254523E+01,    0.6568682288483373987730829E-01,    0.6899702852797140462115522E-01,   -0.3310205643137664743846926E-02,     -4.80%
   -0.3671666666666666856144730E+01,    0.6658086464010326555040820E-01,    0.6905535534830849198062452E-01,   -0.2474490708205226430216328E-02,     -3.58%
   -0.3669999999999999928945726E+01,    0.6746954674713363797611265E-01,    0.6911375432824887199423358E-01,   -0.1644207581115234018120930E-02,     -2.38%
   -0.3668333333333333001746723E+01,    0.6835285339854774155909922E-01,    0.6917222558369350016160837E-01,   -0.8193721851457586025091473E-03,     -1.18%
   -0.3666666666666666962726140E+01,    0.6923076923077088606905960E-01,    0.6923076923076922073452266E-01,    0.1665334536937734810635448E-14,      0.00%
   -0.3665000000000000035527137E+01,    0.7010327932151315388775714E-01,    0.6928938538582928019504692E-01,    0.8138939356838736927102218E-03,      1.17%
   -0.3663333333333333108328134E+01,    0.7097036918724573817396362E-01,    0.6934807416545371583360691E-01,    0.1622295021792022340356709E-02,      2.34%
   -0.3661666666666666625218340E+01,    0.7183202478067919616311343E-01,    0.6940683568644999412722285E-01,    0.2425189094229202035890580E-02,      3.49%
   -0.3660000000000000142108547E+01,    0.7268823248823862159806453E-01,    0.6946567006585344095093149E-01,    0.3222562422385180647133041E-02,      4.64%
   -0.3658333333333333214909544E+01,    0.7353897912753655508044659E-01,    0.6952457742092786607823740E-01,    0.4014401706608689002209189E-02,      5.77%
   -0.3656666666666666731799751E+01,    0.7438425194484343805356730E-01,    0.6958355786916589624802043E-01,    0.4800694075677541805546866E-02,      6.90%
   -0.3655000000000000248689958E+01,    0.7522403861255942680852371E-01,    0.6964261152828968293171386E-01,    0.5581427084269743876809855E-02,      8.01%
   -0.3653333333333333321490954E+01,    0.7605832722668214029848599E-01,    0.6970173851625134642251425E-01,    0.6356588710430793875971744E-02,      9.12%
   -0.3651666666666666394291951E+01,    0.7688710630427345038562237E-01,    0.6976093895123343380237912E-01,    0.7126167353040016583243244E-02,     10.22%
   -0.3649999999999999911182158E+01,    0.7771036478092660515493151E-01,    0.6982021295164950180911489E-01,    0.7890151829277103345816613E-02,     11.30%
   -0.3648333333333333428072365E+01,    0.7852809200823153423787204E-01,    0.6987956063614469970346477E-01,    0.8648531372086834534407274E-02,     12.38%
   -0.3646666666666666500873362E+01,    0.7934027775123897452402844E-01,    0.6993898212359617172495518E-01,    0.9401295627642802799073252E-02,     13.44%
   -0.3645000000000000017763568E+01,    0.8014691218592345789417664E-01,    0.6999847753311365383677156E-01,    0.1014843465280980405740507E-01,     14.50%
   -0.3643333333333333534653775E+01,    0.8094798589664747856531335E-01,    0.7005804698403998720390717E-01,    0.1088993891260749136140618E-01,     15.54%
   -0.3641666666666666607454772E+01,    0.8174348987362332896733363E-01,    0.7011769059595167330467547E-01,    0.1162579927767165566265817E-01,     16.58%
   -0.3639999999999999680255769E+01,    0.8253341551037486623076944E-01,    0.7017740848865934577549552E-01,    0.1235600702171552045527392E-01,     17.61%
   -0.3638333333333333641235185E+01,    0.8331775460119936194125501E-01,    0.7023720078220828388904096E-01,    0.1308055381899107805221405E-01,     18.62%
   -0.3636666666666666714036182E+01,    0.8409649933863057313931932E-01,    0.7029706759687912032141810E-01,    0.1379943174175145281790122E-01,     19.63%
   -0.3634999999999999786837179E+01,    0.8486964231089808019525833E-01,    0.7035700905318814646349779E-01,    0.1451263325770993373176054E-01,     20.63%
   -0.3633333333333333303727386E+01,    0.8563717649938983045299068E-01,    0.7041702527188796467694232E-01,    0.1522015122750186577604836E-01,     21.61%
   -0.3631666666666666820617593E+01,    0.8639909527611483452957941E-01,    0.7047711637396801565014215E-01,    0.1592197890214681887943726E-01,     22.59%
   -0.3629999999999999893418590E+01,    0.8715539240116426666915572E-01,    0.7053728248065514738751602E-01,    0.1661810992050911928163970E-01,     23.56%
   -0.3628333333333333410308796E+01,    0.8790606202017370307544297E-01,    0.7059752371341405929872082E-01,    0.1730853830675964377672216E-01,     24.52%
   -0.3626666666666666927199003E+01,    0.8865109866178726150121037E-01,    0.7065784019394791282131507E-01,    0.1799325846783934867989529E-01,     25.47%
   -0.3625000000000000000000000E+01,    0.8939049723512063061470201E-01,    0.7071823204419890041005914E-01,    0.1867226519092173020464287E-01,     26.40%
   -0.3623333333333333072800997E+01,    0.9012425302722514020015154E-01,    0.7077869938634868962612501E-01,    0.1934555364087645057402653E-01,     27.33%
   -0.3621666666666666589691204E+01,    0.9085236170055330240380442E-01,    0.7083924234281903375975986E-01,    0.2001311935773426864404456E-01,     28.25%
   -0.3620000000000000106581410E+01,    0.9157481929042542156960138E-01,    0.7089986103627236857516181E-01,    0.2067495825415305299443958E-01,     29.16%
   -0.3618333333333333179382407E+01,    0.9229162220249641224167902E-01,    0.7096055558961225639968973E-01,    0.2133106661288415584198930E-01,     30.06%
   -0.3616666666666666696272614E+01,    0.9300276721022357473422915E-01,    0.7102132612598394123537560E-01,    0.2198144108423963349885355E-01,     30.95%
   -0.3615000000000000213162821E+01,    0.9370825145233759034812948E-01,    0.7108217276877501489273925E-01,    0.2262607868356257545539023E-01,     31.83%
   -0.3613333333333333285963818E+01,    0.9440807243031278106482063E-01,    0.7114309564161586107999824E-01,    0.2326497678869691998482239E-01,     32.70%
   -0.3611666666666666358764815E+01,    0.9510222800583925661932483E-01,    0.7120409486838022439236795E-01,    0.2389813313745903222695688E-01,     33.56%
   -0.3610000000000000319744231E+01,    0.9579071639829730977488964E-01,    0.7126517057318576542357391E-01,    0.2452554582511154435131573E-01,     34.41%
   -0.3608333333333333392545228E+01,    0.9647353618223443449952725E-01,    0.7132632288039467138851535E-01,    0.2514721330183976311101191E-01,     35.26%
   -0.3606666666666666465346225E+01,    0.9715068628484030410774608E-01,    0.7138755191461414184583845E-01,    0.2576313437022616226190763E-01,     36.09%
   -0.3604999999999999982236432E+01,    0.9782216598342803604015927E-01,    0.7144885780069698544281209E-01,    0.2637330818273105059734718E-01,     36.91%
   -0.3603333333333333499126638E+01,    0.9848797490291523459848833E-01,    0.7151024066374216114905238E-01,    0.2697773423917307344943595E-01,     37.73%
   -0.3601666666666666571927635E+01,    0.9914811301330721249325251E-01,    0.7157170062909537500139834E-01,    0.2757641238421183749185417E-01,     38.53%
   -0.3600000000000000088817842E+01,    0.9980258062718219691511479E-01,    0.7163323782234956582648522E-01,    0.2816934280483263108862957E-01,     39.32%
   -0.3598333333333333605708049E+01,    0.1004513783971799911753919E+00,    0.7169485236934558525234706E-01,    0.2875652602783440592304487E-01,     40.11%
   -0.3596666666666666678509046E+01,    0.1010945073134917604473770E+00,    0.7175654439617265567541438E-01,    0.2933796291731910477196266E-01,     40.89%
   -0.3594999999999999751310042E+01,    0.1017319687013524404095577E+00,    0.7181831402916902251654108E-01,    0.2991365467218341789301661E-01,     41.65%
   -0.3593333333333333268200249E+01,    0.1023637642185359769575470E+00,    0.7188016139492238443242655E-01,    0.3048360282361359252512045E-01,     42.41%
   -0.3591666666666666785090456E+01,    0.1029898958528537578072104E+00,    0.7194208662027067047173290E-01,    0.3104780923258308733547750E-01,     43.16%
   -0.3589999999999999857891453E+01,    0.1036103659196546677989659E+00,    0.7200408983230247028650695E-01,    0.3160627608735219751245893E-01,     43.90%
   -0.3588333333333333374781660E+01,    0.1042251770593279058818581E+00,    0.7206617115835760312148039E-01,    0.3215900590097030276037771E-01,     44.62%
   -0.3586666666666666891671866E+01,    0.1048343322348102568675188E+00,    0.7212833072602774231452116E-01,    0.3270600150878251455299761E-01,     45.34%
   -0.3584999999999999964472863E+01,    0.1054378347290948203518468E+00,    0.7219056866315701204150912E-01,    0.3324726606593780831033769E-01,     46.05%
   -0.3583333333333333037273860E+01,    0.1060356881427430147946112E+00,    0.7225288509784245916112155E-01,    0.3378280304490055563348960E-01,     46.76%
   -0.3581666666666666998253277E+01,    0.1066278963914000094126422E+00,    0.7231528015843473322643575E-01,    0.3431261623296527618620644E-01,     47.45%
   -0.3580000000000000071054274E+01,    0.1072144637033149161542411E+00,    0.7237775397353869710759255E-01,    0.3483670972977621904664858E-01,     48.13%
   -0.3578333333333333143855270E+01,    0.1077953946168604681954406E+00,    0.7244030667201384332543057E-01,    0.3535508794484662487001003E-01,     48.81%
   -0.3576666666666666660745477E+01,    0.1083706939780599426415009E+00,    0.7250293838297501569645220E-01,    0.3586775559508492694504866E-01,     49.47%
   -0.3575000000000000177635684E+01,    0.1089403669381160122409113E+00,    0.7256564923579300607769937E-01,    0.3637471770232300616321197E-01,     50.13%
   -0.3573333333333333250436681E+01,    0.1095044189509430387907685E+00,    0.7262843936009502621153899E-01,    0.3687597959084801257922948E-01,     50.77%
   -0.3571666666666666767326888E+01,    0.1100628557707028637446811E+00,    0.7269130888576540161505335E-01,    0.3737154688493746212962776E-01,     51.41%
   -0.3570000000000000284217094E+01,    0.1106156834493455670687112E+00,    0.7275425794294609893597681E-01,    0.3786142550639946813273440E-01,     52.04%
   -0.3568333333333333357018091E+01,    0.1111629083341528073658466E+00,    0.7281728666203737820872277E-01,    0.3834562167211542915712386E-01,     52.66%
   -0.3566666666666666429819088E+01,    0.1117045370652850477810603E+00,    0.7288039517369827857695697E-01,    0.3882414189158676920410329E-01,     53.27%
   -0.3564999999999999946709295E+01,    0.1122405765733336530098896E+00,    0.7294358360884732606077563E-01,    0.3929699296448632694911396E-01,     53.87%
   -0.3563333333333333463599502E+01,    0.1127710340768768443320269E+00,    0.7300685209866307479043002E-01,    0.3976418197821376954159689E-01,     54.47%
   -0.3561666666666666536400498E+01,    0.1132959170800389714361955E+00,    0.7307020077458473150677776E-01,    0.4022571630545423992941778E-01,     55.05%
   -0.3560000000000000053290705E+01,    0.1138152333700545026928808E+00,    0.7313362976831265516164393E-01,    0.4068160360174184753123683E-01,     55.63%
   -0.3558333333333333570180912E+01,    0.1143289910148368587750056E+00,    0.7319713921180913407393831E-01,    0.4113185180302772470106731E-01,     56.19%
   -0.3556666666666666642981909E+01,    0.1148371983605507296033466E+00,    0.7326072923729883001886520E-01,    0.4157646912325189958448135E-01,     56.75%
   -0.3554999999999999715782906E+01,    0.1153398640291890125952889E+00,    0.7332439997726944436173824E-01,    0.4201546405191956823355071E-01,     57.30%
   -0.3553333333333333232673112E+01,    0.1158369969161545387503764E+00,    0.7338815156447231480285609E-01,    0.4244884535168222394752036E-01,     57.84%
   -0.3551666666666666749563319E+01,    0.1163286061878466559615930E+00,    0.7345198413192302600016603E-01,    0.4287662205592362996142697E-01,     58.37%
   -0.3549999999999999822364316E+01,    0.1168147012792515593293530E+00,    0.7351589781290204794750309E-01,    0.4329880346634951138184988E-01,     58.90%
   -0.3548333333333333339254523E+01,    0.1172952918915377146236168E+00,    0.7357989274095524945273894E-01,    0.4371539915058246517087781E-01,     59.41%
   -0.3546666666666666856144730E+01,    0.1177703879896566385721002E+00,    0.7364396904989460590496009E-01,    0.4412641893976203266714009E-01,     59.92%
   -0.3544999999999999928945726E+01,    0.1182399997999480228960678E+00,    0.7370812687379879601934363E-01,    0.4453187292614922687672419E-01,     60.42%
   -0.3543333333333333001746723E+01,    0.1187041378077493686271637E+00,    0.7377236634701374307088173E-01,    0.4493177146073562555628200E-01,     60.91%
   -0.3541666666666666962726140E+01,    0.1191628127550111160282142E+00,    0.7383668760415329490598424E-01,    0.4532612515085782112223001E-01,     61.39%
   -0.3540000000000000035527137E+01,    0.1196160356379180056407563E+00,    0.7390109078009990395408124E-01,    0.4571494485781810168667505E-01,     61.86%
   -0.3538333333333333108328134E+01,    0.1200638177045125626341004E+00,    0.7396557601000508519462073E-01,    0.4609824169450747743947971E-01,     62.32%
   -0.3536666666666666625218340E+01,    0.1205061704523264498600810E+00,    0.7403014342929011004645901E-01,    0.4647602702303633981362196E-01,     62.78%
   -0.3535000000000000142108547E+01,    0.1209431056260163866999946E+00,    0.7409479317364670025725104E-01,    0.4684831245236968644274356E-01,     63.23%
   -0.3533333333333333214909544E+01,    0.1213746352150049806484233E+00,    0.7415952537903758301496282E-01,    0.4721510983596739763346051E-01,     63.67%
   -0.3531666666666666731799751E+01,    0.1218007714511265132673046E+00,    0.7422434018169705993717145E-01,    0.4757643126942945333013313E-01,     64.10%
   -0.3530000000000000248689958E+01,    0.1222215268062798593229346E+00,    0.7428923771813175647160676E-01,    0.4793228908814810285132779E-01,     64.52%
   -0.3528333333333333321490954E+01,    0.1226369139900852084368310E+00,    0.7435421812512121864102710E-01,    0.4828269586496398979580391E-01,     64.94%
   -0.3526666666666666394291951E+01,    0.1230469459475467680631411E+00,    0.7441928153971841264358034E-01,    0.4862766440782835541956075E-01,     65.34%
   -0.3524999999999999911182158E+01,    0.1234516358567218641262286E+00,    0.7448442809925050200892116E-01,    0.4896720775747136211730748E-01,     65.74%
   -0.3523333333333333428072365E+01,    0.1238509971263947462283284E+00,    0.7454965794131948597645021E-01,    0.4930133918507526025187815E-01,     66.13%
   -0.3521666666666666500873362E+01,    0.1242450433937569154174696E+00,    0.7461497120380271297346297E-01,    0.4963007218995420244400663E-01,     66.51%
   -0.3520000000000000017763568E+01,    0.1246337885220922120366183E+00,    0.7468036802485363001569141E-01,    0.4995342049723858202092686E-01,     66.89%
   -0.3518333333333333534653775E+01,    0.1250172465984694947227496E+00,    0.7474584854290233781881625E-01,    0.5027139805556715690393332E-01,     67.26%
   -0.3516666666666666607454772E+01,    0.1253954319314391219197802E+00,    0.7481141289665635407679645E-01,    0.5058401903478276784298373E-01,     67.62%
   -0.3514999999999999680255769E+01,    0.1257683590487369829080677E+00,    0.7487706122510105755107901E-01,    0.5089129782363592535698871E-01,     67.97%
   -0.3513333333333333641235185E+01,    0.1261360426949936497376115E+00,    0.7494279366750046522671624E-01,    0.5119324902749318451089522E-01,     68.31%
   -0.3511666666666666714036182E+01,    0.1264984978294509121443667E+00,    0.7500861036339796783511957E-01,    0.5148988746605294430924715E-01,     68.65%
   -0.3509999999999999786837179E+01,    0.1268557396236824341695382E+00,    0.7507451145261673230990596E-01,    0.5178122817106570185963221E-01,     68.97%
   -0.3508333333333333303727386E+01,    0.1272077834593217937619869E+00,    0.7514049707526052057637855E-01,    0.5206728638406127318560834E-01,     69.29%
   -0.3506666666666666820617593E+01,    0.1275546449257974890301170E+00,    0.7520656737171430017419027E-01,    0.5234807755408318885592678E-01,     69.61%
   -0.3504999999999999893418590E+01,    0.1278963398180726906971927E+00,    0.7527272248264493814673415E-01,    0.5262361733542775255045854E-01,     69.91%
   -0.3503333333333333410308796E+01,    0.1282328841343919056949829E+00,    0.7533896254900171451929225E-01,    0.5289392158539019117569069E-01,     70.21%
   -0.3501666666666666927199003E+01,    0.1285642940740347184291892E+00,    0.7540528771201714108851633E-01,    0.5315900636201757734067286E-01,     70.50%
   -0.3500000000000000000000000E+01,    0.1288905860350751386711465E+00,    0.7547169811320754428951574E-01,    0.5341888792186759438163079E-01,     70.78%
   -0.3498333333333333072800997E+01,    0.1292117766121476385432487E+00,    0.7553819389437368969630882E-01,    0.5367358271777394884693990E-01,     71.05%
   -0.3496666666666666589691204E+01,    0.1295278825942197675757939E+00,    0.7560477519760148978900105E-01,    0.5392310739661827778679282E-01,     71.32%
   -0.3495000000000000106581410E+01,    0.1298389209623717066577342E+00,    0.7567144216526264233202426E-01,    0.5416747879710906432570994E-01,     71.58%
   -0.3493333333333333179382407E+01,    0.1301449088875820114807880E+00,    0.7573819494001536589689039E-01,    0.5440671394756664558389758E-01,     71.84%
   -0.3491666666666666696272614E+01,    0.1304458637285199340549724E+00,    0.7580503366480487170697700E-01,    0.5464083006371506234799540E-01,     72.08%
   -0.3490000000000000213162821E+01,    0.1307418030293451272072502E+00,    0.7587195848286430732709817E-01,    0.5486984454648081988015207E-01,     72.32%
   -0.3488333333333333285963818E+01,    0.1310327445175134553068119E+00,    0.7593896953771520075271440E-01,    0.5509377497979825455409753E-01,     72.55%
   -0.3486666666666666358764815E+01,    0.1313187061015898271509883E+00,    0.7600606697316818205489852E-01,    0.5531263912842164509608978E-01,     72.77%
   -0.3485000000000000319744231E+01,    0.1315997058690680787673699E+00,    0.7607325093332369114751401E-01,    0.5552645493574438761985590E-01,     72.99%
   -0.3483333333333333392545228E+01,    0.1318757620841977951098301E+00,    0.7614052156257269943218091E-01,    0.5573524052162509567764914E-01,     73.20%
   -0.3481666666666666465346225E+01,    0.1321468931858174877813639E+00,    0.7620787900559726490978818E-01,    0.5593901418022022287157569E-01,     73.40%
   -0.3479999999999999982236432E+01,    0.1324131177851955443180998E+00,    0.7627532340737123994767188E-01,    0.5613779437782430437042791E-01,     73.60%
   -0.3478333333333333499126638E+01,    0.1326744546638777277891563E+00,    0.7634285491316104843573243E-01,    0.5633159975071667935342390E-01,     73.79%
   -0.3476666666666666571927635E+01,    0.1329309227715419483573100E+00,    0.7641047366852628253131030E-01,    0.5652044910301566582599975E-01,     73.97%
   -0.3475000000000000088817842E+01,    0.1331825412238599737335676E+00,    0.7647817981932029940406181E-01,    0.5670436140453967432950577E-01,     74.14%
   -0.3473333333333333605708049E+01,    0.1334293293003664948592757E+00,    0.7654597351169110941437879E-01,    0.5688335578867538544489690E-01,     74.31%
   -0.3471666666666666678509046E+01,    0.1336713064423354080378914E+00,    0.7661385489208193122490087E-01,    0.5705745155025347681299053E-01,     74.47%
   -0.3469999999999999751310042E+01,    0.1339084922506628416716268E+00,    0.7668182410723187181211813E-01,    0.5722666814343096985950865E-01,     74.63%
   -0.3468333333333333268200249E+01,    0.1341409064837583986484759E+00,    0.7674988130417662035576143E-01,    0.5739102517958177829271449E-01,     74.78%
   -0.3466666666666666785090456E+01,    0.1343685690554426159781798E+00,    0.7681802663024922539491968E-01,    0.5755054242519339058326011E-01,     74.92%
   -0.3464999999999999857891453E+01,    0.1345915000328527233453002E+00,    0.7688626023308070545070336E-01,    0.5770523979977201789459684E-01,     75.05%
   -0.3463333333333333374781660E+01,    0.1348097196343550907560171E+00,    0.7695458226060071516005934E-01,    0.5785513737375437559595781E-01,     75.18%
   -0.3461666666666666891671866E+01,    0.1350232482274653922349472E+00,    0.7702299286103830855410024E-01,    0.5800025536642708368084698E-01,     75.30%
   -0.3459999999999999964472863E+01,    0.1352321063267764023052564E+00,    0.7709149218292268845864612E-01,    0.5814061414385371384661028E-01,     75.42%
   -0.3458333333333333037273860E+01,    0.1354363145918929534072817E+00,    0.7716008037508373385016114E-01,    0.5827623421680921955712051E-01,     75.53%
   -0.3456666666666666998253277E+01,    0.1356358938253743040558419E+00,    0.7722875758665279088965860E-01,    0.5840713623872151316618329E-01,     75.63%
   -0.3455000000000000071054274E+01,    0.1358308649706850557148385E+00,    0.7729752396706351946775726E-01,    0.5853334100362153624708128E-01,     75.72%
   -0.3453333333333333143855270E+01,    0.1360212491101519816094623E+00,    0.7736637966605232341610332E-01,    0.5865486944409965819335895E-01,     75.81%
   -0.3451666666666666660745477E+01,    0.1362070674629298483448991E+00,    0.7743532483365923868579017E-01,    0.5877174262927060965910897E-01,     75.90%
   -0.3450000000000000177635684E+01,    0.1363883413829748703083311E+00,    0.7750435962022862723674876E-01,    0.5888398176274624307158234E-01,     75.98%
   -0.3448333333333333250436681E+01,    0.1365650923570246033644793E+00,    0.7757348417640987092713800E-01,    0.5899160818061473243734127E-01,     76.05%
   -0.3446666666666666767326888E+01,    0.1367373420025869978911004E+00,    0.7764269865315798213600829E-01,    0.5909464334942901575509211E-01,     76.11%
   -0.3445000000000000284217094E+01,    0.1369051120659364462195384E+00,    0.7771200320173451969729683E-01,    0.5919310886420192652224159E-01,     76.17%
   -0.3443333333333333357018091E+01,    0.1370684244201177126587510E+00,    0.7778139797370815788912779E-01,    0.5928702644640955476962318E-01,     76.22%
   -0.3441666666666666429819088E+01,    0.1372273010629576628360837E+00,    0.7785088312095540807877825E-01,    0.5937641794200225475730548E-01,     76.27%
   -0.3439999999999999946709295E+01,    0.1373817641150851254217002E+00,    0.7792045879566139587879547E-01,    0.5946130531942372954290477E-01,     76.31%
   -0.3438333333333333463599502E+01,    0.1375318358179580535693987E+00,    0.7799012515032054115859950E-01,    0.5954171066763751241079916E-01,     76.35%
   -0.3436666666666666536400498E+01,    0.1376775385318991795635668E+00,    0.7805988233773736295617596E-01,    0.5961765619416181660739085E-01,     76.37%
   -0.3435000000000000053290705E+01,    0.1378188947341392189827047E+00,    0.7812973051102703458958842E-01,    0.5968916422311218439311631E-01,     76.40%
   -0.3433333333333333570180912E+01,    0.1379559270168681517354514E+00,    0.7819966982361628571318590E-01,    0.5975625719325186602226552E-01,     76.41%
   -0.3431666666666666642981909E+01,    0.1380886580852943301689351E+00,    0.7826970042924408232920541E-01,    0.5981895765605024783972965E-01,     76.43%
   -0.3429999999999999715782906E+01,    0.1382171107557119138498081E+00,    0.7833982248196227904379896E-01,    0.5987728827374963480600911E-01,     76.43%
   -0.3428333333333333232673112E+01,    0.1383413079535757705951227E+00,    0.7841003613613638234536296E-01,    0.5993127181743938824975970E-01,     76.43%
   -0.3426666666666666749563319E+01,    0.1384612727115853425541303E+00,    0.7848034154644639714959453E-01,    0.5998093116513894540453578E-01,     76.43%
   -0.3424999999999999822364316E+01,    0.1385770281677756454730144E+00,    0.7855073886788749293330625E-01,    0.6002628929988815253970813E-01,     76.42%
   -0.3423333333333333339254523E+01,    0.1386885975636164280988538E+00,    0.7862122825577058660151408E-01,    0.6006736930784584149733973E-01,     76.40%
   -0.3421666666666666856144730E+01,    0.1387960042421206019458424E+00,    0.7869180986572334168815956E-01,    0.6010419437639726025768283E-01,     76.38%
   -0.3419999999999999928945726E+01,    0.1388992716459594434219582E+00,    0.7876248385369082061213675E-01,    0.6013678779226862280982147E-01,     76.35%
   -0.3418333333333333001746723E+01,    0.1389984233155863446729228E+00,    0.7883325037593608142216794E-01,    0.6016517293965026325075485E-01,     76.32%
   -0.3416666666666666962726140E+01,    0.1390934828873693074324791E+00,    0.7890410958904109373079905E-01,    0.6018937329832821370168006E-01,     76.28%
   -0.3415000000000000035527137E+01,    0.1391844740917312639449932E+00,    0.7897506164990750199272895E-01,    0.6020941244182376195226425E-01,     76.24%
   -0.3413333333333333108328134E+01,    0.1392714207512981139380770E+00,    0.7904610671575723612747311E-01,    0.6022531403554087781060389E-01,     76.19%
   -0.3411666666666666625218340E+01,    0.1393543467790561707353447E+00,    0.7911724494413334418663197E-01,    0.6023710183492282654871275E-01,     76.14%
   -0.3410000000000000142108547E+01,    0.1394332761765168515744051E+00,    0.7918847649290074175443266E-01,    0.6024479968361610981997245E-01,     76.08%
   -0.3408333333333333214909544E+01,    0.1395082330318899721532944E+00,    0.7925980152024703073720957E-01,    0.6024843151164294141608480E-01,     76.01%
   -0.3406666666666666731799751E+01,    0.1395792415182657286720769E+00,    0.7933122018468306835270454E-01,    0.6024802133358266031937234E-01,     75.94%
   -0.3405000000000000248689958E+01,    0.1396463258918044236800426E+00,    0.7940273264504396633078898E-01,    0.6024359324676045734925367E-01,     75.87%
   -0.3403333333333333321490954E+01,    0.1397095104899348516624968E+00,    0.7947433906048968765833962E-01,    0.6023517142944516400415722E-01,     75.79%
   -0.3401666666666666394291951E+01,    0.1397688197295612611004145E+00,    0.7954603959050583761314357E-01,    0.6022278013905542348727096E-01,     75.71%
   -0.3399999999999999911182158E+01,    0.1398242781052780048245410E+00,    0.7961783439490446867559115E-01,    0.6020644371037353614894982E-01,     75.62%
   -0.3398333333333333428072365E+01,    0.1398759101875935162428988E+00,    0.7968972363382482992921751E-01,    0.6018618655376868631368126E-01,     75.53%
   -0.3396666666666666500873362E+01,    0.1399237406211617518181356E+00,    0.7976170746773418585018334E-01,    0.6016203315342756596795226E-01,     75.43%
   -0.3395000000000000017763568E+01,    0.1399677941230230149294300E+00,    0.7983378605742842692993833E-01,    0.6013400806559458799949169E-01,     75.32%
   -0.3393333333333333534653775E+01,    0.1400080954808522737398135E+00,    0.7990595956403306887594340E-01,    0.6010213591681920486387014E-01,     75.22%
   -0.3391666666666666607454772E+01,    0.1400446695512168049368995E+00,    0.7997822814900387711212204E-01,    0.6006644140221292782477747E-01,     75.10%
   -0.3389999999999999680255769E+01,    0.1400775412578415257680575E+00,    0.8005059197412767169055314E-01,    0.6002694928371385407750438E-01,     74.99%
   -0.3388333333333333641235185E+01,    0.1401067355898836797045703E+00,    0.8012305120152303505864921E-01,    0.5998368438836064464592113E-01,     74.86%
   -0.3386666666666666714036182E+01,    0.1401322776002151271335094E+00,    0.8019560599364136677102977E-01,    0.5993667160657376036247967E-01,     74.74%
   -0.3384999999999999786837179E+01,    0.1401541924037138509007150E+00,    0.8026825651326734145651898E-01,    0.5988593589044650944419601E-01,     74.61%
   -0.3383333333333333303727386E+01,    0.1401725051755637330153093E+00,    0.8034100292351982475214101E-01,    0.5983150225204390826316825E-01,     74.47%
   -0.3381666666666666820617593E+01,    0.1401872411495625470045923E+00,    0.8041384538785273372596407E-01,    0.5977339576170981327862819E-01,     74.33%
   -0.3379999999999999893418590E+01,    0.1401984256164393871646467E+00,    0.8048678407005570301091524E-01,    0.5971164154638368415373151E-01,     74.19%
   -0.3378333333333333410308796E+01,    0.1402060839221795085496325E+00,    0.8055981913425495910541230E-01,    0.5964626478792454944422019E-01,     74.04%
   -0.3376666666666666927199003E+01,    0.1402102414663588259013949E+00,    0.8063295074491406977390540E-01,    0.5957729072144475612748948E-01,     73.89%
   -0.3375000000000000000000000E+01,    0.1402109237004862674069727E+00,    0.8070617906683480446972112E-01,    0.5950474463365146293725161E-01,     73.73%
   -0.3373333333333333072800997E+01,    0.1402081561263549824847274E+00,    0.8077950426515782822445289E-01,    0.5942865186119715426027454E-01,     73.57%
   -0.3371666666666666589691204E+01,    0.1402019642944023203323667E+00,    0.8085292650536357594859282E-01,    0.5934903778903874438377386E-01,     73.40%
   -0.3370000000000000106581410E+01,    0.1401923738020781629032285E+00,    0.8092644595327305734322465E-01,    0.5926592784880510556000388E-01,     73.23%
   -0.3368333333333333179382407E+01,    0.1401794102922219176221574E+00,    0.8100006277504866181171650E-01,    0.5917934751717325581044093E-01,     73.06%
   -0.3366666666666666696272614E+01,    0.1401630994514484196411530E+00,    0.8107377713719483847132352E-01,    0.5908932231425358116982949E-01,     72.88%
   -0.3365000000000000213162821E+01,    0.1401434670085421885232790E+00,    0.8114758920655915086506127E-01,    0.5899587780198303765821777E-01,     72.70%
   -0.3363333333333333285963818E+01,    0.1401205387328603169105889E+00,    0.8122149915033287370658144E-01,    0.5889903958252744320400751E-01,     72.52%
   -0.3361666666666666358764815E+01,    0.1400943404327442687318239E+00,    0.8129550713605188105859156E-01,    0.5879883329669238767323236E-01,     72.33%
   -0.3360000000000000319744231E+01,    0.1400648979539405036831567E+00,    0.8136961333159743736676006E-01,    0.5869528462234306631639669E-01,     72.13%
   -0.3358333333333333392545228E+01,    0.1400322371780287067366544E+00,    0.8144381790519712727149937E-01,    0.5858841927283157946515502E-01,     71.94%
   -0.3356666666666666465346225E+01,    0.1399963840208602594561427E+00,    0.8151812102542550786399289E-01,    0.5847826299543475159214978E-01,     71.74%
   -0.3354999999999999982236432E+01,    0.1399573644310044273630922E+00,    0.8159252286120501074240252E-01,    0.5836484156979941662068967E-01,     71.53%
   -0.3353333333333333499126638E+01,    0.1399152043882032903088231E+00,    0.8166702358180674692356149E-01,    0.5824818080639654338526157E-01,     71.32%
   -0.3351666666666666571927635E+01,    0.1398699299018354991197555E+00,    0.8174162335685146441033311E-01,    0.5812830654498403470942236E-01,     71.11%
   -0.3350000000000000088817842E+01,    0.1398215670093891083158866E+00,    0.8181632235631008942533526E-01,    0.5800524465307901889055131E-01,     70.90%
   -0.3348333333333333605708049E+01,    0.1397701417749423746794690E+00,    0.8189112075050480887838944E-01,    0.5787902102443756580107959E-01,     70.68%
   -0.3346666666666666678509046E+01,    0.1397156802876539927193988E+00,    0.8196601871010986140042576E-01,    0.5774966157754413131897309E-01,     70.46%
   -0.3344999999999999751310042E+01,    0.1396582086602615735415611E+00,    0.8204101640615225898844898E-01,    0.5761719225410931455311214E-01,     70.23%
   -0.3343333333333333268200249E+01,    0.1395977530275890610145240E+00,    0.8211611401001270293953382E-01,    0.5748163901757635807499014E-01,     70.00%
   -0.3341666666666666785090456E+01,    0.1395343395450626688969464E+00,    0.8219131169342640264030564E-01,    0.5734302785163626625664079E-01,     69.77%
   -0.3339999999999999857891453E+01,    0.1394679943872360605716665E+00,    0.8226660962848399150093570E-01,    0.5720138475875206907073078E-01,     69.53%
   -0.3338333333333333374781660E+01,    0.1393987437463235223855662E+00,    0.8234200798763223472231942E-01,    0.5705673575869128766324678E-01,     69.29%
   -0.3336666666666666891671866E+01,    0.1393266138307425461295708E+00,    0.8241750694367494523007167E-01,    0.5690910688706760089949910E-01,     69.05%
   -0.3334999999999999964472863E+01,    0.1392516308636645161467271E+00,    0.8249310666977389960852207E-01,    0.5675852419389061653820505E-01,     68.80%
   -0.3333333333333333037273860E+01,    0.1391738210815748333359920E+00,    0.8256880733944955974568103E-01,    0.5660501374212527359031100E-01,     68.55%
   -0.3331666666666666998253277E+01,    0.1390932107328411437840998E+00,    0.8264460912658191937829599E-01,    0.5644860160625922440580382E-01,     68.30%
   -0.3330000000000000071054274E+01,    0.1390098260762907544929590E+00,    0.8272051220541157268151267E-01,    0.5628931387087918181144630E-01,     68.05%
   -0.3328333333333333143855270E+01,    0.1389236933797964868020358E+00,    0.8279651675054031101375074E-01,    0.5612717662925617578828508E-01,     67.79%
   -0.3326666666666666660745477E+01,    0.1388348389188715503728133E+00,    0.8287262293693209436185043E-01,    0.5596221598193945601096289E-01,     67.53%
   -0.3325000000000000177635684E+01,    0.1387432889752727993570858E+00,    0.8294883093991393951949220E-01,    0.5579445803535885983759357E-01,     67.26%
   -0.3323333333333333250436681E+01,    0.1386490698356129813717530E+00,    0.8302514093517673887667740E-01,    0.5562392890043624249507559E-01,     67.00%
   -0.3321666666666666767326888E+01,    0.1385522077899818960133871E+00,    0.8310155309877610696478456E-01,    0.5545065469120578904860253E-01,     66.73%
   -0.3320000000000000284217094E+01,    0.1384527291305759355566352E+00,    0.8317806760713333802392810E-01,    0.5527466152344259753270705E-01,     66.45%
   -0.3318333333333333357018091E+01,    0.1383506601503362021254873E+00,    0.8325468463703616928128781E-01,    0.5509597551330003284419945E-01,     66.18%
   -0.3316666666666666429819088E+01,    0.1382460271415964225827366E+00,    0.8333140436563969688510412E-01,    0.5491462277595672569763252E-01,     65.90%
   -0.3314999999999999946709295E+01,    0.1381388563947379410912220E+00,    0.8340822697046723632752219E-01,    0.5473062942427070476369977E-01,     65.62%
   -0.3313333333333333463599502E+01,    0.1380291741968548979713205E+00,    0.8348515262941125225637506E-01,    0.5454402156744364571494543E-01,     65.33%
   -0.3311666666666666536400498E+01,    0.1379170068304274854309455E+00,    0.8356218152073421889802773E-01,    0.5435482530969326653291773E-01,     65.05%
   -0.3310000000000000053290705E+01,    0.1378023805720040295685891E+00,    0.8363931382306938333570656E-01,    0.5416306674893464623288253E-01,     64.76%
   -0.3308333333333333570180912E+01,    0.1376853216908915378269285E+00,    0.8371654971542186185473611E-01,    0.5396877197546967597219236E-01,     64.47%
   -0.3306666666666666642981909E+01,    0.1375658564478555445642627E+00,    0.8379388937716933383192952E-01,    0.5377196707068621073233317E-01,     64.17%
   -0.3304999999999999715782906E+01,    0.1374440110938282000319077E+00,    0.8387133298806302705852289E-01,    0.5357267810576517297338484E-01,     63.87%
   -0.3303333333333333232673112E+01,    0.1373198118686251856246372E+00,    0.8394888072822856428523153E-01,    0.5337093114039662133940567E-01,     63.58%
   -0.3301666666666666749563319E+01,    0.1371932849996715941820469E+00,    0.8402653277816692078960870E-01,    0.5316675222150467339243818E-01,     63.27%
   -0.3299999999999999822364316E+01,    0.1370644567007357206289697E+00,    0.8410428931875527092110190E-01,    0.5296016738198044970786782E-01,     62.97%
   -0.3298333333333333339254523E+01,    0.1369333531706727891119613E+00,    0.8418215053124783464610914E-01,    0.5275120263942495446585212E-01,     62.66%
   -0.3296666666666666856144730E+01,    0.1368000005921763129190794E+00,    0.8426011659727689062648892E-01,    0.5253988399489942229259043E-01,     62.35%
   -0.3294999999999999928945726E+01,    0.1366644251305384749617389E+00,    0.8433818769885363664240430E-01,    0.5232623743168483831933457E-01,     62.04%
   -0.3293333333333333001746723E+01,    0.1365266529324195843297929E+00,    0.8441636401836900838180355E-01,    0.5211028891405057594798933E-01,     61.73%
   -0.3291666666666666962726140E+01,    0.1363867101246254986968154E+00,    0.8449464573859467864114237E-01,    0.5189206438603082005567302E-01,     61.41%
   -0.3290000000000000035527137E+01,    0.1362446228128941505541860E+00,    0.8457303304268401489274254E-01,    0.5167158977021013566144347E-01,     61.10%
   -0.3288333333333333108328134E+01,    0.1361004170806908719626449E+00,    0.8465152611417281480754582E-01,    0.5144889096651805715509909E-01,     60.78%
   -0.3286666666666666625218340E+01,    0.1359541189880119904653810E+00,    0.8473012513698037484477510E-01,    0.5122399385103161562060592E-01,     60.46%
   -0.3285000000000000142108547E+01,    0.1358057545701972235185906E+00,    0.8480883029541035067477850E-01,    0.5099692427478687284381209E-01,     60.13%
   -0.3283333333333333214909544E+01,    0.1356553498367507326616277E+00,    0.8488764177415172862417592E-01,    0.5076770806259900403745178E-01,     59.81%
   -0.3281666666666666731799751E+01,    0.1355029307701710317157762E+00,    0.8496655975827957507640065E-01,    0.5053637101189145663937552E-01,     59.48%
   -0.3280000000000000248689958E+01,    0.1353485233247889440999501E+00,    0.8504558443325621608366305E-01,    0.5030293889153272801628702E-01,     59.15%
   -0.3278333333333333321490954E+01,    0.1351921534256147749974986E+00,    0.8512471598493197288970435E-01,    0.5006743744068280210779420E-01,     58.82%
   -0.3276666666666666394291951E+01,    0.1350338469671939212179979E+00,    0.8520395459954616113051884E-01,    0.4982989236764776008747901E-01,     58.48%
   -0.3274999999999999911182158E+01,    0.1348736298124706411982743E+00,    0.8528330046372795125719790E-01,    0.4959032934874268994107638E-01,     58.15%
   -0.3273333333333333428072365E+01,    0.1347115277916612341435609E+00,    0.8536275376449743712559126E-01,    0.4934877402716379701796967E-01,     57.81%
   -0.3271666666666666500873362E+01,    0.1345475667011349629742512E+00,    0.8544231468926648254136325E-01,    0.4910525201186848043288791E-01,     57.47%
   -0.3270000000000000017763568E+01,    0.1343817723023041643681807E+00,    0.8552198342583960943841248E-01,    0.4885978887646455492976827E-01,     57.13%
   -0.3268333333333333534653775E+01,    0.1342141703205225466977168E+00,    0.8560176016241506646853310E-01,    0.4861241015810748022918375E-01,     56.79%
   -0.3266666666666666607454772E+01,    0.1340447864439922864843169E+00,    0.8568164508758567554647101E-01,    0.4836314135640661093784587E-01,     56.45%
   -0.3264999999999999680255769E+01,    0.1338736463226794237701966E+00,    0.8576163839033981717285826E-01,    0.4811200793233960659733839E-01,     56.10%
   -0.3263333333333333641235185E+01,    0.1337007755672383058076491E+00,    0.8584174026006230473484493E-01,    0.4785903530717600107280418E-01,     55.75%
   -0.3261666666666666714036182E+01,    0.1335261997479433027091744E+00,    0.8592195088653552248469936E-01,    0.4760424886140778022447506E-01,     55.40%
   -0.3259999999999999786837179E+01,    0.1333499443936309869496171E+00,    0.8600227045994014718477416E-01,    0.4734767393369083976484291E-01,     55.05%
   -0.3258333333333333303727386E+01,    0.1331720349906488909397240E+00,    0.8608269917085623057495525E-01,    0.4708933581979266036476872E-01,     54.70%
   -0.3256666666666666820617593E+01,    0.1329924969818139235400167E+00,    0.8616323721026412918444493E-01,    0.4682925977154979435557181E-01,     54.35%
   -0.3254999999999999893418590E+01,    0.1328113557653788079360169E+00,    0.8624388476954555904363531E-01,    0.4656747099583324889238156E-01,     54.00%
   -0.3253333333333333410308796E+01,    0.1326286366940072625197899E+00,    0.8632464204048433120686212E-01,    0.4630399465352293131292782E-01,     53.64%
   -0.3251666666666666927199003E+01,    0.1324443650737571476216914E+00,    0.8640550921526755911994400E-01,    0.4603885585848958850174739E-01,     53.28%
   -0.3250000000000000000000000E+01,    0.1322585661630725495374605E+00,    0.8648648648648649128745092E-01,    0.4577207967658605825000961E-01,     52.92%
   -0.3248333333333333072800997E+01,    0.1320712651717842189835750E+00,    0.8656757404713749659563859E-01,    0.4550369112464672238793639E-01,     52.56%
   -0.3246666666666666589691204E+01,    0.1318824872601180309139579E+00,    0.8664877209062306351317062E-01,    0.4523371516949496740078729E-01,     52.20%
   -0.3245000000000000106581410E+01,    0.1316922575377122150985798E+00,    0.8673008081075279929184063E-01,    0.4496217672695941580673917E-01,     51.84%
   -0.3243333333333333179382407E+01,    0.1315006010626428301080182E+00,    0.8681150040174434590056762E-01,    0.4468910066089848420745057E-01,     51.48%
   -0.3241666666666666696272614E+01,    0.1313075428404578692820337E+00,    0.8689303105822436534833031E-01,    0.4441451178223350393370339E-01,     51.11%
   -0.3240000000000000213162821E+01,    0.1311131078232191382593186E+00,    0.8697467297522959439604051E-01,    0.4413843484798954386327807E-01,     50.75%
   -0.3238333333333333285963818E+01,    0.1309173209085530698025934E+00,    0.8705642634820781600168971E-01,    0.4386089456034525380090372E-01,     50.38%
   -0.3236666666666666358764815E+01,    0.1307202069387097542740861E+00,    0.8713829137301870586540531E-01,    0.4358191556569104840868079E-01,     50.01%
   -0.3235000000000000319744231E+01,    0.1305217906996299082056368E+00,    0.8722026824593497040805090E-01,    0.4330152245369493779758585E-01,     49.65%
   -0.3233333333333333392545228E+01,    0.1303220969200203083193657E+00,    0.8730235716364341536088745E-01,    0.4301973975637689295847821E-01,     49.28%
   -0.3231666666666666465346225E+01,    0.1301211502704381073325379E+00,    0.8738455832324568128832709E-01,    0.4273659194719242604421083E-01,     48.91%
   -0.3229999999999999982236432E+01,    0.1299189753623825327455421E+00,    0.8746687192225943707768465E-01,    0.4245210344012309566785746E-01,     48.54%
   -0.3228333333333333499126638E+01,    0.1297155967473952176138852E+00,    0.8754929815861937913989976E-01,    0.4216629858877583847398540E-01,     48.16%
   -0.3226666666666666571927635E+01,    0.1295110389161690522819015E+00,    0.8763183723067816122132001E-01,    0.4187920168549089106058148E-01,     47.79%
   -0.3225000000000000088817842E+01,    0.1293053262976647521664830E+00,    0.8771448933720739360442309E-01,    0.4159083696045735856205994E-01,     47.42%
   -0.3223333333333333605708049E+01,    0.1290984832582360575248259E+00,    0.8779725467739872557526581E-01,    0.4130122858083733194956011E-01,     47.04%
   -0.3221666666666666678509046E+01,    0.1288905341007626492721982E+00,    0.8788013345086488625756971E-01,    0.4101040064989776301462854E-01,     46.67%
   -0.3219999999999999751310042E+01,    0.1286815030637919743394804E+00,    0.8796312585764048952441385E-01,    0.4071837720615148481506651E-01,     46.29%
   -0.3218333333333333268200249E+01,    0.1284714143206886205472728E+00,    0.8804623209818329687692540E-01,    0.4042518222250532367034737E-01,     45.91%
   -0.3216666666666666785090456E+01,    0.1282602919787917128413568E+00,    0.8812945237337511950048707E-01,    0.4013083960541659334086972E-01,     45.54%
   -0.3214999999999999857891453E+01,    0.1280481600785810802900500E+00,    0.8821278688452285909882278E-01,    0.3983537319405822119122718E-01,     45.16%
   -0.3213333333333333374781660E+01,    0.1278350425928513334206116E+00,    0.8829623583335949321693192E-01,    0.3953880675949184020367966E-01,     44.78%
   -0.3211666666666666891671866E+01,    0.1276209634258934910722161E+00,    0.8837979942204521321968969E-01,    0.3924116400384827785252639E-01,     44.40%
   -0.3209999999999999964472863E+01,    0.1274059464126851837217913E+00,    0.8846347785316831247026670E-01,    0.3894246855951687125152461E-01,     44.02%
   -0.3208333333333333037273860E+01,    0.1271900153180891279713904E+00,    0.8854727132974636594209272E-01,    0.3864274398834276202929772E-01,     43.64%
   -0.3206666666666666998253277E+01,    0.1269731938360590672854045E+00,    0.8863118005522704900833730E-01,    0.3834201378083201827706716E-01,     43.26%
   -0.3205000000000000071054274E+01,    0.1267555055888538173558544E+00,    0.8871520423348953909847836E-01,    0.3804030135536427825737604E-01,     42.88%
   -0.3203333333333333143855270E+01,    0.1265369741262600544740025E+00,    0.8879934406884515407654135E-01,    0.3773763005741490039746111E-01,     42.50%
   -0.3201666666666666660745477E+01,    0.1263176229248221538181696E+00,    0.8888359976603861511978977E-01,    0.3743402315878353869837980E-01,     42.12%
   -0.3200000000000000177635684E+01,    0.1260974753870803821698132E+00,    0.8896797153024910143059856E-01,    0.3712950385683128073921466E-01,     41.73%
   -0.3198333333333333250436681E+01,    0.1258765548408169732130801E+00,    0.8905245956709124943717626E-01,    0.3682409527372572377590387E-01,     41.35%
   -0.3196666666666666767326888E+01,    0.1256548845383108348183754E+00,    0.8913706408261619362765060E-01,    0.3651782045569464119072478E-01,     40.97%
   -0.3195000000000000284217094E+01,    0.1254324876555985290860207E+00,    0.8922178528331262126194190E-01,    0.3621070237228590782407878E-01,     40.59%
   -0.3193333333333333357018091E+01,    0.1252093872917450778636805E+00,    0.8930662337610789647257548E-01,    0.3590276391563718139110506E-01,     40.20%
   -0.3191666666666666429819088E+01,    0.1249856064681210826572411E+00,    0.8939157856836904558761603E-01,    0.3559402789975203706962503E-01,     39.82%
   -0.3189999999999999946709295E+01,    0.1247611681276889206149150E+00,    0.8947665106790382572032883E-01,    0.3528451705978509489458617E-01,     39.43%
   -0.3188333333333333463599502E+01,    0.1245360951342955463383433E+00,    0.8956184108296187662556775E-01,    0.3497425405133366971277553E-01,     39.05%
   -0.3186666666666666536400498E+01,    0.1243104102719741060889547E+00,    0.8964714882223569214492187E-01,    0.3466326144973841394403280E-01,     38.67%
   -0.3185000000000000053290705E+01,    0.1240841362442533651888610E+00,    0.8973257449486168879637660E-01,    0.3435156174939167639248438E-01,     38.28%
   -0.3183333333333333570180912E+01,    0.1238572956734739077822027E+00,    0.8981811831042138538627739E-01,    0.3403917736305252239592534E-01,     37.90%
   -0.3181666666666666642981909E+01,    0.1236299111001128853137843E+00,    0.8990378047894241608783972E-01,    0.3372613062117046922594454E-01,     37.51%
   -0.3179999999999999715782906E+01,    0.1234020049821168280024253E+00,    0.8998956121089955739744681E-01,    0.3341244377121727060497847E-01,     37.13%
   -0.3178333333333333232673112E+01,    0.1231735996942413119414894E+00,    0.9007546071721585223546214E-01,    0.3309813897702545970602728E-01,     36.74%
   -0.3176666666666666749563319E+01,    0.1229447175273985920496145E+00,    0.9016147920926378955819303E-01,    0.3278323831813480249142145E-01,     36.36%
   -0.3174999999999999822364316E+01,    0.1227153806880132425050078E+00,    0.9024761689886626192524943E-01,    0.3246776378914698057975841E-01,     35.98%
   -0.3173333333333333339254523E+01,    0.1224856112973854299630361E+00,    0.9033387399829770347814417E-01,    0.3215173729908772648489190E-01,     35.59%
   -0.3171666666666666856144730E+01,    0.1222554313910612228122332E+00,    0.9042025072028520016331754E-01,    0.3183518067077602264891567E-01,     35.21%
   -0.3169999999999999928945726E+01,    0.1220248629182111299584790E+00,    0.9050674727800957219958633E-01,    0.3151811564020155775889265E-01,     34.82%
   -0.3168333333333333001746723E+01,    0.1217939277410159670811396E+00,    0.9059336388510649817895626E-01,    0.3120056385590946890218333E-01,     34.44%
   -0.3166666666666666962726140E+01,    0.1215626476340608136395005E+00,    0.9068010075566748651176852E-01,    0.3088254687839332712773199E-01,     34.06%
   -0.3165000000000000035527137E+01,    0.1213310442837348956945931E+00,    0.9076695810424131871663178E-01,    0.3056408617949357697796131E-01,     33.67%
   -0.3163333333333333108328134E+01,    0.1210991392876415023716064E+00,    0.9085393614583471555423699E-01,    0.3024520314180678681736936E-01,     33.29%
   -0.3161666666666666625218340E+01,    0.1208669541540133146595437E+00,    0.9094103509591373868392594E-01,    0.2992591905809957597561777E-01,     32.91%
   -0.3160000000000000142108547E+01,    0.1206345103011359498612620E+00,    0.9102825517040488700892809E-01,    0.2960625513073106285233393E-01,     32.52%
   -0.3158333333333333214909544E+01,    0.1204018290567791943379561E+00,    0.9111559658569612363265833E-01,    0.2928623247108307070529776E-01,     32.14%
   -0.3156666666666666731799751E+01,    0.1201689316576355776033935E+00,    0.9120305955863799995952945E-01,    0.2896587209899757764386408E-01,     31.76%
   -0.3155000000000000248689958E+01,    0.1199358392487659269454170E+00,    0.9129064430654484918470359E-01,    0.2864519494222107776071340E-01,     31.38%
   -0.3153333333333333321490954E+01,    0.1197025728830526936086187E+00,    0.9137835104719591039490467E-01,    0.2832422183585678321371404E-01,     31.00%
   -0.3151666666666666394291951E+01,    0.1194691535206608978825216E+00,    0.9146617999883635552471617E-01,    0.2800297352182454235780540E-01,     30.62%
   -0.3149999999999999911182158E+01,    0.1192356020285058881835738E+00,    0.9155413138017853835748383E-01,    0.2768147064832734982608997E-01,     30.24%
   -0.3148333333333333428072365E+01,    0.1190019391797286357759234E+00,    0.9164220541040307699276468E-01,    0.2735973376932555878315867E-01,     29.85%
   -0.3146666666666666500873362E+01,    0.1187681856531783708419425E+00,    0.9173040230915999182492726E-01,    0.2703778334401837901701526E-01,     29.48%
   -0.3145000000000000017763568E+01,    0.1185343620329026848025933E+00,    0.9181872229656987127732748E-01,    0.2671563973633281352526581E-01,     29.10%
   -0.3143333333333333534653775E+01,    0.1183004888076444882649696E+00,    0.9190716559322499590312106E-01,    0.2639332321441949236184854E-01,     28.72%
   -0.3141666666666666607454772E+01,    0.1180665863703462964418023E+00,    0.9199573242019050411943937E-01,    0.2607085395015579232236291E-01,     28.34%
   -0.3139999999999999680255769E+01,    0.1178326750176622722543485E+00,    0.9208442299900550243041408E-01,    0.2574825201865676982393438E-01,     27.96%
   -0.3138333333333333641235185E+01,    0.1175987749494768058733385E+00,    0.9217323755168420340577740E-01,    0.2542553739779260246756110E-01,     27.58%
   -0.3136666666666666714036182E+01,    0.1173649062684299915204633E+00,    0.9226217630071728570406719E-01,    0.2510272996771270581639612E-01,     27.21%
   -0.3134999999999999786837179E+01,    0.1171310889794516807427271E+00,    0.9235123946907274061768334E-01,    0.2477984951037894012504381E-01,     26.83%
   -0.3133333333333333303727386E+01,    0.1168973429893010868019232E+00,    0.9244042728019720434051720E-01,    0.2445691570910388246140599E-01,     26.46%
   -0.3131666666666666820617593E+01,    0.1166636881061139940918281E+00,    0.9252973995801719309106659E-01,    0.2413394814809680100076150E-01,     26.08%
   -0.3129999999999999893418590E+01,    0.1164301440389575725831151E+00,    0.9261917772694014394652129E-01,    0.2381096631201742863659376E-01,     25.71%
   -0.3128333333333333410308796E+01,    0.1161967303973916315618098E+00,    0.9270874081185559445472677E-01,    0.2348798958553603710708302E-01,     25.34%
   -0.3126666666666666927199003E+01,    0.1159634666910369094061650E+00,    0.9279842943813643163508686E-01,    0.2316503725290047777107816E-01,     24.96%
   -0.3125000000000000000000000E+01,    0.1157303723291506214465585E+00,    0.9288824383164005771273963E-01,    0.2284212849751056373381886E-01,     24.59%
   -0.3123333333333333072800997E+01,    0.1154974666202091132527485E+00,    0.9297818421870950034158199E-01,    0.2251928240149961291116654E-01,     24.22%
   -0.3121666666666666589691204E+01,    0.1152647687714970087258237E+00,    0.9306825082617461997180897E-01,    0.2219651794532238875401475E-01,     23.85%
   -0.3120000000000000106581410E+01,    0.1150322978887033387174199E+00,    0.9315844388135340048417987E-01,    0.2187385400734993823324004E-01,     23.48%
   -0.3118333333333333179382407E+01,    0.1148000729755249971208997E+00,    0.9324876361205303165746727E-01,    0.2155130936347196546343241E-01,     23.11%
   -0.3116666666666666696272614E+01,    0.1145681129332769554451943E+00,    0.9333921024657107490263286E-01,    0.2122890268670588054256143E-01,     22.74%
   -0.3115000000000000213162821E+01,    0.1143364365605086807597957E+00,    0.9342978401369679553045700E-01,    0.2090665254681188522933866E-01,     22.38%
   -0.3113333333333333285963818E+01,    0.1141050625526281447896793E+00,    0.9352048514271225909677554E-01,    0.2058457740991588569290371E-01,     22.01%
   -0.3111666666666666358764815E+01,    0.1138740095015325776151016E+00,    0.9361131386339353877001912E-01,    0.2026269563813903884508250E-01,     21.65%
   -0.3110000000000000319744231E+01,    0.1136432958952455635204259E+00,    0.9370227040601192269875241E-01,    0.1994102548923364082167353E-01,     21.28%
   -0.3108333333333333392545228E+01,    0.1134129401175608675700346E+00,    0.9379335500133526015709151E-01,    0.1961958511622560741294308E-01,     20.92%
   -0.3106666666666666465346225E+01,    0.1131829604476937145562943E+00,    0.9388456788062891911206265E-01,    0.1929839256706479544423161E-01,     20.56%
   -0.3104999999999999982236432E+01,    0.1129533750599380492740664E+00,    0.9397590927565718788017080E-01,    0.1897746578428086139389563E-01,     20.19%
   -0.3103333333333333499126638E+01,    0.1127242020233305830334558E+00,    0.9406737941868449637272676E-01,    0.1865682260464608666072905E-01,     19.83%
   -0.3101666666666666571927635E+01,    0.1124954593013216541663724E+00,    0.9415897854247656795223520E-01,    0.1833648075884508621413715E-01,     19.47%
   -0.3100000000000000088817842E+01,    0.1122671647514529025269070E+00,    0.9425070688030158516657053E-01,    0.1801645787115131736033646E-01,     19.12%
   -0.3098333333333333605708049E+01,    0.1120393361250409391960403E+00,    0.9434256466593164691669671E-01,    0.1769677145910929227934361E-01,     18.76%
   -0.3096666666666666678509046E+01,    0.1118119910668681493692844E+00,    0.9443455213364378153517720E-01,    0.1737743893322436783410723E-01,     18.40%
   -0.3094999999999999751310042E+01,    0.1115851471148798651489287E+00,    0.9452666951822120966486551E-01,    0.1705847759665865548406316E-01,     18.05%
   -0.3093333333333333268200249E+01,    0.1113588216998880331409794E+00,    0.9461891705495467652653474E-01,    0.1673990464493335661444462E-01,     17.69%
   -0.3091666666666666785090456E+01,    0.1111330321452810576676740E+00,    0.9471129497964363153084122E-01,    0.1642173716563742613683274E-01,     17.34%
   -0.3089999999999999857891453E+01,    0.1109077956667408881852310E+00,    0.9480380352859757442374189E-01,    0.1610399213814331376148914E-01,     16.99%
   -0.3088333333333333374781660E+01,    0.1106831293719658521057525E+00,    0.9489644293863706836500427E-01,    0.1578668643332878374074824E-01,     16.64%
   -0.3086666666666666891671866E+01,    0.1104590502603999963016079E+00,    0.9498921344709522485150188E-01,    0.1546983681330477145010605E-01,     16.29%
   -0.3084999999999999964472863E+01,    0.1102355752229692564814201E+00,    0.9508211529181889720696574E-01,    0.1515345993115035927445433E-01,     15.94%
   -0.3083333333333333037273860E+01,    0.1100127210418235940148080E+00,    0.9517514871116987407173582E-01,    0.1483757233065371994307213E-01,     15.59%
   -0.3081666666666666998253277E+01,    0.1097905043900855165395214E+00,    0.9526831394402614228145154E-01,    0.1452219044605937425806985E-01,     15.24%
   -0.3080000000000000071054274E+01,    0.1095689418316046492840599E+00,    0.9536161122978334403477163E-01,    0.1420733060182130524928823E-01,     14.90%
   -0.3078333333333333143855270E+01,    0.1093480498207196616178294E+00,    0.9545504080835572058294503E-01,    0.1389300901236394103488436E-01,     14.55%
   -0.3076666666666666660745477E+01,    0.1091278447020250091936688E+00,    0.9554860292017763878646974E-01,    0.1357924178184737040719909E-01,     14.21%
   -0.3075000000000000177635684E+01,    0.1089083427101448231510972E+00,    0.9564229780620478460484435E-01,    0.1326604490394003854625282E-01,     13.87%
   -0.3073333333333333250436681E+01,    0.1086895599695127528905303E+00,    0.9573612570791546760862190E-01,    0.1295343426159728528190840E-01,     13.53%
   -0.3071666666666666767326888E+01,    0.1084715124941580954853748E+00,    0.9583008686731180059137358E-01,    0.1264142562684629489400123E-01,     13.19%
   -0.3070000000000000284217094E+01,    0.1082542161874977815205767E+00,    0.9592418152692111510404516E-01,    0.1233003466057666641653157E-01,     12.85%
   -0.3068333333333333357018091E+01,    0.1080376868421347863469251E+00,    0.9601840992979721045585961E-01,    0.1201927691233757589106546E-01,     12.52%
   -0.3066666666666666429819088E+01,    0.1078219401396625781730521E+00,    0.9611277231952157495964428E-01,    0.1170916782014100321340777E-01,     12.18%
   -0.3064999999999999946709295E+01,    0.1076069916504756029951295E+00,    0.9620726894020477371061162E-01,    0.1139972271027082928451790E-01,     11.85%
   -0.3063333333333333463599502E+01,    0.1073928568335856259530203E+00,    0.9630190003648771146504970E-01,    0.1109095679709791448797063E-01,     11.52%
   -0.3061666666666666536400498E+01,    0.1071795510364443315687311E+00,    0.9639666585354293715237617E-01,    0.1078288518290139441635489E-01,     11.19%
   -0.3060000000000000053290705E+01,    0.1069670894947720579670758E+00,    0.9649156663707592063161655E-01,    0.1047552285769613733545924E-01,     10.86%
   -0.3058333333333333570180912E+01,    0.1067554873323920267003118E+00,    0.9658660263332638495903382E-01,    0.1016888469906564174127794E-01,     10.53%
   -0.3056666666666666642981909E+01,    0.1065447595610707481883495E+00,    0.9668177408906969416690913E-01,    0.9862985472001054021440325E-02,     10.20%
   -0.3054999999999999715782906E+01,    0.1063349210803645611411739E+00,    0.9677708125161801899771774E-01,    0.9557839828746542143456111E-02,      9.88%
   -0.3053333333333333232673112E+01,    0.1061259866774717369741765E+00,    0.9687252436882169692733413E-01,    0.9253462308650040046842378E-02,      9.55%
   -0.3051666666666666749563319E+01,    0.1059179710270903990165792E+00,    0.9696810368907068933275184E-01,    0.8949867338019709683827330E-02,      9.23%
   -0.3049999999999999822364316E+01,    0.1057108886912825201909172E+00,    0.9706381946129581661519836E-01,    0.8647069229986703575718821E-02,      8.91%
   -0.3048333333333333339254523E+01,    0.1055047541193437216078266E+00,    0.9715967193496993781209881E-01,    0.8345082184373783795727775E-02,      8.59%
   -0.3046666666666666856144730E+01,    0.1052995816476784418647128E+00,    0.9725566136010960205382503E-01,    0.8043920287568839810887766E-02,      8.27%
   -0.3044999999999999928945726E+01,    0.1050953854996813791045085E+00,    0.9735178798727613103114464E-01,    0.7743597512405248073363850E-02,      7.95%
   -0.3043333333333333001746723E+01,    0.1048921797856242621449496E+00,    0.9744805206757699289621399E-01,    0.7444127718047269248735631E-02,      7.64%
   -0.3041666666666666962726140E+01,    0.1046899785025487000789113E+00,    0.9754445385266721779693455E-01,    0.7145524649881482281976730E-02,      7.33%
   -0.3040000000000000035527137E+01,    0.1044887955341638058337494E+00,    0.9764099359475081341130931E-01,    0.6847801939412992422440141E-02,      7.01%
   -0.3038333333333333108328134E+01,    0.1042886446507508557690613E+00,    0.9773767154658193068161864E-01,    0.6550973104168925087442688E-02,      6.70%
   -0.3036666666666666625218340E+01,    0.1040895395090724040443320E+00,    0.9783448796146626547098890E-01,    0.6255051547606138573343060E-02,      6.39%
   -0.3035000000000000142108547E+01,    0.1038914936522873505575504E+00,    0.9793144309326255736447564E-01,    0.5960050559024793193074743E-02,      6.09%
   -0.3033333333333333214909544E+01,    0.1036945205098714628544343E+00,    0.9802853719638383866996634E-01,    0.5665983313487624184467961E-02,      5.78%
   -0.3031666666666666731799751E+01,    0.1034986333975440042642902E+00,    0.9812577052579876668580994E-01,    0.5372862871745237578480214E-02,      5.48%
   -0.3030000000000000248689958E+01,    0.1033038455171987335390327E+00,    0.9822314333703306699074886E-01,    0.5080702180165666548283809E-02,      5.17%
   -0.3028333333333333321490954E+01,    0.1031101699568414270524741E+00,    0.9832065588617089346712419E-01,    0.4789514070670533585349915E-02,      4.87%
   -0.3026666666666666394291951E+01,    0.1029176196905323692476486E+00,    0.9841830842985620220186860E-01,    0.4499311260676167045780005E-02,      4.57%
   -0.3024999999999999911182158E+01,    0.1027262075783342692991695E+00,    0.9851610122529401436519692E-01,    0.4210106353040254933972619E-02,      4.27%
   -0.3023333333333333428072365E+01,    0.1025359463662654513349537E+00,    0.9861403453025205378956741E-01,    0.3921911836013397545386283E-02,      3.98%
   -0.3021666666666666500873362E+01,    0.1023468486862587067953712E+00,    0.9871210860306189882606986E-01,    0.3634740083196807969301290E-02,      3.68%
   -0.3020000000000000017763568E+01,    0.1021589270561255730074279E+00,    0.9881032370262045338993318E-01,    0.3348603353505119617494756E-02,      3.39%
   -0.3018333333333333534653775E+01,    0.1019721938795250526510472E+00,    0.9890868008839139025045739E-01,    0.3063513791133662400589799E-02,      3.10%
   -0.3016666666666666607454772E+01,    0.1017866614459386198632274E+00,    0.9900717802040649717643106E-01,    0.2779483425532122686796299E-02,      2.81%
   -0.3014999999999999680255769E+01,    0.1016023419306500558123574E+00,    0.9910581775926702308154859E-01,    0.2496524171383032730808793E-02,      2.52%
   -0.3013333333333333641235185E+01,    0.1014192473947305855874745E+00,    0.9920459956614520458106909E-01,    0.2214647828585381006405441E-02,      2.23%
   -0.3011666666666666714036182E+01,    0.1012373897850284837351964E+00,    0.9930352370278565377059721E-01,    0.1933866082242829964599196E-02,      1.95%
   -0.3009999999999999786837179E+01,    0.1010567809341653688903762E+00,    0.9940259043150666273813698E-01,    0.1654190502658706152239176E-02,      1.66%
   -0.3008333333333333303727386E+01,    0.1008774325605362315316782E+00,    0.9950180001520166073181173E-01,    0.1375632545334570799866469E-02,      1.38%
   -0.3006666666666666820617593E+01,    0.1006993562683150961190037E+00,    0.9960115271734076847209849E-01,    0.1098203550974327646905238E-02,      1.10%
   -0.3004999999999999893418590E+01,    0.1005225635474656653567394E+00,    0.9970064880197207490830635E-01,    0.8219147454935904484329967E-03,      0.82%
   -0.3003333333333333410308796E+01,    0.1003470657737575294499166E+00,    0.9980028853372306663072067E-01,    0.5467772400344628191959373E-03,      0.55%
   -0.3001666666666666927199003E+01,    0.1001728742087863582854723E+00,    0.9990007217780212667168627E-01,    0.2728020309842316137860507E-03,      0.27%
   -0.3000000000000000000000000E+01,    0.1000000000000000055511151E+00,    0.1000000000000000055511151E+00,    0.0000000000000000000000000E+00,      0.00%
   -0.2998333333333333516890207E+01,    0.9982845418072920640195633E-01,    0.1001000722666910563996012E+00,   -0.2716180859618499976448902E-03,     -0.27%
   -0.2996666666666666589691204E+01,    0.9965824767022318786402479E-01,    0.1002002892448349558041087E+00,   -0.5420415746117679400839506E-03,     -0.54%
   -0.2995000000000000106581410E+01,    0.9948939127369019197466571E-01,    0.1003006512019779111755113E+00,   -0.8112599282877192008456291E-03,     -0.81%
   -0.2993333333333333179382407E+01,    0.9932189568234309207106492E-01,    0.1004011584062543260831291E+00,   -0.1079262723911234012064142E-02,     -1.07%
   -0.2991666666666666696272614E+01,    0.9915577147344960262653757E-01,    0.1005018111263880076222677E+00,   -0.1346039652938404995730082E-02,     -1.34%
   -0.2990000000000000213162821E+01,    0.9899102911038729080139831E-01,    0.1006026096316938317487555E+00,   -0.1611580521306540947357178E-02,     -1.60%
   -0.2988333333333333285963818E+01,    0.9882767894270366726416910E-01,    0.1007035541920791726910878E+00,   -0.1875875249375505426918664E-02,     -1.86%
   -0.2986666666666666802854024E+01,    0.9866573120618092607170269E-01,    0.1008046450780451797069048E+00,   -0.2138913871864253635202147E-02,     -2.12%
   -0.2984999999999999875655021E+01,    0.9850519602290498666352647E-01,    0.1009058825606885950731950E+00,   -0.2400686537783608409668545E-02,     -2.38%
   -0.2983333333333333392545228E+01,    0.9834608340134017023803636E-01,    0.1010072669117028226759558E+00,   -0.2661183510362652437919451E-02,     -2.63%
   -0.2981666666666666465346225E+01,    0.9818840323640752598688408E-01,    0.1011087984033797460003967E+00,   -0.2920395166972220013512640E-02,     -2.89%
   -0.2979999999999999982236432E+01,    0.9803216530956859742218512E-01,    0.1012104773086109910096297E+00,   -0.3178311999042393587444622E-02,     -3.14%
   -0.2978333333333333499126638E+01,    0.9787737928891349081794715E-01,    0.1013123039008895359680551E+00,   -0.3434924611976045150107950E-02,     -3.39%
   -0.2976666666666666571927635E+01,    0.9772405472925321801014320E-01,    0.1014142784543111963646567E+00,   -0.3690223725057978354513466E-02,     -3.64%
   -0.2975000000000000088817842E+01,    0.9757220107221757643412019E-01,    0.1015164012435759016694803E+00,   -0.3944200171358325235360098E-02,     -3.89%
   -0.2973333333333333161618839E+01,    0.9742182764635637370886911E-01,    0.1016186725439895965905635E+00,   -0.4196844897633222881694337E-02,     -4.13%
   -0.2971666666666666678509046E+01,    0.9727294366724606455854030E-01,    0.1017210926314653235413843E+00,   -0.4448148964219258982843996E-02,     -4.37%
   -0.2970000000000000195399252E+01,    0.9712555823760037065905948E-01,    0.1018236617825249989977010E+00,   -0.4698103544924628338641526E-02,     -4.61%
   -0.2968333333333333268200249E+01,    0.9697968034738557729923514E-01,    0.1019263802743008845430595E+00,   -0.4946699926915307243824316E-02,     -4.85%
   -0.2966666666666666785090456E+01,    0.9683531887394039583405458E-01,    0.1020292483845368913808471E+00,   -0.5193929510596495546792539E-02,     -5.09%
   -0.2964999999999999857891453E+01,    0.9669248258209964252962720E-01,    0.1021322663915904399578594E+00,   -0.5439783809490797428232156E-02,     -5.33%
   -0.2963333333333333374781660E+01,    0.9655118012432320484528248E-01,    0.1022354345744336395762630E+00,   -0.5684254450110434730980558E-02,     -5.56%
   -0.2961666666666666447582656E+01,    0.9641142004082826899580283E-01,    0.1023387532126551063837994E+00,   -0.5927333171826837387996534E-02,     -5.79%
   -0.2959999999999999964472863E+01,    0.9627321075972691821753813E-01,    0.1024422225864612401302622E+00,   -0.6169011826734321912724113E-02,     -6.02%
   -0.2958333333333333481363070E+01,    0.9613656059716725599262332E-01,    0.1025458429766779311353986E+00,   -0.6409282379510675142775256E-02,     -6.25%
   -0.2956666666666666554164067E+01,    0.9600147775747901179865806E-01,    0.1026496146647520729677794E+00,   -0.6648136907273061169121320E-02,     -6.48%
   -0.2955000000000000071054274E+01,    0.9586797033332372652836284E-01,    0.1027535379327529502235805E+00,   -0.6885567599429223695217672E-02,     -6.70%
   -0.2953333333333333143855270E+01,    0.9573604630584849062291397E-01,    0.1028576130633740148834221E+00,   -0.7121566757525524260508121E-02,     -6.92%
   -0.2951666666666666660745477E+01,    0.9560571354484451167543568E-01,    0.1029618403399342324577859E+00,   -0.7356126795089720782350184E-02,     -7.14%
   -0.2950000000000000177635684E+01,    0.9547697980890927638153443E-01,    0.1030662200463797889549156E+00,   -0.7589240237470512573381143E-02,     -7.36%
   -0.2948333333333333250436681E+01,    0.9534985274561313950414387E-01,    0.1031707524672855619263245E+00,   -0.7820899721672422422180659E-02,     -7.58%
   -0.2946666666666666767326888E+01,    0.9522433989167007617471228E-01,    0.1032754378878566331456668E+00,   -0.8051097996186556970954484E-02,     -7.80%
   -0.2944999999999999840127884E+01,    0.9510044867311220895267354E-01,    0.1033802765939300372100007E+00,   -0.8279827920817828257327164E-02,     -8.01%
   -0.2943333333333333357018091E+01,    0.9497818640546863699913871E-01,    0.1034852688719760660518432E+00,   -0.8507082466507429052704481E-02,     -8.22%
   -0.2941666666666666873908298E+01,    0.9485756029394797061993216E-01,    0.1035904150091001146849479E+00,   -0.8732854715152144065015705E-02,     -8.43%
   -0.2939999999999999946709295E+01,    0.9473857743362530670072630E-01,    0.1036957152930440967386616E+00,   -0.8957137859418790037935310E-02,     -8.64%
   -0.2938333333333333463599502E+01,    0.9462124480963265971134035E-01,    0.1038011700121879710145834E+00,   -0.9179925202555311303243002E-02,     -8.84%
   -0.2936666666666666536400498E+01,    0.9450556929735358380195720E-01,    0.1039067794555515733545548E+00,   -0.9401210158197989552597562E-02,     -9.05%
   -0.2935000000000000053290705E+01,    0.9439155766262176394665318E-01,    0.1040125439127958656415629E+00,   -0.9620986250174101694909723E-02,     -9.25%
   -0.2933333333333333126091702E+01,    0.9427921656192310428945547E-01,    0.1041184636742249064456090E+00,   -0.9839247112301802156153485E-02,     -9.45%
   -0.2931666666666666642981909E+01,    0.9416855254260217411577116E-01,    0.1042245390307870722690353E+00,   -0.1005598648818489815326416E-01,     -9.65%
   -0.2930000000000000159872116E+01,    0.9405957204307204000404141E-01,    0.1043307702740769171700919E+00,   -0.1027119823100487716605045E-01,     -9.84%
   -0.2928333333333333232673112E+01,    0.9395228139302796988019395E-01,    0.1044371576963367964641094E+00,   -0.1048487630330882658391545E-01,    -10.04%
   -0.2926666666666666749563319E+01,    0.9384668681366523101949895E-01,    0.1045437015904581712355537E+00,   -0.1069701477679294021605472E-01,    -10.23%
   -0.2924999999999999822364316E+01,    0.9374279441789999667289379E-01,    0.1046504022499836622506209E+00,   -0.1090760783208366557772706E-01,    -10.42%
   -0.2923333333333333339254523E+01,    0.9364061021059461031867954E-01,    0.1047572599691082573247769E+00,   -0.1111664975851364700609736E-01,    -10.61%
   -0.2921666666666666856144730E+01,    0.9354014008878593078311070E-01,    0.1048642750426811987018993E+00,   -0.1132413495389526791878865E-01,    -10.80%
   -0.2919999999999999928945726E+01,    0.9344138984191778518617610E-01,    0.1049714477662076067554509E+00,   -0.1153005792428982156927475E-01,    -10.98%
   -0.2918333333333333445835933E+01,    0.9334436515207683582318055E-01,    0.1050787784358498261338966E+00,   -0.1173441328377299031071601E-01,    -11.17%
   -0.2916666666666666518636930E+01,    0.9324907159423204139336860E-01,    0.1051862673484295213066630E+00,   -0.1193719575419747991329444E-01,    -11.35%
   -0.2915000000000000035527137E+01,    0.9315551463647767094222729E-01,    0.1052939148014288422983142E+00,   -0.1213840016495117135608695E-01,    -11.53%
   -0.2913333333333333552417344E+01,    0.9306369964027981500631626E-01,    0.1054017210929924092122079E+00,   -0.1233802145271259420589161E-01,    -11.71%
   -0.2911666666666666625218340E+01,    0.9297363186072662988301829E-01,    0.1055096865219288804205178E+00,   -0.1253605466120225053749948E-01,    -11.88%
   -0.2910000000000000142108547E+01,    0.9288531644678184318042469E-01,    0.1056178113877124097319538E+00,   -0.1273249494093056655152907E-01,    -12.06%
   -0.2908333333333333214909544E+01,    0.9279875844154157615850664E-01,    0.1057260959904846586709937E+00,   -0.1292733754894308251248702E-01,    -12.23%
   -0.2906666666666666731799751E+01,    0.9271396278249501021750945E-01,    0.1058345406310560871121496E+00,   -0.1312057784856107689464011E-01,    -12.40%
   -0.2904999999999999804600748E+01,    0.9263093430178814813302779E-01,    0.1059431456109079100480486E+00,   -0.1331221130911976191502077E-01,    -12.57%
   -0.2903333333333333321490954E+01,    0.9254967772649108637139648E-01,    0.1060519112321935963905162E+00,   -0.1350223350570251001911970E-01,    -12.73%
   -0.2901666666666666838381161E+01,    0.9247019767886821561830857E-01,    0.1061608377977406036940522E+00,   -0.1369064011887238807574363E-01,    -12.90%
   -0.2899999999999999911182158E+01,    0.9239249867665258464377587E-01,    0.1062699256110520712459433E+00,   -0.1387742693439948660216743E-01,    -13.06%
   -0.2898333333333333428072365E+01,    0.9231658513332270665774359E-01,    0.1063791749763084715230121E+00,   -0.1406258984298576486526855E-01,    -13.22%
   -0.2896666666666666500873362E+01,    0.9224246135838298776832289E-01,    0.1064885861983693171595178E+00,   -0.1424612483998632939119489E-01,    -13.38%
   -0.2895000000000000017763568E+01,    0.9217013155764762488697528E-01,    0.1065981595827748124039047E+00,   -0.1442802802512718751692944E-01,    -13.53%
   -0.2893333333333333534653775E+01,    0.9209959983352702939107814E-01,    0.1067078954357476017200668E+00,   -0.1460829560222057232898862E-01,    -13.69%
   -0.2891666666666666607454772E+01,    0.9203087018531816432265202E-01,    0.1068177940641945322663986E+00,   -0.1478692387887636794374657E-01,    -13.84%
   -0.2890000000000000124344979E+01,    0.9196394650949761551128603E-01,    0.1069278557757081249413034E+00,   -0.1496390926621050943001734E-01,    -13.99%
   -0.2888333333333333197145976E+01,    0.9189883260001802112171276E-01,    0.1070380808785685866624249E+00,   -0.1513924827855056554071211E-01,    -14.14%
   -0.2886666666666666714036182E+01,    0.9183553214860717961443015E-01,    0.1071484696817452259010039E+00,   -0.1531293753313804628657380E-01,    -14.29%
   -0.2884999999999999786837179E+01,    0.9177404874507076593115329E-01,    0.1072590224948985065944740E+00,   -0.1548497374982774066332070E-01,    -14.44%
   -0.2883333333333333303727386E+01,    0.9171438587759775384888883E-01,    0.1073697396283813942918783E+00,   -0.1565535375078364044298951E-01,    -14.58%
   -0.2881666666666666820617593E+01,    0.9165654693306891920290269E-01,    0.1074806213932414239442537E+00,   -0.1582407446017250474135096E-01,    -14.72%
   -0.2879999999999999893418590E+01,    0.9160053519736838234521770E-01,    0.1075916681012222403390766E+00,   -0.1599113290385385799385887E-01,    -14.86%
   -0.2878333333333333410308796E+01,    0.9154635385569817596085329E-01,    0.1077028800647653189459518E+00,   -0.1615652620906714298509854E-01,    -15.00%
   -0.2876666666666666483109793E+01,    0.9149400599289542190817315E-01,    0.1078142575970118810513299E+00,   -0.1632025160411645914315670E-01,    -15.14%
   -0.2875000000000000000000000E+01,    0.9144349459375297750618472E-01,    0.1079258010118043786818021E+00,   -0.1648230641805140117561734E-01,    -15.27%
   -0.2873333333333333516890207E+01,    0.9139482254334227451231243E-01,    0.1080375106236885346389087E+00,   -0.1664268808034626012659629E-01,    -15.40%
   -0.2871666666666666589691204E+01,    0.9134799262733972469163746E-01,    0.1081493867479149106891612E+00,   -0.1680139412057518599752370E-01,    -15.54%
   -0.2870000000000000106581410E+01,    0.9130300753235542909891365E-01,    0.1082614297004406145319422E+00,   -0.1695842216808518543302853E-01,    -15.66%
   -0.2868333333333333179382407E+01,    0.9125986984626484332938645E-01,    0.1083736397979313259565259E+00,   -0.1711376995166648262713949E-01,    -15.79%
   -0.2866666666666666696272614E+01,    0.9121858205854341261620277E-01,    0.1084860173577627678875857E+00,   -0.1726743529921935527138288E-01,    -15.92%
   -0.2865000000000000213162821E+01,    0.9117914656060358002953592E-01,    0.1085985626980226909088501E+00,   -0.1741941613741911087931413E-01,    -16.04%
   -0.2863333333333333285963818E+01,    0.9114156564613497268911857E-01,    0.1087112761375125108420647E+00,   -0.1756971049137753815294616E-01,    -16.16%
   -0.2861666666666666802854024E+01,    0.9110584151144675291167374E-01,    0.1088241579957491822483462E+00,   -0.1771831648430242933667245E-01,    -16.28%
   -0.2859999999999999875655021E+01,    0.9107197625581314737175376E-01,    0.1089372085929670302961725E+00,   -0.1786523233715388292441872E-01,    -16.40%
   -0.2858333333333333392545228E+01,    0.9103997188182147426438462E-01,    0.1090504282501192634402543E+00,   -0.1801045636829778917586964E-01,    -16.52%
   -0.2856666666666666465346225E+01,    0.9100983029572230764703278E-01,    0.1091638172888802216231596E+00,   -0.1815398699315791397612685E-01,    -16.63%
   -0.2854999999999999982236432E+01,    0.9098155330778325000640194E-01,    0.1092773760316467224207315E+00,   -0.1829582272386347241432958E-01,    -16.74%
   -0.2853333333333333499126638E+01,    0.9095514263264405097064724E-01,    0.1093911048015402120991979E+00,   -0.1843596216889616112855066E-01,    -16.85%
   -0.2851666666666666571927635E+01,    0.9093059988967533424641942E-01,    0.1095050039224084170719209E+00,   -0.1857440403273308282550147E-01,    -16.96%
   -0.2850000000000000088817842E+01,    0.9090792660333911479053626E-01,    0.1096190737188270647450850E+00,   -0.1871114711548794995454870E-01,    -17.07%
   -0.2848333333333333161618839E+01,    0.9088712420355217480594234E-01,    0.1097333145161020068192315E+00,   -0.1884619031254983201328912E-01,    -17.17%
   -0.2846666666666666678509046E+01,    0.9086819402605189610611092E-01,    0.1098477266402706764569785E+00,   -0.1897953261421878035086763E-01,    -17.28%
   -0.2845000000000000195399252E+01,    0.9085113731276414639204120E-01,    0.1099623104181041977067679E+00,   -0.1911117310534005131472668E-01,    -17.38%
   -0.2843333333333333268200249E+01,    0.9083595521217420476478566E-01,    0.1100770661771091202263406E+00,   -0.1924111096493491546155497E-01,    -17.48%
   -0.2841666666666666785090456E+01,    0.9082264877969944971702887E-01,    0.1101919942455291817617891E+00,   -0.1936934546582973204476019E-01,    -17.58%
   -0.2839999999999999857891453E+01,    0.9081121897806480880444013E-01,    0.1103070949523473343045765E+00,   -0.1949587597428252550013639E-01,    -17.67%
   -0.2838333333333333374781660E+01,    0.9080166667768038712971190E-01,    0.1104223686272873816704987E+00,   -0.1962070194960699454078679E-01,    -17.77%
   -0.2836666666666666447582656E+01,    0.9079399265702149668388898E-01,    0.1105378156008160195344914E+00,   -0.1974382294379452285060239E-01,    -17.86%
   -0.2834999999999999964472863E+01,    0.9078819760301075347808109E-01,    0.1106534362041445285207431E+00,   -0.1986523860113377504266197E-01,    -17.95%
   -0.2833333333333333481363070E+01,    0.9078428211140264492140517E-01,    0.1107692307692307587263514E+00,   -0.1998494865782811380494621E-01,    -18.04%
   -0.2831666666666666554164067E+01,    0.9078224668717045642285512E-01,    0.1108851996287809893448895E+00,   -0.2010295294161053292203434E-01,    -18.13%
   -0.2830000000000000071054274E+01,    0.9078209174489479393876934E-01,    0.1110013431162517050232452E+00,   -0.2021925137135691108447588E-01,    -18.22%
   -0.2828333333333333143855270E+01,    0.9078381760915502085573792E-01,    0.1111176615658515803852779E+00,   -0.2033384395669655952954002E-01,    -18.30%
   -0.2826666666666666660745477E+01,    0.9078742451492261000822737E-01,    0.1112341553125432702664455E+00,   -0.2044673079762066025821809E-01,    -18.38%
   -0.2825000000000000177635684E+01,    0.9079291260795610551959101E-01,    0.1113508246920453803596729E+00,   -0.2055791208408927484008188E-01,    -18.46%
   -0.2823333333333333250436681E+01,    0.9080028194519906836745804E-01,    0.1114676700408343407167067E+00,   -0.2066738809563527234924862E-01,    -18.54%
   -0.2821666666666666767326888E+01,    0.9080953249517939585011561E-01,    0.1115846916961461959827417E+00,   -0.2077515920096680013262613E-01,    -18.62%
   -0.2819999999999999840127884E+01,    0.9082066413841112517690846E-01,    0.1117018899959787425757440E+00,   -0.2088122585756761739883558E-01,    -18.69%
   -0.2818333333333333357018091E+01,    0.9083367666779804117105357E-01,    0.1118192652790931107542605E+00,   -0.2098558861129506958320690E-01,    -18.77%
   -0.2816666666666666873908298E+01,    0.9084856978903919910717235E-01,    0.1119368178850159989412560E+00,   -0.2108824809597679983408369E-01,    -18.84%
   -0.2814999999999999946709295E+01,    0.9086534312103679289496228E-01,    0.1120545481540413945698020E+00,   -0.2118920503300460167483976E-01,    -18.91%
   -0.2813333333333333463599502E+01,    0.9088399619630568859740549E-01,    0.1121724564272324892177934E+00,   -0.2128846023092680062038795E-01,    -18.98%
   -0.2811666666666666536400498E+01,    0.9090452846138491471705834E-01,    0.1122905430464237186427567E+00,   -0.2138601458503880392569840E-01,    -19.05%
   -0.2810000000000000053290705E+01,    0.9092693927725113700599735E-01,    0.1124088083542226362832039E+00,   -0.2148186907697149927720659E-01,    -19.11%
   -0.2808333333333333126091702E+01,    0.9095122791973392351039251E-01,    0.1125272526940118561489257E+00,   -0.2157602477427793263853317E-01,    -19.17%
   -0.2806666666666666642981909E+01,    0.9097739357993296638316139E-01,    0.1126458764099508846889819E+00,   -0.2166848283001791830582050E-01,    -19.24%
   -0.2805000000000000159872116E+01,    0.9100543536463717719797728E-01,    0.1127646798469783134821753E+00,   -0.2175924448234113628419806E-01,    -19.30%
   -0.2803333333333333232673112E+01,    0.9103535229674525330878510E-01,    0.1128836633508135678383155E+00,   -0.2184831105406831452953043E-01,    -19.35%
   -0.2801666666666666749563319E+01,    0.9106714331568853404430541E-01,    0.1130028272679589051996629E+00,   -0.2193568395227037115535751E-01,    -19.41%
   -0.2799999999999999822364316E+01,    0.9110080727785518917016816E-01,    0.1131221719457013580312221E+00,   -0.2202136466784616886105397E-01,    -19.47%
   -0.2798333333333333339254523E+01,    0.9113634295701637799691497E-01,    0.1132416977321148154889130E+00,   -0.2210535477509843749199803E-01,    -19.52%
   -0.2796666666666666856144730E+01,    0.9117374904475404606696287E-01,    0.1133614049760618414097735E+00,   -0.2218765593130779534281061E-01,    -19.57%
   -0.2794999999999999928945726E+01,    0.9121302415089031778716588E-01,    0.1134812940271958114912820E+00,   -0.2226826987630549370411615E-01,    -19.62%
   -0.2793333333333333445835933E+01,    0.9125416680391877644051846E-01,    0.1136013652359626480148336E+00,   -0.2234719843204387157431512E-01,    -19.67%
   -0.2791666666666666518636930E+01,    0.9129717545143713197663971E-01,    0.1137216189536031651918790E+00,   -0.2242444350216603321523934E-01,    -19.72%
   -0.2790000000000000035527137E+01,    0.9134204846058165128130923E-01,    0.1138420555321546789873111E+00,   -0.2250000707157302770600182E-01,    -19.76%
   -0.2788333333333333552417344E+01,    0.9138878411846319826938867E-01,    0.1139626753244532969544522E+00,   -0.2257389120599009868506357E-01,    -19.81%
   -0.2786666666666666625218340E+01,    0.9143738063260474502325081E-01,    0.1140834786841358194919849E+00,   -0.2264609805153107446873406E-01,    -19.85%
   -0.2785000000000000142108547E+01,    0.9148783613138028458777740E-01,    0.1142044659656415855897293E+00,   -0.2271662983426130100195195E-01,    -19.89%
   -0.2783333333333333214909544E+01,    0.9154014866445581155574018E-01,    0.1143256375242148042969959E+00,   -0.2278548885975899274125567E-01,    -19.93%
   -0.2781666666666666731799751E+01,    0.9159431620323116307602618E-01,    0.1144469937159063033238482E+00,   -0.2285267751267514024782201E-01,    -19.97%
   -0.2779999999999999804600748E+01,    0.9165033664128358070755098E-01,    0.1145685348975757494871530E+00,   -0.2291819825629216877960204E-01,    -20.00%
   -0.2778333333333333321490954E+01,    0.9170820779481281270761883E-01,    0.1146902614268933834340558E+00,   -0.2298205363208057072643697E-01,    -20.04%
   -0.2776666666666666838381161E+01,    0.9176792740308761797685122E-01,    0.1148121736623424898882107E+00,   -0.2304424625925487191135943E-01,    -20.07%
   -0.2774999999999999911182158E+01,    0.9182949312889357451616945E-01,    0.1149342719632210491065294E+00,   -0.2310477883432747459035994E-01,    -20.10%
   -0.2773333333333333428072365E+01,    0.9189290255898209525131648E-01,    0.1150565566896438879362918E+00,   -0.2316365413066179268497535E-01,    -20.13%
   -0.2771666666666666500873362E+01,    0.9195815320452148389218650E-01,    0.1151790282025449002611950E+00,   -0.2322087499802341636900849E-01,    -20.16%
   -0.2770000000000000017763568E+01,    0.9202524250154822671454724E-01,    0.1153016868636788094804047E+00,   -0.2327644436213058276585741E-01,    -20.19%
   -0.2768333333333333534653775E+01,    0.9209416781142082397693116E-01,    0.1154245330356235416102706E+00,   -0.2333036522420271763333943E-01,    -20.21%
   -0.2766666666666666607454772E+01,    0.9216492642127388501549490E-01,    0.1155475670817820155189537E+00,   -0.2338264066050813050345880E-01,    -20.24%
   -0.2765000000000000124344979E+01,    0.9223751554447399969571819E-01,    0.1156707893663843356168996E+00,   -0.2343327382191033592118146E-01,    -20.26%
   -0.2763333333333333197145976E+01,    0.9231193232107683110942986E-01,    0.1157942002544899429139491E+00,   -0.2348226793341311180451925E-01,    -20.28%
   -0.2761666666666666714036182E+01,    0.9238817381828524910591938E-01,    0.1159178001119894746429040E+00,   -0.2352962629370422553698461E-01,    -20.30%
   -0.2759999999999999786837179E+01,    0.9246623703090882384625360E-01,    0.1160415893056071373612426E+00,   -0.2357535227469831351498897E-01,    -20.32%
   -0.2758333333333333303727386E+01,    0.9254611888182422141380101E-01,    0.1161655682029025526968979E+00,   -0.2361944932107833128309693E-01,    -20.33%
   -0.2756666666666666820617593E+01,    0.9262781622243733414823197E-01,    0.1162897371722728945275804E+00,   -0.2366192094983556037934846E-01,    -20.35%
   -0.2754999999999999893418590E+01,    0.9271132583314577180200189E-01,    0.1164140965829552204491293E+00,   -0.2370277074980944864712740E-01,    -20.36%
   -0.2753333333333333410308796E+01,    0.9279664442380287925349336E-01,    0.1165386468050282481323521E+00,   -0.2374200238122536887885872E-01,    -20.37%
   -0.2751666666666666483109793E+01,    0.9288376863418305873221215E-01,    0.1166633882094147006691642E+00,   -0.2377961957523164193695209E-01,    -20.38%
   -0.2750000000000000000000000E+01,    0.9297269503444746674425403E-01,    0.1167883211678832078295187E+00,   -0.2381562613343574108526468E-01,    -20.39%
   -0.2748333333333333516890207E+01,    0.9306342012561158449912568E-01,    0.1169134460530507763076358E+00,   -0.2385002592743919180851009E-01,    -20.40%
   -0.2746666666666666589691204E+01,    0.9315594034001307977010953E-01,    0.1170387632383845522010546E+00,   -0.2388282289837147243094506E-01,    -20.41%
   -0.2745000000000000106581410E+01,    0.9325025204178111204456059E-01,    0.1171642730982041524789850E+00,   -0.2391402105642304043442437E-01,    -20.41%
   -0.2743333333333333179382407E+01,    0.9334635152730635931916936E-01,    0.1172899760076838160394175E+00,   -0.2394362448037745672024812E-01,    -20.41%
   -0.2741666666666666696272614E+01,    0.9344423502571216899603712E-01,    0.1174158723428543465994167E+00,   -0.2397163731714217760337959E-01,    -20.42%
   -0.2740000000000000213162821E+01,    0.9354389869932652756823188E-01,    0.1175419624806055690635631E+00,   -0.2399806378127904149533123E-01,    -20.42%
   -0.2738333333333333285963818E+01,    0.9364533864415493236155186E-01,    0.1176682467986882724142461E+00,   -0.2402290815453334005269426E-01,    -20.42%
   -0.2736666666666666802854024E+01,    0.9374855089035433186595014E-01,    0.1177947256757163468909866E+00,   -0.2404617478536201502503644E-01,    -20.41%
   -0.2734999999999999875655021E+01,    0.9385353140270753791174485E-01,    0.1179213994911691709699397E+00,   -0.2406786808846163305819488E-01,    -20.41%
   -0.2733333333333333392545228E+01,    0.9396027608109892848009537E-01,    0.1180482686253935126208248E+00,   -0.2408799254429458414072940E-01,    -20.41%
   -0.2731666666666666465346225E+01,    0.9406878076099066399162751E-01,    0.1181753334596058885308523E+00,   -0.2410655269861522453922476E-01,    -20.40%
   -0.2729999999999999982236432E+01,    0.9417904121389981952905401E-01,    0.1183025943758946735284709E+00,   -0.2412355316199485399941693E-01,    -20.39%
   -0.2728333333333333499126638E+01,    0.9429105314787625258254877E-01,    0.1184300517572223071516291E+00,   -0.2413899860934605456908031E-01,    -20.38%
   -0.2726666666666666571927635E+01,    0.9440481220798130346238963E-01,    0.1185577059874276389939141E+00,   -0.2415289377944633553152443E-01,    -20.37%
   -0.2725000000000000088817842E+01,    0.9452031397676706470090124E-01,    0.1186855574512276495502405E+00,   -0.2416524347446058484933928E-01,    -20.36%
   -0.2723333333333333161618839E+01,    0.9463755397475652475502983E-01,    0.1188136065342203090411388E+00,   -0.2417605255946378428610899E-01,    -20.35%
   -0.2721666666666666678509046E+01,    0.9475652766092444723167176E-01,    0.1189418536228862566250797E+00,   -0.2418532596196180939340792E-01,    -20.33%
   -0.2720000000000000195399252E+01,    0.9487723043317865256884858E-01,    0.1190702991045913122780675E+00,   -0.2419306867141265970921893E-01,    -20.32%
   -0.2718333333333333268200249E+01,    0.9499965762884222952866509E-01,    0.1191989433675886972396896E+00,   -0.2419928573874646771102448E-01,    -20.30%
   -0.2716666666666666785090456E+01,    0.9512380452513616302390176E-01,    0.1193277868010209213922579E+00,   -0.2420398227588475836835613E-01,    -20.28%
   -0.2714999999999999857891453E+01,    0.9524966633966291951196581E-01,    0.1194568297949225033072196E+00,   -0.2420716345525958379525377E-01,    -20.26%
   -0.2713333333333333374781660E+01,    0.9537723823088993524432766E-01,    0.1195860727402218576242987E+00,   -0.2420883450933192237997105E-01,    -20.24%
   -0.2711666666666666447582656E+01,    0.9550651529863461719482842E-01,    0.1197155160287437236643626E+00,   -0.2420900073010910646953420E-01,    -20.22%
   -0.2709999999999999964472863E+01,    0.9563749258454891377656537E-01,    0.1198451600532112332198054E+00,   -0.2420766746866231944323999E-01,    -20.20%
   -0.2708333333333333481363070E+01,    0.9577016507260534272649721E-01,    0.1199750052072484640675043E+00,   -0.2420484013464312134100709E-01,    -20.17%
   -0.2706666666666666554164067E+01,    0.9590452768958279694544444E-01,    0.1201050518853824244924766E+00,   -0.2420052419579962754703217E-01,    -20.15%
   -0.2705000000000000071054274E+01,    0.9604057530555284993845078E-01,    0.1202353004830453014895042E+00,   -0.2419472517749245155105342E-01,    -20.12%
   -0.2703333333333333143855270E+01,    0.9617830273436746291171318E-01,    0.1203657513965770836650293E+00,   -0.2418744866220962075331613E-01,    -20.09%
   -0.2701666666666666660745477E+01,    0.9631770473414573430215313E-01,    0.1204964050232273514717818E+00,   -0.2417870028908161716962866E-01,    -20.07%
   -0.2700000000000000177635684E+01,    0.9645877600776241178603954E-01,    0.1206272617611580111329772E+00,   -0.2416848575339559934693767E-01,    -20.04%
   -0.2698333333333333250436681E+01,    0.9660151120333572427600899E-01,    0.1207583220094453207993368E+00,   -0.2415681080610959652332781E-01,    -20.00%
   -0.2696666666666666767326888E+01,    0.9674590491471619924102043E-01,    0.1208895861680821803840757E+00,   -0.2414368125336598114305531E-01,    -19.97%
   -0.2694999999999999840127884E+01,    0.9689195168197606289339774E-01,    0.1210210546379806573202842E+00,   -0.2412910295600459442688646E-01,    -19.94%
   -0.2693333333333333357018091E+01,    0.9703964599189802975320873E-01,    0.1211527278209739572067960E+00,   -0.2411308182907592745358727E-01,    -19.90%
   -0.2691666666666666873908298E+01,    0.9718898227846554938036405E-01,    0.1212846061198190467100844E+00,   -0.2409562384135349732972031E-01,    -19.87%
   -0.2689999999999999946709295E+01,    0.9733995492335263677308177E-01,    0.1214166899381989017658867E+00,   -0.2407673501484626499280495E-01,    -19.83%
   -0.2688333333333333463599502E+01,    0.9749255825641404971104720E-01,    0.1215489796807245892473759E+00,   -0.2405642142431053953632869E-01,    -19.79%
   -0.2686666666666666536400498E+01,    0.9764678655617624325468995E-01,    0.1216814757529379453782070E+00,   -0.2403468919676170212351707E-01,    -19.75%
   -0.2685000000000000053290705E+01,    0.9780263405032789403303894E-01,    0.1218141785613136435229009E+00,   -0.2401154451098574948986197E-01,    -19.71%
   -0.2683333333333333126091702E+01,    0.9796009491621111842096781E-01,    0.1219470885132617754553763E+00,   -0.2398699359705065703440852E-01,    -19.67%
   -0.2681666666666666642981909E+01,    0.9811916328131264908307685E-01,    0.1220802060171298913937576E+00,   -0.2396104273581724231068080E-01,    -19.63%
   -0.2680000000000000159872116E+01,    0.9827983322375542785120928E-01,    0.1222135314822056922912097E+00,   -0.2393369825845026444000041E-01,    -19.58%
   -0.2678333333333333232673112E+01,    0.9844209877279035125763329E-01,    0.1223470653187192225264113E+00,   -0.2390496654592887126877798E-01,    -19.54%
   -0.2676666666666666749563319E+01,    0.9860595390928762749016556E-01,    0.1224808079378450625940289E+00,   -0.2387485402855743510386333E-01,    -19.49%
   -0.2674999999999999822364316E+01,    0.9877139256622936847040961E-01,    0.1226147597517051324178539E+00,   -0.2384336718547576394744425E-01,    -19.45%
   -0.2673333333333333339254523E+01,    0.9893840862920090517551586E-01,    0.1227489211733705787299442E+00,   -0.2381051254416967355442836E-01,    -19.40%
   -0.2671666666666666856144730E+01,    0.9910699593688360176102492E-01,    0.1228832926168645506281862E+00,   -0.2377629667998094886716132E-01,    -19.35%
   -0.2669999999999999928945726E+01,    0.9927714828154673987192780E-01,    0.1230178744971644477779193E+00,   -0.2374072621561770790599155E-01,    -19.30%
   -0.2668333333333333445835933E+01,    0.9944885940953979153178466E-01,    0.1231526672302041547357732E+00,   -0.2370380782066436320398850E-01,    -19.25%
   -0.2666666666666666518636930E+01,    0.9962212302178494183202417E-01,    0.1232876712328767193627144E+00,   -0.2366554821109177753069019E-01,    -19.20%
   -0.2665000000000000035527137E+01,    0.9979693277426925079875986E-01,    0.1234228869230365593923082E+00,   -0.2362595414876730859354836E-01,    -19.14%
   -0.2663333333333333552417344E+01,    0.9997328227853716220430158E-01,    0.1235583147195020159436751E+00,   -0.2358503244096485373937355E-01,    -19.09%
   -0.2661666666666666625218340E+01,    0.1001511651021828597230012E+00,    0.1236939550420576711120546E+00,   -0.2354278993987481138905338E-01,    -19.03%
   -0.2660000000000000142108547E+01,    0.1003305747693423455313422E+00,    0.1238298083114567071927326E+00,   -0.2349923354211436166139038E-01,    -18.98%
   -0.2658333333333333214909544E+01,    0.1005115047611860878973289E+00,    0.1239658749494236544830272E+00,   -0.2345437018823756658569835E-01,    -18.92%
   -0.2656666666666666731799751E+01,    0.1006939485164108777359715E+00,    0.1241021553786563619281580E+00,   -0.2340820686224548419218650E-01,    -18.86%
   -0.2654999999999999804600748E+01,    0.1008778994317322957874339E+00,    0.1242386500228288698233214E+00,   -0.2336075059109657403588756E-01,    -18.80%
   -0.2653333333333333321490954E+01,    0.1010633508623763748834889E+00,    0.1243753593065935469930139E+00,   -0.2331200844421717210952494E-01,    -18.74%
   -0.2651666666666666838381161E+01,    0.1012502961225716646698203E+00,    0.1245122836555837830818660E+00,   -0.2326198753301211841204577E-01,    -18.68%
   -0.2649999999999999911182158E+01,    0.1014387284860412269393848E+00,    0.1246494234964163200229947E+00,   -0.2321069501037509308360995E-01,    -18.62%
   -0.2648333333333333428072365E+01,    0.1016286411864937427873556E+00,    0.1247867792566936667730815E+00,   -0.2315813807019992398572583E-01,    -18.56%
   -0.2646666666666666500873362E+01,    0.1018200274181154940666971E+00,    0.1249243513650067499698437E+00,   -0.2310432394689125590314660E-01,    -18.49%
   -0.2645000000000000017763568E+01,    0.1020128803360610680872611E+00,    0.1250621402509371760114476E+00,   -0.2304925991487610792418650E-01,    -18.43%
   -0.2643333333333333534653775E+01,    0.1022071930569449504933033E+00,    0.1252001463450599372251304E+00,   -0.2299295328811498673182712E-01,    -18.36%
   -0.2641666666666666607454772E+01,    0.1024029586593319662846113E+00,    0.1253383700789457710911279E+00,   -0.2293541141961380480651655E-01,    -18.30%
   -0.2640000000000000124344979E+01,    0.1026001701842278179821477E+00,    0.1254768118851636027333285E+00,   -0.2287664170093578475118079E-01,    -18.23%
   -0.2638333333333333197145976E+01,    0.1027988206355698597160853E+00,    0.1256154721972832788434715E+00,   -0.2281665156171341912738626E-01,    -18.16%
   -0.2636666666666666714036182E+01,    0.1029989029807166084351522E+00,    0.1257543514498778158827719E+00,   -0.2275544846916120744761969E-01,    -18.10%
   -0.2634999999999999786837179E+01,    0.1032004101509377547163382E+00,    0.1258934500785260646171793E+00,   -0.2269303992758830990084107E-01,    -18.03%
   -0.2633333333333333303727386E+01,    0.1034033350419036462186639E+00,    0.1260327685198151526080323E+00,   -0.2262943347791150638936841E-01,    -17.96%
   -0.2631666666666666820617593E+01,    0.1036076705141743686811040E+00,    0.1261723072113431765028935E+00,   -0.2256463669716880782178947E-01,    -17.88%
   -0.2629999999999999893418590E+01,    0.1038134093936884522202391E+00,    0.1263120665917215335039003E+00,   -0.2249865719803308128366126E-01,    -17.81%
   -0.2628333333333333410308796E+01,    0.1040205444722512861943642E+00,    0.1264520471005775026362983E+00,   -0.2243150262832621644193409E-01,    -17.74%
   -0.2626666666666666483109793E+01,    0.1042290685080234508008701E+00,    0.1265922491785569647948506E+00,   -0.2236318067053351399398053E-01,    -17.67%
   -0.2625000000000000000000000E+01,    0.1044389742260077996727219E+00,    0.1267326732673267342121903E+00,   -0.2229369904131893453946844E-01,    -17.59%
   -0.2623333333333333516890207E+01,    0.1046502543185373057532672E+00,    0.1268733198095772229940792E+00,   -0.2222306549103991724081197E-01,    -17.52%
   -0.2621666666666666589691204E+01,    0.1048629014457616720479294E+00,    0.1270141892490250778990912E+00,   -0.2215128780326340585116185E-01,    -17.44%
   -0.2620000000000000106581410E+01,    0.1050769082361336093089932E+00,    0.1271552820304155395625401E+00,   -0.2207837379428193025354688E-01,    -17.36%
   -0.2618333333333333179382407E+01,    0.1052922672868947112645444E+00,    0.1272965985995252735651917E+00,   -0.2200433131263056230064734E-01,    -17.29%
   -0.2616666666666666696272614E+01,    0.1055089711645614131141357E+00,    0.1274381394031647019016162E+00,   -0.2192916823860328878748049E-01,    -17.21%
   -0.2615000000000000213162821E+01,    0.1057270124054092014231898E+00,    0.1275799048891808895600519E+00,   -0.2185289248377168813686211E-01,    -17.13%
   -0.2613333333333333285963818E+01,    0.1059463835159578787292745E+00,    0.1277218955064599037463324E+00,   -0.2177551199050202501705797E-01,    -17.05%
   -0.2611666666666666802854024E+01,    0.1061670769734547603579955E+00,    0.1278641117049293951524191E+00,   -0.2169703473147463479442365E-01,    -16.97%
   -0.2609999999999999875655021E+01,    0.1063890852263588704396113E+00,    0.1280065539355615122918408E+00,   -0.2161746870920264185222948E-01,    -16.89%
   -0.2608333333333333392545228E+01,    0.1066124006948231811575667E+00,    0.1281492226503750941901671E+00,   -0.2153682195555191303260045E-01,    -16.81%
   -0.2606666666666666465346225E+01,    0.1068370157711770879194191E+00,    0.1282921183024386957427510E+00,   -0.2145510253126160782333187E-01,    -16.72%
   -0.2604999999999999982236432E+01,    0.1070629228204083294162530E+00,    0.1284352413458728914275042E+00,   -0.2137231852546456201125125E-01,    -16.64%
   -0.2603333333333333499126638E+01,    0.1072901141806441027704011E+00,    0.1285785922358531341291865E+00,   -0.2128847805520903135878541E-01,    -16.56%
   -0.2601666666666666571927635E+01,    0.1075185821636312766269583E+00,    0.1287221714286123086523617E+00,   -0.2120358926498103202540335E-01,    -16.47%
   -0.2600000000000000088817842E+01,    0.1077483190552165626119319E+00,    0.1288659793814432852343543E+00,   -0.2111766032622672262242247E-01,    -16.39%
   -0.2598333333333333161618839E+01,    0.1079793171158256875896697E+00,    0.1290100165527018616362653E+00,   -0.2103069943687617404659562E-01,    -16.30%
   -0.2596666666666666678509046E+01,    0.1082115685809420801977154E+00,    0.1291542834018090113445965E+00,   -0.2094271482086693114688103E-01,    -16.22%
   -0.2595000000000000195399252E+01,    0.1084450656615846414476678E+00,    0.1292987803892539644401438E+00,   -0.2085371472766932299247600E-01,    -16.13%
   -0.2593333333333333268200249E+01,    0.1086798005447851822591332E+00,    0.1294435079765966223330764E+00,   -0.2076370743181144007394323E-01,    -16.04%
   -0.2591666666666666785090456E+01,    0.1089157653940646675039261E+00,    0.1295884666264702500537709E+00,   -0.2067270123240558254984478E-01,    -15.95%
   -0.2589999999999999857891453E+01,    0.1091529523499095988281482E+00,    0.1297336568025843073215242E+00,   -0.2058070445267470849337599E-01,    -15.86%
   -0.2588333333333333374781660E+01,    0.1093913535302462325393691E+00,    0.1298790789697270020575104E+00,   -0.2048772543948076951814130E-01,    -15.77%
   -0.2586666666666666447582656E+01,    0.1096309610309160464947098E+00,    0.1300247335937680659423421E+00,   -0.2039377256285201944763230E-01,    -15.68%
   -0.2584999999999999964472863E+01,    0.1098717669261484036757892E+00,    0.1301706211416614467069053E+00,   -0.2029885421551304303111607E-01,    -15.59%
   -0.2583333333333333481363070E+01,    0.1101137632690338680196973E+00,    0.1303167420814479449120427E+00,   -0.2020297881241407689234535E-01,    -15.50%
   -0.2581666666666666554164067E+01,    0.1103569420919962296157024E+00,    0.1304630968822581560395690E+00,   -0.2010615479026192642386661E-01,    -15.41%
   -0.2580000000000000071054274E+01,    0.1106012954072635584568118E+00,    0.1306096860143148019606230E+00,   -0.2000839060705124350381112E-01,    -15.32%
   -0.2578333333333333143855270E+01,    0.1108468152073386892020324E+00,    0.1307565099489359783380138E+00,   -0.1990969474159728913598144E-01,    -15.23%
   -0.2576666666666666660745477E+01,    0.1110934934654690259270282E+00,    0.1309035691585373195611197E+00,   -0.1981007569306829363409150E-01,    -15.13%
   -0.2575000000000000177635684E+01,    0.1113413221361150146071495E+00,    0.1310508641166352461482347E+00,   -0.1970954198052023154108525E-01,    -15.04%
   -0.2573333333333333250436681E+01,    0.1115902931554185323337336E+00,    0.1311983952978495182595253E+00,   -0.1960810214243098592579173E-01,    -14.95%
   -0.2571666666666666767326888E+01,    0.1118403984416690977177211E+00,    0.1313461631779058169655627E+00,   -0.1950576473623671924784162E-01,    -14.85%
   -0.2569999999999999840127884E+01,    0.1120916298957710249828423E+00,    0.1314941682336388528717919E+00,   -0.1940253833786782788894953E-01,    -14.76%
   -0.2568333333333333357018091E+01,    0.1123439794017078025012424E+00,    0.1316424109429948086091855E+00,   -0.1929843154128700610794311E-01,    -14.66%
   -0.2566666666666666873908298E+01,    0.1125974388270070819517699E+00,    0.1317908917850343919475620E+00,   -0.1919345295802730999579211E-01,    -14.56%
   -0.2564999999999999946709295E+01,    0.1128520000232039882659407E+00,    0.1319396112399354725752687E+00,   -0.1908761121673148430932798E-01,    -14.47%
   -0.2563333333333333463599502E+01,    0.1131076548263030973062726E+00,    0.1320885697889958299011681E+00,   -0.1898091496269273259489552E-01,    -14.37%
   -0.2561666666666666536400498E+01,    0.1133643950572408715116168E+00,    0.1322377679146361229012285E+00,   -0.1887337285739525138961170E-01,    -14.27%
   -0.2560000000000000053290705E+01,    0.1136222125223454587628069E+00,    0.1323872061004024436314808E+00,   -0.1876499357805698486867385E-01,    -14.17%
   -0.2558333333333333126091702E+01,    0.1138810990137967410484876E+00,    0.1325368848309694536080627E+00,   -0.1865578581717271255957513E-01,    -14.08%
   -0.2556666666666666642981909E+01,    0.1141410463100847871853460E+00,    0.1326868045921428818090249E+00,   -0.1854575828205809462367881E-01,    -13.98%
   -0.2555000000000000159872116E+01,    0.1144020461764675422600135E+00,    0.1328369658708625500320721E+00,   -0.1843491969439500777205865E-01,    -13.88%
   -0.2553333333333333232673112E+01,    0.1146640903654276427703351E+00,    0.1329873691552051206965501E+00,   -0.1832327878977747792621500E-01,    -13.78%
   -0.2551666666666666749563319E+01,    0.1149271706171274137764371E+00,    0.1331380149343869834233089E+00,   -0.1821084431725956964687185E-01,    -13.68%
   -0.2549999999999999822364316E+01,    0.1151912786598641713631253E+00,    0.1332889036987670861034161E+00,   -0.1809762503890291474029084E-01,    -13.58%
   -0.2548333333333333339254523E+01,    0.1154564062105230687338420E+00,    0.1334400359398496827001424E+00,   -0.1798362972932661396630039E-01,    -13.48%
   -0.2546666666666666856144730E+01,    0.1157225449750298867934717E+00,    0.1335914121502873586067039E+00,   -0.1786886717525747181323226E-01,    -13.38%
   -0.2544999999999999928945726E+01,    0.1159896866488027006303341E+00,    0.1337430328238838339593997E+00,   -0.1775334617508113332906561E-01,    -13.27%
   -0.2543333333333333445835933E+01,    0.1162578229172011035075229E+00,    0.1338948984555967114395969E+00,   -0.1763707553839560793207397E-01,    -13.17%
   -0.2541666666666666518636930E+01,    0.1165269454559765965884210E+00,    0.1340470095415406126537761E+00,   -0.1752006408556401606535502E-01,    -13.07%
   -0.2540000000000000035527137E+01,    0.1167970459317199255488973E+00,    0.1341993665789897594020630E+00,   -0.1740232064726983385316572E-01,    -12.97%
   -0.2538333333333333552417344E+01,    0.1170681160023081396337474E+00,    0.1343519700663810545471222E+00,   -0.1728385406407291491337475E-01,    -12.86%
   -0.2536666666666666625218340E+01,    0.1173401473173507209013522E+00,    0.1345048205033170241051721E+00,   -0.1716467318596630320381990E-01,    -12.76%
   -0.2535000000000000142108547E+01,    0.1176131315186336040445880E+00,    0.1346579183905685372923955E+00,   -0.1704478687193493324780746E-01,    -12.66%
   -0.2533333333333333214909544E+01,    0.1178870602405635986675847E+00,    0.1348112642300778873938327E+00,   -0.1692420398951428872624803E-01,    -12.55%
   -0.2531666666666666731799751E+01,    0.1181619251106094670156210E+00,    0.1349648585249615673209433E+00,   -0.1680293341435210030532232E-01,    -12.45%
   -0.2529999999999999804600748E+01,    0.1184377177497445143838917E+00,    0.1351187017795133227249238E+00,   -0.1668098402976880834103213E-01,    -12.35%
   -0.2528333333333333321490954E+01,    0.1187144297728853215012634E+00,    0.1352727944992069830654202E+00,   -0.1655836472632166156415678E-01,    -12.24%
   -0.2526666666666666838381161E+01,    0.1189920527893311985589975E+00,    0.1354271371906994592126949E+00,   -0.1643508440136826065369746E-01,    -12.14%
   -0.2524999999999999911182158E+01,    0.1192705784032014881823613E+00,    0.1355817303618337410497929E+00,   -0.1631115195863225286743159E-01,    -12.03%
   -0.2523333333333333428072365E+01,    0.1195499982138717859347921E+00,    0.1357365745216416730301034E+00,   -0.1618657630776988709531139E-01,    -11.92%
   -0.2521666666666666500873362E+01,    0.1198303038164093697881540E+00,    0.1358916701803471183129801E+00,   -0.1606136636393774852482608E-01,    -11.82%
   -0.2520000000000000017763568E+01,    0.1201114868020064091469479E+00,    0.1360470178493687343213026E+00,   -0.1593553104736232517435468E-01,    -11.71%
   -0.2518333333333333534653775E+01,    0.1203935387584131044835800E+00,    0.1362026180413230813659453E+00,   -0.1580907928290997688236530E-01,    -11.61%
   -0.2516666666666666607454772E+01,    0.1206764512703687591832491E+00,    0.1363584712700276480035200E+00,   -0.1568201999965888882027087E-01,    -11.50%
   -0.2515000000000000124344979E+01,    0.1209602159200316440212930E+00,    0.1365145780505035710827855E+00,   -0.1555436213047192706149247E-01,    -11.39%
   -0.2513333333333333197145976E+01,    0.1212448242874079873399040E+00,    0.1366709388989789386581464E+00,   -0.1542611461157095131824235E-01,    -11.29%
   -0.2511666666666666714036182E+01,    0.1215302679507790362123387E+00,    0.1368275543328915655472144E+00,   -0.1529728638211252933487572E-01,    -11.18%
   -0.2509999999999999786837179E+01,    0.1218165384871276873957058E+00,    0.1369844248708922129775800E+00,   -0.1516788638376452558187424E-01,    -11.07%
   -0.2508333333333333303727386E+01,    0.1221036274725624815040703E+00,    0.1371415510328473086332224E+00,   -0.1503792356028482712915206E-01,    -10.97%
   -0.2506666666666666820617593E+01,    0.1223915264827418469817388E+00,    0.1372989333398423050791592E+00,   -0.1490740685710045809742041E-01,    -10.86%
   -0.2504999999999999893418590E+01,    0.1226802270932957072968605E+00,    0.1374565723141845108301595E+00,   -0.1477634522088880353329898E-01,    -10.75%
   -0.2503333333333333410308796E+01,    0.1229697208802463109789116E+00,    0.1376144684794060046861830E+00,   -0.1464474759915969370727140E-01,    -10.64%
   -0.2501666666666666483109793E+01,    0.1232599994204277710219131E+00,    0.1377726223602669941570298E+00,   -0.1451262293983922313511670E-01,    -10.53%
   -0.2500000000000000000000000E+01,    0.1235510542919037307862951E+00,    0.1379310344827586187754775E+00,   -0.1437998019085488798918249E-01,    -10.43%
   -0.2498333333333333516890207E+01,    0.1238428770743842527446432E+00,    0.1380897053741060864773260E+00,   -0.1424682829972183373268280E-01,    -10.32%
   -0.2496666666666666589691204E+01,    0.1241354593496410418929088E+00,    0.1382486355627718099814416E+00,   -0.1411317621313076808853282E-01,    -10.21%
   -0.2495000000000000106581410E+01,    0.1244287927019211009715960E+00,    0.1384078255784582101028946E+00,   -0.1397903287653710913129856E-01,    -10.10%
   -0.2493333333333333179382407E+01,    0.1247228687183591783194103E+00,    0.1385672759521111574443353E+00,   -0.1384440723375197912492496E-01,     -9.99%
   -0.2491666666666666696272614E+01,    0.1250176789893887308036113E+00,    0.1387269872159227757091315E+00,   -0.1370930822653404490552020E-01,     -9.88%
   -0.2490000000000000213162821E+01,    0.1253132151091516655050384E+00,    0.1388869599033346613481399E+00,   -0.1357374479418299584310148E-01,     -9.77%
   -0.2488333333333333285963818E+01,    0.1256094686759062217795702E+00,    0.1390471945490409921841746E+00,   -0.1343772587313477040460441E-01,     -9.66%
   -0.2486666666666666802854024E+01,    0.1259064312924332851295617E+00,    0.1392076916889914417474472E+00,   -0.1330126039655815661788552E-01,     -9.55%
   -0.2484999999999999875655021E+01,    0.1262040945664426594419183E+00,    0.1393684518603946487225187E+00,   -0.1316435729395198928060040E-01,     -9.45%
   -0.2483333333333333392545228E+01,    0.1265024501109754673233709E+00,    0.1395294756017208537279828E+00,   -0.1302702549074538640461185E-01,     -9.34%
   -0.2481666666666666465346225E+01,    0.1268014895448073553474444E+00,    0.1396907634527055630524472E+00,   -0.1288927390789820770500285E-01,     -9.23%
   -0.2479999999999999982236432E+01,    0.1271012044928485074102298E+00,    0.1398523159543521854342174E+00,   -0.1275111146150367802398762E-01,     -9.12%
   -0.2478333333333333499126638E+01,    0.1274015865865435193082789E+00,    0.1400141336489355292638237E+00,   -0.1261254706239200995554484E-01,     -9.01%
   -0.2476666666666666571927635E+01,    0.1277026274642688863369955E+00,    0.1401762170800048001861882E+00,   -0.1247358961573591384919268E-01,     -8.90%
   -0.2475000000000000088817842E+01,    0.1280043187717290198435194E+00,    0.1403385667923866264583665E+00,   -0.1233424802065760661484717E-01,     -8.79%
   -0.2473333333333333161618839E+01,    0.1283066521623513756011903E+00,    0.1405011833321885283965003E+00,   -0.1219453116983715279530998E-01,     -8.68%
   -0.2471666666666666678509046E+01,    0.1286096192976789454043285E+00,    0.1406640672468017494445292E+00,   -0.1205444794912280404020066E-01,     -8.57%
   -0.2470000000000000195399252E+01,    0.1289132118477626098851374E+00,    0.1408272190849046978655679E+00,   -0.1191400723714208798043046E-01,     -8.46%
   -0.2468333333333333268200249E+01,    0.1292174214915511043511032E+00,    0.1409906393964660831219504E+00,   -0.1177321790491497877084726E-01,     -8.35%
   -0.2466666666666666785090456E+01,    0.1295222399172788196874961E+00,    0.1411543287327478024550942E+00,   -0.1163208881546898276759805E-01,     -8.24%
   -0.2464999999999999857891453E+01,    0.1298276588228537697933263E+00,    0.1413182876463086046214812E+00,   -0.1149062882345483482815496E-01,     -8.13%
   -0.2463333333333333374781660E+01,    0.1301336699162418952813169E+00,    0.1414825166910068932057953E+00,   -0.1134884677476499792447839E-01,     -8.02%
   -0.2461666666666666447582656E+01,    0.1304402649158520055561183E+00,    0.1416470164220042515790254E+00,   -0.1120675150615224602290709E-01,     -7.91%
   -0.2459999999999999964472863E+01,    0.1307474355509168351119342E+00,    0.1418117873957683572339050E+00,   -0.1106435184485152212197079E-01,     -7.80%
   -0.2458333333333333481363070E+01,    0.1310551735618745439193589E+00,    0.1419768301700763957207130E+00,   -0.1092165660820185180135411E-01,     -7.69%
   -0.2456666666666666554164067E+01,    0.1313634707007472757211985E+00,    0.1421421453040183635607718E+00,   -0.1077867460327108783957328E-01,     -7.58%
   -0.2455000000000000071054274E+01,    0.1316723187315183007939368E+00,    0.1423077333580000103374630E+00,   -0.1063541462648170954352622E-01,     -7.47%
   -0.2453333333333333143855270E+01,    0.1319817094305085203309602E+00,    0.1424735948937463636543299E+00,   -0.1049188546323784332336970E-01,     -7.36%
   -0.2451666666666666660745477E+01,    0.1322916345867497511790134E+00,    0.1426397304743048377595471E+00,   -0.1034809588755508658053373E-01,     -7.25%
   -0.2450000000000000177635684E+01,    0.1326020860023577052633215E+00,    0.1428061406640485364594184E+00,   -0.1020405466169083119609695E-01,     -7.15%
   -0.2448333333333333250436681E+01,    0.1329130554929027485666637E+00,    0.1429728260286795560318751E+00,   -0.1005977053577680746521139E-01,     -7.04%
   -0.2446666666666666767326888E+01,    0.1332245348877789670183347E+00,    0.1431397871352320938509450E+00,   -0.9915252247453126832610337E-02,     -6.93%
   -0.2444999999999999840127884E+01,    0.1335365160305716225597195E+00,    0.1433070245520760011004313E+00,   -0.9770508521504378540711855E-02,     -6.82%
   -0.2443333333333333357018091E+01,    0.1338489907794233324533906E+00,    0.1434745388489197248649276E+00,   -0.9625548069496392411537045E-02,     -6.71%
   -0.2441666666666666873908298E+01,    0.1341619510073979171238534E+00,    0.1436423305968139163546482E+00,   -0.9480379589415999230794796E-02,     -6.60%
   -0.2439999999999999946709295E+01,    0.1344753886028431932864180E+00,    0.1438104003681546227966237E+00,   -0.9335011765311429510205699E-02,     -6.49%
   -0.2438333333333333463599502E+01,    0.1347892954697511580519631E+00,    0.1439787487366864515703213E+00,   -0.9189453266935293518358208E-02,     -6.38%
   -0.2436666666666666536400498E+01,    0.1351036635281181452761246E+00,    0.1441473762775061506768992E+00,   -0.9043712749388005400774659E-02,     -6.27%
   -0.2435000000000000053290705E+01,    0.1354184847143009295944438E+00,    0.1443162835670655785857974E+00,   -0.8897798852764648991353624E-02,     -6.17%
   -0.2433333333333333126091702E+01,    0.1357337509813738296582386E+00,    0.1444854711831754789930216E+00,   -0.8751720201801649334782951E-02,     -6.06%
   -0.2431666666666666642981909E+01,    0.1360494542994813704783752E+00,    0.1446549397050083951565824E+00,   -0.8605485405527024678207226E-02,     -5.95%
   -0.2430000000000000159872116E+01,    0.1363655866561913898582503E+00,    0.1448246897131022781213261E+00,   -0.8459103056910888263075776E-02,     -5.84%
   -0.2428333333333333232673112E+01,    0.1366821400568453692692117E+00,    0.1449947217893637618768565E+00,   -0.8312581732518392607644842E-02,     -5.73%
   -0.2426666666666666749563319E+01,    0.1369991065249068495912610E+00,    0.1451650365170714107598826E+00,   -0.8165929992164561168621617E-02,     -5.63%
   -0.2424999999999999822364316E+01,    0.1373164781023091252087909E+00,    0.1453356344808792999234726E+00,   -0.8019156378570174714681684E-02,     -5.52%
   -0.2423333333333333339254523E+01,    0.1376342468497998572374286E+00,    0.1455065162668201517170985E+00,   -0.7872269417020294479669928E-02,     -5.41%
   -0.2421666666666666856144730E+01,    0.1379524048472850761282160E+00,    0.1456776824623089161558909E+00,   -0.7725277615023840027674851E-02,     -5.30%
   -0.2419999999999999928945726E+01,    0.1382709441941709360701651E+00,    0.1458491336561460738341367E+00,   -0.7578189461975137763971588E-02,     -5.20%
   -0.2418333333333333445835933E+01,    0.1385898570097031656800368E+00,    0.1460208704385209388387779E+00,   -0.7431013428817773158741034E-02,     -5.09%
   -0.2416666666666666518636930E+01,    0.1389091354333063244030910E+00,    0.1461928934010152392186654E+00,   -0.7283757967708914815574417E-02,     -4.98%
   -0.2415000000000000035527137E+01,    0.1392287716249190621109477E+00,    0.1463652031366063088757556E+00,   -0.7136431511687246764807924E-02,     -4.88%
   -0.2413333333333333552417344E+01,    0.1395487577653294897217506E+00,    0.1465378002396706957899397E+00,   -0.6989042474341206068189081E-02,     -4.77%
   -0.2411666666666666625218340E+01,    0.1398690860565083848854329E+00,    0.1467106853059875481992691E+00,   -0.6841599249479163313836239E-02,     -4.66%
   -0.2410000000000000142108547E+01,    0.1401897487219392890445135E+00,    0.1468838589327418620023025E+00,   -0.6694110210802572957788925E-02,     -4.56%
   -0.2408333333333333214909544E+01,    0.1405107380069484934725921E+00,    0.1470573217185282277608138E+00,   -0.6546583711579734288221744E-02,     -4.45%
   -0.2406666666666666731799751E+01,    0.1408320461790320554662514E+00,    0.1472310742633538560575346E+00,   -0.6399028084321800591283136E-02,     -4.35%
   -0.2404999999999999804600748E+01,    0.1411536655281820928919956E+00,    0.1474051171686425465434667E+00,   -0.6251451640460453651471084E-02,     -4.24%
   -0.2403333333333333321490954E+01,    0.1414755883672098313308396E+00,    0.1475794510372375745177465E+00,   -0.6103862670027743186906832E-02,     -4.14%
   -0.2401666666666666838381161E+01,    0.1417978070320681793781148E+00,    0.1477540764734056877305335E+00,   -0.5956269441337508352418695E-02,     -4.03%
   -0.2399999999999999911182158E+01,    0.1421203138821717226747410E+00,    0.1479289940828402427630550E+00,   -0.5808680200668520088314040E-02,     -3.93%
   -0.2398333333333333428072365E+01,    0.1424431013007145530036013E+00,    0.1481042044726646744745580E+00,   -0.5661103171950121470956674E-02,     -3.82%
   -0.2396666666666666500873362E+01,    0.1427661616949879586080385E+00,    0.1482797082514362707605926E+00,   -0.5513546556448312152554081E-02,     -3.72%
   -0.2395000000000000017763568E+01,    0.1430894874966935625959508E+00,    0.1484555060291492534219060E+00,   -0.5366018532455690825955230E-02,     -3.61%
   -0.2393333333333333534653775E+01,    0.1434130711622574327890334E+00,    0.1486315984172386084338768E+00,   -0.5218527254981175644843461E-02,     -3.51%
   -0.2391666666666666607454772E+01,    0.1437369051731402225247081E+00,    0.1488079860285835276378918E+00,   -0.5071080855443305113183783E-02,     -3.41%
   -0.2390000000000000124344979E+01,    0.1440609820361464232796322E+00,    0.1489846694775107671659953E+00,   -0.4923687441364343886363031E-02,     -3.30%
   -0.2388333333333333197145976E+01,    0.1443852942837317854252177E+00,    0.1491616493797983111768701E+00,   -0.4776355096066525751652421E-02,     -3.20%
   -0.2386666666666666714036182E+01,    0.1447098344743084075147976E+00,    0.1493389263526788135472145E+00,   -0.4629091878370406032416895E-02,     -3.10%
   -0.2384999999999999786837179E+01,    0.1450345951925483267697103E+00,    0.1495165010148432616077230E+00,   -0.4481905822294934838012637E-02,     -3.00%
   -0.2383333333333333303727386E+01,    0.1453595690496847225858801E+00,    0.1496943739864443345677358E+00,   -0.4334804936759611981855755E-02,     -2.90%
   -0.2381666666666666820617593E+01,    0.1456847486838125649288855E+00,    0.1498725458891001227623718E+00,   -0.4187797205287557833486289E-02,     -2.79%
   -0.2379999999999999893418590E+01,    0.1460101267601852659261397E+00,    0.1500510173458976248550556E+00,   -0.4040890585712358928915933E-02,     -2.69%
   -0.2378333333333333410308796E+01,    0.1463356959715113592146452E+00,    0.1502297889813961062621672E+00,   -0.3894093009884747047522069E-02,     -2.59%
   -0.2376666666666666483109793E+01,    0.1466614490382483482200371E+00,    0.1504088614216311514670821E+00,   -0.3747412383382803247044990E-02,     -2.49%
   -0.2375000000000000000000000E+01,    0.1469873787088944450118788E+00,    0.1505882352941176338667617E+00,   -0.3600856585223188854882892E-02,     -2.39%
   -0.2373333333333333516890207E+01,    0.1473134777602792822026601E+00,    0.1507679112278538513525206E+00,   -0.3454433467574569149860508E-02,     -2.29%
   -0.2371666666666666589691204E+01,    0.1476397389978520990894140E+00,    0.1509478898533248014679486E+00,   -0.3308150855472702378534677E-02,     -2.19%
   -0.2370000000000000106581410E+01,    0.1479661552559677628604362E+00,    0.1511281718025057063670147E+00,   -0.3162016546537943506578472E-02,     -2.09%
   -0.2368333333333333179382407E+01,    0.1482927193981717906012818E+00,    0.1513087577088660096169548E+00,   -0.3016038310694219015672957E-02,     -1.99%
   -0.2366666666666666696272614E+01,    0.1486194243174823181874444E+00,    0.1514896482073725125783170E+00,   -0.2870223889890194390872580E-02,     -1.89%
   -0.2365000000000000213162821E+01,    0.1489462629366711809986157E+00,    0.1516708439344933434522744E+00,   -0.2724580997822162453658734E-02,     -1.80%
   -0.2363333333333333285963818E+01,    0.1492732282085425243867149E+00,    0.1518523455282015099943038E+00,   -0.2579117319658985607588875E-02,     -1.70%
   -0.2361666666666666802854024E+01,    0.1496003131162090549199917E+00,    0.1520341536279783134499866E+00,   -0.2433840511769258529994886E-02,     -1.60%
   -0.2359999999999999875655021E+01,    0.1499275106733675977377374E+00,    0.1522162688748173453578971E+00,   -0.2288758201449747620159769E-02,     -1.50%
   -0.2358333333333333392545228E+01,    0.1502548139245715452805285E+00,    0.1523986919112277627075258E+00,   -0.2143877986656217426997273E-02,     -1.41%
   -0.2356666666666666465346225E+01,    0.1505822159455017794638110E+00,    0.1525814233812382569865918E+00,   -0.1999207435736477522780774E-02,     -1.31%
   -0.2354999999999999982236432E+01,    0.1509097098432356509611907E+00,    0.1527644639304004958724192E+00,   -0.1854754087164844911228556E-02,     -1.21%
   -0.2353333333333333499126638E+01,    0.1512372887565145151977930E+00,    0.1529478142057929812569483E+00,   -0.1710525449278466059155335E-02,     -1.12%
   -0.2351666666666666571927635E+01,    0.1515649458560080486968502E+00,    0.1531314748560245186936868E+00,   -0.1566529000016469996836577E-02,     -1.02%
   -0.2350000000000000088817842E+01,    0.1518926743445777605145963E+00,    0.1533154465312379921559938E+00,   -0.1422772186660231641397445E-02,     -0.93%
   -0.2348333333333333161618839E+01,    0.1522204674575383387402638E+00,    0.1534997298831142498176661E+00,   -0.1279262425575911077402225E-02,     -0.83%
   -0.2346666666666666678509046E+01,    0.1525483184629163602163970E+00,    0.1536843255648752681885583E+00,   -0.1136007101958907972161228E-02,     -0.74%
   -0.2345000000000000195399252E+01,    0.1528762206617078900361406E+00,    0.1538692342312885374955300E+00,   -0.9930135695806474593894109E-03,     -0.65%
   -0.2343333333333333268200249E+01,    0.1532041673881341103946596E+00,    0.1540544565386702535736418E+00,   -0.8502891505361431789822291E-03,     -0.55%
   -0.2341666666666666785090456E+01,    0.1535321520098932857045781E+00,    0.1542399931448891758911657E+00,   -0.7078411349958901865875305E-03,     -0.46%
   -0.2339999999999999857891453E+01,    0.1538601679284138101788670E+00,    0.1544258447093705688413223E+00,   -0.5656767809567586624552860E-03,     -0.37%
   -0.2338333333333333374781660E+01,    0.1541882085791022038989695E+00,    0.1546120118930995324113553E+00,   -0.4238033139973285123858204E-03,     -0.27%
   -0.2336666666666666447582656E+01,    0.1545162674315913309275317E+00,    0.1547984953586251377632976E+00,   -0.2822279270338068357659722E-03,     -0.18%
   -0.2334999999999999964472863E+01,    0.1548443379899850091963032E+00,    0.1549852957700638411697724E+00,   -0.1409577800788319734692777E-03,     -0.09%
   -0.2333333333333333481363070E+01,    0.1551724137931023705938571E+00,    0.1551724137931034253057305E+00,   -0.1054711873393898713402450E-14,      0.00%
   -0.2331666666666666554164067E+01,    0.1555004884147182520059971E+00,    0.1553598500950068850290364E+00,    0.1406383197113669769606759E-03,      0.09%
   -0.2330000000000000071054274E+01,    0.1558285554638033643115591E+00,    0.1555476053446157025383911E+00,    0.2809501191876617731679744E-03,      0.18%
   -0.2328333333333333143855270E+01,    0.1561566085847615192871984E+00,    0.1557356802123542605098550E+00,    0.4209283724072587773434861E-03,      0.27%
   -0.2326666666666666660745477E+01,    0.1564846414576647470884296E+00,    0.1559240753702330617436189E+00,    0.5605660874316853448107167E-03,      0.36%
   -0.2325000000000000177635684E+01,    0.1568126477984871647297638E+00,    0.1561127914918528369891959E+00,    0.6998563066343277405678691E-03,      0.45%
   -0.2323333333333333250436681E+01,    0.1571406213593364298297672E+00,    0.1563018292524083474592800E+00,    0.8387921069280823704872319E-03,      0.54%
   -0.2321666666666666767326888E+01,    0.1574685559286826408431637E+00,    0.1564911893286919097878496E+00,    0.9773665999907310553140860E-03,      0.62%
   -0.2319999999999999840127884E+01,    0.1577964453315863768700922E+00,    0.1566808723990975316109342E+00,    0.1115572932488845259157983E-02,      0.71%
   -0.2318333333333333357018091E+01,    0.1581242834299237676187744E+00,    0.1568708791436244365247177E+00,    0.1253404286299331094056697E-02,      0.80%
   -0.2316666666666666873908298E+01,    0.1584520641226102866117031E+00,    0.1570612102438811441551536E+00,    0.1390853878729142456549539E-02,      0.89%
   -0.2314999999999999946709295E+01,    0.1587797813458217133231187E+00,    0.1572518663830891338939466E+00,    0.1527914962732579429172119E-02,      0.97%
   -0.2313333333333333463599502E+01,    0.1591074290732138463155820E+00,    0.1574428482460866474124117E+00,    0.1664580827127198903170324E-02,      1.06%
   -0.2311666666666666536400498E+01,    0.1594350013161399959304987E+00,    0.1576341565193327409755142E+00,    0.1800844796807254954984501E-02,      1.14%
   -0.2310000000000000053290705E+01,    0.1597624921238658679545352E+00,    0.1578257918909108103999728E+00,    0.1936700232955057554562472E-02,      1.23%
   -0.2308333333333333126091702E+01,    0.1600898955837835868631913E+00,    0.1580177550505327821461776E+00,    0.2072140533250804717013693E-02,      1.31%
   -0.2306666666666666642981909E+01,    0.1604172058216227492177808E+00,    0.1582100466895426660318691E+00,    0.2207159132080083185911690E-02,      1.40%
   -0.2305000000000000159872116E+01,    0.1607444170016596729499980E+00,    0.1584026675009206908129045E+00,    0.2341749500738982137093558E-02,      1.48%
   -0.2303333333333333232673112E+01,    0.1610715233269249813119472E+00,    0.1585956181792870789415417E+00,    0.2475905147637902370405527E-02,      1.56%
   -0.2301666666666666749563319E+01,    0.1613985190394084390241858E+00,    0.1587888994209057103024207E+00,    0.2609619618502728721765038E-02,      1.64%
   -0.2299999999999999822364316E+01,    0.1617253984202631222899527E+00,    0.1589825119236884243267838E+00,    0.2742886496574697963168887E-02,      1.73%
   -0.2298333333333333339254523E+01,    0.1620521557900056752732354E+00,    0.1591764563871984894394274E+00,    0.2875699402807185833808035E-02,      1.81%
   -0.2296666666666666856144730E+01,    0.1623787855087161502432025E+00,    0.1593707335126549051729228E+00,    0.3008051996061245070279710E-02,      1.89%
   -0.2294999999999999928945726E+01,    0.1627052819762352109389525E+00,    0.1595653440029360103924461E+00,    0.3139937973299200546506427E-02,      1.97%
   -0.2293333333333333445835933E+01,    0.1630316396323589767103357E+00,    0.1597602885625834245875154E+00,    0.3271351069775552122820272E-02,      2.05%
   -0.2291666666666666518636930E+01,    0.1633578529570327564357513E+00,    0.1599555678978061834527580E+00,    0.3402285059226572982993275E-02,      2.13%
   -0.2290000000000000035527137E+01,    0.1636839164705414795264460E+00,    0.1601511827164843471127398E+00,    0.3532733754057132413706199E-02,      2.21%
   -0.2288333333333333552417344E+01,    0.1640098247336994607969984E+00,    0.1603471337281732744806106E+00,    0.3662691005526186316387793E-02,      2.28%
   -0.2286666666666666625218340E+01,    0.1643355723480373897782414E+00,    0.1605434216441073425052366E+00,    0.3792150703930047273004789E-02,      2.36%
   -0.2285000000000000142108547E+01,    0.1646611539559868775395302E+00,    0.1607400471772038319517861E+00,    0.3921106778783045587744027E-02,      2.44%
   -0.2283333333333333214909544E+01,    0.1649865642410641153325912E+00,    0.1609370110420671462492237E+00,    0.4049553198996969083367503E-02,      2.52%
   -0.2281666666666666731799751E+01,    0.1653117979280504246109018E+00,    0.1611343139549925029818667E+00,    0.4177483973057921629035150E-02,      2.59%
   -0.2279999999999999804600748E+01,    0.1656368497831716690704695E+00,    0.1613319566339700694701520E+00,    0.4304893149201599600317536E-02,      2.67%
   -0.2278333333333333321490954E+01,    0.1659617146142748078663232E+00,    0.1615299397986888207956468E+00,    0.4431774815585987070676310E-02,      2.74%
   -0.2276666666666666838381161E+01,    0.1662863872710028667611937E+00,    0.1617282641705406198706640E+00,    0.4558123100462246890529627E-02,      2.82%
   -0.2274999999999999911182158E+01,    0.1666108626449684104731119E+00,    0.1619269304726242419967264E+00,    0.4683932172344168476385562E-02,      2.89%
   -0.2273333333333333428072365E+01,    0.1669351356699233512870251E+00,    0.1621259394297490108449722E+00,    0.4809196240174340442052880E-02,      2.97%
   -0.2271666666666666500873362E+01,    0.1672592013219288686887154E+00,    0.1623252917684393781261321E+00,    0.4933909553489490562583342E-02,      3.04%
   -0.2270000000000000017763568E+01,    0.1675830546195209713733476E+00,    0.1625249882169383652819050E+00,    0.5058066402582606091442585E-02,      3.11%
   -0.2268333333333333534653775E+01,    0.1679066906238767531434064E+00,    0.1627250295052119211103303E+00,    0.5181661118664832033076095E-02,      3.18%
   -0.2266666666666666607454772E+01,    0.1682301044389759303587795E+00,    0.1629254163649529463242516E+00,    0.5304688074022984034527894E-02,      3.26%
   -0.2265000000000000124344979E+01,    0.1685532912117619630532062E+00,    0.1631261495295849572872982E+00,    0.5427141682177005765908007E-02,      3.33%
   -0.2263333333333333197145976E+01,    0.1688762461323009556046770E+00,    0.1633272297342666101727104E+00,    0.5549016398034345431966585E-02,      3.40%
   -0.2261666666666666714036182E+01,    0.1691989644339377263371205E+00,    0.1635286577158953091881699E+00,    0.5670306718042417148950562E-02,      3.47%
   -0.2259999999999999786837179E+01,    0.1695214413934511554771234E+00,    0.1637304342131115642011707E+00,    0.5791007180339591275952671E-02,      3.54%
   -0.2258333333333333303727386E+01,    0.1698436723312060081525487E+00,    0.1639325599663027654973035E+00,    0.5911112364903242655245208E-02,      3.61%
   -0.2256666666666666820617593E+01,    0.1701656526113041745240650E+00,    0.1641350357176074858944759E+00,    0.6030616893696688629589175E-02,      3.67%
   -0.2254999999999999893418590E+01,    0.1704873776417327180254802E+00,    0.1643378622109194220346495E+00,    0.6149515430813295990830625E-02,      3.74%
   -0.2253333333333333410308796E+01,    0.1708088428745105080697186E+00,    0.1645410401918913911867293E+00,    0.6267802682619116882989374E-02,      3.81%
   -0.2251666666666666483109793E+01,    0.1711300438058328543533548E+00,    0.1647445704079396056052076E+00,    0.6385473397893248748147244E-02,      3.88%
   -0.2250000000000000000000000E+01,    0.1714509759762136709149161E+00,    0.1649484536082474195328729E+00,    0.6502522367966251382043197E-02,      3.94%
   -0.2248333333333333516890207E+01,    0.1717716349706261691476783E+00,    0.1651526905437697978484834E+00,    0.6618944426856371299194848E-02,      4.01%
   -0.2246666666666666589691204E+01,    0.1720920164186411638329588E+00,    0.1653572819672372296029295E+00,    0.6734734451403934230029336E-02,      4.07%
   -0.2245000000000000106581410E+01,    0.1724121159945630199494815E+00,    0.1655622286331596137998190E+00,    0.6849887361403406149662487E-02,      4.14%
   -0.2243333333333333179382407E+01,    0.1727319294175650166156544E+00,    0.1657675312978308668210303E+00,    0.6964398119734149794624045E-02,      4.20%
   -0.2241666666666666696272614E+01,    0.1730514524518203811620509E+00,    0.1659731907193324196292394E+00,    0.7078261732487961532811482E-02,      4.26%
   -0.2240000000000000213162821E+01,    0.1733706809066335452484964E+00,    0.1661792076575378807046235E+00,    0.7191473249095664543872886E-02,      4.33%
   -0.2238333333333333285963818E+01,    0.1736896106365681813343826E+00,    0.1663855828741168385587201E+00,    0.7304027762451342775662511E-02,      4.39%
   -0.2236666666666666802854024E+01,    0.1740082375415731574808120E+00,    0.1665923171325389695596186E+00,    0.7415920409034187921193393E-02,      4.45%
   -0.2234999999999999875655021E+01,    0.1743265575671073264185651E+00,    0.1667994111980784788240584E+00,    0.7527146369028847594506715E-02,      4.51%
   -0.2233333333333333392545228E+01,    0.1746445667042609284358434E+00,    0.1670068658378177917089857E+00,    0.7637700866443136726857688E-02,      4.57%
   -0.2231666666666666465346225E+01,    0.1749622609898768832437099E+00,    0.1672146818206520779703794E+00,    0.7747579169224805273330503E-02,      4.63%
   -0.2229999999999999982236432E+01,    0.1752796365066679185051868E+00,    0.1674228599172931097882611E+00,    0.7856776589374808716925713E-02,      4.69%
   -0.2228333333333333499126638E+01,    0.1755966893833334208085972E+00,    0.1676314009002737304143693E+00,    0.7965288483059690394227914E-02,      4.75%
   -0.2226666666666666571927635E+01,    0.1759134157946735665944971E+00,    0.1678403055439517954638973E+00,    0.8073110250721771130599791E-02,      4.81%
   -0.2225000000000000088817842E+01,    0.1762298119617009273252251E+00,    0.1680495746245142252295324E+00,    0.8180237337186702095692681E-02,      4.87%
   -0.2223333333333333161618839E+01,    0.1765458741517514085206386E+00,    0.1682592089199815565958573E+00,    0.8286665231769851924781278E-02,      4.92%
   -0.2221666666666666678509046E+01,    0.1768615986785915805690195E+00,    0.1684692092102116622864827E+00,    0.8392389468379918282536778E-02,      4.98%
   -0.2220000000000000195399252E+01,    0.1771769819025255932043450E+00,    0.1686795762769043582895989E+00,    0.8497405625621234914746083E-02,      5.04%
   -0.2218333333333333268200249E+01,    0.1774920202304986205366077E+00,    0.1688903109036053729052895E+00,    0.8601709326893247631318218E-02,      5.09%
   -0.2216666666666666785090456E+01,    0.1778067101161993623925639E+00,    0.1691014138757104268151465E+00,    0.8705296240488935577417351E-02,      5.15%
   -0.2214999999999999857891453E+01,    0.1781210480601602141881301E+00,    0.1693128859804697849966715E+00,    0.8808162079690429191458634E-02,      5.20%
   -0.2213333333333333374781660E+01,    0.1784350306098551330880042E+00,    0.1695247280069919482148322E+00,    0.8910302602863184873172031E-02,      5.26%
   -0.2211666666666666447582656E+01,    0.1787486543597959498530514E+00,    0.1697369407462484824922200E+00,    0.9011713613547467360831433E-02,      5.31%
   -0.2209999999999999964472863E+01,    0.1790619159516263214637632E+00,    0.1699495249910776550894553E+00,    0.9112390960548666374307913E-02,      5.36%
   -0.2208333333333333481363070E+01,    0.1793748120742142682093601E+00,    0.1701624815361890419307400E+00,    0.9212330538025226278620039E-02,      5.41%
   -0.2206666666666666554164067E+01,    0.1796873394637417964414539E+00,    0.1703758111781676631846238E+00,    0.9311528285574133256830009E-02,      5.47%
   -0.2205000000000000071054274E+01,    0.1799994949037933555935354E+00,    0.1705895147154780078224690E+00,    0.9409980188315347771066399E-02,      5.52%
   -0.2203333333333333143855270E+01,    0.1803112752254421580211385E+00,    0.1708035929484685855328507E+00,    0.9507682276973572488287800E-02,      5.57%
   -0.2201666666666666660745477E+01,    0.1806226773073339730846243E+00,    0.1710180466793758402577197E+00,    0.9604630627958132826904603E-02,      5.62%
   -0.2200000000000000177635684E+01,    0.1809336980757695056976075E+00,    0.1712328767123287576179536E+00,    0.9700821363440748079653986E-02,      5.67%
   -0.2198333333333333250436681E+01,    0.1812443345047849430073938E+00,    0.1714480838533528339606704E+00,    0.9796250651432109046723440E-02,      5.71%
   -0.2196666666666666767326888E+01,    0.1815545836162294202065226E+00,    0.1716636689103743784734490E+00,    0.9890914705855041733073563E-02,      5.76%
   -0.2194999999999999840127884E+01,    0.1818644424798424308331590E+00,    0.1718796326932249540764275E+00,    0.9984809786617476756731548E-02,      5.81%
   -0.2193333333333333357018091E+01,    0.1821739082133267129126608E+00,    0.1720959760136452909584648E+00,    0.1007793219968142195419603E-01,      5.86%
   -0.2191666666666666873908298E+01,    0.1824829779824219955219888E+00,    0.1723126996852899772694201E+00,    0.1017027829713201825256874E-01,      5.90%
   -0.2189999999999999946709295E+01,    0.1827916490009742767064438E+00,    0.1725298045237314836786169E+00,    0.1026184447724279302782691E-01,      5.95%
   -0.2188333333333333463599502E+01,    0.1830999185310048238406466E+00,    0.1727472913464643544667609E+00,    0.1035262718454046937388568E-01,      5.99%
   -0.2186666666666666536400498E+01,    0.1834077838827765372098355E+00,    0.1729651609729098149514925E+00,    0.1044262290986672225834297E-01,      6.04%
   -0.2185000000000000053290705E+01,    0.1837152424148578988560843E+00,    0.1731834142244197127791239E+00,    0.1053182819043818607696039E-01,      6.08%
   -0.2183333333333333126091702E+01,    0.1840222915341863385574328E+00,    0.1734020519242811253501912E+00,    0.1062023960990521320724156E-01,      6.12%
   -0.2181666666666666642981909E+01,    0.1843289286961280748489145E+00,    0.1736210748977203011111925E+00,    0.1070785379840777373772198E-01,      6.17%
   -0.2180000000000000159872116E+01,    0.1846351514045370123540124E+00,    0.1738404839719073502468660E+00,    0.1079466743262966210714637E-01,      6.21%
   -0.2178333333333333232673112E+01,    0.1849409572118116407146715E+00,    0.1740602799759603525053819E+00,    0.1088067723585128820928958E-01,      6.25%
   -0.2176666666666666749563319E+01,    0.1852463437189490746970222E+00,    0.1742804637409494927791087E+00,    0.1096587997799958191791347E-01,      6.29%
   -0.2174999999999999822364316E+01,    0.1855513085755986224523184E+00,    0.1745010360999018628191948E+00,    0.1105027247569675963312363E-01,      6.33%
   -0.2173333333333333339254523E+01,    0.1858558494801119398420752E+00,    0.1747219978878051804827010E+00,    0.1113385159230675935937427E-01,      6.37%
   -0.2171666666666666856144730E+01,    0.1861599641795923243403621E+00,    0.1749433499416126192027576E+00,    0.1121661423797970513760447E-01,      6.41%
   -0.2169999999999999928945726E+01,    0.1864636504699416219565933E+00,    0.1751650931002469990804826E+00,    0.1129855736969462287611066E-01,      6.45%
   -0.2168333333333333445835933E+01,    0.1867669061959050524901471E+00,    0.1753872282046047836878699E+00,    0.1137967799130026880227717E-01,      6.49%
   -0.2166666666666666518636930E+01,    0.1870697292511146470062045E+00,    0.1756097560975609928046737E+00,    0.1145997315355365420153078E-01,      6.53%
   -0.2165000000000000035527137E+01,    0.1873721175781299097540256E+00,    0.1758326776239730326878430E+00,    0.1153943995415687706618257E-01,      6.56%
   -0.2163333333333333552417344E+01,    0.1876740691684776751735342E+00,    0.1760559936306853590082255E+00,    0.1161807553779231616530865E-01,      6.60%
   -0.2161666666666666625218340E+01,    0.1879755820626891893443400E+00,    0.1762797049665338067203635E+00,    0.1169587709615538262397649E-01,      6.63%
   -0.2160000000000000142108547E+01,    0.1882766543503351097665899E+00,    0.1765038124823496146209578E+00,    0.1177284186798549514563206E-01,      6.67%
   -0.2158333333333333214909544E+01,    0.1885772841700599500303070E+00,    0.1767283170309643103301767E+00,    0.1184896713909563970013039E-01,      6.70%
   -0.2156666666666666731799751E+01,    0.1888774697096125831929925E+00,    0.1769532194672135128055146E+00,    0.1192425024239907038747788E-01,      6.74%
   -0.2154999999999999804600748E+01,    0.1891772092058771059797095E+00,    0.1771785206479418728342523E+00,    0.1199868855793523314545723E-01,      6.77%
   -0.2153333333333333321490954E+01,    0.1894765009448992065799189E+00,    0.1774042214320068755473159E+00,    0.1207227951289233103260301E-01,      6.80%
   -0.2151666666666666838381161E+01,    0.1897753432619137536896403E+00,    0.1776303226802836421338583E+00,    0.1214502058163011155578204E-01,      6.84%
   -0.2149999999999999911182158E+01,    0.1900737345413676671057601E+00,    0.1778568252556692041999042E+00,    0.1221690928569846290585588E-01,      6.87%
   -0.2148333333333333428072365E+01,    0.1903716732169419556530698E+00,    0.1780837300230865560823901E+00,    0.1228794319385539957067977E-01,      6.90%
   -0.2146666666666666500873362E+01,    0.1906691577715727559105829E+00,    0.1783110378494896508527745E+00,    0.1235811992208310505780844E-01,      6.93%
   -0.2145000000000000017763568E+01,    0.1909661867374688737353239E+00,    0.1785387496038671473197468E+00,    0.1242743713360172641557710E-01,      6.96%
   -0.2143333333333333534653775E+01,    0.1912627586961289927192098E+00,    0.1787668661572472672549594E+00,    0.1249589253888172546425039E-01,      6.99%
   -0.2141666666666666607454772E+01,    0.1915588722783557462658877E+00,    0.1789953883827020975072486E+00,    0.1256348389565364875863906E-01,      7.02%
   -0.2140000000000000124344979E+01,    0.1918545261642684018887905E+00,    0.1792243171553516423166741E+00,    0.1263020900891675957211646E-01,      7.05%
   -0.2138333333333333197145976E+01,    0.1921497190833143242638670E+00,    0.1794536533523687360514032E+00,    0.1269606573094558821246380E-01,      7.07%
   -0.2136666666666666714036182E+01,    0.1924444498142773296578412E+00,    0.1796833978529830400105993E+00,    0.1276105196129428964724184E-01,      7.10%
   -0.2134999999999999786837179E+01,    0.1927387171852850689113268E+00,    0.1799135515384857886278525E+00,    0.1282516564679928028347433E-01,      7.13%
   -0.2133333333333333303727386E+01,    0.1930325200738143565093452E+00,    0.1801441152922337862740676E+00,    0.1288840478158057023527761E-01,      7.15%
   -0.2131666666666666820617593E+01,    0.1933258574066946955394286E+00,    0.1803750899996542644831976E+00,    0.1295076740704043105623100E-01,      7.18%
   -0.2129999999999999893418590E+01,    0.1936187281601095544480984E+00,    0.1806064765482490452885855E+00,    0.1301225161186050915951284E-01,      7.20%
   -0.2128333333333333410308796E+01,    0.1939111313595963947964407E+00,    0.1808382758275988155816094E+00,    0.1307285553199757921483126E-01,      7.23%
   -0.2126666666666666483109793E+01,    0.1942030660800446728586621E+00,    0.1810704887293680398485662E+00,    0.1313257735067663301009588E-01,      7.25%
   -0.2125000000000000000000000E+01,    0.1944945314456914542411425E+00,    0.1813031161473087904401069E+00,    0.1319141529838266380103562E-01,      7.28%
   -0.2123333333333333516890207E+01,    0.1947855266301159737896143E+00,    0.1815361589772656047969690E+00,    0.1324936765285036899264526E-01,      7.30%
   -0.2121666666666666589691204E+01,    0.1950760508562322803616240E+00,    0.1817696181171798153197727E+00,    0.1330643273905246504185129E-01,      7.32%
   -0.2120000000000000106581410E+01,    0.1953661033962793003304625E+00,    0.1820034944670937404609390E+00,    0.1336260892918555986952356E-01,      7.34%
   -0.2118333333333333179382407E+01,    0.1956556835718101794441282E+00,    0.1822377889291555974615733E+00,    0.1341789464265458198255487E-01,      7.36%
   -0.2116666666666666696272614E+01,    0.1959447907536787658600019E+00,    0.1824725024076232771097494E+00,    0.1347228834605548875025249E-01,      7.38%
   -0.2115000000000000213162821E+01,    0.1962334243620250384676496E+00,    0.1827076358088695062775741E+00,    0.1352578855315553219007541E-01,      7.40%
   -0.2113333333333333285963818E+01,    0.1965215838662586478324812E+00,    0.1829431900413858169685000E+00,    0.1357839382487283086398122E-01,      7.42%
   -0.2111666666666666802854024E+01,    0.1968092687850399591376060E+00,    0.1831791660157869872094238E+00,    0.1363010276925297192818221E-01,      7.44%
   -0.2109999999999999875655021E+01,    0.1970964786862604012362965E+00,    0.1834155646448157594985418E+00,    0.1368091404144464173775475E-01,      7.46%
   -0.2108333333333333392545228E+01,    0.1973832131870199568801638E+00,    0.1836523868433470596528423E+00,    0.1373082634367289722732153E-01,      7.48%
   -0.2106666666666666465346225E+01,    0.1976694719536037925244898E+00,    0.1838896335283925764780832E+00,    0.1377983842521121604640655E-01,      7.49%
   -0.2104999999999999982236432E+01,    0.1979552547014562513538749E+00,    0.1841273056191050361274364E+00,    0.1382794908235121522643851E-01,      7.51%
   -0.2103333333333333499126638E+01,    0.1982405611951540136406180E+00,    0.1843654040367829205493422E+00,    0.1387515715837109309127584E-01,      7.53%
   -0.2101666666666666571927635E+01,    0.1985253912483763982788076E+00,    0.1846039297048747418461545E+00,    0.1392146154350165643265314E-01,      7.54%
   -0.2100000000000000088817842E+01,    0.1988097447238749426734472E+00,    0.1848428835489833721439368E+00,    0.1396686117489157052951043E-01,      7.56%
   -0.2098333333333333161618839E+01,    0.1990936215334404291166237E+00,    0.1850822664968708453070434E+00,    0.1401135503656958380958031E-01,      7.57%
   -0.2096666666666666678509046E+01,    0.1993770216378686621627736E+00,    0.1853220794784624925188865E+00,    0.1405494215940616964388710E-01,      7.58%
   -0.2095000000000000195399252E+01,    0.1996599450469243586248069E+00,    0.1855623234258515774630638E+00,    0.1409762162107278116174314E-01,      7.60%
   -0.2093333333333333268200249E+01,    0.1999423918193031224355138E+00,    0.1858029992733038204821838E+00,    0.1413939254599930195333002E-01,      7.61%
   -0.2091666666666666785090456E+01,    0.2002243620625916431521318E+00,    0.1860441079572615341586328E+00,    0.1418025410533010899349904E-01,      7.62%
   -0.2089999999999999857891453E+01,    0.2005058559332266732155858E+00,    0.1862856504163484527847316E+00,    0.1422020551687822043085418E-01,      7.63%
   -0.2088333333333333374781660E+01,    0.2007868736364516459858010E+00,    0.1865276275913739234546540E+00,    0.1425924604507772253114695E-01,      7.64%
   -0.2086666666666666447582656E+01,    0.2010674154262723778430200E+00,    0.1867700404253376522678565E+00,    0.1429737500093472557516350E-01,      7.66%
   -0.2084999999999999964472863E+01,    0.2013474816054092453310176E+00,    0.1870128898634338399098453E+00,    0.1433459174197540542117224E-01,      7.67%
   -0.2083333333333333481363070E+01,    0.2016270725252505002789150E+00,    0.1872561768530559001000313E+00,    0.1437089567219460017888366E-01,      7.67%
   -0.2081666666666666554164067E+01,    0.2019061885858014215866518E+00,    0.1874999023438008727282522E+00,    0.1440628624200054885839961E-01,      7.68%
   -0.2080000000000000071054274E+01,    0.2021848302356323012762829E+00,    0.1877440672874736982134181E+00,    0.1444076294815860306286481E-01,      7.69%
   -0.2078333333333333143855270E+01,    0.2024629979718260697207910E+00,    0.1879886726380920747292436E+00,    0.1447432533373399499154743E-01,      7.70%
   -0.2076666666666666660745477E+01,    0.2027406923399223959147974E+00,    0.1882337193518903717404100E+00,    0.1450697298803202417438740E-01,      7.71%
   -0.2075000000000000177635684E+01,    0.2030179139338612048781840E+00,    0.1884792083873247370284787E+00,    0.1453870554653646784970533E-01,      7.71%
   -0.2073333333333333250436681E+01,    0.2032946633959243909473003E+00,    0.1887251407050771490059304E+00,    0.1456952269084724194136982E-01,      7.72%
   -0.2071666666666666767326888E+01,    0.2035709414166753106201213E+00,    0.1889715172680597743415376E+00,    0.1459942414861553627858370E-01,      7.73%
   -0.2069999999999999840127884E+01,    0.2038467487348973317118350E+00,    0.1892183390414199084528235E+00,    0.1462840969347742325901152E-01,      7.73%
   -0.2068333333333333357018091E+01,    0.2041220861375300232865015E+00,    0.1894656069925440000645267E+00,    0.1465647914498602322197485E-01,      7.74%
   -0.2066666666666666873908298E+01,    0.2043969544596046516993226E+00,    0.1897133220910623696564556E+00,    0.1468363236854228204286699E-01,      7.74%
   -0.2064999999999999946709295E+01,    0.2046713545841765957700176E+00,    0.1899614853088536503555872E+00,    0.1470986927532294541443036E-01,      7.74%
   -0.2063333333333333463599502E+01,    0.2049452874422574288892918E+00,    0.1902100976200489790279846E+00,    0.1473518982220844986130714E-01,      7.75%
   -0.2061666666666666536400498E+01,    0.2052187540127448084348316E+00,    0.1904591600010369645268327E+00,    0.1475959401170784390799895E-01,      7.75%
   -0.2060000000000000053290705E+01,    0.2054917553223503945414308E+00,    0.1907086734304676289841751E+00,    0.1478308189188276555725565E-01,      7.75%
   -0.2058333333333333126091702E+01,    0.2057642924455272692707553E+00,    0.1909586388892572927922231E+00,    0.1480565355626997647853216E-01,      7.75%
   -0.2056666666666666642981909E+01,    0.2060363665043939140897322E+00,    0.1912090573605926824285461E+00,    0.1482730914380123166118608E-01,      7.75%
   -0.2055000000000000159872116E+01,    0.2063079786686584093935437E+00,    0.1914599298299357044150781E+00,    0.1484804883872270497846557E-01,      7.76%
   -0.2053333333333333232673112E+01,    0.2065791301555401360268149E+00,    0.1917112572850278029434890E+00,    0.1486787287051233308332598E-01,      7.76%
   -0.2051666666666666749563319E+01,    0.2068498222296893396254802E+00,    0.1919630407158941509671024E+00,    0.1488678151379518865837781E-01,      7.76%
   -0.2049999999999999822364316E+01,    0.2071200562031068059809513E+00,    0.1922152811148486462045071E+00,    0.1490477508825815977644424E-01,      7.75%
   -0.2048333333333333339254523E+01,    0.2073898334350591232677630E+00,    0.1924679794764977969201425E+00,    0.1492185395856132634762048E-01,      7.75%
   -0.2046666666666666856144730E+01,    0.2076591553319963312507213E+00,    0.1927211367977455513944562E+00,    0.1493801853425077985626501E-01,      7.75%
   -0.2044999999999999928945726E+01,    0.2079280233474636030432947E+00,    0.1929747540777977943271537E+00,    0.1495326926966580871614099E-01,      7.75%
   -0.2043333333333333445835933E+01,    0.2081964389820144811782399E+00,    0.1932288323181662881289355E+00,    0.1496760666384819304930431E-01,      7.75%
   -0.2041666666666666518636930E+01,    0.2084644037831216989431482E+00,    0.1934833725226738632141377E+00,    0.1498103126044783572901054E-01,      7.74%
   -0.2040000000000000035527137E+01,    0.2087319193450855592253390E+00,    0.1937383756974581650034395E+00,    0.1499354364762739422189952E-01,      7.74%
   -0.2038333333333333552417344E+01,    0.2089989873089416472229374E+00,    0.1939938428509765944163235E+00,    0.1500514445796505280661393E-01,      7.73%
   -0.2036666666666666625218340E+01,    0.2092656093623674884440788E+00,    0.1942497749940106377408711E+00,    0.1501583436835685070320778E-01,      7.73%
   -0.2035000000000000142108547E+01,    0.2095317872395858482814646E+00,    0.1945061731396700022145296E+00,    0.1502561409991584606693493E-01,      7.73%
   -0.2033333333333333214909544E+01,    0.2097975227212682258759457E+00,    0.1947630383033975565165719E+00,    0.1503448441787066935937389E-01,      7.72%
   -0.2031666666666666731799751E+01,    0.2100628176344358499783027E+00,    0.1950203715029732443042576E+00,    0.1504244613146260567404511E-01,      7.71%
   -0.2029999999999999804600748E+01,    0.2103276738523600364327848E+00,    0.1952781737585190524608691E+00,    0.1504950009384098397191565E-01,      7.71%
   -0.2028333333333333321490954E+01,    0.2105920932944595203029081E+00,    0.1955364460925028691207217E+00,    0.1505564720195665118218642E-01,      7.70%
   -0.2026666666666666838381161E+01,    0.2108560779261980100418583E+00,    0.1957951895297434241616230E+00,    0.1506088839645458588023530E-01,      7.69%
   -0.2024999999999999911182158E+01,    0.2111196297589789938609073E+00,    0.1960544050974145358079426E+00,    0.1506522466156445805296471E-01,      7.68%
   -0.2023333333333333428072365E+01,    0.2113827508500395191415322E+00,    0.1963140938250492184558027E+00,    0.1506865702499030068572949E-01,      7.68%
   -0.2021666666666666500873362E+01,    0.2116454433023422510018463E+00,    0.1965742567445446786766894E+00,    0.1507118655779757232515692E-01,      7.67%
   -0.2020000000000000017763568E+01,    0.2119077092644664206400051E+00,    0.1968348948901661177313116E+00,    0.1507281437430030290869354E-01,      7.66%
   -0.2018333333333333534653775E+01,    0.2121695509304970250763489E+00,    0.1970960092985516998176365E+00,    0.1507354163194532525871239E-01,      7.65%
   -0.2016666666666666607454772E+01,    0.2124309705399124725833104E+00,    0.1973576010087166321405050E+00,    0.1507336953119584044280543E-01,      7.64%
   -0.2015000000000000124344979E+01,    0.2126919703774706182919374E+00,    0.1976196710620574947814276E+00,    0.1507229931541312351050976E-01,      7.63%
   -0.2013333333333333197145976E+01,    0.2129525527730940503978729E+00,    0.1978822205023570146575906E+00,    0.1507033227073703574028229E-01,      7.62%
   -0.2011666666666666714036182E+01,    0.2132127201017529338766821E+00,    0.1981452503757879790580176E+00,    0.1506746972596495481866441E-01,      7.60%
   -0.2009999999999999786837179E+01,    0.2134724747833473268432414E+00,    0.1984087617309180928693024E+00,    0.1506371305242923397393895E-01,      7.59%
   -0.2008333333333333303727386E+01,    0.2137318192825868601314454E+00,    0.1986727556187138643561951E+00,    0.1505906366387299577525027E-01,      7.58%
   -0.2006666666666666820617593E+01,    0.2139907561088708054519714E+00,    0.1989372330925455734096374E+00,    0.1505352301632523204233394E-01,      7.57%
   -0.2004999999999999893418590E+01,    0.2142492878161648128809702E+00,    0.1992021952081912128385000E+00,    0.1504709260797360004247025E-01,      7.55%
   -0.2003333333333333410308796E+01,    0.2145074170028768989482160E+00,    0.1994676430238407904838027E+00,    0.1503977397903610846441325E-01,      7.54%
   -0.2001666666666666483109793E+01,    0.2147651463117327963470160E+00,    0.1997335776001012419555991E+00,    0.1503156871163155439141690E-01,      7.53%
   -0.2000000000000000000000000E+01,    0.2150224784296485835977109E+00,    0.2000000000000000111022302E+00,    0.1502247842964857249548061E-01,      7.51%
   -0.1998333333333333516890207E+01,    0.2152794160876028428663886E+00,    0.2002669112889901292806627E+00,    0.1501250479861271358572594E-01,      7.50%
   -0.1996666666666666589691204E+01,    0.2155359620605073189825163E+00,    0.2005343125349542676705283E+00,    0.1500164952555305131198793E-01,      7.48%
   -0.1995000000000000106581410E+01,    0.2157921191670753302549457E+00,    0.2008022048082087895881642E+00,    0.1498991435886654066678148E-01,      7.47%
   -0.1993333333333333179382407E+01,    0.2160478902696899017321641E+00,    0.2010705891815086632234966E+00,    0.1497730108818123850866755E-01,      7.45%
   -0.1991666666666666696272614E+01,    0.2163032782742699278166754E+00,    0.2013394667300513474206269E+00,    0.1496381154421858039604842E-01,      7.43%
   -0.1990000000000000213162821E+01,    0.2165582861301350026117518E+00,    0.2016088385314812048143551E+00,    0.1494944759865379779739669E-01,      7.42%
   -0.1988333333333333285963818E+01,    0.2168129168298693620897666E+00,    0.2018787056658941370113070E+00,    0.1493421116397522507845963E-01,      7.40%
   -0.1986666666666666802854024E+01,    0.2170671734091827731472080E+00,    0.2021490692158413038370668E+00,    0.1491810419334146931014118E-01,      7.38%
   -0.1984999999999999875655021E+01,    0.2173210589467730602386553E+00,    0.2024199302663340360730615E+00,    0.1490112868043902416559376E-01,      7.36%
   -0.1983333333333333392545228E+01,    0.2175745765641842188742316E+00,    0.2026912899048476934815710E+00,    0.1488328665933652539266063E-01,      7.34%
   -0.1981666666666666465346225E+01,    0.2178277294256651952508719E+00,    0.2029631492213262722312805E+00,    0.1486458020433892301959133E-01,      7.32%
   -0.1979999999999999982236432E+01,    0.2180805207380263066596626E+00,    0.2032355093081863184334424E+00,    0.1484501142983998822622027E-01,      7.30%
   -0.1978333333333333499126638E+01,    0.2183329537504947459591875E+00,    0.2035083712603216465897304E+00,    0.1482458249017309936945708E-01,      7.28%
   -0.1976666666666666571927635E+01,    0.2185850317545690590925744E+00,    0.2037817361751073919062804E+00,    0.1480329557946166718629399E-01,      7.26%
   -0.1975000000000000088817842E+01,    0.2188367580838711246027373E+00,    0.2040556051524040348521538E+00,    0.1478115293146708975058345E-01,      7.24%
   -0.1973333333333333161618839E+01,    0.2190881361139985494812521E+00,    0.2043299792945621196071926E+00,    0.1475815681943642987405951E-01,      7.22%
   -0.1971666666666666678509046E+01,    0.2193391692623741229262180E+00,    0.2046048597064261120870299E+00,    0.1473430955594801083918810E-01,      7.20%
   -0.1970000000000000195399252E+01,    0.2195898609880949925443616E+00,    0.2048802474953389518574909E+00,    0.1470961349275604068687073E-01,      7.18%
   -0.1968333333333333268200249E+01,    0.2198402147917805082855125E+00,    0.2051561437711460489374815E+00,    0.1468407102063445934803099E-01,      7.16%
   -0.1966666666666666785090456E+01,    0.2200902342154178459310288E+00,    0.2054325496461994748909063E+00,    0.1465768456921837104012241E-01,      7.14%
   -0.1964999999999999857891453E+01,    0.2203399228422078248712523E+00,    0.2057094662353625147410696E+00,    0.1463045660684531013018272E-01,      7.11%
   -0.1963333333333333374781660E+01,    0.2205892842964079503254027E+00,    0.2059868946560133307066565E+00,    0.1460238964039461961874622E-01,      7.09%
   -0.1961666666666666447582656E+01,    0.2208383222431755388281971E+00,    0.2062648360280497916718900E+00,    0.1457348621512574715630706E-01,      7.07%
   -0.1959999999999999964472863E+01,    0.2210870403884085122481196E+00,    0.2065432914738929426334835E+00,    0.1454374891451556961463609E-01,      7.04%
   -0.1958333333333333481363070E+01,    0.2213354424785855534274503E+00,    0.2068222621184919174375239E+00,    0.1451318036009363598992650E-01,      7.02%
   -0.1956666666666666554164067E+01,    0.2215835323006050683325441E+00,    0.2071017490893276025154535E+00,    0.1448178321127746581709062E-01,      6.99%
   -0.1955000000000000071054274E+01,    0.2218313136816220942915123E+00,    0.2073817535164168557315634E+00,    0.1444956016520523855994895E-01,      6.97%
   -0.1953333333333333143855270E+01,    0.2220787904888855412988136E+00,    0.2076622765323168917639407E+00,    0.1441651395656864953487286E-01,      6.94%
   -0.1951666666666666660745477E+01,    0.2223259666295722969397985E+00,    0.2079433192721290568627523E+00,    0.1438264735744324007704620E-01,      6.92%
   -0.1950000000000000177635684E+01,    0.2225728460506217754044656E+00,    0.2082248828735033807646460E+00,    0.1434796317711839463981960E-01,      6.89%
   -0.1948333333333333250436681E+01,    0.2228194327385683570774688E+00,    0.2085069684766422959398824E+00,    0.1431246426192606113758643E-01,      6.86%
   -0.1946666666666666767326888E+01,    0.2230657307193726346383755E+00,    0.2087895772243049397065562E+00,    0.1427615349506769493181935E-01,      6.84%
   -0.1944999999999999840127884E+01,    0.2233117440582521595615617E+00,    0.2090727102618113175669379E+00,    0.1423903379644084199462384E-01,      6.81%
   -0.1943333333333333357018091E+01,    0.2235574768595100236812101E+00,    0.2093563687370460502101821E+00,    0.1420110812246397347102800E-01,      6.78%
   -0.1941666666666666873908298E+01,    0.2238029332663632464672787E+00,    0.2096405538004629254267286E+00,    0.1416237946590032104055012E-01,      6.76%
   -0.1939999999999999946709295E+01,    0.2240481174607691916556007E+00,    0.2099252666050885895998590E+00,    0.1412285085568060205574170E-01,      6.73%
   -0.1938333333333333463599502E+01,    0.2242930336632511234551401E+00,    0.2102105083065266000197369E+00,    0.1408252535672452343540328E-01,      6.70%
   -0.1936666666666666536400498E+01,    0.2245376861327230688658574E+00,    0.2104962800629617825087792E+00,    0.1404140606976128635707823E-01,      6.67%
   -0.1935000000000000053290705E+01,    0.2247820791663124873061008E+00,    0.2107825830351638118909108E+00,    0.1399949613114867541519004E-01,      6.64%
   -0.1933333333333333126091702E+01,    0.2250262170991829957511499E+00,    0.2110694183864915973725118E+00,    0.1395679871269139837863804E-01,      6.61%
   -0.1931666666666666642981909E+01,    0.2252701043043549566924355E+00,    0.2113567872828969462783988E+00,    0.1391331702145801041403672E-01,      6.58%
   -0.1930000000000000159872116E+01,    0.2255137451925255664963998E+00,    0.2116446908929289216771963E+00,    0.1386905429959664481920356E-01,      6.55%
   -0.1928333333333333232673112E+01,    0.2257571442118877225180285E+00,    0.2119331303877375338728939E+00,    0.1382401382415018864513456E-01,      6.52%
   -0.1926666666666666749563319E+01,    0.2260003058479472803909971E+00,    0.2122221069410777094521592E+00,    0.1377819890686957093883791E-01,      6.49%
   -0.1924999999999999822364316E+01,    0.2262432346233400892732135E+00,    0.2125116217293133435983776E+00,    0.1373161289402674567483587E-01,      6.46%
   -0.1923333333333333339254523E+01,    0.2264859350976471952243685E+00,    0.2128016759314211026055119E+00,    0.1368425916622609261885657E-01,      6.43%
   -0.1921666666666666856144730E+01,    0.2267284118672091286494918E+00,    0.2130922707289945317032931E+00,    0.1363614113821459694619875E-01,      6.40%
   -0.1919999999999999928945726E+01,    0.2269706695649396643865714E+00,    0.2133834073062478575710799E+00,    0.1358726225869180681549153E-01,      6.37%
   -0.1918333333333333445835933E+01,    0.2272127128601373335925473E+00,    0.2136750868500196520738399E+00,    0.1353762601011768151870740E-01,      6.34%
   -0.1916666666666666518636930E+01,    0.2274545464582972131850624E+00,    0.2139673105497771343763702E+00,    0.1348723590852007880869223E-01,      6.30%
   -0.1915000000000000035527137E+01,    0.2276961751009204393270124E+00,    0.2142600795976195571235223E+00,    0.1343609550330088220349012E-01,      6.27%
   -0.1913333333333333552417344E+01,    0.2279376035653239707112760E+00,    0.2145533951882825085544226E+00,    0.1338420837704146215685341E-01,      6.24%
   -0.1911666666666666625218340E+01,    0.2281788366644481036438208E+00,    0.2148472585191413819494244E+00,    0.1333157814530672169439640E-01,      6.21%
   -0.1910000000000000142108547E+01,    0.2284198792466629879260864E+00,    0.2151416707902153446774207E+00,    0.1327820845644764324866571E-01,      6.17%
   -0.1908333333333333214909544E+01,    0.2286607361955759476490613E+00,    0.2154366332041710851985528E+00,    0.1322410299140486245050852E-01,      6.14%
   -0.1906666666666666731799751E+01,    0.2289014124298347496733186E+00,    0.2157321469663265878224934E+00,    0.1316926546350816185082522E-01,      6.10%
   -0.1904999999999999804600748E+01,    0.2291419129029328982660729E+00,    0.2160282132846550462446089E+00,    0.1311369961827785202146401E-01,      6.07%
   -0.1903333333333333321490954E+01,    0.2293822426030114602912846E+00,    0.2163248333697880831927307E+00,    0.1305740923322337709855390E-01,      6.04%
   -0.1901666666666666838381161E+01,    0.2296224065526616675558813E+00,    0.2166220084350202745859804E+00,    0.1300039811764139296990095E-01,      6.00%
   -0.1899999999999999911182158E+01,    0.2298624098087256317768379E+00,    0.2169197396963123969371168E+00,    0.1294267011241323483972110E-01,      5.97%
   -0.1898333333333333428072365E+01,    0.2301022574620958938140802E+00,    0.2172180283722947857771857E+00,    0.1288422908980110803689456E-01,      5.93%
   -0.1896666666666666500873362E+01,    0.2303419546375151394368430E+00,    0.2175168756842718875699205E+00,    0.1282507895324325186692249E-01,      5.90%
   -0.1895000000000000017763568E+01,    0.2305815064933730562657388E+00,    0.2178162828562249242470017E+00,    0.1276522363714813201873710E-01,      5.86%
   -0.1893333333333333534653775E+01,    0.2308209182215046617603349E+00,    0.2181162511148163618557305E+00,    0.1270466710668829990460438E-01,      5.82%
   -0.1891666666666666607454772E+01,    0.2310601950469853560488076E+00,    0.2184167816893931857169520E+00,    0.1264341335759217033185564E-01,      5.79%
   -0.1890000000000000124344979E+01,    0.2312993422279264188468062E+00,    0.2187178758119900923162504E+00,    0.1258146641593632653055579E-01,      5.75%
   -0.1888333333333333197145976E+01,    0.2315383650552692018642631E+00,    0.2190195347173339857071994E+00,    0.1251883033793521615706368E-01,      5.72%
   -0.1886666666666666714036182E+01,    0.2317772688525782387447549E+00,    0.2193217596428466975577720E+00,    0.1245550920973154118698289E-01,      5.68%
   -0.1884999999999999786837179E+01,    0.2320160589758337443822001E+00,    0.2196245518286489561976538E+00,    0.1239150714718478818454628E-01,      5.64%
   -0.1883333333333333303727386E+01,    0.2322547408132228929922292E+00,    0.2199279125175637172873166E+00,    0.1232682829565917570491251E-01,      5.60%
   -0.1881666666666666820617593E+01,    0.2324933197849300969828334E+00,    0.2202318429551197720428490E+00,    0.1226147682981032493998441E-01,      5.57%
   -0.1879999999999999893418590E+01,    0.2327318013429274523584667E+00,    0.2205363443895554109719370E+00,    0.1219545695337204138652965E-01,      5.53%
   -0.1878333333333333410308796E+01,    0.2329701909707621865219807E+00,    0.2208414180718213104537284E+00,    0.1212877289894087606825224E-01,      5.49%
   -0.1876666666666666483109793E+01,    0.2332084941833455216109172E+00,    0.2211470652555846128084482E+00,    0.1206142892776090880246898E-01,      5.45%
   -0.1875000000000000000000000E+01,    0.2334467165267391508542971E+00,    0.2214532871972318406328384E+00,    0.1199342932950731022145874E-01,      5.42%
   -0.1873333333333333516890207E+01,    0.2336848635779411043067455E+00,    0.2217600851558726438028657E+00,    0.1192477842206846050387981E-01,      5.38%
   -0.1871666666666666589691204E+01,    0.2339229409446718088716466E+00,    0.2220674603933431578983715E+00,    0.1185548055132865097327510E-01,      5.34%
   -0.1870000000000000106581410E+01,    0.2341609542651574282778881E+00,    0.2223754141742088907829356E+00,    0.1178554009094853749495257E-01,      5.30%
   -0.1868333333333333179382407E+01,    0.2343989092079138414348449E+00,    0.2226839477657686638956136E+00,    0.1171496144214517753923133E-01,      5.26%
   -0.1866666666666666696272614E+01,    0.2346368114715295383199134E+00,    0.2229930624380574710752256E+00,    0.1164374903347206724468776E-01,      5.22%
   -0.1865000000000000213162821E+01,    0.2348746667844469615538117E+00,    0.2233027594638500312740348E+00,    0.1157190732059693027977687E-01,      5.18%
   -0.1863333333333333285963818E+01,    0.2351124809047439867537577E+00,    0.2236130401186640082045187E+00,    0.1149944078607997854923894E-01,      5.14%
   -0.1861666666666666802854024E+01,    0.2353502596199135710186567E+00,    0.2239239056807628691636580E+00,    0.1142635393915070185499872E-01,      5.10%
   -0.1859999999999999875655021E+01,    0.2355880087466439565258014E+00,    0.2242353574311597430579468E+00,    0.1135265131548421346785460E-01,      5.06%
   -0.1858333333333333392545228E+01,    0.2358257341305962651034633E+00,    0.2245473966536200571830761E+00,    0.1127833747697620792038720E-01,      5.02%
   -0.1856666666666666465346225E+01,    0.2360634416461831752709344E+00,    0.2248600246346649511597349E+00,    0.1120341701151822411119952E-01,      4.98%
   -0.1854999999999999982236432E+01,    0.2363011371963451845434889E+00,    0.2251732426635743022913516E+00,    0.1112789453277088225213731E-01,      4.94%
   -0.1853333333333333499126638E+01,    0.2365388267123276766490392E+00,    0.2254870520323898896997150E+00,    0.1105177467993778694932416E-01,      4.90%
   -0.1851666666666666571927635E+01,    0.2367765161534555740097119E+00,    0.2258014540359187527496232E+00,    0.1097506211753682126008869E-01,      4.86%
   -0.1850000000000000088817842E+01,    0.2370142115069085175793617E+00,    0.2261164499717354392505086E+00,    0.1089776153517307832885308E-01,      4.82%
   -0.1848333333333333161618839E+01,    0.2372519187874946866578796E+00,    0.2264320411401859745037513E+00,    0.1081987764730871215412833E-01,      4.78%
   -0.1846666666666666678509046E+01,    0.2374896440374237027715054E+00,    0.2267482288443902760377568E+00,    0.1074141519303342673374857E-01,      4.74%
   -0.1845000000000000195399252E+01,    0.2377273933260798666200486E+00,    0.2270650143902452622324262E+00,    0.1066237893583460438762245E-01,      4.70%
   -0.1843333333333333268200249E+01,    0.2379651727497930635557566E+00,    0.2273823990864280719659263E+00,    0.1058277366336499158983031E-01,      4.65%
   -0.1841666666666666785090456E+01,    0.2382029884316102241736957E+00,    0.2277003842443983960830423E+00,    0.1050260418721182809065340E-01,      4.61%
   -0.1839999999999999857891453E+01,    0.2384408465210653971233512E+00,    0.2280189711784020856200073E+00,    0.1042187534266331150334395E-01,      4.57%
   -0.1838333333333333374781660E+01,    0.2386787531939494610977448E+00,    0.2283381612054732889838249E+00,    0.1034059198847617211391992E-01,      4.53%
   -0.1836666666666666447582656E+01,    0.2389167146520789208885560E+00,    0.2286579556454379491547968E+00,    0.1025875900664097173375922E-01,      4.49%
   -0.1834999999999999964472863E+01,    0.2391547371230641483297319E+00,    0.2289783558209160518881475E+00,    0.1017638130214809644158436E-01,      4.44%
   -0.1833333333333333481363070E+01,    0.2393928268600769571072817E+00,    0.2292993630573248176052203E+00,    0.1009346380275213950206137E-01,      4.40%
   -0.1831666666666666554164067E+01,    0.2396309901416172893906520E+00,    0.2296209786828813381731607E+00,    0.1001001145873595121749133E-01,      4.36%
   -0.1830000000000000071054274E+01,    0.2398692332712793195970136E+00,    0.2299432040286049083732678E+00,    0.9926029242674411223745778E-02,      4.32%
   -0.1828333333333333143855270E+01,    0.2401075625775170863107633E+00,    0.2302660404283204675923713E+00,    0.9841522149196618718391960E-02,      4.27%
   -0.1826666666666666660745477E+01,    0.2403459844134094580692107E+00,    0.2305894892186603484240948E+00,    0.9756495194749109645115936E-02,      4.23%
   -0.1825000000000000177635684E+01,    0.2405845051564238779029381E+00,    0.2309135517390676073379296E+00,    0.9670953417356270565008458E-02,      4.19%
   -0.1823333333333333250436681E+01,    0.2408231312081805242097943E+00,    0.2312382293317986059477676E+00,    0.9584901876381918262026716E-02,      4.15%
   -0.1821666666666666767326888E+01,    0.2410618689942145009830199E+00,    0.2315635233419247873687397E+00,    0.9498345652289713614280231E-02,      4.10%
   -0.1819999999999999840127884E+01,    0.2413007249637390549956706E+00,    0.2318894351173360901530174E+00,    0.9411289846402964842653205E-02,      4.06%
   -0.1818333333333333357018091E+01,    0.2415397055894062949832346E+00,    0.2322159660087429189356811E+00,    0.9323739580663376047553470E-02,      4.02%
   -0.1816666666666666873908298E+01,    0.2417788173670689932936995E+00,    0.2325431173696789199922819E+00,    0.9235699997390073301417601E-02,      3.97%
   -0.1814999999999999946709295E+01,    0.2420180668155407222030817E+00,    0.2328708905565032016848903E+00,    0.9147176259037520518191400E-02,      3.93%
   -0.1813333333333333463599502E+01,    0.2422574604763558514530786E+00,    0.2331992869284026104192975E+00,    0.9058173547953241033781069E-02,      3.88%
   -0.1811666666666666536400498E+01,    0.2424970049135287131214511E+00,    0.2335283078473944506914250E+00,    0.8968697066134262430026070E-02,      3.84%
   -0.1810000000000000053290705E+01,    0.2427367067133123779143489E+00,    0.2338579546783284002220427E+00,    0.8878752034983977692306212E-02,      3.80%
   -0.1808333333333333126091702E+01,    0.2429765724839572371696050E+00,    0.2341882287888891189808760E+00,    0.8788343695068118188729045E-02,      3.75%
   -0.1806666666666666642981909E+01,    0.2432166088554677807476168E+00,    0.2345191315495982198324754E+00,    0.8697477305869560915141392E-02,      3.71%
   -0.1805000000000000159872116E+01,    0.2434568224793602075894938E+00,    0.2348506643338167387824456E+00,    0.8606158145543468807048271E-02,      3.66%
   -0.1803333333333333232673112E+01,    0.2436972200284190925856365E+00,    0.2351828285177471611344657E+00,    0.8514391510671931451170735E-02,      3.62%
   -0.1801666666666666749563319E+01,    0.2439378081964525823988055E+00,    0.2355156254804355031584606E+00,    0.8422182716017079240344856E-02,      3.58%
   -0.1799999999999999822364316E+01,    0.2441785936980485627323390E+00,    0.2358490566037736158033766E+00,    0.8329537094274946928962322E-02,      3.53%
   -0.1798333333333333339254523E+01,    0.2444195832683291325082564E+00,    0.2361831232725008222761431E+00,    0.8236459995828310232113267E-02,      3.49%
   -0.1796666666666666856144730E+01,    0.2446607836627053833566947E+00,    0.2365178268742066380880829E+00,    0.8142956788498745268611856E-02,      3.44%
   -0.1794999999999999928945726E+01,    0.2449022016566310133711681E+00,    0.2368531687993320478113901E+00,    0.8049032857298965559778026E-02,      3.40%
   -0.1793333333333333445835933E+01,    0.2451438440453554690190430E+00,    0.2371891504411717810363314E+00,    0.7954693604183687982711604E-02,      3.35%
   -0.1791666666666666518636930E+01,    0.2453857176436774201189195E+00,    0.2375257731958763385282651E+00,    0.7859944447801081590654348E-02,      3.31%
   -0.1790000000000000035527137E+01,    0.2456278292856967082613551E+00,    0.2378630384624532967396959E+00,    0.7764790823243411521659141E-02,      3.26%
   -0.1788333333333333552417344E+01,    0.2458701858245664340074654E+00,    0.2382009476427700278566846E+00,    0.7669238181796406150780854E-02,      3.22%
   -0.1786666666666666625218340E+01,    0.2461127941322447387761940E+00,    0.2385395021415546712439948E+00,    0.7573291990690067532199237E-02,      3.17%
   -0.1785000000000000142108547E+01,    0.2463556610992450879304982E+00,    0.2388787033663981040909619E+00,    0.7476957732846983839536392E-02,      3.13%
   -0.1783333333333333214909544E+01,    0.2465987936343875253086821E+00,    0.2392185527277560230796638E+00,    0.7380240906631502229018338E-02,      3.09%
   -0.1781666666666666731799751E+01,    0.2468421986645482346656166E+00,    0.2395590516389498603189168E+00,    0.7283147025598374346699870E-02,      3.04%
   -0.1779999999999999804600748E+01,    0.2470858831344098782700769E+00,    0.2399002015161693091016559E+00,    0.7185681618240569168420961E-02,      3.00%
   -0.1778333333333333321490954E+01,    0.2473298540062099371006354E+00,    0.2402420037784728512608723E+00,    0.7087850227737085839763154E-02,      2.95%
   -0.1776666666666666838381161E+01,    0.2475741182594903000424580E+00,    0.2405844598477901996602668E+00,    0.6989658411700100382191181E-02,      2.91%
   -0.1774999999999999911182158E+01,    0.2478186828908456595943477E+00,    0.2409275711489233806616994E+00,    0.6891111741922278932648283E-02,      2.86%
   -0.1773333333333333428072365E+01,    0.2480635549136705753081600E+00,    0.2412713391095478998593649E+00,    0.6792215804122675448795121E-02,      2.82%
   -0.1771666666666666500873362E+01,    0.2483087413579083413406323E+00,    0.2416157651602147682368127E+00,    0.6692976197693573103819631E-02,      2.77%
   -0.1770000000000000017763568E+01,    0.2485542492697971339588037E+00,    0.2419608507343511683007620E+00,    0.6593398535445965658041700E-02,      2.72%
   -0.1768333333333333534653775E+01,    0.2488000857116177133576684E+00,    0.2423065972682622581935163E+00,    0.6493488443355455164152090E-02,      2.68%
   -0.1766666666666666607454772E+01,    0.2490462577614391825875373E+00,    0.2426530062011324206938667E+00,    0.6393251560306761893670568E-02,      2.63%
   -0.1765000000000000124344979E+01,    0.2492927725128653293484859E+00,    0.2430000789750256240395743E+00,    0.6292693537839705308911675E-02,      2.59%
   -0.1763333333333333197145976E+01,    0.2495396370747804126732916E+00,    0.2433478170348880031959027E+00,    0.6191820039892409477388924E-02,      2.54%
   -0.1761666666666666714036182E+01,    0.2497868585710945055211596E+00,    0.2436962218285475267887108E+00,    0.6090636742546978732448792E-02,      2.50%
   -0.1759999999999999786837179E+01,    0.2500344441404884765489669E+00,    0.2440452948067161342837750E+00,    0.5989149333772342265191924E-02,      2.45%
   -0.1758333333333333303727386E+01,    0.2502824009361584445265692E+00,    0.2443950374229901245648477E+00,    0.5887363513168319961721409E-02,      2.41%
   -0.1756666666666666820617593E+01,    0.2505307361255605935745905E+00,    0.2447454511338512661566824E+00,    0.5785284991709327417908071E-02,      2.36%
   -0.1754999999999999893418590E+01,    0.2507794568901550724682181E+00,    0.2450965373986679629592089E+00,    0.5682919491487109509009201E-02,      2.32%
   -0.1753333333333333410308796E+01,    0.2510285704251491445404554E+00,    0.2454482976796954207809875E+00,    0.5580272745453723759467834E-02,      2.27%
   -0.1751666666666666483109793E+01,    0.2512780839392416143418529E+00,    0.2458007334420774514516239E+00,    0.5477350497164162890229022E-02,      2.23%
   -0.1750000000000000000000000E+01,    0.2515280046543648673207372E+00,    0.2461538461538461675104372E+00,    0.5374158500518699810299950E-02,      2.18%
   -0.1748333333333333516890207E+01,    0.2517783398054285748379755E+00,    0.2465076372859234810075435E+00,    0.5270702519505093830431974E-02,      2.14%
   -0.1746666666666666589691204E+01,    0.2520290966400616783360533E+00,    0.2468621083121215198374898E+00,    0.5166988327940158498563505E-02,      2.09%
   -0.1745000000000000106581410E+01,    0.2522802824183545955527563E+00,    0.2472172607091426554948299E+00,    0.5063021709211940057926427E-02,      2.05%
   -0.1743333333333333179382407E+01,    0.2525319044126021483798183E+00,    0.2475730959565812239198124E+00,    0.4958808456020924460005972E-02,      2.00%
   -0.1741666666666666696272614E+01,    0.2527839699070435486305541E+00,    0.2479296155369225540532341E+00,    0.4854354370120994577320062E-02,      1.96%
   -0.1740000000000000213162821E+01,    0.2530364861976057699877174E+00,    0.2482868209355446609265528E+00,    0.4749665262061109061164643E-02,      1.91%
   -0.1738333333333333285963818E+01,    0.2532894605916433672376797E+00,    0.2486447136407180791284333E+00,    0.4644746950925288109246480E-02,      1.87%
   -0.1736666666666666802854024E+01,    0.2535429004076800718614493E+00,    0.2490032951436056685157183E+00,    0.4539605264074403345730957E-02,      1.82%
   -0.1734999999999999875655021E+01,    0.2537968129751496104695718E+00,    0.2493625669382640575033605E+00,    0.4434246036885552966211321E-02,      1.78%
   -0.1733333333333333392545228E+01,    0.2540512056341359126143686E+00,    0.2497225305216425883525488E+00,    0.4328675112493324261819794E-02,      1.73%
   -0.1731666666666666465346225E+01,    0.2543060857351139292248376E+00,    0.2500831873935844273937334E+00,    0.4222898341529501831104199E-02,      1.69%
   -0.1729999999999999982236432E+01,    0.2545614606386885636624129E+00,    0.2504445390568258433816595E+00,    0.4116921581862720280753365E-02,      1.64%
   -0.1728333333333333499126638E+01,    0.2548173377153362673119830E+00,    0.2508065870169969846514846E+00,    0.4010750698339282660498384E-02,      1.60%
   -0.1726666666666666571927635E+01,    0.2550737243451438596153480E+00,    0.2511693327826213240072661E+00,    0.3904391562522535608081853E-02,      1.55%
   -0.1725000000000000088817842E+01,    0.2553306279175471815712228E+00,    0.2515327778651155199440836E+00,    0.3797850052431661627139192E-02,      1.51%
   -0.1723333333333333161618839E+01,    0.2555880558310725803039531E+00,    0.2518969237787897497149459E+00,    0.3691132052282830589007290E-02,      1.47%
   -0.1721666666666666678509046E+01,    0.2558460154930737862066792E+00,    0.2522617720408467656412199E+00,    0.3584243452227020565459270E-02,      1.42%
   -0.1720000000000000195399252E+01,    0.2561045143194725093316322E+00,    0.2526273241713823392018412E+00,    0.3477190148090170129790977E-02,      1.38%
   -0.1718333333333333268200249E+01,    0.2563635597344966488009277E+00,    0.2529935816933844283660449E+00,    0.3369978041112220434882829E-02,      1.33%
   -0.1716666666666666785090456E+01,    0.2566231591704190573288713E+00,    0.2533605461327327335041559E+00,    0.3262613037686323824715373E-02,      1.29%
   -0.1714999999999999857891453E+01,    0.2568833200672963057442644E+00,    0.2537282190181986973875894E+00,    0.3155101049097608356674982E-02,      1.24%
   -0.1713333333333333374781660E+01,    0.2571440498727067813788949E+00,    0.2540966018814441729212206E+00,    0.3047447991262608457674332E-02,      1.20%
   -0.1711666666666666447582656E+01,    0.2574053560414889529894822E+00,    0.2544656962570217006991413E+00,    0.2939659784467252290340866E-02,      1.16%
   -0.1709999999999999964472863E+01,    0.2576672460354802463022850E+00,    0.2548355036823730657147280E+00,    0.2831742353107180587556968E-02,      1.11%
   -0.1708333333333333481363070E+01,    0.2579297273232544207566264E+00,    0.2552060256978289642937341E+00,    0.2723701625425456462892271E-02,      1.07%
   -0.1706666666666666554164067E+01,    0.2581928073798597234045360E+00,    0.2555772638466082269381729E+00,    0.2615543533251496466363051E-02,      1.02%
   -0.1705000000000000071054274E+01,    0.2584564936865565987211824E+00,    0.2559492196748164860586883E+00,    0.2507274011740112662494084E-02,      0.98%
   -0.1703333333333333143855270E+01,    0.2587207937305560090379686E+00,    0.2563218947314458984187979E+00,    0.2398898999110110619170655E-02,      0.94%
   -0.1701666666666666660745477E+01,    0.2589857150047562006633939E+00,    0.2566952905683732577557521E+00,    0.2290424436382942907641791E-02,      0.89%
   -0.1700000000000000177635684E+01,    0.2592512650074813573830568E+00,    0.2570694087403598837582308E+00,    0.2181856267121473624825967E-02,      0.85%
   -0.1698333333333333250436681E+01,    0.2595174512422186996474238E+00,    0.2574442508050496236648996E+00,    0.2073200437169075982524191E-02,      0.81%
   -0.1696666666666666767326888E+01,    0.2597842812173555282484472E+00,    0.2578198183229679640859899E+00,    0.1964462894387564162457238E-02,      0.76%
   -0.1694999999999999840127884E+01,    0.2600517624459174337303580E+00,    0.2581961128575209762914255E+00,    0.1855649588396457438932430E-02,      0.72%
   -0.1693333333333333357018091E+01,    0.2603199024453052845551326E+00,    0.2585731359749930957647734E+00,    0.1746766470312188790359187E-02,      0.68%
   -0.1691666666666666873908298E+01,    0.2605887087370324928237153E+00,    0.2589508892445466781140340E+00,    0.1637819492485814709681335E-02,      0.63%
   -0.1689999999999999946709295E+01,    0.2608581888464625575529965E+00,    0.2593293742382200006701964E+00,    0.1528814608242556882800045E-02,      0.59%
   -0.1688333333333333463599502E+01,    0.2611283503025464969304892E+00,    0.2597085925309251530634924E+00,    0.1419757771621343866996767E-02,      0.55%
   -0.1686666666666666536400498E+01,    0.2613992006375595589240390E+00,    0.2600885457004473710895809E+00,    0.1310654937112187834458155E-02,      0.50%
   -0.1685000000000000053290705E+01,    0.2616707473868386535365005E+00,    0.2604692353274423721742892E+00,    0.1201512059396281362211312E-02,      0.46%
   -0.1683333333333333126091702E+01,    0.2619429980885207287499838E+00,    0.2608506629954351341282859E+00,    0.1092335093085594621697965E-02,      0.42%
   -0.1681666666666666642981909E+01,    0.2622159602832780933567847E+00,    0.2612328302908174526564267E+00,    0.9831299924606407003579989E-03,      0.38%
   -0.1680000000000000159872116E+01,    0.2624896415140573480151431E+00,    0.2616157388028463315343686E+00,    0.8739027112110164807745605E-03,      0.33%
   -0.1678333333333333232673112E+01,    0.2627640493258160958589542E+00,    0.2619993901236419286959745E+00,    0.7646592021741671629797565E-03,      0.29%
   -0.1676666666666666749563319E+01,    0.2630391912652597641297803E+00,    0.2623837858481847251646002E+00,    0.6554054170750389651800560E-03,      0.25%
   -0.1674999999999999822364316E+01,    0.2633150748805800911434005E+00,    0.2627689275743143593189188E+00,    0.5461473062657318244816906E-03,      0.21%
   -0.1673333333333333339254523E+01,    0.2635917077211911152545554E+00,    0.2631548169027262962238467E+00,    0.4368908184648190307086679E-03,      0.17%
   -0.1671666666666666856144730E+01,    0.2638690973374681614238568E+00,    0.2635414554369699957625528E+00,    0.3276419004981656613040286E-03,      0.12%
   -0.1669999999999999928945726E+01,    0.2641472512804842742717426E+00,    0.2639288447834464146346534E+00,    0.2184064970378596370892410E-03,      0.08%
   -0.1668333333333333445835933E+01,    0.2644261771017480389112109E+00,    0.2643169865514048422205917E+00,    0.1091905503431966906191519E-03,      0.04%
   -0.1666666666666666518636930E+01,    0.2647058823529415683140087E+00,    0.2647058823529412352471013E+00,    0.3330669073875469621270895E-15,      0.00%
   -0.1665000000000000035527137E+01,    0.2649863745856574914760984E+00,    0.2650955338029942209843171E+00,   -0.1091592173367295082186956E-03,     -0.04%
   -0.1663333333333333552417344E+01,    0.2652676613511374958953581E+00,    0.2654859425193435429335409E+00,   -0.2182811682060470381827599E-03,     -0.08%
   -0.1661666666666666625218340E+01,    0.2655497502000099818708634E+00,    0.2658771101226062860689581E+00,   -0.3273599225963041980946855E-03,     -0.12%
   -0.1660000000000000142108547E+01,    0.2658326486820274947575626E+00,    0.2662690382362338792354706E+00,   -0.4363895542063844779079318E-03,     -0.16%
   -0.1658333333333333214909544E+01,    0.2661163643458061556223981E+00,    0.2666617284865095416357406E+00,   -0.5453641407033860133424241E-03,     -0.20%
   -0.1656666666666666731799751E+01,    0.2664009047385621498094110E+00,    0.2670551825025444525607554E+00,   -0.6542777639823027513443776E-03,     -0.24%
   -0.1654999999999999804600748E+01,    0.2666862774058511575958619E+00,    0.2674494019162750313434174E+00,   -0.7631245104238737475554899E-03,     -0.29%
   -0.1653333333333333321490954E+01,    0.2669724898913067301364777E+00,    0.2678443883624589405556549E+00,   -0.8718984711522104191772087E-03,     -0.33%
   -0.1651666666666666838381161E+01,    0.2672595497363784433630940E+00,    0.2682401434786722549397098E+00,   -0.9805937422938115766157807E-03,     -0.37%
   -0.1649999999999999911182158E+01,    0.2675474644800711065961707E+00,    0.2686366689053055756275512E+00,   -0.1089204425234469031380513E-02,     -0.41%
   -0.1648333333333333428072365E+01,    0.2678362416586830274667363E+00,    0.2690339662855600888491381E+00,   -0.1197724626877061382401735E-02,     -0.45%
   -0.1646666666666666500873362E+01,    0.2681258888055454425725088E+00,    0.2694320372654444573079502E+00,   -0.1306148459899014735441369E-02,     -0.48%
   -0.1645000000000000017763568E+01,    0.2684164134507615040448059E+00,    0.2698308834937702682665872E+00,   -0.1414470043008764221781348E-02,     -0.52%
   -0.1643333333333333534653775E+01,    0.2687078231209460987827242E+00,    0.2702305066221486473665436E+00,   -0.1522683501202548583819407E-02,     -0.56%
   -0.1641666666666666607454772E+01,    0.2690001253389647239977478E+00,    0.2706309083049860397807151E+00,   -0.1630782966021315782967349E-02,     -0.60%
   -0.1640000000000000124344979E+01,    0.2692933276236730844033218E+00,    0.2710320901994796027878465E+00,   -0.1738762575806518384524679E-02,     -0.64%
   -0.1638333333333333197145976E+01,    0.2695874374896578551386028E+00,    0.2714340539656138751034575E+00,   -0.1846616475956019964854704E-02,     -0.68%
   -0.1636666666666666714036182E+01,    0.2698824624469758903799743E+00,    0.2718368012661553922981739E+00,   -0.1954338819179501918199549E-02,     -0.72%
   -0.1634999999999999786837179E+01,    0.2701784100008950972870991E+00,    0.2722403337666492451063505E+00,   -0.2061923765754147819251330E-02,     -0.76%
   -0.1633333333333333303727386E+01,    0.2704752876516340887036449E+00,    0.2726446531354135283109485E+00,   -0.2169365483779439607303630E-02,     -0.80%
   -0.1631666666666666820617593E+01,    0.2707731028941040563040588E+00,    0.2730497610435354549629494E+00,   -0.2276658149431398658890657E-02,     -0.83%
   -0.1629999999999999893418590E+01,    0.2710718632176488118723512E+00,    0.2734556591648664158888948E+00,   -0.2383795947217604016543646E-02,     -0.87%
   -0.1628333333333333410308796E+01,    0.2713715761057860498262073E+00,    0.2738623491760166506203689E+00,   -0.2490773070230600794161546E-02,     -0.91%
   -0.1626666666666666483109793E+01,    0.2716722490359489983191565E+00,    0.2742698327563509175242018E+00,   -0.2597583720401919205045260E-02,     -0.95%
   -0.1625000000000000000000000E+01,    0.2719738894792278482981374E+00,    0.2746781115879828316650446E+00,   -0.2704222108754983366907254E-02,     -0.98%
   -0.1623333333333333516890207E+01,    0.2722765049001116266502720E+00,    0.2750871873557702018686655E+00,   -0.2810682455658575218393480E-02,     -1.02%
   -0.1621666666666666589691204E+01,    0.2725801027562307909946071E+00,    0.2754970617473095351179779E+00,   -0.2916958991078744123370825E-02,     -1.06%
   -0.1620000000000000106581410E+01,    0.2728846904980985477173761E+00,    0.2759077364529300968598591E+00,   -0.3023045954831549142483027E-02,     -1.10%
   -0.1618333333333333179382407E+01,    0.2731902755688546680090667E+00,    0.2763192131656894701130511E+00,   -0.3128937596834802103984430E-02,     -1.13%
   -0.1616666666666666696272614E+01,    0.2734968654040074720334985E+00,    0.2767314935813667275965599E+00,   -0.3234628177359255563061424E-02,     -1.17%
   -0.1615000000000000213162821E+01,    0.2738044674311777559871928E+00,    0.2771445793984576022594979E+00,   -0.3340111967279846272305122E-02,     -1.21%
   -0.1613333333333333285963818E+01,    0.2741130890698418309803230E+00,    0.2775584723181683810544484E+00,   -0.3445383248326550074125407E-02,     -1.24%
   -0.1611666666666666802854024E+01,    0.2744227377310757276518416E+00,    0.2779731740444092435993184E+00,   -0.3550436313333515947476826E-02,     -1.28%
   -0.1609999999999999875655021E+01,    0.2747334208172985126061860E+00,    0.2783886862837894882183321E+00,   -0.3655265466490975612146030E-02,     -1.31%
   -0.1608333333333333392545228E+01,    0.2750451457220178808071864E+00,    0.2788050107456097603808587E+00,   -0.3759865023591879573672259E-02,     -1.35%
   -0.1606666666666666465346225E+01,    0.2753579198295737495705282E+00,    0.2792221491418573342535581E+00,   -0.3864229312283584683029858E-02,     -1.38%
   -0.1604999999999999982236432E+01,    0.2756717505148836844242055E+00,    0.2796401031871980635834518E+00,   -0.3968352672314379159246300E-02,     -1.42%
   -0.1603333333333333499126638E+01,    0.2759866451431886025247309E+00,    0.2800588745989712191608589E+00,   -0.4072229455782616636128068E-02,     -1.45%
   -0.1601666666666666571927635E+01,    0.2763026110697979764729837E+00,    0.2804784650971819393028284E+00,   -0.4175854027383962829844677E-02,     -1.49%
   -0.1600000000000000088817842E+01,    0.2766196556398361483530834E+00,    0.2808988764044943464703863E+00,   -0.4279220764658198117302845E-02,     -1.52%
   -0.1598333333333333161618839E+01,    0.2769377861879886992824140E+00,    0.2813201102462254410419007E+00,   -0.4382324058236741759486677E-02,     -1.56%
   -0.1596666666666666678509046E+01,    0.2772570100382485969170432E+00,    0.2817421683503369966850016E+00,   -0.4485158312088399767958435E-02,     -1.59%
   -0.1595000000000000195399252E+01,    0.2775773345036643413585864E+00,    0.2821650524474290655518871E+00,   -0.4587717943764724193300708E-02,     -1.63%
   -0.1593333333333333268200249E+01,    0.2778987668860869453268947E+00,    0.2825887642707326508073606E+00,   -0.4689997384645705480465949E-02,     -1.66%
   -0.1591666666666666785090456E+01,    0.2782213144759169698438939E+00,    0.2830133055561014354672977E+00,   -0.4791991080184465623403867E-02,     -1.69%
   -0.1589999999999999857891453E+01,    0.2785449845518540024080778E+00,    0.2834386780420056761720105E+00,   -0.4893693490151673763932649E-02,     -1.73%
   -0.1588333333333333374781660E+01,    0.2788697843806445808567673E+00,    0.2838648834695227662905381E+00,   -0.4995099088878185433770795E-02,     -1.76%
   -0.1586666666666666447582656E+01,    0.2791957212168312274513937E+00,    0.2842919235823310186717094E+00,   -0.5096202365499791220315728E-02,     -1.79%
   -0.1584999999999999964472863E+01,    0.2795228023025017050073870E+00,    0.2847198001267003397707356E+00,   -0.5196997824198634763348537E-02,     -1.83%
   -0.1583333333333333481363070E+01,    0.2798510348670392167136356E+00,    0.2851485148514850687107014E+00,   -0.5297479984445851997065802E-02,     -1.86%
   -0.1581666666666666554164067E+01,    0.2801804261268722728850378E+00,    0.2855780695081155950987295E+00,   -0.5397643381243322213691727E-02,     -1.89%
   -0.1580000000000000071054274E+01,    0.2805109832852249462931127E+00,    0.2860084658505891441748759E+00,   -0.5497482565364197881763175E-02,     -1.92%
   -0.1578333333333333143855270E+01,    0.2808427135318689038534501E+00,    0.2864397056354625603624697E+00,   -0.5596992103593656509019638E-02,     -1.95%
   -0.1576666666666666660745477E+01,    0.2811756240428737174674723E+00,    0.2868717906218424262831945E+00,   -0.5696166578968708815722266E-02,     -1.99%
   -0.1575000000000000177635684E+01,    0.2815097219803596173548499E+00,    0.2873047225713771801736129E+00,   -0.5795000591017562818763054E-02,     -2.02%
   -0.1573333333333333250436681E+01,    0.2818450144922493016963472E+00,    0.2877385032482480120563650E+00,   -0.5893488755998710360017867E-02,     -2.05%
   -0.1571666666666666767326888E+01,    0.2821815087120209120108427E+00,    0.2881731344191589827552491E+00,   -0.5991625707138070744406377E-02,     -2.08%
   -0.1569999999999999840127884E+01,    0.2825192117584612305769554E+00,    0.2886086178533291413117468E+00,   -0.6089406094867910734791394E-02,     -2.11%
   -0.1568333333333333357018091E+01,    0.2828581307354194884773335E+00,    0.2890449553224818113328354E+00,   -0.6186824587062322855501861E-02,     -2.14%
   -0.1566666666666666873908298E+01,    0.2831982727315608960871884E+00,    0.2894821486008362643183034E+00,   -0.6283875869275368231114953E-02,     -2.17%
   -0.1564999999999999946709295E+01,    0.2835396448201226715646328E+00,    0.2899201994650972280531676E+00,   -0.6380554644974556488534745E-02,     -2.20%
   -0.1563333333333333463599502E+01,    0.2838822540586668496942480E+00,    0.2903591096944453942008124E+00,   -0.6476855635778544506564458E-02,     -2.23%
   -0.1561666666666666536400498E+01,    0.2842261074888385863346230E+00,    0.2907988810705276483403736E+00,   -0.6572773581689062005750657E-02,     -2.26%
   -0.1560000000000000053290705E+01,    0.2845712121361197444180391E+00,    0.2912395153774464118257015E+00,   -0.6668303241326667407662399E-02,     -2.29%
   -0.1558333333333333126091702E+01,    0.2849175750095874204426138E+00,    0.2916810144017501493785005E+00,   -0.6763439392162728935886662E-02,     -2.32%
   -0.1556666666666666642981909E+01,    0.2852652031016693623399760E+00,    0.2921233799324221003246294E+00,   -0.6858176830752737984653322E-02,     -2.35%
   -0.1555000000000000159872116E+01,    0.2856141033879025514785610E+00,    0.2925666137608706196537867E+00,   -0.6952510372968068175225653E-02,     -2.38%
   -0.1553333333333333232673112E+01,    0.2859642828266916181334523E+00,    0.2930107176809178537446599E+00,   -0.7046434854226235611207585E-02,     -2.40%
   -0.1551666666666666749563319E+01,    0.2863157483590657026439885E+00,    0.2934556934887887491569813E+00,   -0.7139945129723046512992823E-02,     -2.43%
   -0.1549999999999999822364316E+01,    0.2866685069084394799077131E+00,    0.2939015429831007275573995E+00,   -0.7233036074661247649686402E-02,     -2.46%
   -0.1548333333333333339254523E+01,    0.2870225653803719079171231E+00,    0.2943482679648515287773591E+00,   -0.7325702584479620860236082E-02,     -2.49%
   -0.1546666666666666856144730E+01,    0.2873779306623264195863499E+00,    0.2947958702374088857389722E+00,   -0.7417939575082466152622374E-02,     -2.52%
   -0.1544999999999999928945726E+01,    0.2877346096234317252005042E+00,    0.2952443516064983120017473E+00,   -0.7509741983066586801243147E-02,     -2.54%
   -0.1543333333333333445835933E+01,    0.2880926091142429479319276E+00,    0.2956937138801914444208307E+00,   -0.7601104765948496488903174E-02,     -2.57%
   -0.1541666666666666518636930E+01,    0.2884519359665039250906204E+00,    0.2961439588688946633610044E+00,   -0.7692022902390738270383963E-02,     -2.60%
   -0.1540000000000000035527137E+01,    0.2888125969929091207966110E+00,    0.2965950883853363251319024E+00,   -0.7782491392427204335291435E-02,     -2.62%
   -0.1538333333333333552417344E+01,    0.2891745989868664823418953E+00,    0.2970471042445554932243112E+00,   -0.7872505257689010882415914E-02,     -2.65%
   -0.1536666666666666625218340E+01,    0.2895379487222615733088560E+00,    0.2975000082638891152342353E+00,   -0.7962059541627541925379319E-02,     -2.68%
   -0.1535000000000000142108547E+01,    0.2899026529532206519768067E+00,    0.2979538022629590887646600E+00,   -0.8051149309738436787853288E-02,     -2.70%
   -0.1533333333333333214909544E+01,    0.2902687184138766363084017E+00,    0.2984084880636604930614908E+00,   -0.8139769649783856753089140E-02,     -2.73%
   -0.1531666666666666731799751E+01,    0.2906361518181331815569024E+00,    0.2988640674901478222480478E+00,   -0.8227915672014640691145360E-02,     -2.75%
   -0.1529999999999999804600748E+01,    0.2910049598594309228083432E+00,    0.2993205423688228283829460E+00,   -0.8315582509391905574602788E-02,     -2.78%
   -0.1528333333333333321490954E+01,    0.2913751492105143281463597E+00,    0.2997779145283202550942292E+00,   -0.8402765317805926947869466E-02,     -2.80%
   -0.1526666666666666838381161E+01,    0.2917467265231981632389591E+00,    0.3002361857994955141037963E+00,   -0.8489459276297350864837199E-02,     -2.83%
   -0.1524999999999999911182158E+01,    0.2921196984281356767709781E+00,    0.3006953580154106964172911E+00,   -0.8575659587275019646313012E-02,     -2.85%
   -0.1523333333333333428072365E+01,    0.2924940715345859532092732E+00,    0.3011554330113200839136312E+00,   -0.8661361476734130704357995E-02,     -2.88%
   -0.1521666666666666500873362E+01,    0.2928698524301841521477741E+00,    0.3016164126246576593359805E+00,   -0.8746560194473507188206440E-02,     -2.90%
   -0.1520000000000000017763568E+01,    0.2932470476807098047622446E+00,    0.3020782986950217297028587E+00,   -0.8831251014311924940614063E-02,     -2.92%
   -0.1518333333333333534653775E+01,    0.2936256638298573862222440E+00,    0.3025410930641613260760892E+00,   -0.8915429234303939853845122E-02,     -2.95%
   -0.1516666666666666607454772E+01,    0.2940057073990077762815076E+00,    0.3030047975759616041280253E+00,   -0.8999090176953827846517697E-02,     -2.97%
   -0.1515000000000000124344979E+01,    0.2943871848869978880003373E+00,    0.3034694140764287451084158E+00,   -0.9082229189430857108078499E-02,     -2.99%
   -0.1513333333333333197145976E+01,    0.2947701027698951259381488E+00,    0.3039349444136758005008403E+00,   -0.9164841643780674562691502E-02,     -3.02%
   -0.1511666666666666714036182E+01,    0.2951544675007678475431305E+00,    0.3044013904379067603223064E+00,   -0.9246922937138912779175826E-02,     -3.04%
   -0.1509999999999999786837179E+01,    0.2955402855094604874786057E+00,    0.3048687540014024532908365E+00,   -0.9328468491941965812230819E-02,     -3.06%
   -0.1508333333333333303727386E+01,    0.2959275632023664059921941E+00,    0.3053370369585038934800991E+00,   -0.9409473756137487487904991E-02,     -3.08%
   -0.1506666666666666820617593E+01,    0.2963163069622029577310229E+00,    0.3058062411655974588420293E+00,   -0.9489934203394501111006321E-02,     -3.10%
   -0.1504999999999999893418590E+01,    0.2967065231477873377130550E+00,    0.3062763684810989595064257E+00,   -0.9569845333311621793370705E-02,     -3.12%
   -0.1503333333333333410308796E+01,    0.2970982180938118721869046E+00,    0.3067474207654370399467325E+00,   -0.9649202671625167759827946E-02,     -3.15%
   -0.1501666666666666483109793E+01,    0.2974913981106210303373416E+00,    0.3072193998810379134134507E+00,   -0.9728001770416883076109116E-02,     -3.17%
   -0.1500000000000000000000000E+01,    0.2978860694839895462138202E+00,    0.3076923076923077093880465E+00,   -0.9806238208318163174226356E-02,     -3.19%
   -0.1498333333333333516890207E+01,    0.2982822384748990973690752E+00,    0.3081661460656170969940604E+00,   -0.9883907590717999624985168E-02,     -3.21%
   -0.1496666666666666589691204E+01,    0.2986799113193183696779442E+00,    0.3086409168692837434733178E+00,   -0.9961005549965373795373580E-02,     -3.23%
   -0.1495000000000000106581410E+01,    0.2990790942279822894889207E+00,    0.3091166219735550502178967E+00,   -0.1003752774557276072897594E-01,     -3.25%
   -0.1493333333333333179382407E+01,    0.2994797933861716998649172E+00,    0.3095932632505917214693625E+00,   -0.1011346986442002160444531E-01,     -3.27%
   -0.1491666666666666696272614E+01,    0.2998820149534947021585651E+00,    0.3100708425744493346165598E+00,   -0.1018882762095463245799465E-01,     -3.29%
   -0.1490000000000000213162821E+01,    0.3002857650636687192324814E+00,    0.3105493618210613537833353E+00,   -0.1026359675739263455085393E-01,     -3.30%
   -0.1488333333333333285963818E+01,    0.3006910498243025031683828E+00,    0.3110288228682214217712954E+00,   -0.1033777304391891860291253E-01,     -3.32%
   -0.1486666666666666802854024E+01,    0.3010978753166782539985036E+00,    0.3115092275955640976903283E+00,   -0.1041135227888584369182468E-01,     -3.34%
   -0.1484999999999999875655021E+01,    0.3015062475955375687064475E+00,    0.3119905778845479260574791E+00,   -0.1048433028901035735103164E-01,     -3.36%
   -0.1483333333333333392545228E+01,    0.3019161726888641150701176E+00,    0.3124728756184358968717163E+00,   -0.1055670292957178180159872E-01,     -3.38%
   -0.1481666666666666465346225E+01,    0.3023276565976701912852320E+00,    0.3129561226822774044897812E+00,   -0.1062846608460721320454923E-01,     -3.40%
   -0.1479999999999999982236432E+01,    0.3027407052957819533212103E+00,    0.3134403209628886521898039E+00,   -0.1069961566710669886859364E-01,     -3.41%
   -0.1478333333333333499126638E+01,    0.3031553247296268072119574E+00,    0.3139254723488339449133377E+00,   -0.1077014761920713770138036E-01,     -3.43%
   -0.1476666666666666571927635E+01,    0.3035715208180209678801020E+00,    0.3144115787304060938289751E+00,   -0.1084005791238512594887311E-01,     -3.45%
   -0.1475000000000000088817842E+01,    0.3039892994519569624500832E+00,    0.3148986419996063768067529E+00,   -0.1090934254764941435666969E-01,     -3.46%
   -0.1473333333333333161618839E+01,    0.3044086664943943532080084E+00,    0.3153866640501254980932799E+00,   -0.1097799755573114488527153E-01,     -3.48%
   -0.1471666666666666678509046E+01,    0.3048296277800479070485551E+00,    0.3158756467773225495854206E+00,   -0.1104601899727464253686549E-01,     -3.50%
   -0.1470000000000000195399252E+01,    0.3052521891151793176355511E+00,    0.3163655920782055264162125E+00,   -0.1111340296302620878066136E-01,     -3.51%
   -0.1468333333333333268200249E+01,    0.3056763562773884279621939E+00,    0.3168565018514101772062475E+00,   -0.1118014557402174924405358E-01,     -3.53%
   -0.1466666666666666785090456E+01,    0.3061021350154054521119917E+00,    0.3173483779971790763596573E+00,   -0.1124624298177362424766557E-01,     -3.54%
   -0.1464999999999999857891453E+01,    0.3065295310488838631535202E+00,    0.3178412224173414735162169E+00,   -0.1131169136845761036269664E-01,     -3.56%
   -0.1463333333333333374781660E+01,    0.3069585500681939471689930E+00,    0.3183350370152907005127929E+00,   -0.1137648694709675334379995E-01,     -3.57%
   -0.1461666666666666447582656E+01,    0.3073891977342185777288819E+00,    0.3188298236959639653242959E+00,   -0.1144062596174538759541406E-01,     -3.59%
   -0.1459999999999999964472863E+01,    0.3078214796781469364539419E+00,    0.3193255843658194259582217E+00,   -0.1150410468767248950427984E-01,     -3.60%
   -0.1458333333333333481363070E+01,    0.3082554015012720638466703E+00,    0.3198223209328150407060321E+00,   -0.1156691943154297685936172E-01,     -3.62%
   -0.1456666666666666554164067E+01,    0.3086909687747876884778009E+00,    0.3203200353063861416380576E+00,   -0.1162906653159845316025667E-01,     -3.63%
   -0.1455000000000000071054274E+01,    0.3091281870395852227062505E+00,    0.3208187293974221754311316E+00,   -0.1169054235783695272488103E-01,     -3.64%
   -0.1453333333333333143855270E+01,    0.3095670618060539780458384E+00,    0.3213184051182452205530637E+00,   -0.1175134331219124250722530E-01,     -3.66%
   -0.1451666666666666660745477E+01,    0.3100075985538790490636529E+00,    0.3218190643825856733784008E+00,   -0.1181146582870662431474784E-01,     -3.67%
   -0.1450000000000000177635684E+01,    0.3104498027318425834586435E+00,    0.3223207091055599882167826E+00,   -0.1187090637371740475813908E-01,     -3.68%
   -0.1448333333333333250436681E+01,    0.3108936797576252186736667E+00,    0.3228233412036468630290642E+00,   -0.1192966144602164435539748E-01,     -3.70%
   -0.1446666666666666767326888E+01,    0.3113392350176070744183221E+00,    0.3233269625946629255430764E+00,   -0.1198772757705585112475433E-01,     -3.71%
   -0.1444999999999999840127884E+01,    0.3117864738666716317716521E+00,    0.3238315751977396961258648E+00,   -0.1204510133106806435421277E-01,     -3.72%
   -0.1443333333333333357018091E+01,    0.3122354016280083910395149E+00,    0.3243371809332982191875772E+00,   -0.1210177930528982814806227E-01,     -3.73%
   -0.1441666666666666873908298E+01,    0.3126860235929192488590900E+00,    0.3248437817230255264533412E+00,   -0.1215775813010627759425120E-01,     -3.74%
   -0.1439999999999999946709295E+01,    0.3131383450206217666789144E+00,    0.3253513794898490463225471E+00,   -0.1221303446922727964363276E-01,     -3.75%
   -0.1438333333333333463599502E+01,    0.3135923711380564360418077E+00,    0.3258599761579117348730961E+00,   -0.1226760501985529883128834E-01,     -3.76%
   -0.1436666666666666536400498E+01,    0.3140481071396943324458562E+00,    0.3263695736525469848210435E+00,   -0.1232146651285265237518729E-01,     -3.78%
   -0.1435000000000000053290705E+01,    0.3145055581873447136942445E+00,    0.3268801739002524797683691E+00,   -0.1237461571290776607412454E-01,     -3.79%
   -0.1433333333333333126091702E+01,    0.3149647294099631178454501E+00,    0.3273917788286650476514694E+00,   -0.1242704941870192980601928E-01,     -3.80%
   -0.1431666666666666642981909E+01,    0.3154256259034622367209977E+00,    0.3279043903665333492547518E+00,   -0.1247876446307111253375410E-01,     -3.81%
   -0.1430000000000000159872116E+01,    0.3158882527305225673686095E+00,    0.3284180104436926761479754E+00,   -0.1252975771317010877936582E-01,     -3.82%
   -0.1428333333333333232673112E+01,    0.3163526149204033410811121E+00,    0.3289326409910375281775430E+00,   -0.1258002607063418709643088E-01,     -3.82%
   -0.1426666666666666749563319E+01,    0.3168187174687547846829716E+00,    0.3294482839404943019800953E+00,   -0.1262956647173951729712371E-01,     -3.83%
   -0.1424999999999999822364316E+01,    0.3172865653374324357294256E+00,    0.3299649412249948676745248E+00,   -0.1267837588756243194509921E-01,     -3.84%
   -0.1423333333333333339254523E+01,    0.3177561634543105695271947E+00,    0.3304826147784481471525453E+00,   -0.1272645132413757762535056E-01,     -3.85%
   -0.1421666666666666856144730E+01,    0.3182275167130974580231850E+00,    0.3310013065357126915699837E+00,   -0.1277378982261523354679866E-01,     -3.86%
   -0.1419999999999999928945726E+01,    0.3187006299731520164719711E+00,    0.3315210184325686482154083E+00,   -0.1282038845941663174343716E-01,     -3.87%
   -0.1418333333333333445835933E+01,    0.3191755080592992288579524E+00,    0.3320417524056885616445811E+00,   -0.1286624434638933278662876E-01,     -3.87%
   -0.1416666666666666518636930E+01,    0.3196521557616504027876658E+00,    0.3325635103926097291271446E+00,   -0.1291135463095932633947882E-01,     -3.88%
   -0.1415000000000000035527137E+01,    0.3201305778354195386015135E+00,    0.3330862943317039470692009E+00,   -0.1295571649628440846768740E-01,     -3.89%
   -0.1413333333333333552417344E+01,    0.3206107790007438618218316E+00,    0.3336101061621492558373347E+00,   -0.1299932716140539401550313E-01,     -3.90%
   -0.1411666666666666625218340E+01,    0.3210927639425062429801017E+00,    0.3341349478238997972034952E+00,   -0.1304218388139355422339349E-01,     -3.90%
   -0.1410000000000000142108547E+01,    0.3215765373101530655297609E+00,    0.3346608212576553387229694E+00,   -0.1308428394750227319320857E-01,     -3.91%
   -0.1408333333333333214909544E+01,    0.3220621037175209200320580E+00,    0.3351877284048323524245916E+00,   -0.1312562468731143239253356E-01,     -3.92%
   -0.1406666666666666731799751E+01,    0.3225494677426560818922496E+00,    0.3357156712075319848764821E+00,   -0.1316620346487590298423243E-01,     -3.92%
   -0.1404999999999999804600748E+01,    0.3230386339276418716792705E+00,    0.3362446516085104142312900E+00,   -0.1320601768086854255201956E-01,     -3.93%
   -0.1403333333333333321490954E+01,    0.3235296067784225182428770E+00,    0.3367746715511467092696307E+00,   -0.1324506477272419102675372E-01,     -3.93%
   -0.1401666666666666838381161E+01,    0.3240223907646297973883520E+00,    0.3373057329794120762223031E+00,   -0.1328334221478227883395107E-01,     -3.94%
   -0.1399999999999999911182158E+01,    0.3245169903194102256627218E+00,    0.3378378378378378288360295E+00,   -0.1332084751842760317330772E-01,     -3.94%
   -0.1398333333333333428072365E+01,    0.3250134098392531423193930E+00,    0.3383709880714826923053806E+00,   -0.1335757823222954998598766E-01,     -3.95%
   -0.1396666666666666500873362E+01,    0.3255116536838199015058137E+00,    0.3389051856259014949834807E+00,   -0.1339353194208159347766696E-01,     -3.95%
   -0.1395000000000000017763568E+01,    0.3260117261757741191630089E+00,    0.3394404324471109180016981E+00,   -0.1342870627133679883868922E-01,     -3.96%
   -0.1393333333333333534653775E+01,    0.3265136316006120864585682E+00,    0.3399767304815580759580484E+00,   -0.1346309888094598949948022E-01,     -3.96%
   -0.1391666666666666607454772E+01,    0.3270173742064962918441040E+00,    0.3405140816760859889811286E+00,   -0.1349670746958969713702459E-01,     -3.96%
   -0.1390000000000000124344979E+01,    0.3275229582040859455105419E+00,    0.3410524879778997764390169E+00,   -0.1352952977381383092847500E-01,     -3.97%
   -0.1388333333333333197145976E+01,    0.3280303877663741096704086E+00,    0.3415919513345333502485346E+00,   -0.1356156356815924057812595E-01,     -3.97%
   -0.1386666666666666714036182E+01,    0.3285396670285197218142059E+00,    0.3421324736938142763165160E+00,   -0.1359280666529455450231012E-01,     -3.97%
   -0.1384999999999999786837179E+01,    0.3290508000876855021488154E+00,    0.3426740570038294131371970E+00,   -0.1362325691614391098838155E-01,     -3.98%
   -0.1383333333333333303727386E+01,    0.3295637910028738071233079E+00,    0.3432167032128897177223337E+00,   -0.1365291221001591059902580E-01,     -3.98%
   -0.1381666666666666820617593E+01,    0.3300786437947652030011625E+00,    0.3437604142694947184644150E+00,   -0.1368177047472951546325248E-01,     -3.98%
   -0.1379999999999999893418590E+01,    0.3305953624455569284101841E+00,    0.3443051921222972100444792E+00,   -0.1370982967674028163429512E-01,     -3.98%
   -0.1378333333333333410308796E+01,    0.3311139508988028556935035E+00,    0.3448510387200661719830919E+00,   -0.1373708782126331628958837E-01,     -3.98%
   -0.1376666666666666483109793E+01,    0.3316344130592552841285681E+00,    0.3453979560116515190593134E+00,   -0.1376354295239623493074532E-01,     -3.98%
   -0.1375000000000000000000000E+01,    0.3321567527927050678115961E+00,    0.3459459459459459651498037E+00,   -0.1378919315324089733820756E-01,     -3.99%
   -0.1373333333333333516890207E+01,    0.3326809739258261844341291E+00,    0.3464950104718491630251265E+00,   -0.1381403654602297859099735E-01,     -3.99%
   -0.1371666666666666589691204E+01,    0.3332070802460191938365597E+00,    0.3470451515382295126777024E+00,   -0.1383807129221031884114268E-01,     -3.99%
   -0.1370000000000000106581410E+01,    0.3337350755012554737177766E+00,    0.3475963710938858031163079E+00,   -0.1386129559263032939853133E-01,     -3.99%
   -0.1368333333333333179382407E+01,    0.3342649633999243419246739E+00,    0.3481486710875101309170532E+00,   -0.1388370768758578899237932E-01,     -3.99%
   -0.1366666666666666696272614E+01,    0.3347967476106789019851817E+00,    0.3487020534676482097502515E+00,   -0.1390530585696930776506974E-01,     -3.99%
   -0.1365000000000000213162821E+01,    0.3353304317622852193103711E+00,    0.3492565201826610676860696E+00,   -0.1392608842037584837569852E-01,     -3.99%
   -0.1363333333333333285963818E+01,    0.3358660194434701651289288E+00,    0.3498120731806857452994564E+00,   -0.1394605373721558017052757E-01,     -3.99%
   -0.1361666666666666802854024E+01,    0.3364035142027723135349504E+00,    0.3503687144095946059962898E+00,   -0.1396520020682229246133943E-01,     -3.99%
   -0.1359999999999999875655021E+01,    0.3369429195483927275134306E+00,    0.3509264458169568112744230E+00,   -0.1398352626856408376099239E-01,     -3.98%
   -0.1358333333333333392545228E+01,    0.3374842389480470217222319E+00,    0.3514852693499963542933529E+00,   -0.1400103040194933257112098E-01,     -3.98%
   -0.1356666666666666465346225E+01,    0.3380274758288184799859266E+00,    0.3520451869555524249122413E+00,   -0.1401771112673394492631473E-01,     -3.98%
   -0.1354999999999999982236432E+01,    0.3385726335770126715907224E+00,    0.3526062005800371657038284E+00,   -0.1403356700302449411310590E-01,     -3.98%
   -0.1353333333333333499126638E+01,    0.3391197155380119565570851E+00,    0.3531683121693952043251841E+00,   -0.1404859663138324776809895E-01,     -3.98%
   -0.1351666666666666571927635E+01,    0.3396687250161329885145278E+00,    0.3537315236690606323755048E+00,   -0.1406279865292764386097701E-01,     -3.98%
   -0.1350000000000000088817842E+01,    0.3402196652744821636638051E+00,    0.3542958370239149279434798E+00,   -0.1407617174943276427967476E-01,     -3.97%
   -0.1348333333333333161618839E+01,    0.3407725395348161212538685E+00,    0.3548612541782449336658090E+00,   -0.1408871464342881241194050E-01,     -3.97%
   -0.1346666666666666678509046E+01,    0.3413273509773991909455049E+00,    0.3554277770756982257616130E+00,   -0.1410042609829903481610813E-01,     -3.97%
   -0.1345000000000000195399252E+01,    0.3418841027408661137343415E+00,    0.3559954076592411476021027E+00,   -0.1411130491837503386776120E-01,     -3.96%
   -0.1343333333333333268200249E+01,    0.3424427979220813211824748E+00,    0.3565641478711139567003841E+00,   -0.1412134994903263551790928E-01,     -3.96%
   -0.1341666666666666785090456E+01,    0.3430034395760027110533485E+00,    0.3571339996527863602793218E+00,   -0.1413056007678364922597325E-01,     -3.96%
   -0.1339999999999999857891453E+01,    0.3435660307155457560135403E+00,    0.3577049649449134949286133E+00,   -0.1413893422936773891507301E-01,     -3.95%
   -0.1338333333333333374781660E+01,    0.3441305743114472792676395E+00,    0.3582770456872897968381153E+00,   -0.1414647137584251757047582E-01,     -3.95%
   -0.1336666666666666447582656E+01,    0.3446970732921319502395363E+00,    0.3588502438188045928768588E+00,   -0.1415317052667264263732250E-01,     -3.94%
   -0.1334999999999999964472863E+01,    0.3452655305435784471868033E+00,    0.3594245612773949161145026E+00,   -0.1415903073381646892769936E-01,     -3.94%
   -0.1333333333333333481363070E+01,    0.3458359489091886729283942E+00,    0.3599999999999999311661725E+00,   -0.1416405109081125823777825E-01,     -3.93%
   -0.1331666666666666554164067E+01,    0.3464083311896556938158653E+00,    0.3605765619225141382919730E+00,   -0.1416823073285844447610771E-01,     -3.93%
   -0.1330000000000000071054274E+01,    0.3469826801428338991506450E+00,    0.3611542489797391897177192E+00,   -0.1417156883690529056707419E-01,     -3.92%
   -0.1328333333333333143855270E+01,    0.3475589984836111590027485E+00,    0.3617330631053377598682630E+00,   -0.1417406462172660086551446E-01,     -3.92%
   -0.1326666666666666660745477E+01,    0.3481372888837799828287700E+00,    0.3623130062317836963536877E+00,   -0.1417571734800371352491766E-01,     -3.91%
   -0.1325000000000000177635684E+01,    0.3487175539719118977366463E+00,    0.3628940802903152240688200E+00,   -0.1417652631840332633217372E-01,     -3.91%
   -0.1323333333333333250436681E+01,    0.3492997963332311051054546E+00,    0.3634762872108849296459709E+00,   -0.1417649087765382454051633E-01,     -3.90%
   -0.1321666666666666767326888E+01,    0.3498840185094903576512593E+00,    0.3640596289221104120414907E+00,   -0.1417561041262005439023142E-01,     -3.89%
   -0.1319999999999999840127884E+01,    0.3504702229988480022271347E+00,    0.3646441073512252661892319E+00,   -0.1417388435237726396209723E-01,     -3.89%
   -0.1318333333333333357018091E+01,    0.3510584122557452446677928E+00,    0.3652297244240276241633580E+00,   -0.1417131216828237949556524E-01,     -3.88%
   -0.1316666666666666873908298E+01,    0.3516485886907848024129919E+00,    0.3658164820648307502537477E+00,   -0.1416789337404594784075584E-01,     -3.87%
   -0.1314999999999999946709295E+01,    0.3522407546706121106439014E+00,    0.3664043821964111380395934E+00,   -0.1416362752579902739569206E-01,     -3.87%
   -0.1313333333333333463599502E+01,    0.3528349125177944189957202E+00,    0.3669934267399565519518490E+00,   -0.1415851422216213295612874E-01,     -3.86%
   -0.1311666666666666536400498E+01,    0.3534310645107049952962086E+00,    0.3675836176150154011033067E+00,   -0.1415255310431040580709805E-01,     -3.85%
   -0.1310000000000000053290705E+01,    0.3540292128834049423247166E+00,    0.3681749567394426159161469E+00,   -0.1414574385603767359143035E-01,     -3.84%
   -0.1308333333333333126091702E+01,    0.3546293598255281231956815E+00,    0.3687674460293478007066881E+00,   -0.1413808620381967751100660E-01,     -3.83%
   -0.1306666666666666642981909E+01,    0.3552315074821665863424869E+00,    0.3693610873990413323575410E+00,   -0.1412957991687474601505414E-01,     -3.83%
   -0.1305000000000000159872116E+01,    0.3558356579537578778804630E+00,    0.3699558827609807365455197E+00,   -0.1412022480722285866505672E-01,     -3.82%
   -0.1303333333333333232673112E+01,    0.3564418132959713547691649E+00,    0.3705518340257163423245856E+00,   -0.1411002072974498755542072E-01,     -3.81%
   -0.1301666666666666749563319E+01,    0.3570499755195979951771790E+00,    0.3711489431018360485303731E+00,   -0.1409896758223805335319412E-01,     -3.80%
   -0.1299999999999999822364316E+01,    0.3576601465904405974249869E+00,    0.3717472118959108673408309E+00,   -0.1408706530547026991584403E-01,     -3.79%
   -0.1298333333333333339254523E+01,    0.3582723284292038123943769E+00,    0.3723466423124380808573619E+00,   -0.1407431388323426846298503E-01,     -3.78%
   -0.1296666666666666856144730E+01,    0.3588865229113876731403820E+00,    0.3729472362537863960874063E+00,   -0.1406071334239872294702423E-01,     -3.77%
   -0.1294999999999999928945726E+01,    0.3595027318671800697913454E+00,    0.3735489956201381023248587E+00,   -0.1404626375295803253351323E-01,     -3.76%
   -0.1293333333333333445835933E+01,    0.3601209570813513338727319E+00,    0.3741519223094318946643000E+00,   -0.1403096522808056079156813E-01,     -3.75%
   -0.1291666666666666518636930E+01,    0.3607412002931500993874181E+00,    0.3747560182173064746713465E+00,   -0.1401481792415637528392836E-01,     -3.74%
   -0.1290000000000000035527137E+01,    0.3613634631961994969628904E+00,    0.3753612852370405983393198E+00,   -0.1399782204084110137642938E-01,     -3.73%
   -0.1288333333333333552417344E+01,    0.3619877474383959570225500E+00,    0.3759677252594960106257815E+00,   -0.1397997782110005360323157E-01,     -3.72%
   -0.1286666666666666625218340E+01,    0.3626140546218076243789596E+00,    0.3765753401730572713645984E+00,   -0.1396128555124964698563872E-01,     -3.71%
   -0.1285000000000000142108547E+01,    0.3632423863025741050947204E+00,    0.3771841318635724693564271E+00,   -0.1394174556099836426170668E-01,     -3.70%
   -0.1283333333333333214909544E+01,    0.3638727439908086558340017E+00,    0.3777941022142932148142336E+00,   -0.1392135822348455898023190E-01,     -3.68%
   -0.1281666666666666731799751E+01,    0.3645051291505000401471648E+00,    0.3784052531058136881192411E+00,   -0.1390012395531364797207630E-01,     -3.67%
   -0.1279999999999999804600748E+01,    0.3651395431994161056010739E+00,    0.3790175864160097995991805E+00,   -0.1387804321659369399810657E-01,     -3.66%
   -0.1278333333333333321490954E+01,    0.3657759875090086376658860E+00,    0.3796311040199770170389115E+00,   -0.1385511651096837937302553E-01,     -3.65%
   -0.1276666666666666838381161E+01,    0.3664144634043191017802599E+00,    0.3802458077899690813694633E+00,   -0.1383134438564997958920344E-01,     -3.64%
   -0.1274999999999999911182158E+01,    0.3670549721638861062622539E+00,    0.3808616995953344463998747E+00,   -0.1380672743144834013762079E-01,     -3.63%
   -0.1273333333333333428072365E+01,    0.3676975150196525321533159E+00,    0.3814787813024532736605465E+00,   -0.1378126628280074150723067E-01,     -3.61%
   -0.1271666666666666500873362E+01,    0.3683420931568762712871035E+00,    0.3820970547746742052019897E+00,   -0.1375496161779793391488624E-01,     -3.60%
   -0.1270000000000000017763568E+01,    0.3689887077140390769791622E+00,    0.3827165218722492490144305E+00,   -0.1372781415821017203526822E-01,     -3.59%
   -0.1268333333333333534653775E+01,    0.3696373597827596335640976E+00,    0.3833371844522696636481385E+00,   -0.1369982466951003008404086E-01,     -3.57%
   -0.1266666666666666607454772E+01,    0.3702880504077052381539659E+00,    0.3839590443686006770995789E+00,   -0.1367099396089543894561302E-01,     -3.56%
   -0.1265000000000000124344979E+01,    0.3709407805865063134653781E+00,    0.3845821034718149289410860E+00,   -0.1364132288530861547570794E-01,     -3.55%
   -0.1263333333333333197145976E+01,    0.3715955512696715312692675E+00,    0.3852063636091268561401080E+00,   -0.1361081233945532487084051E-01,     -3.53%
   -0.1261666666666666714036182E+01,    0.3722523633605030468629593E+00,    0.3858318266243251914993095E+00,   -0.1357946326382214463635023E-01,     -3.52%
   -0.1259999999999999786837179E+01,    0.3729112177150159523897344E+00,    0.3864584943577060727193384E+00,   -0.1354727664269012032960404E-01,     -3.51%
   -0.1258333333333333303727386E+01,    0.3735721151418543994893184E+00,    0.3870863686460041530601472E+00,   -0.1351425350414975357082881E-01,     -3.49%
   -0.1256666666666666820617593E+01,    0.3742350564022130510188902E+00,    0.3877154513223250442699452E+00,   -0.1348039492011199325105508E-01,     -3.48%
   -0.1254999999999999893418590E+01,    0.3749000422097577001068203E+00,    0.3883457442160755945792516E+00,   -0.1344570200631789447243136E-01,     -3.46%
   -0.1253333333333333410308796E+01,    0.3755670732305462222733183E+00,    0.3889772491528939446503443E+00,   -0.1341017592234772237702600E-01,     -3.45%
   -0.1251666666666666483109793E+01,    0.3762361500829534133316656E+00,    0.3896099679545801941493721E+00,   -0.1337381787162678081770650E-01,     -3.43%
   -0.1250000000000000000000000E+01,    0.3769072733375936068433987E+00,    0.3902439024390244037832076E+00,   -0.1333662910143079693980894E-01,     -3.42%
   -0.1248333333333333516890207E+01,    0.3775804435172481765548014E+00,    0.3908790544201362626708374E+00,   -0.1329861090288808611603599E-01,     -3.40%
   -0.1246666666666666589691204E+01,    0.3782556610967913179877087E+00,    0.3915154257077729238467612E+00,   -0.1325976461098160585905248E-01,     -3.39%
   -0.1245000000000000106581410E+01,    0.3789329265031166626975789E+00,    0.3921530181076655630079131E+00,   -0.1322009160454890031033415E-01,     -3.37%
   -0.1243333333333333179382407E+01,    0.3796122401150687775128745E+00,    0.3927918334213478801508757E+00,   -0.1317959330627910263800118E-01,     -3.36%
   -0.1241666666666666696272614E+01,    0.3802936022633716106611246E+00,    0.3934318734460807154285078E+00,   -0.1313827118270910476738322E-01,     -3.34%
   -0.1240000000000000213162821E+01,    0.3809770132305607681644233E+00,    0.3940731399747792740306807E+00,   -0.1309612674421850586625737E-01,     -3.32%
   -0.1238333333333333285963818E+01,    0.3816624732509162343241371E+00,    0.3947156347959375755074518E+00,   -0.1305316154502134118331469E-01,     -3.31%
   -0.1236666666666666802854024E+01,    0.3823499825103944260717981E+00,    0.3953593596935525145141810E+00,   -0.1300937718315808844238290E-01,     -3.29%
   -0.1234999999999999875655021E+01,    0.3830395411465663535466319E+00,    0.3960043164470493093354264E+00,   -0.1296477530048295578879447E-01,     -3.27%
   -0.1233333333333333392545228E+01,    0.3837311492485498964910562E+00,    0.3966505068312031201394063E+00,   -0.1291935758265322364835015E-01,     -3.26%
   -0.1231666666666666465346225E+01,    0.3844248068569505738523162E+00,    0.3972979326160635538123245E+00,   -0.1287312575911297996000826E-01,     -3.24%
   -0.1229999999999999982236432E+01,    0.3851205139637977059585694E+00,    0.3979465955668748944340507E+00,   -0.1282608160307718847548131E-01,     -3.22%
   -0.1228333333333333499126638E+01,    0.3858182705124853506539750E+00,    0.3985964974439998864674806E+00,   -0.1277822693151453581350552E-01,     -3.21%
   -0.1226666666666666571927635E+01,    0.3865180763977126288111208E+00,    0.3992476400028391325669475E+00,   -0.1272956360512650375582666E-01,     -3.19%
   -0.1225000000000000088817842E+01,    0.3872199314654252710887761E+00,    0.3999000249937514905873570E+00,   -0.1268009352832621949858094E-01,     -3.17%
   -0.1223333333333333161618839E+01,    0.3879238355127600512695096E+00,    0.4005536541619750812159850E+00,   -0.1262981864921502994647540E-01,     -3.15%
   -0.1221666666666666678509046E+01,    0.3886297882879879983519800E+00,    0.4012085292475445208459917E+00,   -0.1257874095955652249401169E-01,     -3.14%
   -0.1220000000000000195399252E+01,    0.3893377894904606617565435E+00,    0.4018646519852113185855558E+00,   -0.1252686249475065682901231E-01,     -3.12%
   -0.1218333333333333268200249E+01,    0.3900478387705571536869797E+00,    0.4025220241043606095310281E+00,   -0.1247418533380345584404836E-01,     -3.10%
   -0.1216666666666666785090456E+01,    0.3907599357296308029141585E+00,    0.4031806473289281100846893E+00,   -0.1242071159929730717053076E-01,     -3.08%
   -0.1214999999999999857891453E+01,    0.3914740799199597498514436E+00,    0.4038405233773184055401373E+00,   -0.1236644345735865568869372E-01,     -3.06%
   -0.1213333333333333374781660E+01,    0.3921902708446960428290140E+00,    0.4045016539623184637086695E+00,   -0.1231138311762242087965546E-01,     -3.04%
   -0.1211666666666666447582656E+01,    0.3929085079578186756599223E+00,    0.4051640407910153118820062E+00,   -0.1225553283319663622208395E-01,     -3.02%
   -0.1209999999999999964472863E+01,    0.3936287906640840161820449E+00,    0.4058276855647092173917656E+00,   -0.1219889490062520120972067E-01,     -3.01%
   -0.1208333333333333481363070E+01,    0.3943511183189823965378196E+00,    0.4064925899788284779923231E+00,   -0.1214147165984608145450352E-01,     -2.99%
   -0.1206666666666666554164067E+01,    0.3950754902286910397180009E+00,    0.4071587557228425469091349E+00,   -0.1208326549415150719113399E-01,     -2.97%
   -0.1205000000000000071054274E+01,    0.3958019056500312604640612E+00,    0.4078261844801745472643972E+00,   -0.1202427883014328680033600E-01,     -2.95%
   -0.1203333333333333143855270E+01,    0.3965303637904259437263477E+00,    0.4084948779281140640584624E+00,   -0.1196451413768812033211475E-01,     -2.93%
   -0.1201666666666666660745477E+01,    0.3972608638078575782337509E+00,    0.4091648377377276601940537E+00,   -0.1190397392987008196030274E-01,     -2.91%
   -0.1200000000000000177635684E+01,    0.3979934048108288435763313E+00,    0.4098360655737704472123539E+00,   -0.1184266076294160363602259E-01,     -2.89%
   -0.1198333333333333250436681E+01,    0.3987279858583236413771544E+00,    0.4105085630945960462057087E+00,   -0.1178057723627240482855427E-01,     -2.87%
   -0.1196666666666666767326888E+01,    0.3994646059597681819752779E+00,    0.4111823319520652164626995E+00,   -0.1171772599229703448742157E-01,     -2.85%
   -0.1194999999999999840127884E+01,    0.4002032640749960124004758E+00,    0.4118573737914560384254514E+00,   -0.1165410971646002602497560E-01,     -2.83%
   -0.1193333333333333357018091E+01,    0.4009439591142109904353674E+00,    0.4125336902513705439332625E+00,   -0.1158973113715955349789510E-01,     -2.81%
   -0.1191666666666666873908298E+01,    0.4016866899379546995696444E+00,    0.4132112829636431228230720E+00,   -0.1152459302568842325342757E-01,     -2.79%
   -0.1189999999999999946709295E+01,    0.4024314553570724206643661E+00,    0.4138901535532469311284842E+00,   -0.1145869819617451046411816E-01,     -2.77%
   -0.1188333333333333463599502E+01,    0.4031782541326807134396404E+00,    0.4145703036381997996784321E+00,   -0.1139204950551908623879172E-01,     -2.75%
   -0.1186666666666666536400498E+01,    0.4039270849761391057874960E+00,    0.4152517348294699761623860E+00,   -0.1132464985333087037489008E-01,     -2.73%
   -0.1185000000000000053290705E+01,    0.4046779465490175087261093E+00,    0.4159344487308799798164216E+00,   -0.1125650218186247109031228E-01,     -2.71%
   -0.1183333333333333126091702E+01,    0.4054308374630709033148435E+00,    0.4166184469390117883769165E+00,   -0.1118760947594088506207299E-01,     -2.69%
   -0.1181666666666666642981909E+01,    0.4061857562802098642329440E+00,    0.4173037310431086388540223E+00,   -0.1111797476289877462107825E-01,     -2.66%
   -0.1180000000000000159872116E+01,    0.4069427015124766899845099E+00,    0.4179903026249790487511859E+00,   -0.1104760111250235876667602E-01,     -2.64%
   -0.1178333333333333232673112E+01,    0.4077016716220200898135317E+00,    0.4186781632588977841713529E+00,   -0.1097649163687769435782116E-01,     -2.62%
   -0.1176666666666666749563319E+01,    0.4084626650210703147081404E+00,    0.4193673145115068834343219E+00,   -0.1090464949043656872618158E-01,     -2.60%
   -0.1174999999999999822364316E+01,    0.4092256800719191733861635E+00,    0.4200577579417171247833096E+00,   -0.1083207786979795139714611E-01,     -2.58%
   -0.1173333333333333339254523E+01,    0.4099907150868969396562136E+00,    0.4207494951006058858666847E+00,   -0.1075878001370894621047114E-01,     -2.56%
   -0.1171666666666666856144730E+01,    0.4107577683283540337377815E+00,    0.4214425275313183893999280E+00,   -0.1068475920296435566214655E-01,     -2.54%
   -0.1169999999999999928945726E+01,    0.4115268380086416488694567E+00,    0.4221368567689645079354932E+00,   -0.1061001876032285906603647E-01,     -2.51%
   -0.1168333333333333445835933E+01,    0.4122979222900935436513237E+00,    0.4228324843405164012999364E+00,   -0.1053456205042285764861276E-01,     -2.49%
   -0.1166666666666666518636930E+01,    0.4130710192850110540341291E+00,    0.4235294117647059319864411E+00,   -0.1045839247969487795231203E-01,     -2.47%
   -0.1165000000000000035527137E+01,    0.4138461270556469950854250E+00,    0.4242276405519201376570493E+00,   -0.1038151349627314257162425E-01,     -2.45%
   -0.1163333333333333552417344E+01,    0.4146232436141921162686685E+00,    0.4249271722040972032452544E+00,   -0.1030392858990508697658584E-01,     -2.42%
   -0.1161666666666666625218340E+01,    0.4154023669227626114341945E+00,    0.4256280082146205456794519E+00,   -0.1022564129185793424525741E-01,     -2.40%
   -0.1160000000000000142108547E+01,    0.4161834948933875732990373E+00,    0.4263301500682127875840877E+00,   -0.1014665517482521428505038E-01,     -2.38%
   -0.1158333333333333214909544E+01,    0.4169666253880001671738853E+00,    0.4270335992408292313804452E+00,   -0.1006697385282906420655991E-01,     -2.36%
   -0.1156666666666666731799751E+01,    0.4177517562184266397551369E+00,    0.4277383571995494460082909E+00,   -0.9986600981122806253154067E-02,     -2.33%
   -0.1154999999999999804600748E+01,    0.4185388851463803794317187E+00,    0.4284444254024700748928467E+00,   -0.9905540256089695461128031E-02,     -2.31%
   -0.1153333333333333321490954E+01,    0.4193280098834531455231911E+00,    0.4291518052985943132426883E+00,   -0.9823795415141167719497162E-02,     -2.29%
   -0.1151666666666666838381161E+01,    0.4201191280911107384099523E+00,    0.4298604983277231061933321E+00,   -0.9741370236612367783379796E-02,     -2.27%
   -0.1149999999999999911182158E+01,    0.4209122373806887251745934E+00,    0.4305705059203445150828315E+00,   -0.9658268539655789908238148E-02,     -2.24%
   -0.1148333333333333428072365E+01,    0.4217073353133877766651949E+00,    0.4312818294975206967478698E+00,   -0.9574494184132920082674900E-02,     -2.22%
   -0.1146666666666666500873362E+01,    0.4225044194002735009618732E+00,    0.4319944704707781024666247E+00,   -0.9490051070504601504751463E-02,     -2.20%
   -0.1145000000000000017763568E+01,    0.4233034871022740008861263E+00,    0.4327084302419922368088123E+00,   -0.9404943139718235922686063E-02,     -2.17%
   -0.1143333333333333534653775E+01,    0.4241045358301812617796145E+00,    0.4334237102032756361325028E+00,   -0.9319174373094374352888281E-02,     -2.15%
   -0.1141666666666666607454772E+01,    0.4249075629446524282606390E+00,    0.4341403117368627939676173E+00,   -0.9232748792210365706978337E-02,     -2.13%
   -0.1140000000000000124344979E+01,    0.4257125657562122467147958E+00,    0.4348582362149938651540992E+00,   -0.9145670458781618439303429E-02,     -2.10%
   -0.1138333333333333197145976E+01,    0.4265195415252571731201670E+00,    0.4355774849998004238926796E+00,   -0.9057943474543250772512692E-02,     -2.08%
   -0.1136666666666666714036182E+01,    0.4273284874620604800732337E+00,    0.4362980594431867253923940E+00,   -0.8969571981126245319160262E-02,     -2.06%
   -0.1134999999999999786837179E+01,    0.4281394007267782519932098E+00,    0.4370199608867135765422063E+00,   -0.8880560159935324548996505E-02,     -2.03%
   -0.1133333333333333303727386E+01,    0.4289522784294576007724231E+00,    0.4377431906614785983578031E+00,   -0.8790912232020997585379973E-02,     -2.01%
   -0.1131666666666666820617593E+01,    0.4297671176300443818263375E+00,    0.4384677500879979872294712E+00,   -0.8700632457953605403133679E-02,     -1.98%
   -0.1129999999999999893418590E+01,    0.4305839153383934081453788E+00,    0.4391936404760860002127743E+00,   -0.8609725137692592067395481E-02,     -1.96%
   -0.1128333333333333410308796E+01,    0.4314026685142794415028789E+00,    0.4399208631247333856073567E+00,   -0.8518194610453944104477841E-02,     -1.94%
   -0.1126666666666666483109793E+01,    0.4322233740674102375756149E+00,    0.4406494193219875343814351E+00,   -0.8426045254577296805820197E-02,     -1.91%
   -0.1125000000000000000000000E+01,    0.4330460288574371485736947E+00,    0.4413793103448275800815281E+00,   -0.8333281487390431507833455E-02,     -1.89%
   -0.1123333333333333516890207E+01,    0.4338706296939736639650675E+00,    0.4421105374590432735004697E+00,   -0.8239907765069609535402151E-02,     -1.86%
   -0.1121666666666666589691204E+01,    0.4346971733366079559957029E+00,    0.4428431019191098050313826E+00,   -0.8145928582501849035679697E-02,     -1.84%
   -0.1120000000000000106581410E+01,    0.4355256564949210318360429E+00,    0.4435770049680623494658960E+00,   -0.8051348473141317629853120E-02,     -1.82%
   -0.1118333333333333179382407E+01,    0.4363560758285048857274546E+00,    0.4443122478373718875488407E+00,   -0.7956172008867001821386111E-02,     -1.79%
   -0.1116666666666666696272614E+01,    0.4371884279469808176621370E+00,    0.4450488317468166976631494E+00,   -0.7860403799835880001012356E-02,     -1.77%
   -0.1115000000000000213162821E+01,    0.4380227094100215823324618E+00,    0.4457867579043562900054098E+00,   -0.7764048494334707672948070E-02,     -1.74%
   -0.1113333333333333285963818E+01,    0.4388589167273714841677190E+00,    0.4465260275060033423599748E+00,   -0.7667110778631858192255777E-02,     -1.72%
   -0.1111666666666666802854024E+01,    0.4396970463588693589507272E+00,    0.4472666417356927492932073E+00,   -0.7569595376823390342480025E-02,     -1.69%
   -0.1109999999999999875655021E+01,    0.4405370947144732762801311E+00,    0.4480086017651538909944975E+00,   -0.7471507050680614714366357E-02,     -1.67%
   -0.1108333333333333392545228E+01,    0.4413790581542842983431285E+00,    0.4487519087537784612251812E+00,   -0.7372850599494162882052706E-02,     -1.64%
   -0.1106666666666666465346225E+01,    0.4422229329885752902029594E+00,    0.4494965638484897940685414E+00,   -0.7273630859914503865581992E-02,     -1.62%
   -0.1104999999999999982236432E+01,    0.4430687154778146230604818E+00,    0.4502425681836089155218872E+00,   -0.7173852705794292461405348E-02,     -1.59%
   -0.1103333333333333499126638E+01,    0.4439164018326984262330370E+00,    0.4509899228807231486015894E+00,   -0.7073521048024722368552375E-02,     -1.57%
   -0.1101666666666666571927635E+01,    0.4447659882141785647746701E+00,    0.4517386290485506661340764E+00,   -0.6972640834372101359406315E-02,     -1.54%
   -0.1100000000000000088817842E+01,    0.4456174707334932261204585E+00,    0.4524886877828054321248885E+00,   -0.6871217049312206004429981E-02,     -1.52%
   -0.1098333333333333161618839E+01,    0.4464708454522004488218556E+00,    0.4532401001660621986388833E+00,   -0.6769254713861749817027658E-02,     -1.49%
   -0.1096666666666666678509046E+01,    0.4473261083822097083917413E+00,    0.4539928672676187271228798E+00,   -0.6666758885409018731138531E-02,     -1.47%
   -0.1095000000000000195399252E+01,    0.4481832554858179440415711E+00,    0.4547469901433588423955712E+00,   -0.6563734657540898354000092E-02,     -1.44%
   -0.1093333333333333268200249E+01,    0.4490422826757449747958617E+00,    0.4555024698356142098809585E+00,   -0.6460187159869235085096761E-02,     -1.42%
   -0.1091666666666666785090456E+01,    0.4499031858151681939617106E+00,    0.4562593073730236703511309E+00,   -0.6356121557855476389420346E-02,     -1.39%
   -0.1089999999999999857891453E+01,    0.4507659607177635363584045E+00,    0.4570175037703945175593390E+00,   -0.6251543052630981200934457E-02,     -1.37%
   -0.1088333333333333374781660E+01,    0.4516306031477421156772323E+00,    0.4577770600285601121370860E+00,   -0.6146456880817996459853703E-02,     -1.34%
   -0.1086666666666666447582656E+01,    0.4524971088198921354006643E+00,    0.4585379771342396604261182E+00,   -0.6040868314347525025453933E-02,     -1.32%
   -0.1084999999999999964472863E+01,    0.4533654733996185792754829E+00,    0.4593002560598927752621989E+00,   -0.5934782660274195986715995E-02,     -1.29%
   -0.1083333333333333481363070E+01,    0.4542356925029877312560700E+00,    0.4600638977635781445840735E+00,   -0.5828205260590413328003478E-02,     -1.27%
   -0.1081666666666666554164067E+01,    0.4551077616967693084681912E+00,    0.4608289031888080367060923E+00,   -0.5721141492038728237901068E-02,     -1.24%
   -0.1080000000000000071054274E+01,    0.4559816764984815917749472E+00,    0.4615952732644016953678090E+00,   -0.5613596765920103592861778E-02,     -1.22%
   -0.1078333333333333143855270E+01,    0.4568574323764384437218666E+00,    0.4623630089043410107407794E+00,   -0.5505576527902567018912805E-02,     -1.19%
   -0.1076666666666666660745477E+01,    0.4577350247497942170582519E+00,    0.4631321110076210278982956E+00,   -0.5397086257826810840043663E-02,     -1.17%
   -0.1075000000000000177635684E+01,    0.4586144489885946584628584E+00,    0.4639025804581036749318912E+00,   -0.5288131469509016469032758E-02,     -1.14%
   -0.1073333333333333250436681E+01,    0.4594957004138249256897097E+00,    0.4646744181243676052872615E+00,   -0.5178717710542679597551796E-02,     -1.11%
   -0.1071666666666666767326888E+01,    0.4603787742974594365819030E+00,    0.4654476248595575960109727E+00,   -0.5068850562098159429069710E-02,     -1.09%
   -0.1069999999999999840127884E+01,    0.4612636658625153263102447E+00,    0.4662222015012355558205570E+00,   -0.4958535638720229510312265E-02,     -1.06%
   -0.1068333333333333357018091E+01,    0.4621503702831040727438960E+00,    0.4669981488712265371709975E+00,   -0.4847778588122464427101477E-02,     -1.04%
   -0.1066666666666666873908298E+01,    0.4630388826844853977782179E+00,    0.4677754677754677459233790E+00,   -0.4736585090982348145161041E-02,     -1.01%
   -0.1064999999999999946709295E+01,    0.4639291981431235556421200E+00,    0.4685541590038538872775575E+00,   -0.4624960860730331635437551E-02,     -0.99%
   -0.1063333333333333463599502E+01,    0.4648213116867417893374181E+00,    0.4693342233300826782382842E+00,   -0.4512911643340888900866048E-02,     -0.96%
   -0.1061666666666666536400498E+01,    0.4657152182943817275706522E+00,    0.4701156615115003045701769E+00,   -0.4400443217118576999524748E-02,     -0.94%
   -0.1060000000000000053290705E+01,    0.4666109128964595065269805E+00,    0.4708984742889432695278629E+00,   -0.4287561392483763000882391E-02,     -0.91%
   -0.1058333333333333126091702E+01,    0.4675083903748281088930128E+00,    0.4716826623865833512105894E+00,   -0.4174272011755242317576631E-02,     -0.88%
   -0.1056666666666666642981909E+01,    0.4684076455628358170990566E+00,    0.4724682265117671753351658E+00,   -0.4060580948931358236109190E-02,     -0.86%
   -0.1055000000000000159872116E+01,    0.4693086732453888854088575E+00,    0.4732551673548584525441640E+00,   -0.3946494109469567135306534E-02,     -0.83%
   -0.1053333333333333232673112E+01,    0.4702114681590158218327247E+00,    0.4740434855890781062903727E+00,   -0.3832017430062284457648047E-02,     -0.81%
   -0.1051666666666666749563319E+01,    0.4711160249919287279496416E+00,    0.4748331818703415141413871E+00,   -0.3717156878412786191745454E-02,     -0.78%
   -0.1049999999999999822364316E+01,    0.4720223383840915221121293E+00,    0.4756242568370988021975165E+00,   -0.3601918453007280085387265E-02,     -0.76%
   -0.1048333333333333339254523E+01,    0.4729304029272837217590109E+00,    0.4764167111101700324837793E+00,   -0.3486308182886310724768464E-02,     -0.73%
   -0.1046666666666666856144730E+01,    0.4738402131651701654213582E+00,    0.4772105452925829993660045E+00,   -0.3370332127412833944646309E-02,     -0.71%
   -0.1044999999999999928945726E+01,    0.4747517635933685142823890E+00,    0.4780057599694077508090118E+00,   -0.3253996376039236526622744E-02,     -0.68%
   -0.1043333333333333445835933E+01,    0.4756650486595179194715399E+00,    0.4788023557075900549229175E+00,   -0.3137307048072135451377562E-02,     -0.66%
   -0.1041666666666666518636930E+01,    0.4765800627633518526948819E+00,    0.4796003330557869204220367E+00,   -0.3020270292435067727154774E-02,     -0.63%
   -0.1040000000000000035527137E+01,    0.4774968002567689384640914E+00,    0.4803996925441967880132665E+00,   -0.2902892287427849549175107E-02,     -0.60%
   -0.1038333333333333552417344E+01,    0.4784152554439055626822608E+00,    0.4812004346843925528531827E+00,   -0.2785179240486990170921899E-02,     -0.58%
   -0.1036666666666666625218340E+01,    0.4793354225812115898541776E+00,    0.4820025599691518669587253E+00,   -0.2667137387940277104547704E-02,     -0.55%
   -0.1035000000000000142108547E+01,    0.4802572958775234157613454E+00,    0.4828060688722857207721972E+00,   -0.2548772994762305010851833E-02,     -0.53%
   -0.1033333333333333214909544E+01,    0.4811808694941421271629167E+00,    0.4836109618484685790384958E+00,   -0.2430092354326451875579096E-02,     -0.50%
   -0.1031666666666666731799751E+01,    0.4821061375449098296286365E+00,    0.4844172393330650749909694E+00,   -0.2311101788155245362332835E-02,     -0.48%
   -0.1029999999999999804600748E+01,    0.4830330940962887509293466E+00,    0.4852249017419575372045415E+00,   -0.2191807645668786275194861E-02,     -0.45%
   -0.1028333333333333321490954E+01,    0.4839617331674402334051877E+00,    0.4860339494713706298689715E+00,   -0.2072216303930396463783836E-02,     -0.43%
   -0.1026666666666666838381161E+01,    0.4848920487303066129136653E+00,    0.4868443828976976583966518E+00,   -0.1952334167391045482986556E-02,     -0.40%
   -0.1024999999999999911182158E+01,    0.4858240347096918765323892E+00,    0.4876562023773239329393903E+00,   -0.1832167667632056407001073E-02,     -0.38%
   -0.1023333333333333428072365E+01,    0.4867576849833440966186515E+00,    0.4884694082464490771933185E+00,   -0.1711723263104980574667024E-02,     -0.35%
   -0.1021666666666666500873362E+01,    0.4876929933820414175826841E+00,    0.4892840008209098368041623E+00,   -0.1591007438868419221478234E-02,     -0.33%
   -0.1020000000000000017763568E+01,    0.4886299536896749895475978E+00,    0.4900999803960007783487640E+00,   -0.1470026706325788801166254E-02,     -0.30%
   -0.1018333333333333534653775E+01,    0.4895685596433364539237232E+00,    0.4909173472462944332050938E+00,   -0.1348787602957979281370626E-02,     -0.27%
   -0.1016666666666666607454772E+01,    0.4905088049334044852933800E+00,    0.4917361016254609973330503E+00,   -0.1227296692056512039670224E-02,     -0.25%
   -0.1015000000000000124344979E+01,    0.4914506832036330541413349E+00,    0.4925562437660849779419436E+00,   -0.1105560562451923800608711E-02,     -0.22%
   -0.1013333333333333197145976E+01,    0.4923941880512411328751909E+00,    0.4933777738794842271374819E+00,   -0.9835858282430942622909242E-03,     -0.20%
   -0.1011666666666666714036182E+01,    0.4933393130270023463346263E+00,    0.4942006921555249787658681E+00,   -0.8613791285226324312418456E-03,     -0.17%
   -0.1009999999999999786837179E+01,    0.4942860516353383415477651E+00,    0.4950249987624376624140154E+00,   -0.7389471270993208662503093E-03,     -0.15%
   -0.1008333333333333303727386E+01,    0.4952343973344081051735088E+00,    0.4958506938466306079860146E+00,   -0.6162965122225028125058088E-03,     -0.12%
   -0.1006666666666666820617593E+01,    0.4961843435362048859715856E+00,    0.4966777775325046384580219E+00,   -0.4934339962997524864363186E-03,     -0.10%
   -0.1004999999999999893418590E+01,    0.4971358836066492870031652E+00,    0.4975062499222647205421310E+00,   -0.3703663156154335389658172E-03,     -0.07%
   -0.1003333333333333410308796E+01,    0.4980890108656844672552211E+00,    0.4983361110957302830826166E+00,   -0.2471002300458158273954723E-03,     -0.05%
   -0.1001666666666666483109793E+01,    0.4990437185873744518893602E+00,    0.4991673611101483665208889E+00,   -0.1236425227739146315286689E-03,     -0.02%
   -0.1000000000000000000000000E+01,    0.5000000000000001110223025E+00,    0.5000000000000000000000000E+00,    0.1110223024625156540423632E-15,      0.00%
   -0.9983333333333330728009969E+00,    0.5009578482861600789988188E+00,    0.5008340277768117410062132E+00,    0.1238205093483379926055932E-03,      0.02%
   -0.9966666666666670337804135E+00,    0.5019172565828681209509909E+00,    0.5016694444289606646947277E+00,    0.2478121539074562562632309E-03,      0.05%
   -0.9950000000000001065814104E+00,    0.5028782179816582154074922E+00,    0.5025062499214834055294432E+00,    0.3719680601748098780490182E-03,      0.07%
   -0.9933333333333331793824073E+00,    0.5038407255286815322747884E+00,    0.5033444441958794257629961E+00,    0.4962813328021065117923172E-03,      0.10%
   -0.9916666666666662521834041E+00,    0.5048047722248132362921069E+00,    0.5041840271699172815189627E+00,    0.6207450548959547731442399E-03,      0.12%
   -0.9900000000000002131628207E+00,    0.5057703510257539614158873E+00,    0.5050249987374374471826854E+00,    0.7453522883165142332018149E-03,      0.15%
   -0.9883333333333332859638176E+00,    0.5067374548421387236984970E+00,    0.5058673587681568051266368E+00,    0.8700960739819185718602057E-03,      0.17%
   -0.9866666666666663587648145E+00,    0.5077060765396383956726822E+00,    0.5067111071074679173875666E+00,    0.9949694321704782851156779E-03,      0.20%
   -0.9850000000000003197442311E+00,    0.5086762089390698404756108E+00,    0.5075562435762411839235142E+00,    0.1119965362828656552096618E-02,      0.22%
   -0.9833333333333333925452280E+00,    0.5096478448165040475714704E+00,    0.5084027679706255575808882E+00,    0.1245076845878489990582239E-02,      0.24%
   -0.9816666666666664653462249E+00,    0.5106209769033740464294624E+00,    0.5092506800618458173701697E+00,    0.1370296841528229059292698E-02,      0.27%
   -0.9800000000000004263256415E+00,    0.5115955978865852626924493E+00,    0.5100999795960006188977331E+00,    0.1495618290584643794716158E-02,      0.29%
   -0.9783333333333334991266383E+00,    0.5125717004086297601261890E+00,    0.5109506662938618770652965E+00,    0.1621034114767883060892473E-02,      0.32%
   -0.9766666666666665719276352E+00,    0.5135492770676940432750257E+00,    0.5118027398506673764089214E+00,    0.1746537217026666866104279E-02,      0.34%
   -0.9749999999999996447286321E+00,    0.5145283204177751867902657E+00,    0.5126561999359181553970188E+00,    0.1872120481857031393246871E-02,      0.37%
   -0.9733333333333336057080487E+00,    0.5155088229687941892009917E+00,    0.5135110461931713388139542E+00,    0.1997776775622850387037488E-02,      0.39%
   -0.9716666666666666785090456E+00,    0.5164907771867126573539508E+00,    0.5143672782398350795673991E+00,    0.2123498946877577786551683E-02,      0.41%
   -0.9699999999999997513100425E+00,    0.5174741754936472704073935E+00,    0.5152248956669587265366772E+00,    0.2249279826688543870716330E-02,      0.44%
   -0.9683333333333337122894591E+00,    0.5184590102679869083601716E+00,    0.5160838980390243246887394E+00,    0.2375112228962583671432185E-02,      0.46%
   -0.9666666666666667850904560E+00,    0.5194452738445148876067492E+00,    0.5169442848937392254171641E+00,    0.2500988950775662189585091E-02,      0.48%
   -0.9649999999999998578914528E+00,    0.5204329585145230918641346E+00,    0.5178060557418219245207069E+00,    0.2626902772701167343427642E-02,      0.51%
   -0.9633333333333329306924497E+00,    0.5214220565259347628384035E+00,    0.5186692100667933402746712E+00,    0.2752846459141422563732249E-02,      0.53%
   -0.9616666666666668916718663E+00,    0.5224125600834262916905004E+00,    0.5195337473247618742533405E+00,    0.2878812758664417437159955E-02,      0.55%
   -0.9599999999999999644728632E+00,    0.5234044613485492325466453E+00,    0.5203996669442131350891145E+00,    0.3004794404336097457530741E-02,      0.58%
   -0.9583333333333330372738601E+00,    0.5243977524398524270310418E+00,    0.5212669683257920016927756E+00,    0.3130784114060425338266214E-02,      0.60%
   -0.9566666666666669982532767E+00,    0.5253924254330065712892406E+00,    0.5221356508420886832766428E+00,    0.3256774590917888012597814E-02,      0.62%
   -0.9550000000000000710542736E+00,    0.5263884723609325577697859E+00,    0.5230057138374236691547026E+00,    0.3382758523508888615083379E-02,      0.65%
   -0.9533333333333331438552705E+00,    0.5273858852139216013554801E+00,    0.5238771566276282376506401E+00,    0.3508728586293363704839976E-02,      0.67%
   -0.9516666666666671048346871E+00,    0.5283846559397680220371285E+00,    0.5247499784998270744296178E+00,    0.3634677439940947607510680E-02,      0.69%
   -0.9500000000000001776356839E+00,    0.5293847764438953662491372E+00,    0.5256241787122206687854487E+00,    0.3760597731674697463688517E-02,      0.72%
   -0.9483333333333332504366808E+00,    0.5303862385894847486511594E+00,    0.5264997564938627139241589E+00,    0.3886482095622034727000482E-02,      0.74%
   -0.9466666666666663232376777E+00,    0.5313890341976050812888843E+00,    0.5273767110444405048497174E+00,    0.4012323153164576439166922E-02,      0.76%
   -0.9450000000000002842170943E+00,    0.5323931550473457452454795E+00,    0.5282550415340524496699004E+00,    0.4138113513293295575579123E-02,      0.78%
   -0.9433333333333333570180912E+00,    0.5333985928759474859361944E+00,    0.5291347471029872462366939E+00,    0.4263845772960239699500562E-02,      0.81%
   -0.9416666666666664298190881E+00,    0.5344053393789347516928956E+00,    0.5300158268614967305154551E+00,    0.4389512517438021177440532E-02,      0.83%
   -0.9400000000000003907985047E+00,    0.5354133862102499197277439E+00,    0.5308982798895729438015678E+00,    0.4515106320676975926176056E-02,      0.85%
   -0.9383333333333334635995016E+00,    0.5364227249823891874314086E+00,    0.5317821052367243117586781E+00,    0.4640619745664875672730432E-02,      0.87%
   -0.9366666666666665364004984E+00,    0.5374333472665381306043741E+00,    0.5326673019217452731410845E+00,    0.4766045344792857463289693E-02,      0.89%
   -0.9349999999999996092014953E+00,    0.5384452445927060404429199E+00,    0.5335538689324923478096707E+00,    0.4891375660213692633249138E-02,      0.92%
   -0.9333333333333335701809119E+00,    0.5394584084498663667517349E+00,    0.5344418052256530993204819E+00,    0.5016603224213267431252916E-02,      0.94%
   -0.9316666666666666429819088E+00,    0.5404728302860951627550889E+00,    0.5353311097265202045392130E+00,    0.5141720559574958215875995E-02,      0.96%
   -0.9299999999999997157829057E+00,    0.5414885015087088637741886E+00,    0.5362217813287577516945248E+00,    0.5266720179951112079663744E-02,      0.98%
   -0.9283333333333336767623223E+00,    0.5425054134844051745290017E+00,    0.5371138188941719793234597E+00,    0.5391594590233195205541961E-02,      1.00%
   -0.9266666666666667495633192E+00,    0.5435235575394069540422493E+00,    0.5380072212524806829492263E+00,    0.5516336286926271093022933E-02,      1.03%
   -0.9249999999999998223643161E+00,    0.5445429249596009935174834E+00,    0.5389019872010779588222817E+00,    0.5640937758523034695201659E-02,      1.05%
   -0.9233333333333328951653129E+00,    0.5455635069906825673768935E+00,    0.5397981155048013901520676E+00,    0.5765391485881177224825933E-02,      1.07%
   -0.9216666666666668561447295E+00,    0.5465852948382998732768101E+00,    0.5406956048956982341380240E+00,    0.5889689942601639138786140E-02,      1.09%
   -0.9199999999999999289457264E+00,    0.5476082796681998043908379E+00,    0.5415944540727903877552762E+00,    0.6013825595409416635561684E-02,      1.11%
   -0.9183333333333330017467233E+00,    0.5486324526063729445368722E+00,    0.5424946617018361338935506E+00,    0.6137790904536810643321587E-02,      1.13%
   -0.9166666666666669627261399E+00,    0.5496578047391983412595096E+00,    0.5433962264150942189644411E+00,    0.6261578324104122295068464E-02,      1.15%
   -0.9150000000000000355271368E+00,    0.5506843271135969386520514E+00,    0.5442991468110873753971646E+00,    0.6385180302509563254886871E-02,      1.17%
   -0.9133333333333331083281337E+00,    0.5517120107371736859036560E+00,    0.5452034214543606260860997E+00,    0.6508589282813059817556223E-02,      1.19%
   -0.9116666666666670693075503E+00,    0.5527408465783707480767362E+00,    0.5461090488752426974627951E+00,    0.6631797703128050613941014E-02,      1.21%
   -0.9100000000000001421085472E+00,    0.5537708255666181633714018E+00,    0.5470160275696076546125823E+00,    0.6754797997010508758819469E-02,      1.23%
   -0.9083333333333332149095440E+00,    0.5548019385924835011891787E+00,    0.5479243559986303191422508E+00,    0.6877582593853182046927941E-02,      1.26%
   -0.9066666666666662877105409E+00,    0.5558341765078246288211972E+00,    0.5488340325885453507837042E+00,    0.7000143919279278037492986E-02,      1.28%
   -0.9050000000000002486899575E+00,    0.5568675301259422560917756E+00,    0.5497450557304048857076850E+00,    0.7122474395537370384090536E-02,      1.30%
   -0.9033333333333333214909544E+00,    0.5579019902217365878271949E+00,    0.5506574237798349535921716E+00,    0.7244566441901634235023266E-02,      1.32%
   -0.9016666666666663942919513E+00,    0.5589375475318582031647452E+00,    0.5515711350567890081109113E+00,    0.7366412475069195053833937E-02,      1.34%
   -0.9000000000000003552713679E+00,    0.5599741927548649300661054E+00,    0.5524861878453036778680030E+00,    0.7488004909561252198102466E-02,      1.36%
   -0.8983333333333334280723648E+00,    0.5610119165513820504997966E+00,    0.5534025803932539622209674E+00,    0.7609336158128088278829182E-02,      1.38%
   -0.8966666666666665008733617E+00,    0.5620507095442537348617407E+00,    0.5543203109121033200779038E+00,    0.7730398632150414783836823E-02,      1.39%
   -0.8949999999999995736743585E+00,    0.5630905623187052455591584E+00,    0.5552393775766579775421405E+00,    0.7851184742047268017017814E-02,      1.41%
   -0.8933333333333335346537751E+00,    0.5641314654225006997023684E+00,    0.5561597785248170167093917E+00,    0.7971686897683682992976628E-02,      1.43%
   -0.8916666666666666074547720E+00,    0.5651734093661044955325679E+00,    0.5570815118573252400224760E+00,    0.8091897508779255510091843E-02,      1.45%
   -0.8899999999999996802557689E+00,    0.5662163846228396302251440E+00,    0.5580045756375203724886092E+00,    0.8211808985319257736534837E-02,      1.47%
   -0.8883333333333336412351855E+00,    0.5672603816290512357412013E+00,    0.5589289678910831504765611E+00,    0.8331413737968085264640195E-02,      1.49%
   -0.8866666666666667140361824E+00,    0.5683053907842690044560641E+00,    0.5598546866057876325584175E+00,    0.8450704178481371897646568E-02,      1.51%
   -0.8849999999999997868371793E+00,    0.5693514024513688376316622E+00,    0.5607817297312455151470090E+00,    0.8569672720123322484653272E-02,      1.53%
   -0.8833333333333337478165959E+00,    0.5703984069567389347810149E+00,    0.5617100951786547780031356E+00,    0.8688311778084156777879343E-02,      1.55%
   -0.8816666666666668206175927E+00,    0.5714463945904449948542947E+00,    0.5626397808205475525866746E+00,    0.8806613769897442267620136E-02,      1.57%
   -0.8799999999999998934185896E+00,    0.5724953556063930859565403E+00,    0.5635707844905319952033551E+00,    0.8924571115861090753185181E-02,      1.58%
   -0.8783333333333329662195865E+00,    0.5735452802224990653812142E+00,    0.5645031039830400443335634E+00,    0.9042176239459021047650822E-02,      1.60%
   -0.8766666666666669271990031E+00,    0.5745961586208544469300818E+00,    0.5654367370530691827568148E+00,    0.9159421567785264173267024E-02,      1.62%
   -0.8750000000000000000000000E+00,    0.5756479809478977083259110E+00,    0.5663716814159291956798370E+00,    0.9276299531968512646074032E-02,      1.64%
   -0.8733333333333330728009969E+00,    0.5767007373145789372870240E+00,    0.5673079347469808242365730E+00,    0.9392802567598113050451047E-02,      1.66%
   -0.8716666666666670337804135E+00,    0.5777544177965309168953922E+00,    0.5682454946813798590810052E+00,    0.9508923115151057814387059E-02,      1.67%
   -0.8700000000000001065814104E+00,    0.5788090124342434306115024E+00,    0.5691843588138196796677448E+00,    0.9624653620423750943757568E-02,      1.69%
   -0.8683333333333331793824073E+00,    0.5798645112332296847057478E+00,    0.5701245246982695746851277E+00,    0.9739986534960110020620050E-02,      1.71%
   -0.8666666666666662521834041E+00,    0.5809209041642008353178994E+00,    0.5710659898477159490681743E+00,    0.9854914316484886249725150E-02,      1.73%
   -0.8650000000000002131628207E+00,    0.5819781811632395163158549E+00,    0.5720087517339014215878024E+00,    0.9969429429338094728052511E-02,      1.74%
   -0.8633333333333332859638176E+00,    0.5830363321319738112435971E+00,    0.5729528077870652547076702E+00,    0.1008352434490855653592689E-01,      1.76%
   -0.8616666666666663587648145E+00,    0.5840953469377503370907334E+00,    0.5738981553956790104820129E+00,    0.1019719154207132660872048E-01,      1.78%
   -0.8600000000000003197442311E+00,    0.5851552154138087713519667E+00,    0.5748447919061850930333435E+00,    0.1031042350762367831862321E-01,      1.79%
   -0.8583333333333333925452280E+00,    0.5862159273594630404247141E+00,    0.5757927146227357351193632E+00,    0.1042321273672730530535091E-01,      1.81%
   -0.8566666666666664653462249E+00,    0.5872774725402720719102945E+00,    0.5767419208069261005178419E+00,    0.1053555173334597139245261E-01,      1.83%
   -0.8550000000000004263256415E+00,    0.5883398406882212050561520E+00,    0.5776924076775318273035964E+00,    0.1064743301068937775255563E-01,      1.84%
   -0.8533333333333334991266383E+00,    0.5894030215019000484844014E+00,    0.5786441724102457939693522E+00,    0.1075884909165425451504916E-01,      1.86%
   -0.8516666666666665719276352E+00,    0.5904670046466802268980700E+00,    0.5795972121374096674983889E+00,    0.1086979250927055939968113E-01,      1.88%
   -0.8499999999999996447286321E+00,    0.5915317797548975686794392E+00,    0.5805515239477506694854014E+00,    0.1098025580714689919403781E-01,      1.89%
   -0.8483333333333336057080487E+00,    0.5925973364260300746408916E+00,    0.5815071048861132352314485E+00,    0.1109023153991683940944313E-01,      1.91%
   -0.8466666666666666785090456E+00,    0.5936636642268824370916036E+00,    0.5824639519531957798648136E+00,    0.1119971227368665722678998E-01,      1.92%
   -0.8449999999999997513100425E+00,    0.5947307526917658959675350E+00,    0.5834220621052786936999723E+00,    0.1130869058648720226756268E-01,      1.94%
   -0.8433333333333337122894591E+00,    0.5957985913226817586973993E+00,    0.5843814322539588879124040E+00,    0.1141715906872287078499539E-01,      1.95%
   -0.8416666666666667850904560E+00,    0.5968671695895060302916590E+00,    0.5853420592658834520349842E+00,    0.1152511032362257825667484E-01,      1.97%
   -0.8399999999999998578914528E+00,    0.5979364769301726001415886E+00,    0.5863039399624766501162298E+00,    0.1163253696769595002535880E-01,      1.98%
   -0.8383333333333329306924497E+00,    0.5990065027508580941528749E+00,    0.5872670711196739112835985E+00,    0.1173943163118418286927636E-01,      2.00%
   -0.8366666666666668916718663E+00,    0.6000772364261690583475684E+00,    0.5882314494676504912362702E+00,    0.1184578695851856711129813E-01,      2.01%
   -0.8349999999999999644728632E+00,    0.6011486672993278101984060E+00,    0.5891970716905536864516080E+00,    0.1195159560877412374679807E-01,      2.03%
   -0.8333333333333330372738601E+00,    0.6022207846823591781415530E+00,    0.5901639344262297193210998E+00,    0.1205685025612945882045324E-01,      2.04%
   -0.8316666666666669982532767E+00,    0.6032935778562787954015789E+00,    0.5911320342659533988438625E+00,    0.1216154359032539655771643E-01,      2.06%
   -0.8300000000000000710542736E+00,    0.6043670360712830591509714E+00,    0.5921013677541594466546826E+00,    0.1226566831712361249628884E-01,      2.07%
   -0.8283333333333331438552705E+00,    0.6054411485469364251343904E+00,    0.5930719313881672727362115E+00,    0.1236921715876915239817890E-01,      2.09%
   -0.8266666666666671048346871E+00,    0.6065159044723614778504839E+00,    0.5940437216179108581570745E+00,    0.1247218285445061969340941E-01,      2.10%
   -0.8250000000000001776356839E+00,    0.6075912930064329975365922E+00,    0.5950167348456674165646518E+00,    0.1257455816076558097194038E-01,      2.11%
   -0.8233333333333332504366808E+00,    0.6086673032779646996814904E+00,    0.5959909674257826139864846E+00,    0.1267633585218208569500575E-01,      2.13%
   -0.8216666666666663232376777E+00,    0.6097439243859043012108145E+00,    0.5969664156643990082784512E+00,    0.1277750872150529293236332E-01,      2.14%
   -0.8200000000000002842170943E+00,    0.6108211453995253670257171E+00,    0.5979430758191818240376847E+00,    0.1287806958034354298803237E-01,      2.15%
   -0.8183333333333333570180912E+00,    0.6118989553586220431213860E+00,    0.5989209440990481692068670E+00,    0.1297801125957387391451903E-01,      2.17%
   -0.8166666666666664298190881E+00,    0.6129773432737012361926077E+00,    0.5999000166638895903403750E+00,    0.1307732660981164585223269E-01,      2.18%
   -0.8150000000000003907985047E+00,    0.6140562981261777908414956E+00,    0.6008802896242994018294326E+00,    0.1317600850187838901206305E-01,      2.19%
   -0.8133333333333334635995016E+00,    0.6151358088685719982535716E+00,    0.6018617590413010143279848E+00,    0.1327404982727098392558673E-01,      2.21%
   -0.8116666666666665364004984E+00,    0.6162158644247032190932600E+00,    0.6028444209260696018404246E+00,    0.1337144349863361725283539E-01,      2.22%
   -0.8099999999999996092014953E+00,    0.6172964536898873921799691E+00,    0.6038282712396596529913495E+00,    0.1346818245022773918861958E-01,      2.23%
   -0.8083333333333335701809119E+00,    0.6183775655311345431641712E+00,    0.6048133058927295246931521E+00,    0.1356425963840501847101905E-01,      2.24%
   -0.8066666666666666429819088E+00,    0.6194591887873489577387431E+00,    0.6057995207452681052373578E+00,    0.1365966804208085250138538E-01,      2.25%
   -0.8049999999999997157829057E+00,    0.6205413122695230265790656E+00,    0.6067869116063168144492579E+00,    0.1375440066320621212980768E-01,      2.27%
   -0.8033333333333336767623223E+00,    0.6216239247609411933126466E+00,    0.6077754742336962667792477E+00,    0.1384845052724492653339894E-01,      2.28%
   -0.8016666666666667495633192E+00,    0.6227070150173775742175053E+00,    0.6087652043337318241711387E+00,    0.1394181068364575004636663E-01,      2.29%
   -0.7999999999999998223643161E+00,    0.6237905717672981298349555E+00,    0.6097560975609757072390948E+00,    0.1403447420632242259586064E-01,      2.30%
   -0.7983333333333328951653129E+00,    0.6248745837120591728464092E+00,    0.6107481495179333252920628E+00,    0.1412643419412584755434636E-01,      2.31%
   -0.7966666666666668561447295E+00,    0.6259590395261112050206975E+00,    0.6117413557547867197783376E+00,    0.1421768377132448524235997E-01,      2.32%
   -0.7949999999999999289457264E+00,    0.6270439278572027541613920E+00,    0.6127357117691212273768997E+00,    0.1430821608808152678449233E-01,      2.34%
   -0.7933333333333330017467233E+00,    0.6281292373265798811843297E+00,    0.6137312130056465919736297E+00,    0.1439802432093328921069997E-01,      2.35%
   -0.7916666666666669627261399E+00,    0.6292149565291915713771687E+00,    0.6147278548559229616188304E+00,    0.1448710167326860975833824E-01,      2.36%
   -0.7900000000000000355271368E+00,    0.6303010740338963469042710E+00,    0.6157256326580875516185642E+00,    0.1457544137580879528570676E-01,      2.37%
   -0.7883333333333331083281337E+00,    0.6313875783836616628619254E+00,    0.6167245416965750903770527E+00,    0.1466303668708657248487270E-01,      2.38%
   -0.7866666666666670693075503E+00,    0.6324744580957740724969085E+00,    0.6177245772018447045326184E+00,    0.1474988089392936796429012E-01,      2.39%
   -0.7850000000000001421085472E+00,    0.6335617016620445074437384E+00,    0.6187257343501059159152078E+00,    0.1483596731193859152853065E-01,      2.40%
   -0.7833333333333332149095440E+00,    0.6346492975490130028504154E+00,    0.6197280082630401976118151E+00,    0.1492128928597280523860036E-01,      2.41%
   -0.7816666666666662877105409E+00,    0.6357372341981560870394219E+00,    0.6207313940075283031916342E+00,    0.1500584019062778384778767E-01,      2.42%
   -0.7800000000000002486899575E+00,    0.6368255000260960585478642E+00,    0.6217358865953740432175323E+00,    0.1508961343072201533033194E-01,      2.43%
   -0.7783333333333333214909544E+00,    0.6379140834248099301007073E+00,    0.6227414809830319475381089E+00,    0.1517260244177798256259848E-01,      2.44%
   -0.7766666666666663942919513E+00,    0.6390029727618349308926327E+00,    0.6237481720713292654423299E+00,    0.1525480069050566545030279E-01,      2.45%
   -0.7750000000000003552713679E+00,    0.6400921563804807812303466E+00,    0.6247559547051930728400748E+00,    0.1533620167528770839027175E-01,      2.45%
   -0.7733333333333334280723648E+00,    0.6411816226000393026396296E+00,    0.6257648236733784896657085E+00,    0.1541679892666081297392111E-01,      2.46%
   -0.7716666666666665008733617E+00,    0.6422713597159940279723855E+00,    0.6267747737081912351442270E+00,    0.1549658600780279282815854E-01,      2.47%
   -0.7699999999999995736743585E+00,    0.6433613560002318099151353E+00,    0.6277857994852159562171323E+00,    0.1557555651501585369800296E-01,      2.48%
   -0.7683333333333335346537751E+00,    0.6444515997012536523413928E+00,    0.6287978956230425575668619E+00,    0.1565370407821109477453092E-01,      2.49%
   -0.7666666666666666074547720E+00,    0.6455420790443900935784427E+00,    0.6298110566829950851541753E+00,    0.1573102236139500842426742E-01,      2.50%
   -0.7649999999999996802557689E+00,    0.6466327822320088181129449E+00,    0.6308252771688563909080472E+00,    0.1580750506315242720489778E-01,      2.51%
   -0.7633333333333336412351855E+00,    0.6477236974437308170138294E+00,    0.6318405515265967942184488E+00,    0.1588314591713402279538059E-01,      2.51%
   -0.7616666666666667140361824E+00,    0.6488148128366465483551906E+00,    0.6328568741441049638751792E+00,    0.1595793869254158448001135E-01,      2.52%
   -0.7599999999999997868371793E+00,    0.6499061165455236599441946E+00,    0.6338742393509129158246651E+00,    0.1603187719461074411952950E-01,      2.53%
   -0.7583333333333337478165959E+00,    0.6509975966830278126806775E+00,    0.6348926414179266730641871E+00,    0.1610495526510113961649040E-01,      2.54%
   -0.7566666666666668206175927E+00,    0.6520892413399361764447804E+00,    0.6359120745571578137145252E+00,    0.1617716678277836273025514E-01,      2.54%
   -0.7549999999999998934185896E+00,    0.6531810385853511480291900E+00,    0.6369325329214503561559013E+00,    0.1624850566390079187328865E-01,      2.55%
   -0.7533333333333329662195865E+00,    0.6542729764669192871195946E+00,    0.6379540106042135283459515E+00,    0.1631896586270575877364308E-01,      2.56%
   -0.7516666666666669271990031E+00,    0.6553650430110462554722517E+00,    0.6389765016391520946470450E+00,    0.1638854137189416082520665E-01,      2.56%
   -0.7500000000000000000000000E+00,    0.6564572262231159749390486E+00,    0.6400000000000000133226763E+00,    0.1645722622311596161637226E-01,      2.57%
   -0.7483333333333330728009969E+00,    0.6575495140877064548234898E+00,    0.6410244996002500972309690E+00,    0.1652501448745635759252082E-01,      2.58%
   -0.7466666666666670337804135E+00,    0.6586418945688089499057583E+00,    0.6420499942928886705217906E+00,    0.1659190027592027938396768E-01,      2.58%
   -0.7450000000000001065814104E+00,    0.6597343556100474515346832E+00,    0.6430764778701306694230766E+00,    0.1665787773991678211160661E-01,      2.59%
   -0.7433333333333331793824073E+00,    0.6608268851348962913405671E+00,    0.6441039440631509682688716E+00,    0.1672294107174532307169557E-01,      2.60%
   -0.7416666666666662521834041E+00,    0.6619194710469004094832712E+00,    0.6451323865418218117540050E+00,    0.1678708450507859772926622E-01,      2.60%
   -0.7400000000000002131628207E+00,    0.6630121012298946236995789E+00,    0.6461617989144480267427184E+00,    0.1685030231544659695686050E-01,      2.61%
   -0.7383333333333332859638176E+00,    0.6641047635482280053764725E+00,    0.6471921747275051206571561E+00,    0.1691258882072288471931643E-01,      2.61%
   -0.7366666666666663587648145E+00,    0.6651974458469798179294230E+00,    0.6482235074653742712413873E+00,    0.1697393838160554668803570E-01,      2.62%
   -0.7350000000000003197442311E+00,    0.6662901359521820054965247E+00,    0.6492557905500817572175265E+00,    0.1703434540210024827899815E-01,      2.62%
   -0.7333333333333333925452280E+00,    0.6673828216710463445693335E+00,    0.6502890173410403873432983E+00,    0.1709380433000595722603521E-01,      2.63%
   -0.7316666666666664653462249E+00,    0.6684754907921787170366201E+00,    0.6513231811347860444882940E+00,    0.1715230965739267254832612E-01,      2.63%
   -0.7300000000000004263256415E+00,    0.6695681310858075940828371E+00,    0.6523582751647202249145607E+00,    0.1720985592108736916827638E-01,      2.64%
   -0.7283333333333334991266383E+00,    0.6706607303040060807930445E+00,    0.6533942926008540208471231E+00,    0.1726643770315205994592134E-01,      2.64%
   -0.7266666666666665719276352E+00,    0.6717532761809138497355320E+00,    0.6544312265495477731747087E+00,    0.1732204963136607656082333E-01,      2.65%
   -0.7249999999999996447286321E+00,    0.6728457564329631823696332E+00,    0.6554690700532571634440160E+00,    0.1737668637970601892561717E-01,      2.65%
   -0.7233333333333336057080487E+00,    0.6739381587591013467175571E+00,    0.6565078160902769743856311E+00,    0.1743034266882437233192604E-01,      2.66%
   -0.7216666666666666785090456E+00,    0.6750304708410191922851595E+00,    0.6575474575744899574658575E+00,    0.1748301326652923481930202E-01,      2.66%
   -0.7199999999999997513100425E+00,    0.6761226803433715293323303E+00,    0.6585879873551107044349351E+00,    0.1753469298826082489739520E-01,      2.66%
   -0.7183333333333337122894591E+00,    0.6772147749140057237937640E+00,    0.6596293982164350699903821E+00,    0.1758537669757065380338190E-01,      2.67%
   -0.7166666666666667850904560E+00,    0.6783067421841894040213106E+00,    0.6606716828775921479532940E+00,    0.1763505930659725606801658E-01,      2.67%
   -0.7149999999999998578914528E+00,    0.6793985697688317282327830E+00,    0.6617148339922911404187289E+00,    0.1768373577654058781405411E-01,      2.67%
   -0.7133333333333329306924497E+00,    0.6804902452667154211241041E+00,    0.6627588441485761094895679E+00,    0.1773140111813931163453617E-01,      2.68%
   -0.7116666666666668916718663E+00,    0.6815817562607203727864658E+00,    0.6638037058685777314082088E+00,    0.1777805039214264137825694E-01,      2.68%
   -0.7099999999999999644728632E+00,    0.6826730903180552312292662E+00,    0.6648494116082707128256857E+00,    0.1782367870978451840358048E-01,      2.68%
   -0.7083333333333330372738601E+00,    0.6837642349904806682303615E+00,    0.6658959537572256559556649E+00,    0.1786828123325501227469658E-01,      2.68%
   -0.7066666666666669982532767E+00,    0.6848551778145394175467686E+00,    0.6669433246383683622227068E+00,    0.1791185317617105532406185E-01,      2.69%
   -0.7050000000000000710542736E+00,    0.6859459063117889776606262E+00,    0.6679915165077403571558534E+00,    0.1795438980404862050477277E-01,      2.69%
   -0.7033333333333331438552705E+00,    0.6870364079890239894510273E+00,    0.6690405215542555295016314E+00,    0.1799588643476845994939595E-01,      2.69%
   -0.7016666666666671048346871E+00,    0.6881266703385098271184006E+00,    0.6700903318994638757644111E+00,    0.1803633843904595135398949E-01,      2.69%
   -0.7000000000000001776356839E+00,    0.6892166808382124143506076E+00,    0.6711409395973153557690694E+00,    0.1807574124089705858153820E-01,      2.69%
   -0.6983333333333332504366808E+00,    0.6903064269520259310652932E+00,    0.6721923366339223049337193E+00,    0.1811409031810362613157395E-01,      2.69%
   -0.6966666666666663232376777E+00,    0.6913958961300055161558475E+00,    0.6732445149273272866352613E+00,    0.1815138120267822952058623E-01,      2.70%
   -0.6950000000000002842170943E+00,    0.6924850758085964175236882E+00,    0.6742974663272700563965145E+00,    0.1818760948132636112717364E-01,      2.70%
   -0.6933333333333333570180912E+00,    0.6935739534108675830026414E+00,    0.6753511826149597441215633E+00,    0.1822277079590783888107808E-01,      2.70%
   -0.6916666666666664298190881E+00,    0.6946625163467395891458978E+00,    0.6764056555028419293051911E+00,    0.1825686084389765984070664E-01,      2.70%
   -0.6900000000000003907985047E+00,    0.6957507520132183431726958E+00,    0.6774608766343740429149989E+00,    0.1828987537884430025769689E-01,      2.70%
   -0.6883333333333334635995016E+00,    0.6968386477946282298034930E+00,    0.6785168375838014354073380E+00,    0.1832181021082679439615504E-01,      2.70%
   -0.6866666666666665364004984E+00,    0.6979261910628423715152735E+00,    0.6795735298559304471410769E+00,    0.1835266120691192437419659E-01,      2.70%
   -0.6849999999999996092014953E+00,    0.6990133691775155533321140E+00,    0.6806309448859095834194477E+00,    0.1838242429160596991266630E-01,      2.70%
   -0.6833333333333335701809119E+00,    0.7001001694863182578387750E+00,    0.6816890740390075809074233E+00,    0.1841109544731067693135174E-01,      2.70%
   -0.6816666666666666429819088E+00,    0.7011865793251703671273845E+00,    0.6827479086103994676548723E+00,    0.1843867071477089947251216E-01,      2.70%
   -0.6799999999999997157829057E+00,    0.7022725860184725332757694E+00,    0.6838074398249454066700537E+00,    0.1846514619352712660571569E-01,      2.70%
   -0.6783333333333336767623223E+00,    0.7033581768793404354056520E+00,    0.6848676588369804196787527E+00,    0.1849051804236001572689929E-01,      2.70%
   -0.6766666666666667495633192E+00,    0.7044433392098425894545244E+00,    0.6859285567301023345265776E+00,    0.1851478247974025492794681E-01,      2.70%
   -0.6749999999999998223643161E+00,    0.7055280603012296092302336E+00,    0.6869901245169601766704659E+00,    0.1853793578426943255976767E-01,      2.70%
   -0.6733333333333328951653129E+00,    0.7066123274341709059598315E+00,    0.6880523531390480007630117E+00,    0.1855997429512290519681983E-01,      2.70%
   -0.6716666666666668561447295E+00,    0.7076961278789899445484934E+00,    0.6891152334664982781475828E+00,    0.1858089441249166640091062E-01,      2.70%
   -0.6699999999999999289457264E+00,    0.7087794488959013872175774E+00,    0.6901787562978811685354685E+00,    0.1860069259802021868210886E-01,      2.70%
   -0.6683333333333330017467233E+00,    0.7098622777352413537599318E+00,    0.6912429123599995728355339E+00,    0.1861936537524178092439797E-01,      2.69%
   -0.6666666666666669627261399E+00,    0.7109446016377073407355169E+00,    0.6923076923076920685673485E+00,    0.1863690933001527216816839E-01,      2.69%
   -0.6650000000000000355271368E+00,    0.7120264078345940328418351E+00,    0.6933730867236387318541802E+00,    0.1865332111095530098765494E-01,      2.69%
   -0.6633333333333331083281337E+00,    0.7131076835480262277044972E+00,    0.6944390861181628515907960E+00,    0.1866859742986337611370118E-01,      2.69%
   -0.6616666666666670693075503E+00,    0.7141884159911980889390293E+00,    0.6955056809290408592616473E+00,    0.1868273506215722967738202E-01,      2.69%
   -0.6600000000000001421085472E+00,    0.7152685923686110669450500E+00,    0.6965728615213150343166149E+00,    0.1869573084729603262843511E-01,      2.68%
   -0.6583333333333332149095440E+00,    0.7163481998763058244961144E+00,    0.6976406181871034339891935E+00,    0.1870758168920239050692089E-01,      2.68%
   -0.6566666666666662877105409E+00,    0.7174272257021030441137555E+00,    0.6987089411454171505866384E+00,    0.1871828455668589352711706E-01,      2.68%
   -0.6550000000000002486899575E+00,    0.7185056570258404606832414E+00,    0.6997778205419777908247170E+00,    0.1872783648386266985852444E-01,      2.68%
   -0.6533333333333333214909544E+00,    0.7195834810196100050916357E+00,    0.7008472464490406172998860E+00,    0.1873623457056938779174970E-01,      2.67%
   -0.6516666666666663942919513E+00,    0.7206606848479941707097396E+00,    0.7019172088652144703146973E+00,    0.1874347598277970039504225E-01,      2.67%
   -0.6500000000000003552713679E+00,    0.7217372556683050444092942E+00,    0.7029876977152896833089812E+00,    0.1874955795301536110031293E-01,      2.67%
   -0.6483333333333334280723648E+00,    0.7228131806308237816693918E+00,    0.7040587028500686628262883E+00,    0.1875447778075511884310345E-01,      2.66%
   -0.6466666666666665008733617E+00,    0.7238884468790356407907893E+00,    0.7051302140461940259896778E+00,    0.1875823283284161480111152E-01,      2.66%
   -0.6449999999999995736743585E+00,    0.7249630415498715674260666E+00,    0.7062022210059853977170974E+00,    0.1876082054388616970896919E-01,      2.66%
   -0.6433333333333335346537751E+00,    0.7260369517739443390169640E+00,    0.7072747133572757638475537E+00,    0.1876223841666857516941036E-01,      2.65%
   -0.6416666666666666074547720E+00,    0.7271101646757902603468438E+00,    0.7083476806532540415162202E+00,    0.1876248402253621883062351E-01,      2.65%
   -0.6399999999999996802557689E+00,    0.7281826673741046418442124E+00,    0.7094211123723044298827745E+00,    0.1876155500180021196143798E-01,      2.64%
   -0.6383333333333336412351855E+00,    0.7292544469819834951351822E+00,    0.7104949979178547536662336E+00,    0.1875944906412874146894865E-01,      2.64%
   -0.6366666666666667140361824E+00,    0.7303254906071633412167898E+00,    0.7115693266182272491704452E+00,    0.1875616398893609204634458E-01,      2.64%
   -0.6349999999999997868371793E+00,    0.7313957853522574659166366E+00,    0.7126440877264873519081334E+00,    0.1875169762577011400850324E-01,      2.63%
   -0.6333333333333337478165959E+00,    0.7324653183149986146460719E+00,    0.7137192704203010329422341E+00,    0.1874604789469758170383784E-01,      2.63%
   -0.6316666666666668206175927E+00,    0.7335340765884779123950921E+00,    0.7147948638017952438517000E+00,    0.1873921278668266854339208E-01,      2.62%
   -0.6299999999999998934185896E+00,    0.7346020472613843388387522E+00,    0.7158708568974158081843484E+00,    0.1873119036396853065440382E-01,      2.62%
   -0.6283333333333329662195865E+00,    0.7356692174182447585550904E+00,    0.7169472386577953049169309E+00,    0.1872197876044945363815941E-01,      2.61%
   -0.6266666666666669271990031E+00,    0.7367355741396640622653536E+00,    0.7180239979576203968036907E+00,    0.1871157618204366546166284E-01,      2.61%
   -0.6250000000000000000000000E+00,    0.7378011045025674174979713E+00,    0.7191011235955055980184625E+00,    0.1869998090706181947950881E-01,      2.60%
   -0.6233333333333330728009969E+00,    0.7388657955804369681374055E+00,    0.7201786042938650433953285E+00,    0.1868719128657192474207704E-01,      2.59%
   -0.6216666666666670337804135E+00,    0.7399296344435554173557534E+00,    0.7212564286987930284311688E+00,    0.1867320574476238892458468E-01,      2.59%
   -0.6200000000000001065814104E+00,    0.7409926081592459468083689E+00,    0.7223345853799479909795878E+00,    0.1865802277929795582878114E-01,      2.58%
   -0.6183333333333331793824073E+00,    0.7420547037921125799186939E+00,    0.7234130628304340504541869E+00,    0.1864164096167852946450694E-01,      2.58%
   -0.6166666666666662521834041E+00,    0.7431159084042802120961824E+00,    0.7244918494666937602843859E+00,    0.1862405893758645181179645E-01,      2.57%
   -0.6150000000000002131628207E+00,    0.7441762090556377495786933E+00,    0.7255709336283987509474969E+00,    0.1860527542723899863119641E-01,      2.56%
   -0.6133333333333332859638176E+00,    0.7452355928040776955612046E+00,    0.7266503035783490327403911E+00,    0.1858528922572866282081350E-01,      2.56%
   -0.6116666666666663587648145E+00,    0.7462940467057372906367618E+00,    0.7277299475023703001497211E+00,    0.1856409920336699048704077E-01,      2.55%
   -0.6100000000000003197442311E+00,    0.7473515578152390981259146E+00,    0.7288098535092192298279201E+00,    0.1854170430601986829799444E-01,      2.54%
   -0.6083333333333333925452280E+00,    0.7484081131859351421198312E+00,    0.7298900096304931084389978E+00,    0.1851810355544203368083345E-01,      2.54%
   -0.6066666666666664653462249E+00,    0.7494636998701452723636862E+00,    0.7309704038205387943705205E+00,    0.1849329604960647799316575E-01,      2.53%
   -0.6050000000000004263256415E+00,    0.7505183049193979716307012E+00,    0.7320510239563694510067648E+00,    0.1846728096302852062393640E-01,      2.52%
   -0.6033333333333334991266383E+00,    0.7515719153846763811444021E+00,    0.7331318578375867200946914E+00,    0.1844005754708966104971068E-01,      2.52%
   -0.6016666666666665719276352E+00,    0.7526245183166550001274686E+00,    0.7342128931863004526192640E+00,    0.1841162513035454750820463E-01,      2.51%
   -0.5999999999999996447286321E+00,    0.7536761007659438238448502E+00,    0.7352941176470589867975036E+00,    0.1838198311888483704734654E-01,      2.50%
   -0.5983333333333336057080487E+00,    0.7547266497833280407547818E+00,    0.7363755187867802032286590E+00,    0.1835113099654783752612275E-01,      2.49%
   -0.5966666666666666785090456E+00,    0.7557761524200141689533439E+00,    0.7374570840946895744494327E+00,    0.1831906832532459450391116E-01,      2.48%
   -0.5949999999999997513100425E+00,    0.7568245957278650903887751E+00,    0.7385388009822568822215771E+00,    0.1828579474560820816719797E-01,      2.48%
   -0.5933333333333337122894591E+00,    0.7578719667596466313952419E+00,    0.7396206567831430378490154E+00,    0.1825130997650359354622651E-01,      2.47%
   -0.5916666666666667850904560E+00,    0.7589182525692692582452992E+00,    0.7407026387531504552086403E+00,    0.1821561381611880303665885E-01,      2.46%
   -0.5899999999999998578914528E+00,    0.7599634402120273302116971E+00,    0.7417847340701728686696015E+00,    0.1817870614185446154209558E-01,      2.45%
   -0.5883333333333329306924497E+00,    0.7610075167448420163651690E+00,    0.7428669298341552540421162E+00,    0.1814058691068676232305279E-01,      2.44%
   -0.5866666666666668916718663E+00,    0.7620504692265032131714975E+00,    0.7439492130670545266823979E+00,    0.1810125615944868648909960E-01,      2.43%
   -0.5849999999999999644728632E+00,    0.7630922847179145707130488E+00,    0.7450315707128088993371762E+00,    0.1806071400510567137587259E-01,      2.42%
   -0.5833333333333330372738601E+00,    0.7641329502823273056577591E+00,    0.7461139896373059077205880E+00,    0.1801896064502139793717106E-01,      2.42%
   -0.5816666666666669982532767E+00,    0.7651724529855901124619777E+00,    0.7471964566283588737860555E+00,    0.1797599635723123867592221E-01,      2.41%
   -0.5800000000000000710542736E+00,    0.7662107798963881943876686E+00,    0.7482789583956899193140089E+00,    0.1793182150069827507365972E-01,      2.40%
   -0.5783333333333331438552705E+00,    0.7672479180864822945196124E+00,    0.7493614815709115362096782E+00,    0.1788643651557075830993426E-01,      2.39%
   -0.5766666666666671048346871E+00,    0.7682838546309546101653609E+00,    0.7504440127075183708527106E+00,    0.1783984192343623931265029E-01,      2.38%
   -0.5750000000000001776356839E+00,    0.7693185766084492671623707E+00,    0.7515265382808828942273749E+00,    0.1779203832756637293499580E-01,      2.37%
   -0.5733333333333332504366808E+00,    0.7703520711014126831628346E+00,    0.7526090446882527373873017E+00,    0.1774302641315994577553283E-01,      2.36%
   -0.5716666666666663232376777E+00,    0.7713843251963361513645623E+00,    0.7536915182487561315483049E+00,    0.1769280694758001981625739E-01,      2.35%
   -0.5700000000000002842170943E+00,    0.7724153259839977581080461E+00,    0.7547739452034113449840902E+00,    0.1764138078058641312395594E-01,      2.34%
   -0.5683333333333333570180912E+00,    0.7734450605597048555850392E+00,    0.7558563117151430033047177E+00,    0.1758874884456185228032155E-01,      2.33%
   -0.5666666666666664298190881E+00,    0.7744735160235334259226647E+00,    0.7569386038687974105343415E+00,    0.1753491215473601538832327E-01,      2.32%
   -0.5650000000000003907985047E+00,    0.7755006794805705538919938E+00,    0.7580208076711704157091276E+00,    0.1747987180940013818286616E-01,      2.31%
   -0.5633333333333334635995016E+00,    0.7765265380411580098396485E+00,    0.7591029090510369448097094E+00,    0.1742362899012106502993902E-01,      2.30%
   -0.5616666666666665364004984E+00,    0.7775510788211305035488863E+00,    0.7601848938591841964296236E+00,    0.1736618496194630711926266E-01,      2.28%
   -0.5599999999999996092014953E+00,    0.7785742889420576018366660E+00,    0.7612667478684532751387337E+00,    0.1730754107360432669793227E-01,      2.27%
   -0.5583333333333335701809119E+00,    0.7795961555314865343291331E+00,    0.7623484567737834893819127E+00,    0.1724769875770304494722041E-01,      2.26%
   -0.5566666666666666429819088E+00,    0.7806166657231836669694758E+00,    0.7634300061922656421842248E+00,    0.1718665953091802478525096E-01,      2.25%
   -0.5549999999999997157829057E+00,    0.7816358066573729779236146E+00,    0.7645113816631946557222932E+00,    0.1712442499417832220132141E-01,      2.24%
   -0.5533333333333336767623223E+00,    0.7826535654809784192664779E+00,    0.7655925686481334091482154E+00,    0.1706099683284501011826251E-01,      2.23%
   -0.5516666666666667495633192E+00,    0.7836699293478670558243948E+00,    0.7666735525309810173055780E+00,    0.1699637681688603851881680E-01,      2.22%
   -0.5499999999999998223643161E+00,    0.7846848854190856537016430E+00,    0.7677543186180423306907983E+00,    0.1693056680104332301084469E-01,      2.21%
   -0.5483333333333328951653129E+00,    0.7856984208631047073012610E+00,    0.7688348521381086486670142E+00,    0.1686356872499605863424676E-01,      2.19%
   -0.5466666666666668561447295E+00,    0.7867105228560574703422503E+00,    0.7699151382425402090348143E+00,    0.1679538461351726130743600E-01,      2.18%
   -0.5449999999999999289457264E+00,    0.7877211785819823175458509E+00,    0.7709951620053584475655839E+00,    0.1672601657662386998026705E-01,      2.17%
   -0.5433333333333330017467233E+00,    0.7887303752330604433851136E+00,    0.7720749084233374803787342E+00,    0.1665546680972296300637936E-01,      2.16%
   -0.5416666666666669627261399E+00,    0.7897381000098570025258482E+00,    0.7731543624161071326383876E+00,    0.1658373759374986988746059E-01,      2.14%
   -0.5400000000000000355271368E+00,    0.7907443401215649148028319E+00,    0.7742335088262619624543959E+00,    0.1651083129530295234843607E-01,      2.13%
   -0.5383333333333331083281337E+00,    0.7917490827862383451218875E+00,    0.7753123324194699517164509E+00,    0.1643675036676839340543665E-01,      2.12%
   -0.5366666666666670693075503E+00,    0.7927523152310368415029984E+00,    0.7763908178845936314260712E+00,    0.1636149734644321007692724E-01,      2.11%
   -0.5350000000000001421085472E+00,    0.7937540246924655873428378E+00,    0.7774689498338158699652922E+00,    0.1628507485864971737754558E-01,      2.09%
   -0.5333333333333332149095440E+00,    0.7947541984166124340305259E+00,    0.7785467128027682148783128E+00,    0.1620748561384421915221310E-01,      2.08%
   -0.5316666666666662877105409E+00,    0.7957528236593889303662763E+00,    0.7796240912506688935934562E+00,    0.1612873240872003677282009E-01,      2.07%
   -0.5300000000000002486899575E+00,    0.7967498876867684654001778E+00,    0.7807010695604650329926244E+00,    0.1604881812630343240755337E-01,      2.06%
   -0.5283333333333333214909544E+00,    0.7977453777750285190961677E+00,    0.7817776320389846489433694E+00,    0.1596774573604387015279826E-01,      2.04%
   -0.5266666666666663942919513E+00,    0.7987392812109845863233204E+00,    0.7828537629170873035633349E+00,    0.1588551829389728275998550E-01,      2.03%
   -0.5250000000000003552713679E+00,    0.7997315852922330936536355E+00,    0.7839294463498281961832959E+00,    0.1580213894240489747033962E-01,      2.02%
   -0.5233333333333334280723648E+00,    0.8007222773273888760670047E+00,    0.7850046664166280274699261E+00,    0.1571761091076084859707862E-01,      2.00%
   -0.5216666666666665008733617E+00,    0.8017113446363227646784821E+00,    0.7860794071214428635485660E+00,    0.1563193751487990112991611E-01,      1.99%
   -0.5199999999999995736743585E+00,    0.8026987745504008398000906E+00,    0.7871536523929474338245882E+00,    0.1554512215745340597550239E-01,      1.97%
   -0.5183333333333335346537751E+00,    0.8036845544127210194673694E+00,    0.7882273860847212043623244E+00,    0.1545716832799981510504495E-01,      1.96%
   -0.5166666666666666074547720E+00,    0.8046686715783546439695328E+00,    0.7893005919754439991820050E+00,    0.1536807960291064478752787E-01,      1.95%
   -0.5149999999999996802557689E+00,    0.8056511134145788455285242E+00,    0.7903732537690927317797218E+00,    0.1527785964548611374880238E-01,      1.93%
   -0.5133333333333336412351855E+00,    0.8066318673011180218068716E+00,    0.7914453550951491278553362E+00,    0.1518651220596889395153539E-01,      1.92%
   -0.5116666666666667140361824E+00,    0.8076109206303804244342359E+00,    0.7925168795088156636907684E+00,    0.1509404112156476074346756E-01,      1.90%
   -0.5099999999999997868371793E+00,    0.8085882608076936373109334E+00,    0.7935878104912309494167744E+00,    0.1500045031646268789415899E-01,      1.89%
   -0.5083333333333337478165959E+00,    0.8095638752515421643352056E+00,    0.7946581314496989900675317E+00,    0.1490574380184317426767393E-01,      1.88%
   -0.5066666666666668206175927E+00,    0.8105377513938061273535141E+00,    0.7957278257179232205942299E+00,    0.1480992567588290675928420E-01,      1.86%
   -0.5049999999999998934185896E+00,    0.8115098766799946350403161E+00,    0.7967968765562439825700380E+00,    0.1471300012375065247027806E-01,      1.85%
   -0.5033333333333329662195865E+00,    0.8124802385694828155138225E+00,    0.7978652671518871031253184E+00,    0.1461497141759571238850413E-01,      1.83%
   -0.5016666666666669271990031E+00,    0.8134488245357476277064279E+00,    0.7989329806192172478418456E+00,    0.1451584391653037986458230E-01,      1.82%
   -0.5000000000000000000000000E+00,    0.8144156220666068923819125E+00,    0.8000000000000000444089210E+00,    0.1441562206660684797299155E-01,      1.80%
   -0.4983333333333330728009969E+00,    0.8153806186644487752346322E+00,    0.8010663082636666487701405E+00,    0.1431431040078212646449174E-01,      1.79%
   -0.4966666666666670337804135E+00,    0.8163438018464711509736276E+00,    0.8021318883075905237234338E+00,    0.1421191353888062725019381E-01,      1.77%
   -0.4950000000000001065814104E+00,    0.8173051591449163044700299E+00,    0.8031967229573703237477389E+00,    0.1410843618754598072229101E-01,      1.76%
   -0.4933333333333331793824073E+00,    0.8182646781073038555476273E+00,    0.8042607949671147782311209E+00,    0.1400388314018907731650643E-01,      1.74%
   -0.4916666666666662521834041E+00,    0.8192223462966656821748757E+00,    0.8053240870197418965759084E+00,    0.1389825927692378559896724E-01,      1.73%
   -0.4900000000000002131628207E+00,    0.8201781512917811767238163E+00,    0.8063865817272799496606694E+00,    0.1379156956450122706314687E-01,      1.71%
   -0.4883333333333332859638176E+00,    0.8211320806874109479167601E+00,    0.8074482616311801086439459E+00,    0.1368381905623083927281414E-01,      1.69%
   -0.4866666666666663587648145E+00,    0.8220841220945286353938286E+00,    0.8085091092026305270579201E+00,    0.1357501289189810833590855E-01,      1.68%
   -0.4850000000000003197442311E+00,    0.8230342631405552777934531E+00,    0.8095691068428827463776543E+00,    0.1346515629767253141579886E-01,      1.66%
   -0.4833333333333333925452280E+00,    0.8239824914695945690112922E+00,    0.8106282368835847629284785E+00,    0.1335425458600980608281361E-01,      1.65%
   -0.4816666666666664653462249E+00,    0.8249287947426616751656070E+00,    0.8116864815871177585293594E+00,    0.1324231315554391663624756E-01,      1.63%
   -0.4800000000000004263256415E+00,    0.8258731606379168255216427E+00,    0.8127438231469438223442125E+00,    0.1312933749097300317743020E-01,      1.62%
   -0.4783333333333334991266383E+00,    0.8268155768509003467059415E+00,    0.8138002436879617773612949E+00,    0.1301533316293856934464657E-01,      1.60%
   -0.4766666666666665719276352E+00,    0.8277560310947612576271126E+00,    0.8148557252668653383409492E+00,    0.1290030582789591928616346E-01,      1.58%
   -0.4749999999999996447286321E+00,    0.8286945111004890840433745E+00,    0.8159102498725141483504331E+00,    0.1278426122797493569294147E-01,      1.57%
   -0.4733333333333336057080487E+00,    0.8296310046171461172193062E+00,    0.8169637994263097002800578E+00,    0.1266720519083641693924847E-01,      1.55%
   -0.4716666666666666785090456E+00,    0.8305654994120985623595743E+00,    0.8180163557825803621881278E+00,    0.1254914362951820017144655E-01,      1.53%
   -0.4699999999999997513100425E+00,    0.8314979832712459106858205E+00,    0.8190679007289705104710720E+00,    0.1243008254227540021474852E-01,      1.52%
   -0.4683333333333337122894591E+00,    0.8324284439992507556027590E+00,    0.8201184159868414313976359E+00,    0.1231002801240932420512308E-01,      1.50%
   -0.4666666666666667850904560E+00,    0.8333568694197716064664405E+00,    0.8211678832116787729589191E+00,    0.1218898620809283350752139E-01,      1.48%
   -0.4649999999999998578914528E+00,    0.8342832473756889299920658E+00,    0.8222162839935045486328136E+00,    0.1206696338218438135925226E-01,      1.47%
   -0.4633333333333329306924497E+00,    0.8352075657293361876654103E+00,    0.8232635998573013536017129E+00,    0.1194396587203483406369742E-01,      1.45%
   -0.4616666666666668916718663E+00,    0.8361298123627278755520820E+00,    0.8243098122634400226615981E+00,    0.1182000009928785289048392E-01,      1.43%
   -0.4599999999999999644728632E+00,    0.8370499751777893404636188E+00,    0.8253549026081214989858381E+00,    0.1169507256966784147778071E-01,      1.42%
   -0.4583333333333330372738601E+00,    0.8379680420965840426106297E+00,    0.8263988522238164824429418E+00,    0.1156918987276756016768786E-01,      1.40%
   -0.4566666666666669982532767E+00,    0.8388840010615400410998177E+00,    0.8274416423797220643265860E+00,    0.1144235868181797677323175E-01,      1.38%
   -0.4550000000000000710542736E+00,    0.8397978400356802541892876E+00,    0.8284832542822228029777420E+00,    0.1131458575345745121154550E-01,      1.37%
   -0.4533333333333331438552705E+00,    0.8407095470028480566071494E+00,    0.8295236690753576835888339E+00,    0.1118587792749037301831549E-01,      1.35%
   -0.4516666666666671048346871E+00,    0.8416191099679314335801905E+00,    0.8305628678412976251266286E+00,    0.1105624212663380845356187E-01,      1.33%
   -0.4500000000000001776356839E+00,    0.8425265169570952394906271E+00,    0.8316008316008315359724179E+00,    0.1092568535626370351820924E-01,      1.31%
   -0.4483333333333332504366808E+00,    0.8434317560180009110126775E+00,    0.8326375413138559222758772E+00,    0.1079421470414498873680031E-01,      1.30%
   -0.4466666666666663232376777E+00,    0.8443348152200353951002398E+00,    0.8336729778798772638737091E+00,    0.1066183734015813122653071E-01,      1.28%
   -0.4450000000000002842170943E+00,    0.8452356826545353030155638E+00,    0.8347071221385193862118967E+00,    0.1052856051601591680366710E-01,      1.26%
   -0.4433333333333333570180912E+00,    0.8461343464350129517370647E+00,    0.8357399548700424896097161E+00,    0.1039439156497046212734858E-01,      1.24%
   -0.4416666666666664298190881E+00,    0.8470307946973784085642478E+00,    0.8367714567958627336352606E+00,    0.1025933790151567492898721E-01,      1.23%
   -0.4400000000000003907985047E+00,    0.8479250156001644223024982E+00,    0.8378016085790881417594278E+00,    0.1012340702107628054307042E-01,      1.21%
   -0.4383333333333334635995016E+00,    0.8488169973247512434255668E+00,    0.8388303908250595020135165E+00,    0.9986606499691741412050305E-02,      1.19%
   -0.4366666666666665364004984E+00,    0.8497067280755877805020759E+00,    0.8398577840818954864943180E+00,    0.9848943993692294007757937E-02,      1.17%
   -0.4349999999999996092014953E+00,    0.8505941960804147550234688E+00,    0.8408837688410520927462244E+00,    0.9710427239362662277244453E-02,      1.15%
   -0.4333333333333335701809119E+00,    0.8514793895904874121427497E+00,    0.8419083255378856378570163E+00,    0.9571064052601774285733427E-02,      1.14%
   -0.4316666666666666429819088E+00,    0.8523622968807976763017109E+00,    0.8429314345522278539846184E+00,    0.9430862328569822317092530E-02,      1.12%
   -0.4299999999999997157829057E+00,    0.8532429062502947525459263E+00,    0.8439530762089628712629974E+00,    0.9289830041331881282928862E-02,      1.10%
   -0.4283333333333336767623223E+00,    0.8541212060221055057951389E+00,    0.8449732307786191887188920E+00,    0.9147975243486317076246905E-02,      1.08%
   -0.4266666666666667495633192E+00,    0.8549971845437572826043038E+00,    0.8459918784779666411921539E+00,    0.9005306065790641412149853E-02,      1.06%
   -0.4249999999999998223643161E+00,    0.8558708301873952928318090E+00,    0.8470089994706194724827242E+00,    0.8861830716775820349084825E-02,      1.05%
   -0.4233333333333328951653129E+00,    0.8567421313500037660659814E+00,    0.8480245738676518429954854E+00,    0.8717557482351923070496014E-02,      1.03%
   -0.4216666666666668561447295E+00,    0.8576110764536238884048203E+00,    0.8490385817282178892995148E+00,    0.8572494725405999105305455E-02,      1.01%
   -0.4199999999999999289457264E+00,    0.8584776539455752919494103E+00,    0.8500510030601836630737012E+00,    0.8426650885391628875709102E-02,      0.99%
   -0.4183333333333330017467233E+00,    0.8593418522986704388699764E+00,    0.8510618178207619566322251E+00,    0.8280034477908482237751286E-02,      0.97%
   -0.4166666666666669627261399E+00,    0.8602036600114342235201548E+00,    0.8520710059171595629479157E+00,    0.8132654094274660572239100E-02,      0.95%
   -0.4150000000000000355271368E+00,    0.8610630656083239076181712E+00,    0.8530785472072340835936188E+00,    0.7984518401089824024552399E-02,      0.94%
   -0.4133333333333331083281337E+00,    0.8619200576399398405769148E+00,    0.8540844215001519579288924E+00,    0.7835636139787882648022332E-02,      0.92%
   -0.4116666666666670693075503E+00,    0.8627746246832468379750480E+00,    0.8550886085570615913198367E+00,    0.7686016126185246655211358E-02,      0.90%
   -0.4100000000000001421085472E+00,    0.8636267553417890097122722E+00,    0.8560910880917728116301646E+00,    0.7535667250016198082107621E-02,      0.88%
   -0.4083333333333332149095440E+00,    0.8644764382459038110084748E+00,    0.8570918397714423209166057E+00,    0.7384598474461490091869109E-02,      0.86%
   -0.4066666666666662877105409E+00,    0.8653236620529373146482044E+00,    0.8580908432172689170869262E+00,    0.7232818835668397561278198E-02,      0.84%
   -0.4050000000000002486899575E+00,    0.8661684154474593722028430E+00,    0.8590880780051973752975414E+00,    0.7080337442261996905301658E-02,      0.82%
   -0.4033333333333333214909544E+00,    0.8670106871414775540074515E+00,    0.8600835236666316552245348E+00,    0.6927163474845898782916720E-02,      0.81%
   -0.4016666666666663942919513E+00,    0.8678504658746483135800531E+00,    0.8610771596891513279814490E+00,    0.6773306185496985598604169E-02,      0.79%
   -0.4000000000000003552713679E+00,    0.8686877404144925929330157E+00,    0.8620689655172411036687663E+00,    0.6618774897251489264249358E-02,      0.77%
   -0.3983333333333334280723648E+00,    0.8695224995566077641484526E+00,    0.8630589205530289076406802E+00,    0.6463579003578856507772343E-02,      0.75%
   -0.3966666666666665008733617E+00,    0.8703547321248767953960623E+00,    0.8640470041570262882402176E+00,    0.6307727967850507155844753E-02,      0.73%
   -0.3949999999999995736743585E+00,    0.8711844269716833011329982E+00,    0.8650331956488832574336811E+00,    0.6151231322800043699317030E-02,      0.71%
   -0.3933333333333335346537751E+00,    0.8720115729781183766533559E+00,    0.8660174743081481274487032E+00,    0.5994098669970249204652646E-02,      0.69%
   -0.3916666666666666074547720E+00,    0.8728361590541947601096240E+00,    0.8669998193750376724864282E+00,    0.5836339679157087623195821E-02,      0.67%
   -0.3899999999999996802557689E+00,    0.8736581741390538891067763E+00,    0.8679802100512110651919784E+00,    0.5677964087842823914797918E-02,      0.65%
   -0.3883333333333336412351855E+00,    0.8744776072011749556978089E+00,    0.8689586255005561366004940E+00,    0.5518981700618819097314827E-02,      0.64%
   -0.3866666666666667140361824E+00,    0.8752944472385859597807212E+00,    0.8699350448499845178673695E+00,    0.5359402388601441913351664E-02,      0.62%
   -0.3849999999999997868371793E+00,    0.8761086832790687672911645E+00,    0.8709094471902285583553294E+00,    0.5199236088840208935835108E-02,      0.60%
   -0.3833333333333337478165959E+00,    0.8769203043803689423540959E+00,    0.8718818115766526766208244E+00,    0.5038492803716265733271484E-02,      0.58%
   -0.3816666666666668206175927E+00,    0.8777292996304011385433341E+00,    0.8728521170300720388723903E+00,    0.4877182600329099670943833E-02,      0.56%
   -0.3799999999999998934185896E+00,    0.8785356581474565995648618E+00,    0.8738203425375743460534750E+00,    0.4715315609882253511386807E-02,      0.54%
   -0.3783333333333329662195865E+00,    0.8793393690804081064271713E+00,    0.8747864670533548325792594E+00,    0.4552902027053273847911896E-02,      0.52%
   -0.3766666666666669271990031E+00,    0.8801404216089144805224009E+00,    0.8757504694995571492555086E+00,    0.4389952109357331266892288E-02,      0.50%
   -0.3750000000000000000000000E+00,    0.8809388049436291945326616E+00,    0.8767123287671232390039222E+00,    0.4226476176505955528739378E-02,      0.48%
   -0.3733333333333330728009969E+00,    0.8817345083263992133737474E+00,    0.8776720237166486526803055E+00,    0.4062484609750560693441912E-02,      0.46%
   -0.3716666666666670337804135E+00,    0.8825275210304714956777161E+00,    0.8786295331792475238330553E+00,    0.3897987851223971844660809E-02,      0.44%
   -0.3700000000000001065814104E+00,    0.8833178323606969417625123E+00,    0.8795848359574280905803789E+00,    0.3732996403268851182133403E-02,      0.42%
   -0.3683333333333331793824073E+00,    0.8841054316537286794641659E+00,    0.8805379108259691056659335E+00,    0.3567520827759573798232395E-02,      0.41%
   -0.3666666666666662521834041E+00,    0.8848903082782284545970697E+00,    0.8814887365328112345252976E+00,    0.3401571745417220071772135E-02,      0.39%
   -0.3650000000000002131628207E+00,    0.8856724516350640286077578E+00,    0.8824372917999513399323064E+00,    0.3235159835112688675451409E-02,      0.37%
   -0.3633333333333332859638176E+00,    0.8864518511575134596114367E+00,    0.8833835553243489790986587E+00,    0.3068295833164480512778027E-02,      0.35%
   -0.3616666666666663587648145E+00,    0.8872284963114608347112267E+00,    0.8843275057788347881526647E+00,    0.2900990532626046558561939E-02,      0.33%
   -0.3600000000000003197442311E+00,    0.8880023765955991077447607E+00,    0.8852691218130310790712656E+00,    0.2733254782568028673495064E-02,      0.31%
   -0.3583333333333333925452280E+00,    0.8887734815416271638710555E+00,    0.8862083820542802081732248E+00,    0.2565099487346955697830708E-02,      0.29%
   -0.3566666666666664653462249E+00,    0.8895418007144485494919195E+00,    0.8871452651085768303929058E+00,    0.2396535605871719099013717E-02,      0.27%
   -0.3550000000000004263256415E+00,    0.8903073237123676486604040E+00,    0.8880797495615103676058766E+00,    0.2227574150857281054527448E-02,      0.25%
   -0.3533333333333334991266383E+00,    0.8910700401672894122029334E+00,    0.8890118139792168028279207E+00,    0.2058226188072609375012689E-02,      0.23%
   -0.3516666666666665719276352E+00,    0.8918299397449125365255895E+00,    0.8899414369093323617931901E+00,    0.1888502835580174732399428E-02,      0.21%
   -0.3499999999999996447286321E+00,    0.8925870121449265282009833E+00,    0.8908685968819600731194441E+00,    0.1718415262966455081539152E-02,      0.19%
   -0.3483333333333336057080487E+00,    0.8933412471012061040198660E+00,    0.8917932724106408803876889E+00,    0.1547974690565223632177094E-02,      0.17%
   -0.3466666666666666785090456E+00,    0.8940926343820073673995807E+00,    0.8927154419933344131621311E+00,    0.1377192388672954237449630E-02,      0.15%
   -0.3449999999999997513100425E+00,    0.8948411637901585446996933E+00,    0.8936350841134025335676938E+00,    0.1206079676756011131999458E-02,      0.13%
   -0.3433333333333337122894591E+00,    0.8955868251632553844743256E+00,    0.8945521772406045402092900E+00,    0.1034647922650844265035630E-02,      0.12%
   -0.3416666666666667850904560E+00,    0.8963296083738526709439043E+00,    0.8954666998320999216076643E+00,    0.8629085417527493362399582E-03,      0.10%
   -0.3399999999999998578914528E+00,    0.8970695033296565146230250E+00,    0.8963786303334528859920738E+00,    0.6908729962036286309512434E-03,      0.08%
   -0.3383333333333329306924497E+00,    0.8978064999737128681900344E+00,    0.8972879471796497696800543E+00,    0.5185527940630985099801364E-03,      0.06%
   -0.3366666666666668916718663E+00,    0.8985405882846024816501540E+00,    0.8981946287961195540816561E+00,    0.3459594884829275684978711E-03,      0.04%
   -0.3349999999999999644728632E+00,    0.8992717582766274198036172E+00,    0.8990986535997662620900428E+00,    0.1731046768611577135743573E-03,      0.02%
   -0.3333333333333330372738601E+00,    0.9000000000000004662936703E+00,    0.9000000000000001332267630E+00,    0.3330669073875469621270895E-15,      0.00%
   -0.3316666666666669982532767E+00,    0.9007253035410341945876667E+00,    0.9008986463997836757755522E+00,   -0.1733428587494811878855216E-03,     -0.02%
   -0.3300000000000000710542736E+00,    0.9014476590223295948689497E+00,    0.9017945711966813826521161E+00,   -0.3469121743517877831664009E-03,     -0.04%
   -0.3283333333333331438552705E+00,    0.9021670566029601490143364E+00,    0.9026877527839142212329193E+00,   -0.5206961809540722185829509E-03,     -0.06%
   -0.3266666666666671048346871E+00,    0.9028834864786614566867229E+00,    0.9035781695514233380350788E+00,   -0.6946830727618813483559279E-03,     -0.08%
   -0.3250000000000001776356839E+00,    0.9035969388820160874686849E+00,    0.9044657998869417570020346E+00,   -0.8688610049256695333497191E-03,     -0.10%
   -0.3233333333333332504366808E+00,    0.9043074040826367676615405E+00,    0.9053506221770665218784302E+00,   -0.1043218094429754216889705E-02,     -0.12%
   -0.3216666666666663232376777E+00,    0.9050148723873523426419752E+00,    0.9062326148083446053504986E+00,   -0.1217742420992262708523413E-02,     -0.13%
   -0.3200000000000002842170943E+00,    0.9057193341403916297949195E+00,    0.9071117561683597063648676E+00,   -0.1392422027968076569948153E-02,     -0.15%
   -0.3183333333333333570180912E+00,    0.9064207797235648289557730E+00,    0.9079880246468304827445195E+00,   -0.1567244923265653788746476E-02,     -0.17%
   -0.3166666666666664298190881E+00,    0.9071191995564475973878871E+00,    0.9088613986367080066486324E+00,   -0.1742199080260409260745291E-02,     -0.19%
   -0.3150000000000003907985047E+00,    0.9078145840965602397787393E+00,    0.9097318565352859875972058E+00,   -0.1917272438725747818466516E-02,     -0.21%
   -0.3133333333333334635995016E+00,    0.9085069238395517832174164E+00,    0.9105993767453153253654818E+00,   -0.2092452905763542148065426E-02,     -0.23%
   -0.3116666666666665364004984E+00,    0.9091962093193762806109248E+00,    0.9114639376761214384359278E+00,   -0.2267728356745157825002934E-02,     -0.25%
   -0.3099999999999996092014953E+00,    0.9098824311084741101041118E+00,    0.9123255177447314734351380E+00,   -0.2443086636257363331026227E-02,     -0.27%
   -0.3083333333333335701809119E+00,    0.9105655798179506099643277E+00,    0.9131840953770054003513224E+00,   -0.2618515559054790386994682E-02,     -0.29%
   -0.3066666666666666429819088E+00,    0.9112456460977543803991807E+00,    0.9140396490087748793129663E+00,   -0.2794002911020498913785559E-02,     -0.31%
   -0.3049999999999997157829057E+00,    0.9119226206368525877721254E+00,    0.9148921570869834596351211E+00,   -0.2969536450130871862995718E-02,     -0.32%
   -0.3033333333333336767623223E+00,    0.9125964941634091553979147E+00,    0.9157415980708375480290329E+00,   -0.3145103907428392631118186E-02,     -0.34%
   -0.3016666666666667495633192E+00,    0.9132672574449598457135835E+00,    0.9165879504329604854362401E+00,   -0.3320692988000639722656615E-02,     -0.36%
   -0.2999999999999998223643161E+00,    0.9139349012885875644940370E+00,    0.9174311926605506206655605E+00,   -0.3496291371963056171523476E-02,     -0.38%
   -0.2983333333333328951653129E+00,    0.9145994165410950005323798E+00,    0.9182713032565473776358544E+00,   -0.3671886715452377103474646E-02,     -0.40%
   -0.2966666666666668561447295E+00,    0.9152607940891803739447141E+00,    0.9191082607408010973770729E+00,   -0.3847466651620723432358773E-02,     -0.42%
   -0.2949999999999999289457264E+00,    0.9159190248596086325605370E+00,    0.9199420436512500964809647E+00,   -0.4023018791641463920427668E-02,     -0.44%
   -0.2933333333333330017467233E+00,    0.9165740998193836475138596E+00,    0.9207726305450976145294817E+00,   -0.4198530725713967015622075E-02,     -0.46%
   -0.2916666666666669627261399E+00,    0.9172260099759199647451169E+00,    0.9215999999999998637534304E+00,   -0.4373990024079899008313532E-02,     -0.47%
   -0.2900000000000000355271368E+00,    0.9178747463772127801462375E+00,    0.9224241306152568542486847E+00,   -0.4549384238044074102447212E-02,     -0.49%
   -0.2883333333333331083281337E+00,    0.9185203001120068044826894E+00,    0.9232450010130049955492382E+00,   -0.4724700900998191066548770E-02,     -0.51%
   -0.2866666666666670693075503E+00,    0.9191626623099662385385500E+00,    0.9240625898394183579398486E+00,   -0.4899927529452119401298660E-02,     -0.53%
   -0.2850000000000001421085472E+00,    0.9198018241418433049716441E+00,    0.9248768757659135975046638E+00,   -0.5075051624070292533019710E-02,     -0.55%
   -0.2833333333333332149095440E+00,    0.9204377768196448927895403E+00,    0.9256878374903575457111060E+00,   -0.5250060670712652921565677E-02,     -0.57%
   -0.2816666666666662877105409E+00,    0.9210705115967978695579177E+00,    0.9264954537382806831757875E+00,   -0.5424942141482813617869851E-02,     -0.59%
   -0.2800000000000002486899575E+00,    0.9217000197683163920103766E+00,    0.9272997032640947212556171E+00,   -0.5599683495778329245240457E-02,     -0.60%
   -0.2783333333333333214909544E+00,    0.9223262926709686615467376E+00,    0.9281005648523160678209365E+00,   -0.5774272181347406274198875E-02,     -0.62%
   -0.2766666666666663942919513E+00,    0.9229493216834363522593776E+00,    0.9288980173187876276941211E+00,   -0.5948695635351275434743457E-02,     -0.64%
   -0.2750000000000003552713679E+00,    0.9235690982264829207437629E+00,    0.9296920395119114832738205E+00,   -0.6122941285428562530057661E-02,     -0.66%
   -0.2733333333333334280723648E+00,    0.9241856137631130341247854E+00,    0.9304826103138827964045277E+00,   -0.6296996550769762279742281E-02,     -0.68%
   -0.2716666666666665008733617E+00,    0.9247988597987347736406605E+00,    0.9312697086419242653576589E+00,   -0.6470848843189491716998418E-02,     -0.69%
   -0.2699999999999995736743585E+00,    0.9254088278813236145836640E+00,    0.9320533134495295746191346E+00,   -0.6644485568205960035470525E-02,     -0.71%
   -0.2683333333333335346537751E+00,    0.9260155096015781905904873E+00,    0.9328334037277058454762368E+00,   -0.6817894126127654885749507E-02,     -0.73%
   -0.2666666666666666074547720E+00,    0.9266188965930838294937644E+00,    0.9336099585062240802102451E+00,   -0.6991061913140250716480750E-02,     -0.75%
   -0.2649999999999996802557689E+00,    0.9272189805324670963670997E+00,    0.9343829568548671637984171E+00,   -0.7163976322400067431317439E-02,     -0.77%
   -0.2633333333333336412351855E+00,    0.9278157531395567758636389E+00,    0.9351523778846851930879325E+00,   -0.7336624745128417224293571E-02,     -0.78%
   -0.2616666666666667140361824E+00,    0.9284092061775416349078682E+00,    0.9359182007492544697058179E+00,   -0.7508994571712834797949654E-02,     -0.80%
   -0.2599999999999997868371793E+00,    0.9289993314531220791607780E+00,    0.9366804046459349386566373E+00,   -0.7681073192812859495859357E-02,     -0.82%
   -0.2583333333333337478165959E+00,    0.9295861208166693590015939E+00,    0.9374389688171340662137254E+00,   -0.7852848000464707212131543E-02,     -0.84%
   -0.2566666666666668206175927E+00,    0.9301695661623796684835952E+00,    0.9381938725515744925687045E+00,   -0.8024306389194824085109303E-02,     -0.86%
   -0.2549999999999998934185896E+00,    0.9307496594284256907769759E+00,    0.9389450951855591309680449E+00,   -0.8195435757133440191068985E-02,     -0.87%
   -0.2533333333333329662195865E+00,    0.9313263925971122514368972E+00,    0.9396926161042433722769829E+00,   -0.8366223507131120840085714E-02,     -0.89%
   -0.2516666666666669271990031E+00,    0.9318997576950261985118118E+00,    0.9404364147429080666995560E+00,   -0.8536657047881868187744203E-02,     -0.91%
   -0.2500000000000000000000000E+00,    0.9324697467931886141201403E+00,    0.9411764705882352810561997E+00,   -0.8706723795046666936059410E-02,     -0.93%
   -0.2483333333333330728009969E+00,    0.9330363520072048055808978E+00,    0.9419127631795836119721343E+00,   -0.8876411172378806391236594E-02,     -0.94%
   -0.2466666666666670337804135E+00,    0.9335995654974144075666231E+00,    0.9426452721102682730247579E+00,   -0.9045706612853865458134806E-02,     -0.96%
   -0.2450000000000001065814104E+00,    0.9341593794690389307433520E+00,    0.9433739770288436243816932E+00,   -0.9214597559804693638341178E-02,     -0.98%
   -0.2433333333333331793824073E+00,    0.9347157861723313088120335E+00,    0.9440988576403822607474581E+00,   -0.9383071468050951935424564E-02,     -0.99%
   -0.2416666666666662521834041E+00,    0.9352687779027206715909415E+00,    0.9448198937077620929159139E+00,   -0.9551115805041421324972362E-02,     -1.01%
   -0.2400000000000002131628207E+00,    0.9358183470009595605887398E+00,    0.9455370650529499876313366E+00,   -0.9718718051990427042596821E-02,     -1.03%
   -0.2383333333333332859638176E+00,    0.9363644858532703674214304E+00,    0.9462503515582904034530998E+00,   -0.9885865705020036031669406E-02,     -1.04%
   -0.2366666666666663587648145E+00,    0.9369071868914883305379249E+00,    0.9469597331677908069735849E+00,   -0.1005254627630247643566008E-01,     -1.06%
   -0.2350000000000003197442311E+00,    0.9374464425932029776333820E+00,    0.9476651898884123070843088E+00,   -0.1021874729520932945092682E-01,     -1.08%
   -0.2333333333333333925452280E+00,    0.9379822454819072286014148E+00,    0.9483667017913592900413278E+00,   -0.1038445630945206143991300E-01,     -1.09%
   -0.2316666666666664653462249E+00,    0.9385145881271322876315821E+00,    0.9490642490133687214637348E+00,   -0.1054966088623643383215267E-01,     -1.11%
   -0.2300000000000004263256415E+00,    0.9390434631445911950464733E+00,    0.9497578117580015577559038E+00,   -0.1071434861341036270943050E-01,     -1.13%
   -0.2283333333333334991266383E+00,    0.9395688631963204917596499E+00,    0.9504473702969356008196655E+00,   -0.1087850710061510906001558E-01,     -1.14%
   -0.2266666666666665719276352E+00,    0.9400907809908173318191871E+00,    0.9511329049712546890305020E+00,   -0.1104212398043735721131497E-01,     -1.16%
   -0.2249999999999996447286321E+00,    0.9406092092831784823303565E+00,    0.9518143961927424401281428E+00,   -0.1120518690956395779778632E-01,     -1.18%
   -0.2233333333333336057080487E+00,    0.9411241408752376580437726E+00,    0.9524918244451734405942034E+00,   -0.1136768356993578255043076E-01,     -1.19%
   -0.2216666666666666785090456E+00,    0.9416355686157019677651192E+00,    0.9531651702856054342305470E+00,   -0.1152960166990346646542775E-01,     -1.21%
   -0.2199999999999997513100425E+00,    0.9421434854002882497425730E+00,    0.9538344143456696233585035E+00,   -0.1169092894538137361593044E-01,     -1.23%
   -0.2183333333333337122894591E+00,    0.9426478841718558543405493E+00,    0.9544995373328630794418359E+00,   -0.1185165316100722510128662E-01,     -1.24%
   -0.2166666666666667850904560E+00,    0.9431487579205433124940328E+00,    0.9551605200318387112190521E+00,   -0.1201176211129539872501937E-01,     -1.26%
   -0.2149999999999998578914528E+00,    0.9436460996838998971369961E+00,    0.9558173433056943446572973E+00,   -0.1217124362179444752030122E-01,     -1.27%
   -0.2133333333333329306924497E+00,    0.9441399025470171846308176E+00,    0.9564699880972625800623632E+00,   -0.1233008555024539543154560E-01,     -1.29%
   -0.2116666666666668916718663E+00,    0.9446301596426601721034899E+00,    0.9571184354303974295419266E+00,   -0.1248827578773725743843670E-01,     -1.30%
   -0.2099999999999999644728632E+00,    0.9451168641513993939895499E+00,    0.9577626664112632859371388E+00,   -0.1264580225986389194758885E-01,     -1.32%
   -0.2083333333333330372738601E+00,    0.9456000093017385976779110E+00,    0.9584026622296173414383702E+00,   -0.1280265292787874376045920E-01,     -1.34%
   -0.2066666666666669982532767E+00,    0.9460795883702427522266021E+00,    0.9590384041600954478923313E+00,   -0.1295881578985269566572924E-01,     -1.35%
   -0.2050000000000000710542736E+00,    0.9465555946816684995681612E+00,    0.9596698735634942023509097E+00,   -0.1311427888182570278274852E-01,     -1.37%
   -0.2033333333333331438552705E+00,    0.9470280216090863900646468E+00,    0.9602970518880507011516556E+00,   -0.1326903027896431108700881E-01,     -1.38%
   -0.2016666666666671048346871E+00,    0.9474968625740103345123089E+00,    0.9609199206707219609313597E+00,   -0.1342305809671162641905084E-01,     -1.40%
   -0.2000000000000001776356839E+00,    0.9479621110465211719642298E+00,    0.9615384615384614530597673E+00,   -0.1357635049194028109553756E-01,     -1.41%
   -0.1983333333333332504366808E+00,    0.9484237605453897934637553E+00,    0.9621526562094927514934284E+00,   -0.1372889566410295802967312E-01,     -1.43%
   -0.1966666666666663232376777E+00,    0.9488818046382010429340426E+00,    0.9627624864945819593842202E+00,   -0.1388068185638091645017766E-01,     -1.44%
   -0.1950000000000002842170943E+00,    0.9493362369414756196661642E+00,    0.9633679342983066939964942E+00,   -0.1403169735683107433033001E-01,     -1.46%
   -0.1933333333333333570180912E+00,    0.9497870511207914256956997E+00,    0.9639689816203247385573150E+00,   -0.1418193049953331286161529E-01,     -1.47%
   -0.1916666666666664298190881E+00,    0.9502342408909018045548578E+00,    0.9645656105566348115232245E+00,   -0.1433136966573300696836668E-01,     -1.49%
   -0.1900000000000003907985047E+00,    0.9506778000158578878497906E+00,    0.9651578033008394452707535E+00,   -0.1448000328498155742096287E-01,     -1.50%
   -0.1883333333333334635995016E+00,    0.9511177223091256127673887E+00,    0.9657455421454036459394388E+00,   -0.1462781983627803317205007E-01,     -1.51%
   -0.1866666666666665364004984E+00,    0.9515540016337010742475400E+00,    0.9663288094829066698920883E+00,   -0.1477480784920559564454834E-01,     -1.53%
   -0.1849999999999996092014953E+00,    0.9519866319022308731589987E+00,    0.9669075878072953544872803E+00,   -0.1492095590506448132828154E-01,     -1.54%
   -0.1833333333333335701809119E+00,    0.9524156070771238047356633E+00,    0.9674818597151302324022026E+00,   -0.1506625263800642766653937E-01,     -1.56%
   -0.1816666666666666429819088E+00,    0.9528409211706675430164637E+00,    0.9680516079068304247101651E+00,   -0.1521068673616288169370137E-01,     -1.57%
   -0.1799999999999997157829057E+00,    0.9532625682451436599507133E+00,    0.9686168151879116505753586E+00,   -0.1535424694276799062464534E-01,     -1.59%
   -0.1783333333333336767623223E+00,    0.9536805424129356500984045E+00,    0.9691774644702233487691956E+00,   -0.1549692205728769867079109E-01,     -1.60%
   -0.1766666666666667495633192E+00,    0.9540948378366450599585846E+00,    0.9697335387731793598931063E+00,   -0.1563870093653429993452164E-01,     -1.61%
   -0.1749999999999998223643161E+00,    0.9545054487292009559595840E+00,    0.9702850212249849448653549E+00,   -0.1577957249578398890577091E-01,     -1.63%
   -0.1733333333333328951653129E+00,    0.9549123693539678381370095E+00,    0.9708318950638592514934544E+00,   -0.1591952570989141335644490E-01,     -1.64%
   -0.1716666666666668561447295E+00,    0.9553155940248578836815341E+00,    0.9713741436392531181098775E+00,   -0.1605854961439523442834343E-01,     -1.65%
   -0.1699999999999999289457264E+00,    0.9557151171064360850593289E+00,    0.9719117504130625473379723E+00,   -0.1619663330662646227864343E-01,     -1.67%
   -0.1683333333333330017467233E+00,    0.9561109330140287188015691E+00,    0.9724446989608349634082174E+00,   -0.1633376594680624460664831E-01,     -1.68%
   -0.1666666666666669627261399E+00,    0.9565030362138280395356560E+00,    0.9729729729729728049392179E+00,   -0.1646993675914476540356191E-01,     -1.69%
   -0.1650000000000000355271368E+00,    0.9568914212229989724178836E+00,    0.9734965562559322327373934E+00,   -0.1660513503293326031950983E-01,     -1.71%
   -0.1633333333333331083281337E+00,    0.9572760826097816977409138E+00,    0.9740154327334119566117465E+00,   -0.1673935012363025887083268E-01,     -1.72%
   -0.1616666666666670693075503E+00,    0.9576570149935950126973694E+00,    0.9745295864475418401440265E+00,   -0.1687257145394682744665715E-01,     -1.73%
   -0.1600000000000001421085472E+00,    0.9580342130451395821211236E+00,    0.9750390015600622906077888E+00,   -0.1700478851492270848666521E-01,     -1.74%
   -0.1583333333333332149095440E+00,    0.9584076714864968593587946E+00,    0.9755436623534992079953554E+00,   -0.1713599086700234863656078E-01,     -1.76%
   -0.1566666666666662877105409E+00,    0.9587773850912318929218259E+00,    0.9760435532323310514613013E+00,   -0.1726616814109915853947541E-01,     -1.77%
   -0.1550000000000002486899575E+00,    0.9591433486844903599788381E+00,    0.9765386587241520199853539E+00,   -0.1739531003966166000651583E-01,     -1.78%
   -0.1533333333333333214909544E+00,    0.9595055571430970431379137E+00,    0.9770289634808285716971454E+00,   -0.1752340633773152855923172E-01,     -1.79%
   -0.1516666666666663942919513E+00,    0.9598640053956556394965105E+00,    0.9775144522796452850599280E+00,   -0.1765044688398964556341753E-01,     -1.81%
   -0.1500000000000003552713679E+00,    0.9602186884226405760855982E+00,    0.9779951100244497208535677E+00,   -0.1777642160180914476796943E-01,     -1.82%
   -0.1483333333333334280723648E+00,    0.9605696012564968189195724E+00,    0.9784709217467879582841306E+00,   -0.1790132049029113936455815E-01,     -1.83%
   -0.1466666666666665008733617E+00,    0.9609167389817310223065761E+00,    0.9789418726070310272646680E+00,   -0.1802513362530000495809190E-01,     -1.84%
   -0.1449999999999995736743585E+00,    0.9612600967350050096271730E+00,    0.9794079478954973438931120E+00,   -0.1814785116049233426593901E-01,     -1.85%
   -0.1433333333333335346537751E+00,    0.9615996697052296982022312E+00,    0.9798691330335659310790675E+00,   -0.1826946332833623287683622E-01,     -1.86%
   -0.1416666666666666074547720E+00,    0.9619354531336564706478498E+00,    0.9803254135747838660108755E+00,   -0.1838996044112739536302570E-01,     -1.88%
   -0.1399999999999996802557689E+00,    0.9622674423139647714720013E+00,    0.9807767752059632915262455E+00,   -0.1850933289199852005424418E-01,     -1.89%
   -0.1383333333333336412351855E+00,    0.9625956325923548106970884E+00,    0.9812232037482725433008568E+00,   -0.1862757115591773260376840E-01,     -1.90%
   -0.1366666666666667140361824E+00,    0.9629200193676330510328398E+00,    0.9816646851583207267211151E+00,   -0.1874466579068767568827525E-01,     -1.91%
   -0.1349999999999997868371793E+00,    0.9632405980913024690082125E+00,    0.9821012055292298592590328E+00,   -0.1886060743792739025082028E-01,     -1.92%
   -0.1333333333333337478165959E+00,    0.9635573642676451555644235E+00,    0.9825327510917029050219185E+00,   -0.1897538682405774945749499E-01,     -1.93%
   -0.1316666666666668206175927E+00,    0.9638703134538119110530374E+00,    0.9829593082150822613840546E+00,   -0.1908899476127035033101720E-01,     -1.94%
   -0.1299999999999998934185896E+00,    0.9641794412599031804944616E+00,    0.9833808634083981425888510E+00,   -0.1920142214849496209438939E-01,     -1.95%
   -0.1283333333333329662195865E+00,    0.9644847433490530974609101E+00,    0.9837974033214094138344308E+00,   -0.1931265997235631637352071E-01,     -1.96%
   -0.1266666666666669271990031E+00,    0.9647862154375131948924604E+00,    0.9842089147456365427757419E+00,   -0.1942269930812334788328144E-01,     -1.97%
   -0.1250000000000000000000000E+00,    0.9650838532947334513778515E+00,    0.9846153846153846700417489E+00,   -0.1953153132065121866389745E-01,     -1.98%
   -0.1233333333333330728009969E+00,    0.9653776527434401177885093E+00,    0.9850168000087557995669840E+00,   -0.1963914726531568177847475E-01,     -1.99%
   -0.1216666666666670337804135E+00,    0.9656676096597185399161845E+00,    0.9854131481486548826964622E+00,   -0.1974553848893634278027776E-01,     -2.00%
   -0.1200000000000001065814104E+00,    0.9659537199730879875048117E+00,    0.9858044164037854661941651E+00,   -0.1985069643069747868935337E-01,     -2.01%
   -0.1183333333333331793824073E+00,    0.9662359796665832556428199E+00,    0.9861905922896332388205565E+00,   -0.1995461262304998317773652E-01,     -2.02%
   -0.1166666666666662521834041E+00,    0.9665143847768260521036154E+00,    0.9865716634694438047503695E+00,   -0.2005727869261775264675407E-01,     -2.03%
   -0.1150000000000002131628207E+00,    0.9667889313941028239796083E+00,    0.9869476177551875784033086E+00,   -0.2015868636108475442370036E-01,     -2.04%
   -0.1133333333333332859638176E+00,    0.9670596156624393646694671E+00,    0.9873184431085172407804862E+00,   -0.2025882744607787611101912E-01,     -2.05%
   -0.1116666666666663587648145E+00,    0.9673264337796732004193245E+00,    0.9876841276417120951691686E+00,   -0.2035769386203889474984408E-01,     -2.06%
   -0.1100000000000003197442311E+00,    0.9675893819975251997078658E+00,    0.9880446596186147623086526E+00,   -0.2045527762108956260078685E-01,     -2.07%
   -0.1083333333333333925452280E+00,    0.9678484566216728479659537E+00,    0.9884000274555562182143831E+00,   -0.2055157083388337024842940E-01,     -2.08%
   -0.1066666666666664653462249E+00,    0.9681036540118166389135013E+00,    0.9887502197222710620394537E+00,   -0.2064656571045442312595242E-01,     -2.09%
   -0.1050000000000004263256415E+00,    0.9683549705817534603013996E+00,    0.9890952251428005714828373E+00,   -0.2074025456104711118143769E-01,     -2.10%
   -0.1033333333333334991266383E+00,    0.9686024027994417640030633E+00,    0.9894350325963874315249313E+00,   -0.2083262979694566752186802E-01,     -2.11%
   -0.1016666666666665719276352E+00,    0.9688459471870695116635375E+00,    0.9897696311183572515091100E+00,   -0.2092368393128773984557256E-01,     -2.11%
   -0.9999999999999964472863212E-01,    0.9690856003211197888802531E+00,    0.9900990099009900902160553E+00,   -0.2101340957987030133580220E-01,     -2.12%
   -0.9833333333333360570804871E-01,    0.9693213588324373075622020E+00,    0.9904231582943812117747484E+00,   -0.2110179946194390421254639E-01,     -2.13%
   -0.9666666666666667850904560E-01,    0.9695532194062908004639212E+00,    0.9907420658072897401424939E+00,   -0.2118884640099893967857270E-01,     -2.14%
   -0.9499999999999975131004248E-01,    0.9697811787824355267417786E+00,    0.9910557221079754341985790E+00,   -0.2127454332553990745680039E-01,     -2.15%
   -0.9333333333333371228945907E-01,    0.9700052337551768877332847E+00,    0.9913641170250264700314347E+00,   -0.2135888326984958229814993E-01,     -2.15%
   -0.9166666666666678509045596E-01,    0.9702253811734301569558170E+00,    0.9916672405481716801034509E+00,   -0.2144185937474152314763387E-01,     -2.16%
   -0.8999999999999985789145285E-01,    0.9704416179407806541945547E+00,    0.9919650828290844657431080E+00,   -0.2152346488830381154855331E-01,     -2.17%
   -0.8833333333333293069244974E-01,    0.9706539410155421432335743E+00,    0.9922576341821731649162075E+00,   -0.2160369316663102168263322E-01,     -2.18%
   -0.8666666666666689167186632E-01,    0.9708623474108154516315494E+00,    0.9925448850853587634546216E+00,   -0.2168253767454331182307214E-01,     -2.18%
   -0.8499999999999996447286321E-01,    0.9710668341945435377837725E+00,    0.9928268261808433914339389E+00,   -0.2175999198629985365016637E-01,     -2.19%
   -0.8333333333333303727386010E-01,    0.9712673984895694445640402E+00,    0.9931034482758620551834383E+00,   -0.2183604978629261061939815E-01,     -2.20%
   -0.8166666666666699825327669E-01,    0.9714640374736881467399030E+00,    0.9933747423434262646679827E+00,   -0.2191070486973811792807965E-01,     -2.21%
   -0.8000000000000007105427358E-01,    0.9716567483797032833692242E+00,    0.9936406995230524508144754E+00,   -0.2198395114334916744525117E-01,     -2.21%
   -0.7833333333333314385527046E-01,    0.9718455284954774509031949E+00,    0.9939013111214796136749783E+00,   -0.2205578262600216277178333E-01,     -2.22%
   -0.7666666666666710483468705E-01,    0.9720303751639833844677696E+00,    0.9941565686133724266682066E+00,   -0.2212619344938904220043696E-01,     -2.23%
   -0.7500000000000017763568394E-01,    0.9722112857833559163012183E+00,    0.9944064636420136826799876E+00,   -0.2219517785865776637876934E-01,     -2.23%
   -0.7333333333333325043668083E-01,    0.9723882578069418247679323E+00,    0.9946509880199815301082822E+00,   -0.2226273021303970534034988E-01,     -2.24%
   -0.7166666666666632323767772E-01,    0.9725612887433455755470391E+00,    0.9948901337298156066779597E+00,   -0.2232884498647003113092069E-01,     -2.24%
   -0.7000000000000028421709430E-01,    0.9727303761564783934900902E+00,    0.9951238929246689624008582E+00,   -0.2239351676819056891076798E-01,     -2.25%
   -0.6833333333333335701809119E-01,    0.9728955176656044478988861E+00,    0.9953522579289484362163876E+00,   -0.2245674026334398831750150E-01,     -2.26%
   -0.6666666666666642981908808E-01,    0.9730567109453868157586953E+00,    0.9955752212389380462198574E+00,   -0.2251851029355123046116205E-01,     -2.26%
   -0.6500000000000039079850467E-01,    0.9732139537259288930570733E+00,    0.9957927755234133870843038E+00,   -0.2257882179748449402723054E-01,     -2.27%
   -0.6333333333333346359950156E-01,    0.9733672437928210241508964E+00,    0.9960049136242404843599729E+00,   -0.2263766983141946020907653E-01,     -2.27%
   -0.6166666666666653640049844E-01,    0.9735165789871800257060386E+00,    0.9962116285569597717852730E+00,   -0.2269504956977974607923443E-01,     -2.28%
   -0.5999999999999960920149533E-01,    0.9736619572056903759715851E+00,    0.9964129135113590773897840E+00,   -0.2275095630566870141819891E-01,     -2.28%
   -0.5833333333333357018091192E-01,    0.9738033764006449599648363E+00,    0.9966087618520311774972242E+00,   -0.2280538545138621753238795E-01,     -2.29%
   -0.5666666666666664298190881E-01,    0.9739408345799847044332864E+00,    0.9967991671189182500967263E+00,   -0.2285833253893354566343987E-01,     -2.29%
   -0.5499999999999971578290570E-01,    0.9740743298073344380583194E+00,    0.9969841230278406740694663E+00,   -0.2290979322050623601114694E-01,     -2.30%
   -0.5333333333333367676232228E-01,    0.9742038602020406390380458E+00,    0.9971636234710158364080712E+00,   -0.2295976326897519737002540E-01,     -2.30%
   -0.5166666666666674956331917E-01,    0.9743294239392075173356034E+00,    0.9973376625175573995107925E+00,   -0.2300823857834988217518912E-01,     -2.31%
   -0.4999999999999982236431606E-01,    0.9744510192497302103475931E+00,    0.9975062344139651315799711E+00,   -0.2305521516423492123237793E-01,     -2.31%
   -0.4833333333333289516531295E-01,    0.9745686444203313092415897E+00,    0.9976693335845981946974348E+00,   -0.2310068916426688545584511E-01,     -2.32%
   -0.4666666666666685614472954E-01,    0.9746822977935897247547814E+00,    0.9978269546321344440897860E+00,   -0.2314465683854471933500463E-01,     -2.32%
   -0.4499999999999992894572642E-01,    0.9747919777679743269516166E+00,    0.9979790923380156275612762E+00,   -0.2318711457004130060965963E-01,     -2.32%
   -0.4333333333333300174672331E-01,    0.9748976827978745873792832E+00,    0.9981257416628775969158482E+00,   -0.2322805886500300953656506E-01,     -2.33%
   -0.4166666666666696272613990E-01,    0.9749994113936287787325341E+00,    0.9982668977469669746582781E+00,   -0.2326748635333819592574400E-01,     -2.33%
   -0.4000000000000003552713679E-01,    0.9750971621215518414516055E+00,    0.9984025559105430547290894E+00,   -0.2330539378899121327748389E-01,     -2.33%
   -0.3833333333333310832813368E-01,    0.9751909336039655817884864E+00,    0.9985327116542634939833079E+00,   -0.2334177805029791219482149E-01,     -2.34%
   -0.3666666666666706930755026E-01,    0.9752807245192209872897138E+00,    0.9986573606595577912159456E+00,   -0.2337663614033680392623182E-01,     -2.34%
   -0.3500000000000014210854715E-01,    0.9753665336017263154388957E+00,    0.9987764987889834467083006E+00,   -0.2340996518725713126940491E-01,     -2.34%
   -0.3333333333333321490954404E-01,    0.9754483596419682989164812E+00,    0.9988901220865705754548003E+00,   -0.2344176244460227653831907E-01,     -2.35%
   -0.3166666666666628771054093E-01,    0.9755262014865376807293273E+00,    0.9989982267781475355761245E+00,   -0.2347202529160985484679713E-01,     -2.35%
   -0.3000000000000024868995752E-01,    0.9756000580381510856042837E+00,    0.9991008092716553434797788E+00,   -0.2350075123350425787549511E-01,     -2.35%
   -0.2833333333333332149095440E-01,    0.9756699282556695607127040E+00,    0.9991978661574458797645093E+00,   -0.2352793790177631905180533E-01,     -2.35%
   -0.2666666666666639429195129E-01,    0.9757358111541188927517965E+00,    0.9992893942085627756455324E+00,   -0.2355358305444388289373592E-01,     -2.36%
   -0.2500000000000035527136788E-01,    0.9757977058047115903605118E+00,    0.9993753903810117522610312E+00,   -0.2357768457630016190051947E-01,     -2.36%
   -0.2333333333333342807236477E-01,    0.9758556113348595406620234E+00,    0.9994558518140123082318382E+00,   -0.2360024047915276756981484E-01,     -2.36%
   -0.2166666666666650087336166E-01,    0.9759095269281954365681031E+00,    0.9995307758302353073887048E+00,   -0.2362124890203987082060166E-01,     -2.36%
   -0.1999999999999957367435854E-01,    0.9759594518245832128755524E+00,    0.9996001599360255784887386E+00,   -0.2364070811144236561318621E-01,     -2.37%
   -0.1833333333333353465377513E-01,    0.9760053853201379192583431E+00,    0.9996640018216099710102185E+00,   -0.2365861650147205175187537E-01,     -2.37%
   -0.1666666666666660745477202E-01,    0.9760473267672333808064877E+00,    0.9997222993612885355574349E+00,   -0.2367497259405515475094717E-01,     -2.37%
   -0.1499999999999968025576891E-01,    0.9760852755745202946613404E+00,    0.9997750506136120485223273E+00,   -0.2368977503909175386098696E-01,     -2.37%
   -0.1333333333333364123518550E-01,    0.9761192312069324472645349E+00,    0.9998222538215427723784501E+00,   -0.2370302261461032511391522E-01,     -2.37%
   -0.1166666666666671403618238E-01,    0.9761491931857005921457926E+00,    0.9998639074126021153432475E+00,   -0.2371471422690152319745494E-01,     -2.37%
   -0.9999999999999786837179272E-02,    0.9761751610883592222833727E+00,    0.9999000099990000833827253E+00,   -0.2372484891064086109935261E-01,     -2.37%
   -0.8333333333333747816595860E-02,    0.9761971345487546747321517E+00,    0.9999305603777515205621285E+00,   -0.2373342582899684582997679E-01,     -2.37%
   -0.6666666666666820617592748E-02,    0.9762151132570537903632157E+00,    0.9999555575307763621850654E+00,   -0.2374044427372257182184967E-01,     -2.37%
   -0.4999999999999893418589636E-02,    0.9762290969597484657782616E+00,    0.9999750006249844558325890E+00,   -0.2374590366523599005432743E-01,     -2.37%
   -0.3333333333332966219586524E-02,    0.9762390854596610934024170E+00,    0.9999888890123442841684209E+00,   -0.2374980355268319076600392E-01,     -2.38%
   -0.1666666666666927199003112E-02,    0.9762450786159467819302904E+00,    0.9999972222299382540455781E+00,   -0.2375214361399147211528771E-01,     -2.38%
    0.0000000000000000000000000E+00,    0.9762470763440985743741862E+00,    0.1000000000000000000000000E+01,   -0.2375292365590142562581377E-01,     -2.38%
    0.1666666666666927199003112E-02,    0.9762450786159465598856855E+00,    0.9999972222299382540455781E+00,   -0.2375214361399169415989263E-01,     -2.38%
    0.3333333333332966219586524E-02,    0.9762390854596607603355096E+00,    0.9999888890123442841684209E+00,   -0.2374980355268352383291131E-01,     -2.38%
    0.4999999999999893418589636E-02,    0.9762290969597482437336566E+00,    0.9999750006249844558325890E+00,   -0.2374590366523621209893236E-01,     -2.37%
    0.6666666666666820617592748E-02,    0.9762151132570537903632157E+00,    0.9999555575307763621850654E+00,   -0.2374044427372257182184967E-01,     -2.37%
    0.8333333333333747816595860E-02,    0.9761971345487544526875467E+00,    0.9999305603777515205621285E+00,   -0.2373342582899706787458172E-01,     -2.37%
    0.9999999999999786837179272E-02,    0.9761751610883590002387677E+00,    0.9999000099990000833827253E+00,   -0.2372484891064108314395753E-01,     -2.37%
    0.1166666666666671403618238E-01,    0.9761491931857007031680951E+00,    0.9998639074126021153432475E+00,   -0.2371471422690141217515247E-01,     -2.37%
    0.1333333333333364123518550E-01,    0.9761192312069324472645349E+00,    0.9998222538215427723784501E+00,   -0.2370302261461032511391522E-01,     -2.37%
    0.1499999999999968025576891E-01,    0.9760852755745199615944330E+00,    0.9997750506136120485223273E+00,   -0.2368977503909208692789434E-01,     -2.37%
    0.1666666666666660745477202E-01,    0.9760473267672331587618828E+00,    0.9997222993612885355574349E+00,   -0.2367497259405537679555209E-01,     -2.37%
    0.1833333333333353465377513E-01,    0.9760053853201372531245283E+00,    0.9996640018216099710102185E+00,   -0.2365861650147271788569014E-01,     -2.37%
    0.1999999999999957367435854E-01,    0.9759594518245827687863425E+00,    0.9996001599360255784887386E+00,   -0.2364070811144280970239606E-01,     -2.37%
    0.2166666666666650087336166E-01,    0.9759095269281953255458006E+00,    0.9995307758302353073887048E+00,   -0.2362124890203998184290413E-01,     -2.36%
    0.2333333333333342807236477E-01,    0.9758556113348599847512332E+00,    0.9994558518140123082318382E+00,   -0.2360024047915232348060499E-01,     -2.36%
    0.2500000000000035527136788E-01,    0.9757977058047112572936044E+00,    0.9993753903810117522610312E+00,   -0.2357768457630049496742686E-01,     -2.36%
    0.2666666666666639429195129E-01,    0.9757358111541186707071915E+00,    0.9992893942085627756455324E+00,   -0.2355358305444410493834084E-01,     -2.36%
    0.2833333333333332149095440E-01,    0.9756699282556693386680990E+00,    0.9991978661574458797645093E+00,   -0.2352793790177654109641026E-01,     -2.35%
    0.3000000000000024868995752E-01,    0.9756000580381511966265862E+00,    0.9991008092716553434797788E+00,   -0.2350075123350414685319265E-01,     -2.35%
    0.3166666666666628771054093E-01,    0.9755262014865375697070249E+00,    0.9989982267781475355761245E+00,   -0.2347202529160996586909960E-01,     -2.35%
    0.3333333333333321490954404E-01,    0.9754483596419680768718763E+00,    0.9988901220865705754548003E+00,   -0.2344176244460249858292400E-01,     -2.35%
    0.3500000000000014210854715E-01,    0.9753665336017259823719883E+00,    0.9987764987889834467083006E+00,   -0.2340996518725746433631230E-01,     -2.34%
    0.3666666666666706930755026E-01,    0.9752807245192206542228064E+00,    0.9986573606595577912159456E+00,   -0.2337663614033713699313921E-01,     -2.34%
    0.3833333333333310832813368E-01,    0.9751909336039656928107888E+00,    0.9985327116542634939833079E+00,   -0.2334177805029780117251903E-01,     -2.34%
    0.4000000000000003552713679E-01,    0.9750971621215518414516055E+00,    0.9984025559105430547290894E+00,   -0.2330539378899121327748389E-01,     -2.33%
    0.4166666666666696272613990E-01,    0.9749994113936282236210218E+00,    0.9982668977469669746582781E+00,   -0.2326748635333875103725632E-01,     -2.33%
    0.4333333333333300174672331E-01,    0.9748976827978744763569807E+00,    0.9981257416628775969158482E+00,   -0.2322805886500312055886752E-01,     -2.33%
    0.4499999999999992894572642E-01,    0.9747919777679738828624068E+00,    0.9979790923380156275612762E+00,   -0.2318711457004174469886948E-01,     -2.32%
    0.4666666666666685614472954E-01,    0.9746822977935896137324789E+00,    0.9978269546321344440897860E+00,   -0.2314465683854483035730709E-01,     -2.32%
    0.4833333333333289516531295E-01,    0.9745686444203315312861946E+00,    0.9976693335845981946974348E+00,   -0.2310068916426666341124019E-01,     -2.32%
    0.4999999999999982236431606E-01,    0.9744510192497302103475931E+00,    0.9975062344139651315799711E+00,   -0.2305521516423492123237793E-01,     -2.31%
    0.5166666666666674956331917E-01,    0.9743294239392071842686960E+00,    0.9973376625175573995107925E+00,   -0.2300823857835021524209651E-01,     -2.31%
    0.5333333333333367676232228E-01,    0.9742038602020405280157433E+00,    0.9971636234710158364080712E+00,   -0.2295976326897530839232786E-01,     -2.30%
    0.5499999999999971578290570E-01,    0.9740743298073346601029243E+00,    0.9969841230278406740694663E+00,   -0.2290979322050601396654201E-01,     -2.30%
    0.5666666666666664298190881E-01,    0.9739408345799848154555889E+00,    0.9967991671189182500967263E+00,   -0.2285833253893343464113741E-01,     -2.29%
    0.5833333333333357018091192E-01,    0.9738033764006451820094412E+00,    0.9966087618520311774972242E+00,   -0.2280538545138599548778302E-01,     -2.29%
    0.5999999999999960920149533E-01,    0.9736619572056899318823753E+00,    0.9964129135113590773897840E+00,   -0.2275095630566914550740876E-01,     -2.28%
    0.6166666666666653640049844E-01,    0.9735165789871802477506435E+00,    0.9962116285569597717852730E+00,   -0.2269504956977952403462950E-01,     -2.28%
    0.6333333333333346359950156E-01,    0.9733672437928210241508964E+00,    0.9960049136242404843599729E+00,   -0.2263766983141946020907653E-01,     -2.27%
    0.6500000000000039079850467E-01,    0.9732139537259292261239807E+00,    0.9957927755234133870843038E+00,   -0.2257882179748416096032315E-01,     -2.27%
    0.6666666666666642981908808E-01,    0.9730567109453867047363929E+00,    0.9955752212389380462198574E+00,   -0.2251851029355134148346451E-01,     -2.26%
    0.6833333333333335701809119E-01,    0.9728955176656041148319787E+00,    0.9953522579289484362163876E+00,   -0.2245674026334432138440889E-01,     -2.26%
    0.7000000000000028421709430E-01,    0.9727303761564782824677877E+00,    0.9951238929246689624008582E+00,   -0.2239351676819067993307044E-01,     -2.25%
    0.7166666666666632323767772E-01,    0.9725612887433451314578292E+00,    0.9948901337298156066779597E+00,   -0.2232884498647047522013054E-01,     -2.24%
    0.7333333333333325043668083E-01,    0.9723882578069419357902348E+00,    0.9946509880199815301082822E+00,   -0.2226273021303959431804742E-01,     -2.24%
    0.7500000000000017763568394E-01,    0.9722112857833560273235207E+00,    0.9944064636420136826799876E+00,   -0.2219517785865765535646688E-01,     -2.23%
    0.7666666666666710483468705E-01,    0.9720303751639832734454671E+00,    0.9941565686133724266682066E+00,   -0.2212619344938915322273942E-01,     -2.23%
    0.7833333333333314385527046E-01,    0.9718455284954771178362876E+00,    0.9939013111214796136749783E+00,   -0.2205578262600249583869072E-01,     -2.22%
    0.8000000000000007105427358E-01,    0.9716567483797035054138291E+00,    0.9936406995230524508144754E+00,   -0.2198395114334894540064624E-01,     -2.21%
    0.8166666666666699825327669E-01,    0.9714640374736881467399030E+00,    0.9933747423434262646679827E+00,   -0.2191070486973811792807965E-01,     -2.21%
    0.8333333333333303727386010E-01,    0.9712673984895693335417377E+00,    0.9931034482758620551834383E+00,   -0.2183604978629272164170061E-01,     -2.20%
    0.8499999999999996447286321E-01,    0.9710668341945436488060750E+00,    0.9928268261808433914339389E+00,   -0.2175999198629974262786391E-01,     -2.19%
    0.8666666666666689167186632E-01,    0.9708623474108150075423396E+00,    0.9925448850853587634546216E+00,   -0.2168253767454375591228199E-01,     -2.18%
    0.8833333333333293069244974E-01,    0.9706539410155422542558767E+00,    0.9922576341821731649162075E+00,   -0.2160369316663091066033076E-01,     -2.18%
    0.8999999999999985789145285E-01,    0.9704416179407803211276473E+00,    0.9919650828290844657431080E+00,   -0.2152346488830414461546070E-01,     -2.17%
    0.9166666666666678509045596E-01,    0.9702253811734301569558170E+00,    0.9916672405481716801034509E+00,   -0.2144185937474152314763387E-01,     -2.16%
    0.9333333333333371228945907E-01,    0.9700052337551765546663773E+00,    0.9913641170250264700314347E+00,   -0.2135888326984991536505731E-01,     -2.15%
    0.9499999999999975131004248E-01,    0.9697811787824351936748712E+00,    0.9910557221079754341985790E+00,   -0.2127454332554024052370778E-01,     -2.15%
    0.9666666666666667850904560E-01,    0.9695532194062905784193163E+00,    0.9907420658072897401424939E+00,   -0.2118884640099916172317762E-01,     -2.14%
    0.9833333333333360570804871E-01,    0.9693213588324374185845045E+00,    0.9904231582943812117747484E+00,   -0.2110179946194379319024392E-01,     -2.13%
    0.9999999999999964472863212E-01,    0.9690856003211194558133457E+00,    0.9900990099009900902160553E+00,   -0.2101340957987063440270958E-01,     -2.12%
    0.1016666666666665719276352E+00,    0.9688459471870692896189325E+00,    0.9897696311183572515091100E+00,   -0.2092368393128796189017748E-01,     -2.11%
    0.1033333333333334991266383E+00,    0.9686024027994413199138535E+00,    0.9894350325963874315249313E+00,   -0.2083262979694611161107787E-01,     -2.11%
    0.1050000000000004263256415E+00,    0.9683549705817533492790972E+00,    0.9890952251428005714828373E+00,   -0.2074025456104722220374015E-01,     -2.10%
    0.1066666666666664653462249E+00,    0.9681036540118166389135013E+00,    0.9887502197222710620394537E+00,   -0.2064656571045442312595242E-01,     -2.09%
    0.1083333333333333925452280E+00,    0.9678484566216728479659537E+00,    0.9884000274555562182143831E+00,   -0.2055157083388337024842940E-01,     -2.08%
    0.1100000000000003197442311E+00,    0.9675893819975251997078658E+00,    0.9880446596186147623086526E+00,   -0.2045527762108956260078685E-01,     -2.07%
    0.1116666666666663587648145E+00,    0.9673264337796732004193245E+00,    0.9876841276417120951691686E+00,   -0.2035769386203889474984408E-01,     -2.06%
    0.1133333333333332859638176E+00,    0.9670596156624391426248621E+00,    0.9873184431085172407804862E+00,   -0.2025882744607809815562405E-01,     -2.05%
    0.1150000000000002131628207E+00,    0.9667889313941023798903984E+00,    0.9869476177551875784033086E+00,   -0.2015868636108519851291021E-01,     -2.04%
    0.1166666666666662521834041E+00,    0.9665143847768259410813130E+00,    0.9865716634694438047503695E+00,   -0.2005727869261786366905653E-01,     -2.03%
    0.1183333333333331793824073E+00,    0.9662359796665833666651224E+00,    0.9861905922896332388205565E+00,   -0.1995461262304987215543406E-01,     -2.02%
    0.1200000000000001065814104E+00,    0.9659537199730880985271142E+00,    0.9858044164037854661941651E+00,   -0.1985069643069736766705091E-01,     -2.01%
    0.1216666666666670337804135E+00,    0.9656676096597184288938820E+00,    0.9854131481486548826964622E+00,   -0.1974553848893645380258022E-01,     -2.00%
    0.1233333333333330728009969E+00,    0.9653776527434397847216019E+00,    0.9850168000087557995669840E+00,   -0.1963914726531601484538214E-01,     -1.99%
    0.1250000000000000000000000E+00,    0.9650838532947330072886416E+00,    0.9846153846153846700417489E+00,   -0.1953153132065166275310730E-01,     -1.98%
    0.1266666666666669271990031E+00,    0.9647862154375128618255530E+00,    0.9842089147456365427757419E+00,   -0.1942269930812368095018883E-01,     -1.97%
    0.1283333333333329662195865E+00,    0.9644847433490530974609101E+00,    0.9837974033214094138344308E+00,   -0.1931265997235631637352071E-01,     -1.96%
    0.1299999999999998934185896E+00,    0.9641794412599030694721591E+00,    0.9833808634083981425888510E+00,   -0.1920142214849507311669186E-01,     -1.95%
    0.1316666666666668206175927E+00,    0.9638703134538116890084325E+00,    0.9829593082150822613840546E+00,   -0.1908899476127057237562212E-01,     -1.94%
    0.1333333333333337478165959E+00,    0.9635573642676451555644235E+00,    0.9825327510917029050219185E+00,   -0.1897538682405774945749499E-01,     -1.93%
    0.1349999999999997868371793E+00,    0.9632405980913023579859100E+00,    0.9821012055292298592590328E+00,   -0.1886060743792750127312274E-01,     -1.92%
    0.1366666666666667140361824E+00,    0.9629200193676330510328398E+00,    0.9816646851583207267211151E+00,   -0.1874466579068767568827525E-01,     -1.91%
    0.1383333333333336412351855E+00,    0.9625956325923545886524835E+00,    0.9812232037482725433008568E+00,   -0.1862757115591795464837332E-01,     -1.90%
    0.1399999999999996802557689E+00,    0.9622674423139644384050939E+00,    0.9807767752059632915262455E+00,   -0.1850933289199885312115157E-01,     -1.89%
    0.1416666666666666074547720E+00,    0.9619354531336561375809424E+00,    0.9803254135747838660108755E+00,   -0.1838996044112772842993309E-01,     -1.88%
    0.1433333333333335346537751E+00,    0.9615996697052293651353239E+00,    0.9798691330335659310790675E+00,   -0.1826946332833656594374361E-01,     -1.86%
    0.1449999999999995736743585E+00,    0.9612600967350045655379631E+00,    0.9794079478954973438931120E+00,   -0.1814785116049277835514886E-01,     -1.85%
    0.1466666666666665008733617E+00,    0.9609167389817306892396687E+00,    0.9789418726070310272646680E+00,   -0.1802513362530033802499929E-01,     -1.84%
    0.1483333333333334280723648E+00,    0.9605696012564970409641774E+00,    0.9784709217467879582841306E+00,   -0.1790132049029091731995322E-01,     -1.83%
    0.1500000000000003552713679E+00,    0.9602186884226402430186909E+00,    0.9779951100244497208535677E+00,   -0.1777642160180947783487682E-01,     -1.82%
    0.1516666666666663942919513E+00,    0.9598640053956557505188130E+00,    0.9775144522796452850599280E+00,   -0.1765044688398953454111506E-01,     -1.81%
    0.1533333333333333214909544E+00,    0.9595055571430968210933088E+00,    0.9770289634808285716971454E+00,   -0.1752340633773175060383664E-01,     -1.79%
    0.1550000000000002486899575E+00,    0.9591433486844895828227209E+00,    0.9765386587241520199853539E+00,   -0.1739531003966243716263307E-01,     -1.78%
    0.1566666666666662877105409E+00,    0.9587773850912316708772209E+00,    0.9760435532323310514613013E+00,   -0.1726616814109938058408034E-01,     -1.77%
    0.1583333333333332149095440E+00,    0.9584076714864964152695848E+00,    0.9755436623534992079953554E+00,   -0.1713599086700279272577063E-01,     -1.76%
    0.1600000000000001421085472E+00,    0.9580342130451394710988211E+00,    0.9750390015600622906077888E+00,   -0.1700478851492281950896768E-01,     -1.74%
    0.1616666666666670693075503E+00,    0.9576570149935950126973694E+00,    0.9745295864475418401440265E+00,   -0.1687257145394682744665715E-01,     -1.73%
    0.1633333333333331083281337E+00,    0.9572760826097814756963089E+00,    0.9740154327334119566117465E+00,   -0.1673935012363048091543760E-01,     -1.72%
    0.1650000000000000355271368E+00,    0.9568914212229988613955811E+00,    0.9734965562559322327373934E+00,   -0.1660513503293337134181229E-01,     -1.71%
    0.1666666666666669627261399E+00,    0.9565030362138277064687486E+00,    0.9729729729729728049392179E+00,   -0.1646993675914509847046929E-01,     -1.69%
    0.1683333333333330017467233E+00,    0.9561109330140283857346617E+00,    0.9724446989608349634082174E+00,   -0.1633376594680657767355569E-01,     -1.68%
    0.1699999999999999289457264E+00,    0.9557151171064357519924215E+00,    0.9719117504130625473379723E+00,   -0.1619663330662679534555082E-01,     -1.67%
    0.1716666666666668561447295E+00,    0.9553155940248575506146267E+00,    0.9713741436392531181098775E+00,   -0.1605854961439556749525082E-01,     -1.65%
    0.1733333333333328951653129E+00,    0.9549123693539679491593120E+00,    0.9708318950638592514934544E+00,   -0.1591952570989130233414244E-01,     -1.64%
    0.1749999999999998223643161E+00,    0.9545054487292007339149791E+00,    0.9702850212249849448653549E+00,   -0.1577957249578421095037584E-01,     -1.63%
    0.1766666666666667495633192E+00,    0.9540948378366451709808871E+00,    0.9697335387731793598931063E+00,   -0.1563870093653418891221918E-01,     -1.61%
    0.1783333333333336767623223E+00,    0.9536805424129353170314971E+00,    0.9691774644702233487691956E+00,   -0.1549692205728803173769847E-01,     -1.60%
    0.1799999999999997157829057E+00,    0.9532625682451432158615034E+00,    0.9686168151879116505753586E+00,   -0.1535424694276843471385519E-01,     -1.59%
    0.1816666666666666429819088E+00,    0.9528409211706678760833711E+00,    0.9680516079068304247101651E+00,   -0.1521068673616254862679398E-01,     -1.57%
    0.1833333333333335701809119E+00,    0.9524156070771232496241510E+00,    0.9674818597151302324022026E+00,   -0.1506625263800698277805168E-01,     -1.56%
    0.1849999999999996092014953E+00,    0.9519866319022310952036037E+00,    0.9669075878072953544872803E+00,   -0.1492095590506425928367662E-01,     -1.54%
    0.1866666666666665364004984E+00,    0.9515540016337004081137252E+00,    0.9663288094829066698920883E+00,   -0.1477480784920626177836311E-01,     -1.53%
    0.1883333333333334635995016E+00,    0.9511177223091250576558764E+00,    0.9657455421454036459394388E+00,   -0.1462781983627858828356239E-01,     -1.51%
    0.1900000000000003907985047E+00,    0.9506778000158576658051857E+00,    0.9651578033008394452707535E+00,   -0.1448000328498177946556780E-01,     -1.50%
    0.1916666666666664298190881E+00,    0.9502342408909015825102529E+00,    0.9645656105566348115232245E+00,   -0.1433136966573322901297161E-01,     -1.49%
    0.1933333333333333570180912E+00,    0.9497870511207910926287923E+00,    0.9639689816203247385573150E+00,   -0.1418193049953364592852267E-01,     -1.47%
    0.1950000000000002842170943E+00,    0.9493362369414758417107691E+00,    0.9633679342983066939964942E+00,   -0.1403169735683085228572509E-01,     -1.46%
    0.1966666666666663232376777E+00,    0.9488818046382009319117401E+00,    0.9627624864945819593842202E+00,   -0.1388068185638102747248013E-01,     -1.44%
    0.1983333333333332504366808E+00,    0.9484237605453894603968479E+00,    0.9621526562094927514934284E+00,   -0.1372889566410329109658051E-01,     -1.43%
    0.2000000000000001776356839E+00,    0.9479621110465210609419273E+00,    0.9615384615384614530597673E+00,   -0.1357635049194039211784002E-01,     -1.41%
    0.2016666666666671048346871E+00,    0.9474968625740100014454015E+00,    0.9609199206707219609313597E+00,   -0.1342305809671195948595823E-01,     -1.40%
    0.2033333333333331438552705E+00,    0.9470280216090862790423444E+00,    0.9602970518880507011516556E+00,   -0.1326903027896442210931127E-01,     -1.38%
    0.2050000000000000710542736E+00,    0.9465555946816681665012538E+00,    0.9596698735634942023509097E+00,   -0.1311427888182603584965591E-01,     -1.37%
    0.2066666666666669982532767E+00,    0.9460795883702421971150898E+00,    0.9590384041600954478923313E+00,   -0.1295881578985325077724156E-01,     -1.35%
    0.2083333333333330372738601E+00,    0.9456000093017384866556085E+00,    0.9584026622296173414383702E+00,   -0.1280265292787885478276166E-01,     -1.34%
    0.2099999999999999644728632E+00,    0.9451168641513990609226425E+00,    0.9577626664112632859371388E+00,   -0.1264580225986422501449624E-01,     -1.32%
    0.2116666666666668916718663E+00,    0.9446301596426595059696751E+00,    0.9571184354303974295419266E+00,   -0.1248827578773792357225147E-01,     -1.30%
    0.2133333333333329306924497E+00,    0.9441399025470165184970028E+00,    0.9564699880972625800623632E+00,   -0.1233008555024606156536038E-01,     -1.29%
    0.2149999999999998578914528E+00,    0.9436460996838995640700887E+00,    0.9558173433056943446572973E+00,   -0.1217124362179478058720861E-01,     -1.27%
    0.2166666666666667850904560E+00,    0.9431487579205427573825204E+00,    0.9551605200318387112190521E+00,   -0.1201176211129595383653168E-01,     -1.26%
    0.2183333333333337122894591E+00,    0.9426478841718551882067345E+00,    0.9544995373328630794418359E+00,   -0.1185165316100789123510140E-01,     -1.24%
    0.2199999999999997513100425E+00,    0.9421434854002881387202706E+00,    0.9538344143456696233585035E+00,   -0.1169092894538148463823291E-01,     -1.23%
    0.2216666666666666785090456E+00,    0.9416355686157018567428167E+00,    0.9531651702856054342305470E+00,   -0.1152960166990357748773022E-01,     -1.21%
    0.2233333333333336057080487E+00,    0.9411241408752372139545628E+00,    0.9524918244451734405942034E+00,   -0.1136768356993622663964061E-01,     -1.19%
    0.2249999999999996447286321E+00,    0.9406092092831783713080540E+00,    0.9518143961927424401281428E+00,   -0.1120518690956406882008878E-01,     -1.18%
    0.2266666666666665719276352E+00,    0.9400907809908169987522797E+00,    0.9511329049712546890305020E+00,   -0.1104212398043769027822236E-01,     -1.16%
    0.2283333333333334991266383E+00,    0.9395688631963201586927426E+00,    0.9504473702969356008196655E+00,   -0.1087850710061544212692297E-01,     -1.14%
    0.2300000000000004263256415E+00,    0.9390434631445905289126586E+00,    0.9497578117580015577559038E+00,   -0.1071434861341102884324528E-01,     -1.13%
    0.2316666666666664653462249E+00,    0.9385145881271319545646747E+00,    0.9490642490133687214637348E+00,   -0.1054966088623676689906006E-01,     -1.11%
    0.2333333333333333925452280E+00,    0.9379822454819070065568098E+00,    0.9483667017913592900413278E+00,   -0.1038445630945228348451792E-01,     -1.09%
    0.2350000000000003197442311E+00,    0.9374464425932029776333820E+00,    0.9476651898884123070843088E+00,   -0.1021874729520932945092682E-01,     -1.08%
    0.2366666666666663587648145E+00,    0.9369071868914875533818076E+00,    0.9469597331677908069735849E+00,   -0.1005254627630325359177732E-01,     -1.06%
    0.2383333333333332859638176E+00,    0.9363644858532703674214304E+00,    0.9462503515582904034530998E+00,   -0.9885865705020036031669406E-02,     -1.04%
    0.2400000000000002131628207E+00,    0.9358183470009591164995300E+00,    0.9455370650529499876313366E+00,   -0.9718718051990871131806671E-02,     -1.03%
    0.2416666666666662521834041E+00,    0.9352687779027201164794292E+00,    0.9448198937077620929159139E+00,   -0.9551115805041976436484674E-02,     -1.01%
    0.2433333333333331793824073E+00,    0.9347157861723309757451261E+00,    0.9440988576403822607474581E+00,   -0.9383071468051285002331952E-02,     -0.99%
    0.2450000000000001065814104E+00,    0.9341593794690388197210495E+00,    0.9433739770288436243816932E+00,   -0.9214597559804804660643640E-02,     -0.98%
    0.2466666666666670337804135E+00,    0.9335995654974141855220182E+00,    0.9426452721102682730247579E+00,   -0.9045706612854087502739731E-02,     -0.96%
    0.2483333333333330728009969E+00,    0.9330363520072046945585953E+00,    0.9419127631795836119721343E+00,   -0.8876411172378917413539057E-02,     -0.94%
    0.2500000000000000000000000E+00,    0.9324697467931883920755354E+00,    0.9411764705882352810561997E+00,   -0.8706723795046888980664335E-02,     -0.93%
    0.2516666666666669271990031E+00,    0.9318997576950256434002995E+00,    0.9404364147429080666995560E+00,   -0.8536657047882423299256516E-02,     -0.91%
    0.2533333333333329662195865E+00,    0.9313263925971120293922922E+00,    0.9396926161042433722769829E+00,   -0.8366223507131342884690639E-02,     -0.89%
    0.2549999999999998934185896E+00,    0.9307496594284255797546734E+00,    0.9389450951855591309680449E+00,   -0.8195435757133551213371447E-02,     -0.87%
    0.2566666666666668206175927E+00,    0.9301695661623792243943853E+00,    0.9381938725515744925687045E+00,   -0.8024306389195268174319153E-02,     -0.86%
    0.2583333333333337478165959E+00,    0.9295861208166691369569890E+00,    0.9374389688171340662137254E+00,   -0.7852848000464929256736468E-02,     -0.84%
    0.2599999999999997868371793E+00,    0.9289993314531213020046607E+00,    0.9366804046459349386566373E+00,   -0.7681073192813636651976594E-02,     -0.82%
    0.2616666666666667140361824E+00,    0.9284092061775415238855658E+00,    0.9359182007492544697058179E+00,   -0.7508994571712945820252116E-02,     -0.80%
    0.2633333333333336412351855E+00,    0.9278157531395567758636389E+00,    0.9351523778846851930879325E+00,   -0.7336624745128417224293571E-02,     -0.78%
    0.2649999999999996802557689E+00,    0.9272189805324660971663775E+00,    0.9343829568548671637984171E+00,   -0.7163976322401066632039601E-02,     -0.77%
    0.2666666666666666074547720E+00,    0.9266188965930831633599496E+00,    0.9336099585062240802102451E+00,   -0.6991061913140916850295525E-02,     -0.75%
    0.2683333333333335346537751E+00,    0.9260155096015781905904873E+00,    0.9328334037277058454762368E+00,   -0.6817894126127654885749507E-02,     -0.73%
    0.2699999999999995736743585E+00,    0.9254088278813237256059665E+00,    0.9320533134495295746191346E+00,   -0.6644485568205849013168063E-02,     -0.71%
    0.2716666666666665008733617E+00,    0.9247988597987346626183580E+00,    0.9312697086419242653576589E+00,   -0.6470848843189602739300881E-02,     -0.69%
    0.2733333333333334280723648E+00,    0.9241856137631124790132731E+00,    0.9304826103138827964045277E+00,   -0.6296996550770317391254594E-02,     -0.68%
    0.2750000000000003552713679E+00,    0.9235690982264823656322505E+00,    0.9296920395119114832738205E+00,   -0.6122941285429117641569974E-02,     -0.66%
    0.2766666666666663942919513E+00,    0.9229493216834362412370751E+00,    0.9288980173187876276941211E+00,   -0.5948695635351386457045919E-02,     -0.64%
    0.2783333333333333214909544E+00,    0.9223262926709679954129228E+00,    0.9281005648523160678209365E+00,   -0.5774272181348072408013650E-02,     -0.62%
    0.2800000000000002486899575E+00,    0.9217000197683158368988643E+00,    0.9272997032640947212556171E+00,   -0.5599683495778884356752769E-02,     -0.60%
    0.2816666666666662877105409E+00,    0.9210705115967975364910103E+00,    0.9264954537382806831757875E+00,   -0.5424942141483146684777239E-02,     -0.59%
    0.2833333333333332149095440E+00,    0.9204377768196442266557256E+00,    0.9256878374903575457111060E+00,   -0.5250060670713319055380452E-02,     -0.57%
    0.2850000000000001421085472E+00,    0.9198018241418429719047367E+00,    0.9248768757659135975046638E+00,   -0.5075051624070625599927098E-02,     -0.55%
    0.2866666666666670693075503E+00,    0.9191626623099652393378278E+00,    0.9240625898394183579398486E+00,   -0.4899927529453118602020822E-02,     -0.53%
    0.2883333333333331083281337E+00,    0.9185203001120065824380845E+00,    0.9232450010130049955492382E+00,   -0.4724700900998413111153695E-02,     -0.51%
    0.2900000000000000355271368E+00,    0.9178747463772117809455153E+00,    0.9224241306152568542486847E+00,   -0.4549384238045073303169374E-02,     -0.49%
    0.2916666666666669627261399E+00,    0.9172260099759194096336046E+00,    0.9215999999999998637534304E+00,   -0.4373990024080454119825845E-02,     -0.47%
    0.2933333333333330017467233E+00,    0.9165740998193835364915572E+00,    0.9207726305450976145294817E+00,   -0.4198530725714078037924537E-02,     -0.46%
    0.2949999999999999289457264E+00,    0.9159190248596084105159321E+00,    0.9199420436512500964809647E+00,   -0.4023018791641685965032593E-02,     -0.44%
    0.2966666666666668561447295E+00,    0.9152607940891798188332018E+00,    0.9191082607408010973770729E+00,   -0.3847466651621278543871085E-02,     -0.42%
    0.2983333333333328951653129E+00,    0.9145994165410947784877749E+00,    0.9182713032565473776358544E+00,   -0.3671886715452599148079571E-02,     -0.40%
    0.2999999999999998223643161E+00,    0.9139349012885871204048271E+00,    0.9174311926605506206655605E+00,   -0.3496291371963500260733326E-02,     -0.38%
    0.3016666666666667495633192E+00,    0.9132672574449595126466761E+00,    0.9165879504329604854362401E+00,   -0.3320692988000972789564003E-02,     -0.36%
    0.3033333333333336767623223E+00,    0.9125964941634088223310073E+00,    0.9157415980708375480290329E+00,   -0.3145103907428725698025573E-02,     -0.34%
    0.3049999999999997157829057E+00,    0.9119226206368521436829155E+00,    0.9148921570869834596351211E+00,   -0.2969536450131315952205568E-02,     -0.32%
    0.3066666666666666429819088E+00,    0.9112456460977538252876684E+00,    0.9140396490087748793129663E+00,   -0.2794002911021054025297872E-02,     -0.31%
    0.3083333333333335701809119E+00,    0.9105655798179500548528154E+00,    0.9131840953770054003513224E+00,   -0.2618515559055345498506995E-02,     -0.29%
    0.3099999999999996092014953E+00,    0.9098824311084742211264142E+00,    0.9123255177447314734351380E+00,   -0.2443086636257252308723764E-02,     -0.27%
    0.3116666666666665364004984E+00,    0.9091962093193759475440174E+00,    0.9114639376761214384359278E+00,   -0.2267728356745490891910322E-02,     -0.25%
    0.3133333333333334635995016E+00,    0.9085069238395513391282066E+00,    0.9105993767453153253654818E+00,   -0.2092452905763986237275276E-02,     -0.23%
    0.3150000000000003907985047E+00,    0.9078145840965596846672270E+00,    0.9097318565352859875972058E+00,   -0.1917272438726302929978829E-02,     -0.21%
    0.3166666666666664298190881E+00,    0.9071191995564469312540723E+00,    0.9088613986367080066486324E+00,   -0.1742199080261075394560066E-02,     -0.19%
    0.3183333333333333570180912E+00,    0.9064207797235637187327484E+00,    0.9079880246468304827445195E+00,   -0.1567244923266764011771102E-02,     -0.17%
    0.3200000000000002842170943E+00,    0.9057193341403909636611047E+00,    0.9071117561683597063648676E+00,   -0.1392422027968742703762928E-02,     -0.15%
    0.3216666666666663232376777E+00,    0.9050148723873525646865801E+00,    0.9062326148083446053504986E+00,   -0.1217742420992040663918488E-02,     -0.13%
    0.3233333333333332504366808E+00,    0.9043074040826365456169356E+00,    0.9053506221770665218784302E+00,   -0.1043218094429976261494630E-02,     -0.12%
    0.3250000000000001776356839E+00,    0.9035969388820160874686849E+00,    0.9044657998869417570020346E+00,   -0.8688610049256695333497191E-03,     -0.10%
    0.3266666666666671048346871E+00,    0.9028834864786614566867229E+00,    0.9035781695514233380350788E+00,   -0.6946830727618813483559279E-03,     -0.08%
    0.3283333333333331438552705E+00,    0.9021670566029597049251265E+00,    0.9026877527839142212329193E+00,   -0.5206961809545163077928009E-03,     -0.06%
    0.3300000000000000710542736E+00,    0.9014476590223288177128325E+00,    0.9017945711966813826521161E+00,   -0.3469121743525649392836385E-03,     -0.04%
    0.3316666666666669982532767E+00,    0.9007253035410334174315494E+00,    0.9008986463997836757755522E+00,   -0.1733428587502583440027593E-03,     -0.02%
    0.3333333333333330372738601E+00,    0.9000000000000000222044605E+00,    0.9000000000000001332267630E+00,   -0.1110223024625156540423632E-15,      0.00%
    0.3349999999999999644728632E+00,    0.8992717582766270867367098E+00,    0.8990986535997662620900428E+00,    0.1731046768608246466669698E-03,      0.02%
    0.3366666666666668916718663E+00,    0.8985405882846017044940368E+00,    0.8981946287961195540816561E+00,    0.3459594884821504123806335E-03,      0.04%
    0.3383333333333329306924497E+00,    0.8978064999737119800116147E+00,    0.8972879471796497696800543E+00,    0.5185527940622103315604363E-03,      0.06%
    0.3399999999999998578914528E+00,    0.8970695033296554044000004E+00,    0.8963786303334528859920738E+00,    0.6908729962025184079266182E-03,      0.08%
    0.3416666666666667850904560E+00,    0.8963296083738521158323920E+00,    0.8954666998320999216076643E+00,    0.8629085417521942247276456E-03,      0.10%
    0.3433333333333337122894591E+00,    0.8955868251632546073182084E+00,    0.8945521772406045402092900E+00,    0.1034647922650067108918392E-02,      0.12%
    0.3449999999999997513100425E+00,    0.8948411637901582116327859E+00,    0.8936350841134025335676938E+00,    0.1206079676755678065092070E-02,      0.13%
    0.3466666666666666785090456E+00,    0.8940926343820069233103709E+00,    0.8927154419933344131621311E+00,    0.1377192388672510148239780E-02,      0.15%
    0.3483333333333336057080487E+00,    0.8933412471012057709529586E+00,    0.8917932724106408803876889E+00,    0.1547974690564890565269707E-02,      0.17%
    0.3499999999999996447286321E+00,    0.8925870121449255290002611E+00,    0.8908685968819600731194441E+00,    0.1718415262965455880816990E-02,      0.19%
    0.3516666666666665719276352E+00,    0.8918299397449118703917748E+00,    0.8899414369093323617931901E+00,    0.1888502835579508598584653E-02,      0.21%
    0.3533333333333334991266383E+00,    0.8910700401672889681137235E+00,    0.8890118139792168028279207E+00,    0.2058226188072165285802839E-02,      0.23%
    0.3550000000000004263256415E+00,    0.8903073237123669825265893E+00,    0.8880797495615103676058766E+00,    0.2227574150856614920712673E-02,      0.25%
    0.3566666666666664653462249E+00,    0.8895418007144479943804072E+00,    0.8871452651085768303929058E+00,    0.2396535605871163987501404E-02,      0.27%
    0.3583333333333333925452280E+00,    0.8887734815416270528487530E+00,    0.8862083820542802081732248E+00,    0.2565099487346844675528246E-02,      0.29%
    0.3600000000000003197442311E+00,    0.8880023765955982195663410E+00,    0.8852691218130310790712656E+00,    0.2733254782567140495075364E-02,      0.31%
    0.3616666666666663587648145E+00,    0.8872284963114606126666217E+00,    0.8843275057788347881526647E+00,    0.2900990532625824513957014E-02,      0.33%
    0.3633333333333332859638176E+00,    0.8864518511575129044999244E+00,    0.8833835553243489790986587E+00,    0.3068295833163925401265715E-02,      0.35%
    0.3650000000000002131628207E+00,    0.8856724516350635845185479E+00,    0.8824372917999513399323064E+00,    0.3235159835112244586241559E-02,      0.37%
    0.3666666666666662521834041E+00,    0.8848903082782283435747672E+00,    0.8814887365328112345252976E+00,    0.3401571745417109049469673E-02,      0.39%
    0.3683333333333331793824073E+00,    0.8841054316537286794641659E+00,    0.8805379108259691056659335E+00,    0.3567520827759573798232395E-02,      0.41%
    0.3700000000000001065814104E+00,    0.8833178323606961646063951E+00,    0.8795848359574280905803789E+00,    0.3732996403268074026016166E-02,      0.42%
    0.3716666666666670337804135E+00,    0.8825275210304709405662038E+00,    0.8786295331792475238330553E+00,    0.3897987851223416733148497E-02,      0.44%
    0.3733333333333330728009969E+00,    0.8817345083263991023514450E+00,    0.8776720237166486526803055E+00,    0.4062484609750449671139449E-02,      0.46%
    0.3750000000000000000000000E+00,    0.8809388049436284173765443E+00,    0.8767123287671232390039222E+00,    0.4226476176505178372622140E-02,      0.48%
    0.3766666666666669271990031E+00,    0.8801404216089138143885862E+00,    0.8757504694995571492555086E+00,    0.4389952109356665133077513E-02,      0.50%
    0.3783333333333329662195865E+00,    0.8793393690804075513156590E+00,    0.8747864670533548325792594E+00,    0.4552902027052718736399584E-02,      0.52%
    0.3799999999999998934185896E+00,    0.8785356581474563775202569E+00,    0.8738203425375743460534750E+00,    0.4715315609882031466781882E-02,      0.54%
    0.3816666666666668206175927E+00,    0.8777292996304008054764267E+00,    0.8728521170300720388723903E+00,    0.4877182600328766604036446E-02,      0.56%
    0.3833333333333337478165959E+00,    0.8769203043803687203094910E+00,    0.8718818115766526766208244E+00,    0.5038492803716043688666559E-02,      0.58%
    0.3849999999999997868371793E+00,    0.8761086832790684342242571E+00,    0.8709094471902285583553294E+00,    0.5199236088839875868927720E-02,      0.60%
    0.3866666666666667140361824E+00,    0.8752944472385852936469064E+00,    0.8699350448499845178673695E+00,    0.5359402388600775779536889E-02,      0.62%
    0.3883333333333336412351855E+00,    0.8744776072011748446755064E+00,    0.8689586255005561366004940E+00,    0.5518981700618708075012364E-02,      0.64%
    0.3899999999999996802557689E+00,    0.8736581741390534450175664E+00,    0.8679802100512110651919784E+00,    0.5677964087842379825588068E-02,      0.65%
    0.3916666666666666074547720E+00,    0.8728361590541944270427166E+00,    0.8669998193750376724864282E+00,    0.5836339679156754556288433E-02,      0.67%
    0.3933333333333335346537751E+00,    0.8720115729781173774526337E+00,    0.8660174743081481274487032E+00,    0.5994098669969250003930483E-02,      0.69%
    0.3949999999999995736743585E+00,    0.8711844269716827460214859E+00,    0.8650331956488832574336811E+00,    0.6151231322799488587804717E-02,      0.71%
    0.3966666666666665008733617E+00,    0.8703547321248769064183648E+00,    0.8640470041570262882402176E+00,    0.6307727967850618178147215E-02,      0.73%
    0.3983333333333334280723648E+00,    0.8695224995566073200592427E+00,    0.8630589205530289076406802E+00,    0.6463579003578412418562493E-02,      0.75%
    0.4000000000000003552713679E+00,    0.8686877404144918157768984E+00,    0.8620689655172411036687663E+00,    0.6618774897250712108132120E-02,      0.77%
    0.4016666666666663942919513E+00,    0.8678504658746474254016334E+00,    0.8610771596891513279814490E+00,    0.6773306185496097420184469E-02,      0.79%
    0.4033333333333333214909544E+00,    0.8670106871414769988959392E+00,    0.8600835236666316552245348E+00,    0.6927163474845343671404407E-02,      0.81%
    0.4050000000000002486899575E+00,    0.8661684154474587060690283E+00,    0.8590880780051973752975414E+00,    0.7080337442261330771486882E-02,      0.82%
    0.4066666666666662877105409E+00,    0.8653236620529373146482044E+00,    0.8580908432172689170869262E+00,    0.7232818835668397561278198E-02,      0.84%
    0.4083333333333332149095440E+00,    0.8644764382459033669192650E+00,    0.8570918397714423209166057E+00,    0.7384598474461046002659259E-02,      0.86%
    0.4100000000000001421085472E+00,    0.8636267553417884546007599E+00,    0.8560910880917728116301646E+00,    0.7535667250015642970595309E-02,      0.88%
    0.4116666666666670693075503E+00,    0.8627746246832461718412333E+00,    0.8550886085570615913198367E+00,    0.7686016126184580521396583E-02,      0.90%
    0.4133333333333331083281337E+00,    0.8619200576399395075100074E+00,    0.8540844215001519579288924E+00,    0.7835636139787549581114945E-02,      0.92%
    0.4150000000000000355271368E+00,    0.8610630656083232414843565E+00,    0.8530785472072340835936188E+00,    0.7984518401089157890737624E-02,      0.94%
    0.4166666666666669627261399E+00,    0.8602036600114341124978523E+00,    0.8520710059171595629479157E+00,    0.8132654094274549549936637E-02,      0.95%
    0.4183333333333330017467233E+00,    0.8593418522986693286469517E+00,    0.8510618178207619566322251E+00,    0.8280034477907372014726661E-02,      0.97%
    0.4199999999999999289457264E+00,    0.8584776539455745147932930E+00,    0.8500510030601836630737012E+00,    0.8426650885390851719591865E-02,      0.99%
    0.4216666666666668561447295E+00,    0.8576110764536233332933080E+00,    0.8490385817282178892995148E+00,    0.8572494725405443993793142E-02,      1.01%
    0.4233333333333328951653129E+00,    0.8567421313500033219767715E+00,    0.8480245738676518429954854E+00,    0.8717557482351478981286164E-02,      1.03%
    0.4249999999999998223643161E+00,    0.8558708301873945156756918E+00,    0.8470089994706194724827242E+00,    0.8861830716775043192967587E-02,      1.05%
    0.4266666666666667495633192E+00,    0.8549971845437567274927915E+00,    0.8459918784779666411921539E+00,    0.9005306065790086300637540E-02,      1.06%
    0.4283333333333336767623223E+00,    0.8541212060221049506836266E+00,    0.8449732307786191887188920E+00,    0.9147975243485761964734593E-02,      1.08%
    0.4299999999999997157829057E+00,    0.8532429062502943084567164E+00,    0.8439530762089628712629974E+00,    0.9289830041331437193719012E-02,      1.10%
    0.4316666666666666429819088E+00,    0.8523622968807970101678961E+00,    0.8429314345522278539846184E+00,    0.9430862328569156183277755E-02,      1.12%
    0.4333333333333335701809119E+00,    0.8514793895904867460089349E+00,    0.8419083255378856378570163E+00,    0.9571064052601108151918652E-02,      1.14%
    0.4349999999999996092014953E+00,    0.8505941960804144219565615E+00,    0.8408837688410520927462244E+00,    0.9710427239362329210337066E-02,      1.15%
    0.4366666666666665364004984E+00,    0.8497067280755875584574710E+00,    0.8398577840818954864943180E+00,    0.9848943993692071963153012E-02,      1.17%
    0.4383333333333334635995016E+00,    0.8488169973247511324032644E+00,    0.8388303908250595020135165E+00,    0.9986606499691630389747843E-02,      1.19%
    0.4400000000000003907985047E+00,    0.8479250156001636451463810E+00,    0.8378016085790881417594278E+00,    0.1012340702107550338695319E-01,      1.21%
    0.4416666666666664298190881E+00,    0.8470307946973776314081306E+00,    0.8367714567958627336352606E+00,    0.1025933790151489777286997E-01,      1.23%
    0.4433333333333333570180912E+00,    0.8461343464350121745809474E+00,    0.8357399548700424896097161E+00,    0.1039439156496968497123135E-01,      1.24%
    0.4450000000000002842170943E+00,    0.8452356826545349699486565E+00,    0.8347071221385193862118967E+00,    0.1052856051601558373675971E-01,      1.26%
    0.4466666666666663232376777E+00,    0.8443348152200351730556349E+00,    0.8336729778798772638737091E+00,    0.1066183734015790918192579E-01,      1.28%
    0.4483333333333332504366808E+00,    0.8434317560180005779457701E+00,    0.8326375413138559222758772E+00,    0.1079421470414465566989293E-01,      1.30%
    0.4500000000000001776356839E+00,    0.8425265169570947954014173E+00,    0.8316008316008315359724179E+00,    0.1092568535626325942899939E-01,      1.31%
    0.4516666666666671048346871E+00,    0.8416191099679306564240733E+00,    0.8305628678412976251266286E+00,    0.1105624212663303129744463E-01,      1.33%
    0.4533333333333331438552705E+00,    0.8407095470028476125179395E+00,    0.8295236690753576835888339E+00,    0.1118587792748992892910564E-01,      1.35%
    0.4550000000000000710542736E+00,    0.8397978400356796990777752E+00,    0.8284832542822228029777420E+00,    0.1131458575345689610003319E-01,      1.37%
    0.4566666666666669982532767E+00,    0.8388840010615392639437005E+00,    0.8274416423797220643265860E+00,    0.1144235868181719961711451E-01,      1.38%
    0.4583333333333330372738601E+00,    0.8379680420965833764768149E+00,    0.8263988522238164824429418E+00,    0.1156918987276689403387309E-01,      1.40%
    0.4599999999999999644728632E+00,    0.8370499751777892294413164E+00,    0.8253549026081214989858381E+00,    0.1169507256966773045547825E-01,      1.42%
    0.4616666666666668916718663E+00,    0.8361298123627272094182672E+00,    0.8243098122634400226615981E+00,    0.1182000009928718675666914E-01,      1.43%
    0.4633333333333329306924497E+00,    0.8352075657293355215315955E+00,    0.8232635998573013536017129E+00,    0.1194396587203416792988264E-01,      1.45%
    0.4649999999999998578914528E+00,    0.8342832473756883748805535E+00,    0.8222162839935045486328136E+00,    0.1206696338218382624773994E-01,      1.47%
    0.4666666666666667850904560E+00,    0.8333568694197712733995331E+00,    0.8211678832116787729589191E+00,    0.1218898620809250044061400E-01,      1.48%
    0.4683333333333337122894591E+00,    0.8324284439992500894689442E+00,    0.8201184159868414313976359E+00,    0.1231002801240865807130831E-01,      1.50%
    0.4699999999999997513100425E+00,    0.8314979832712454665966106E+00,    0.8190679007289705104710720E+00,    0.1243008254227495612553867E-01,      1.52%
    0.4716666666666666785090456E+00,    0.8305654994120981182703645E+00,    0.8180163557825803621881278E+00,    0.1254914362951775608223670E-01,      1.53%
    0.4733333333333336057080487E+00,    0.8296310046171455621077939E+00,    0.8169637994263097002800578E+00,    0.1266720519083586182773615E-01,      1.55%
    0.4749999999999996447286321E+00,    0.8286945111004885289318622E+00,    0.8159102498725141483504331E+00,    0.1278426122797438058142916E-01,      1.57%
    0.4766666666666665719276352E+00,    0.8277560310947609245602052E+00,    0.8148557252668653383409492E+00,    0.1290030582789558621925607E-01,      1.58%
    0.4783333333333334991266383E+00,    0.8268155768508997915944292E+00,    0.8138002436879617773612949E+00,    0.1301533316293801423313425E-01,      1.60%
    0.4800000000000004263256415E+00,    0.8258731606379159373432230E+00,    0.8127438231469438223442125E+00,    0.1312933749097211499901050E-01,      1.62%
    0.4816666666666664653462249E+00,    0.8249287947426604539202799E+00,    0.8116864815871177585293594E+00,    0.1324231315554269539092047E-01,      1.63%
    0.4833333333333333925452280E+00,    0.8239824914695943469666872E+00,    0.8106282368835847629284785E+00,    0.1335425458600958403820869E-01,      1.65%
    0.4850000000000003197442311E+00,    0.8230342631405549447265457E+00,    0.8095691068428827463776543E+00,    0.1346515629767219834889147E-01,      1.66%
    0.4866666666666663587648145E+00,    0.8220841220945277472154089E+00,    0.8085091092026305270579201E+00,    0.1357501289189722015748885E-01,      1.68%
    0.4883333333333332859638176E+00,    0.8211320806874103928052477E+00,    0.8074482616311801086439459E+00,    0.1368381905623028416130182E-01,      1.69%
    0.4900000000000002131628207E+00,    0.8201781512917807326346065E+00,    0.8063865817272799496606694E+00,    0.1379156956450078297393702E-01,      1.71%
    0.4916666666666662521834041E+00,    0.8192223462966652380856658E+00,    0.8053240870197418965759084E+00,    0.1389825927692334150975739E-01,      1.73%
    0.4933333333333331793824073E+00,    0.8182646781073033004361150E+00,    0.8042607949671147782311209E+00,    0.1400388314018852220499411E-01,      1.74%
    0.4950000000000001065814104E+00,    0.8173051591449158603808200E+00,    0.8031967229573703237477389E+00,    0.1410843618754553663308116E-01,      1.76%
    0.4966666666666670337804135E+00,    0.8163438018464703738175103E+00,    0.8021318883075905237234338E+00,    0.1421191353887985009407657E-01,      1.77%
    0.4983333333333330728009969E+00,    0.8153806186644483311454223E+00,    0.8010663082636666487701405E+00,    0.1431431040078168237528189E-01,      1.79%
    0.5000000000000000000000000E+00,    0.8144156220666063372704002E+00,    0.8000000000000000444089210E+00,    0.1441562206660629286147923E-01,      1.80%
    0.5016666666666669271990031E+00,    0.8134488245357470725949156E+00,    0.7989329806192172478418456E+00,    0.1451584391652982475306999E-01,      1.82%
    0.5033333333333329662195865E+00,    0.8124802385694820383577053E+00,    0.7978652671518871031253184E+00,    0.1461497141759493523238689E-01,      1.83%
    0.5049999999999998934185896E+00,    0.8115098766799940799288038E+00,    0.7967968765562439825700380E+00,    0.1471300012375009735876574E-01,      1.85%
    0.5066666666666668206175927E+00,    0.8105377513938055722420017E+00,    0.7957278257179232205942299E+00,    0.1480992567588235164777188E-01,      1.86%
    0.5083333333333337478165959E+00,    0.8095638752515414982013908E+00,    0.7946581314496989900675317E+00,    0.1490574380184250813385916E-01,      1.88%
    0.5099999999999997868371793E+00,    0.8085882608076929711771186E+00,    0.7935878104912309494167744E+00,    0.1500045031646202176034421E-01,      1.89%
    0.5116666666666667140361824E+00,    0.8076109206303797583004211E+00,    0.7925168795088156636907684E+00,    0.1509404112156409460965278E-01,      1.90%
    0.5133333333333336412351855E+00,    0.8066318673011169115838470E+00,    0.7914453550951491278553362E+00,    0.1518651220596778372851077E-01,      1.92%
    0.5149999999999996802557689E+00,    0.8056511134145781793947094E+00,    0.7903732537690927317797218E+00,    0.1527785964548544761498761E-01,      1.93%
    0.5166666666666666074547720E+00,    0.8046686715783539778357181E+00,    0.7893005919754439991820050E+00,    0.1536807960290997865371310E-01,      1.95%
    0.5183333333333335346537751E+00,    0.8036845544127205753781595E+00,    0.7882273860847212043623244E+00,    0.1545716832799937101583510E-01,      1.96%
    0.5199999999999995736743585E+00,    0.8026987745504000626439733E+00,    0.7871536523929474338245882E+00,    0.1554512215745262881938515E-01,      1.97%
    0.5216666666666665008733617E+00,    0.8017113446363226536561797E+00,    0.7860794071214428635485660E+00,    0.1563193751487979010761364E-01,      1.99%
    0.5233333333333334280723648E+00,    0.8007222773273884319777949E+00,    0.7850046664166280274699261E+00,    0.1571761091076040450786877E-01,      2.00%
    0.5250000000000003552713679E+00,    0.7997315852922322054752158E+00,    0.7839294463498281961832959E+00,    0.1580213894240400929191992E-01,      2.02%
    0.5266666666666663942919513E+00,    0.7987392812109840312118081E+00,    0.7828537629170873035633349E+00,    0.1588551829389672764847319E-01,      2.03%
    0.5283333333333333214909544E+00,    0.7977453777750276309177480E+00,    0.7817776320389846489433694E+00,    0.1596774573604298197437856E-01,      2.04%
    0.5300000000000002486899575E+00,    0.7967498876867679102886655E+00,    0.7807010695604650329926244E+00,    0.1604881812630287729604106E-01,      2.06%
    0.5316666666666662877105409E+00,    0.7957528236593877091209492E+00,    0.7796240912506688935934562E+00,    0.1612873240871881552749301E-01,      2.07%
    0.5333333333333332149095440E+00,    0.7947541984166115458521062E+00,    0.7785467128027682148783128E+00,    0.1620748561384333097379340E-01,      2.08%
    0.5350000000000001421085472E+00,    0.7937540246924642550752083E+00,    0.7774689498338158699652922E+00,    0.1628507485864838510991603E-01,      2.09%
    0.5366666666666670693075503E+00,    0.7927523152310363974137886E+00,    0.7763908178845936314260712E+00,    0.1636149734644276598771739E-01,      2.11%
    0.5383333333333331083281337E+00,    0.7917490827862376789880727E+00,    0.7753123324194699517164509E+00,    0.1643675036676772727162188E-01,      2.12%
    0.5400000000000000355271368E+00,    0.7907443401215641376467147E+00,    0.7742335088262619624543959E+00,    0.1651083129530217519231883E-01,      2.13%
    0.5416666666666669627261399E+00,    0.7897381000098571135481507E+00,    0.7731543624161071326383876E+00,    0.1658373759374998090976305E-01,      2.14%
    0.5433333333333330017467233E+00,    0.7887303752330596662289963E+00,    0.7720749084233374803787342E+00,    0.1665546680972218585026212E-01,      2.16%
    0.5449999999999999289457264E+00,    0.7877211785819815403897337E+00,    0.7709951620053584475655839E+00,    0.1672601657662309282414981E-01,      2.17%
    0.5466666666666668561447295E+00,    0.7867105228560566931861331E+00,    0.7699151382425402090348143E+00,    0.1679538461351648415131876E-01,      2.18%
    0.5483333333333328951653129E+00,    0.7856984208631042632120511E+00,    0.7688348521381086486670142E+00,    0.1686356872499561454503691E-01,      2.19%
    0.5499999999999998223643161E+00,    0.7846848854190846545009208E+00,    0.7677543186180423306907983E+00,    0.1693056680104232381012253E-01,      2.21%
    0.5516666666666667495633192E+00,    0.7836699293478668337797899E+00,    0.7666735525309810173055780E+00,    0.1699637681688581647421188E-01,      2.22%
    0.5533333333333336767623223E+00,    0.7826535654809779751772680E+00,    0.7655925686481334091482154E+00,    0.1706099683284456602905266E-01,      2.23%
    0.5549999999999997157829057E+00,    0.7816358066573724228121023E+00,    0.7645113816631946557222932E+00,    0.1712442499417776708980909E-01,      2.24%
    0.5566666666666666429819088E+00,    0.7806166657231835559471733E+00,    0.7634300061922656421842248E+00,    0.1718665953091791376294850E-01,      2.25%
    0.5583333333333335701809119E+00,    0.7795961555314857571730158E+00,    0.7623484567737834893819127E+00,    0.1724769875770226779110317E-01,      2.26%
    0.5599999999999996092014953E+00,    0.7785742889420572687697586E+00,    0.7612667478684532751387337E+00,    0.1730754107360399363102488E-01,      2.27%
    0.5616666666666665364004984E+00,    0.7775510788211295043481641E+00,    0.7601848938591841964296236E+00,    0.1736618496194530791854049E-01,      2.28%
    0.5633333333333334635995016E+00,    0.7765265380411580098396485E+00,    0.7591029090510369448097094E+00,    0.1742362899012106502993902E-01,      2.30%
    0.5650000000000003907985047E+00,    0.7755006794805698877581790E+00,    0.7580208076711704157091276E+00,    0.1747987180939947204905138E-01,      2.31%
    0.5666666666666664298190881E+00,    0.7744735160235323156996401E+00,    0.7569386038687974105343415E+00,    0.1753491215473490516529864E-01,      2.32%
    0.5683333333333333570180912E+00,    0.7734450605597039674066195E+00,    0.7558563117151430033047177E+00,    0.1758874884456096410190185E-01,      2.33%
    0.5700000000000002842170943E+00,    0.7724153259839977581080461E+00,    0.7547739452034113449840902E+00,    0.1764138078058641312395594E-01,      2.34%
    0.5716666666666663232376777E+00,    0.7713843251963355962530500E+00,    0.7536915182487561315483049E+00,    0.1769280694757946470474508E-01,      2.35%
    0.5733333333333332504366808E+00,    0.7703520711014117949844149E+00,    0.7526090446882527373873017E+00,    0.1774302641315905759711313E-01,      2.36%
    0.5750000000000001776356839E+00,    0.7693185766084486010285559E+00,    0.7515265382808828942273749E+00,    0.1779203832756570680118102E-01,      2.37%
    0.5766666666666671048346871E+00,    0.7682838546309540550538486E+00,    0.7504440127075183708527106E+00,    0.1783984192343568420113797E-01,      2.38%
    0.5783333333333331438552705E+00,    0.7672479180864820724750075E+00,    0.7493614815709115362096782E+00,    0.1788643651557053626532934E-01,      2.39%
    0.5800000000000000710542736E+00,    0.7662107798963875282538538E+00,    0.7482789583956899193140089E+00,    0.1793182150069760893984494E-01,      2.40%
    0.5816666666666669982532767E+00,    0.7651724529855898904173728E+00,    0.7471964566283588737860555E+00,    0.1797599635723101663131729E-01,      2.41%
    0.5833333333333330372738601E+00,    0.7641329502823269725908517E+00,    0.7461139896373059077205880E+00,    0.1801896064502106487026367E-01,      2.42%
    0.5849999999999999644728632E+00,    0.7630922847179139045792340E+00,    0.7450315707128088993371762E+00,    0.1806071400510500524205781E-01,      2.42%
    0.5866666666666668916718663E+00,    0.7620504692265026580599852E+00,    0.7439492130670545266823979E+00,    0.1810125615944813137758729E-01,      2.43%
    0.5883333333333329306924497E+00,    0.7610075167448416832982616E+00,    0.7428669298341552540421162E+00,    0.1814058691068642925614540E-01,      2.44%
    0.5899999999999998578914528E+00,    0.7599634402120263310109749E+00,    0.7417847340701728686696015E+00,    0.1817870614185346234137342E-01,      2.45%
    0.5916666666666667850904560E+00,    0.7589182525692687031337869E+00,    0.7407026387531504552086403E+00,    0.1821561381611824792514653E-01,      2.46%
    0.5933333333333337122894591E+00,    0.7578719667596464093506370E+00,    0.7396206567831430378490154E+00,    0.1825130997650337150162159E-01,      2.47%
    0.5949999999999997513100425E+00,    0.7568245957278645352772628E+00,    0.7385388009822568822215771E+00,    0.1828579474560765305568566E-01,      2.48%
    0.5966666666666666785090456E+00,    0.7557761524200132807749242E+00,    0.7374570840946895744494327E+00,    0.1831906832532370632549146E-01,      2.48%
    0.5983333333333336057080487E+00,    0.7547266497833277076878744E+00,    0.7363755187867802032286590E+00,    0.1835113099654750445921536E-01,      2.49%
    0.5999999999999996447286321E+00,    0.7536761007659428246441280E+00,    0.7352941176470589867975036E+00,    0.1838198311888383784662437E-01,      2.50%
    0.6016666666666665719276352E+00,    0.7526245183166547780828637E+00,    0.7342128931863004526192640E+00,    0.1841162513035432546359971E-01,      2.51%
    0.6033333333333334991266383E+00,    0.7515719153846757150105873E+00,    0.7331318578375867200946914E+00,    0.1844005754708899491589591E-01,      2.52%
    0.6050000000000004263256415E+00,    0.7505183049193974165191889E+00,    0.7320510239563694510067648E+00,    0.1846728096302796551242409E-01,      2.52%
    0.6066666666666664653462249E+00,    0.7494636998701443841852665E+00,    0.7309704038205387943705205E+00,    0.1849329604960558981474605E-01,      2.53%
    0.6083333333333333925452280E+00,    0.7484081131859351421198312E+00,    0.7298900096304931084389978E+00,    0.1851810355544203368083345E-01,      2.54%
    0.6100000000000003197442311E+00,    0.7473515578152382099474949E+00,    0.7288098535092192298279201E+00,    0.1854170430601898011957473E-01,      2.54%
    0.6116666666666663587648145E+00,    0.7462940467057367355252495E+00,    0.7277299475023703001497211E+00,    0.1856409920336643537552845E-01,      2.55%
    0.6133333333333332859638176E+00,    0.7452355928040775845389021E+00,    0.7266503035783490327403911E+00,    0.1858528922572855179851103E-01,      2.56%
    0.6150000000000002131628207E+00,    0.7441762090556371944671810E+00,    0.7255709336283987509474969E+00,    0.1860527542723844351968410E-01,      2.56%
    0.6166666666666662521834041E+00,    0.7431159084042795459623676E+00,    0.7244918494666937602843859E+00,    0.1862405893758578567798168E-01,      2.57%
    0.6183333333333331793824073E+00,    0.7420547037921119137848791E+00,    0.7234130628304340504541869E+00,    0.1864164096167786333069216E-01,      2.58%
    0.6200000000000001065814104E+00,    0.7409926081592456137414615E+00,    0.7223345853799479909795878E+00,    0.1865802277929762276187375E-01,      2.58%
    0.6216666666666670337804135E+00,    0.7399296344435544181550313E+00,    0.7212564286987930284311688E+00,    0.1867320574476138972386252E-01,      2.59%
    0.6233333333333330728009969E+00,    0.7388657955804361909812883E+00,    0.7201786042938650433953285E+00,    0.1868719128657114758595981E-01,      2.59%
    0.6250000000000000000000000E+00,    0.7378011045025667513641565E+00,    0.7191011235955055980184625E+00,    0.1869998090706115334569404E-01,      2.60%
    0.6266666666666669271990031E+00,    0.7367355741396637291984462E+00,    0.7180239979576203968036907E+00,    0.1871157618204333239475545E-01,      2.61%
    0.6283333333333329662195865E+00,    0.7356692174182442034435780E+00,    0.7169472386577953049169309E+00,    0.1872197876044889852664710E-01,      2.61%
    0.6299999999999998934185896E+00,    0.7346020472613832286157276E+00,    0.7158708568974158081843484E+00,    0.1873119036396742043137920E-01,      2.62%
    0.6316666666666668206175927E+00,    0.7335340765884769131943699E+00,    0.7147948638017952438517000E+00,    0.1873921278668166934266992E-01,      2.62%
    0.6333333333333337478165959E+00,    0.7324653183149976154453498E+00,    0.7137192704203010329422341E+00,    0.1874604789469658250311568E-01,      2.63%
    0.6349999999999997868371793E+00,    0.7313957853522571328497293E+00,    0.7126440877264873519081334E+00,    0.1875169762576978094159585E-01,      2.63%
    0.6366666666666667140361824E+00,    0.7303254906071624530383701E+00,    0.7115693266182272491704452E+00,    0.1875616398893520386792488E-01,      2.64%
    0.6383333333333336412351855E+00,    0.7292544469819823849121576E+00,    0.7104949979178547536662336E+00,    0.1875944906412763124592402E-01,      2.64%
    0.6399999999999996802557689E+00,    0.7281826673741040867327001E+00,    0.7094211123723044298827745E+00,    0.1876155500179965684992567E-01,      2.64%
    0.6416666666666666074547720E+00,    0.7271101646757897052353314E+00,    0.7083476806532540415162202E+00,    0.1876248402253566371911120E-01,      2.65%
    0.6433333333333335346537751E+00,    0.7260369517739435618608468E+00,    0.7072747133572757638475537E+00,    0.1876223841666779801329312E-01,      2.65%
    0.6449999999999995736743585E+00,    0.7249630415498707902699493E+00,    0.7062022210059853977170974E+00,    0.1876082054388539255285195E-01,      2.66%
    0.6466666666666665008733617E+00,    0.7238884468790353077238819E+00,    0.7051302140461940259896778E+00,    0.1875823283284128173420413E-01,      2.66%
    0.6483333333333334280723648E+00,    0.7228131806308231155355770E+00,    0.7040587028500686628262883E+00,    0.1875447778075445270928867E-01,      2.66%
    0.6500000000000003552713679E+00,    0.7217372556683038231639671E+00,    0.7029876977152896833089812E+00,    0.1874955795301413985498584E-01,      2.67%
    0.6516666666666663942919513E+00,    0.7206606848479933935536224E+00,    0.7019172088652144703146973E+00,    0.1874347598277892323892502E-01,      2.67%
    0.6533333333333333214909544E+00,    0.7195834810196093389578209E+00,    0.7008472464490406172998860E+00,    0.1873623457056872165793493E-01,      2.67%
    0.6550000000000002486899575E+00,    0.7185056570258399055717291E+00,    0.6997778205419777908247170E+00,    0.1872783648386211474701213E-01,      2.68%
    0.6566666666666662877105409E+00,    0.7174272257021022669576382E+00,    0.6987089411454171505866384E+00,    0.1871828455668511637099982E-01,      2.68%
    0.6583333333333332149095440E+00,    0.7163481998763047142730898E+00,    0.6976406181871034339891935E+00,    0.1870758168920128028389627E-01,      2.68%
    0.6600000000000001421085472E+00,    0.7152685923686104008112352E+00,    0.6965728615213150343166149E+00,    0.1869573084729536649462034E-01,      2.68%
    0.6616666666666670693075503E+00,    0.7141884159911979779167268E+00,    0.6955056809290408592616473E+00,    0.1868273506215711865507956E-01,      2.69%
    0.6633333333333331083281337E+00,    0.7131076835480256725929848E+00,    0.6944390861181628515907960E+00,    0.1866859742986282100218887E-01,      2.69%
    0.6650000000000000355271368E+00,    0.7120264078345932556857178E+00,    0.6933730867236387318541802E+00,    0.1865332111095452383153770E-01,      2.69%
    0.6666666666666669627261399E+00,    0.7109446016377068966463071E+00,    0.6923076923076920685673485E+00,    0.1863690933001482807895854E-01,      2.69%
    0.6683333333333330017467233E+00,    0.7098622777352409096707220E+00,    0.6912429123599995728355339E+00,    0.1861936537524133683518812E-01,      2.69%
    0.6699999999999999289457264E+00,    0.7087794488959010541506700E+00,    0.6901787562978811685354685E+00,    0.1860069259801988561520147E-01,      2.70%
    0.6716666666666668561447295E+00,    0.7076961278789898335261910E+00,    0.6891152334664982781475828E+00,    0.1858089441249155537860815E-01,      2.70%
    0.6733333333333328951653129E+00,    0.7066123274341707949375291E+00,    0.6880523531390480007630117E+00,    0.1855997429512279417451737E-01,      2.70%
    0.6749999999999998223643161E+00,    0.7055280603012294982079311E+00,    0.6869901245169601766704659E+00,    0.1853793578426932153746520E-01,      2.70%
    0.6766666666666667495633192E+00,    0.7044433392098421453653145E+00,    0.6859285567301023345265776E+00,    0.1851478247973981083873696E-01,      2.70%
    0.6783333333333336767623223E+00,    0.7033581768793396582495348E+00,    0.6848676588369804196787527E+00,    0.1849051804235923857078205E-01,      2.70%
    0.6799999999999997157829057E+00,    0.7022725860184719781642571E+00,    0.6838074398249454066700537E+00,    0.1846514619352657149420338E-01,      2.70%
    0.6816666666666666429819088E+00,    0.7011865793251693679266623E+00,    0.6827479086103994676548723E+00,    0.1843867071476990027178999E-01,      2.70%
    0.6833333333333335701809119E+00,    0.7001001694863178137495652E+00,    0.6816890740390075809074233E+00,    0.1841109544731023284214189E-01,      2.70%
    0.6849999999999996092014953E+00,    0.6990133691775149982206017E+00,    0.6806309448859095834194477E+00,    0.1838242429160541480115398E-01,      2.70%
    0.6866666666666665364004984E+00,    0.6979261910628417053814587E+00,    0.6795735298559304471410769E+00,    0.1835266120691125824038181E-01,      2.70%
    0.6883333333333334635995016E+00,    0.6968386477946277857142832E+00,    0.6785168375838014354073380E+00,    0.1832181021082635030694519E-01,      2.70%
    0.6900000000000003907985047E+00,    0.6957507520132177880611835E+00,    0.6774608766343740429149989E+00,    0.1828987537884374514618457E-01,      2.70%
    0.6916666666666664298190881E+00,    0.6946625163467391450566879E+00,    0.6764056555028419293051911E+00,    0.1825686084389721575149679E-01,      2.70%
    0.6933333333333333570180912E+00,    0.6935739534108672499357340E+00,    0.6753511826149597441215633E+00,    0.1822277079590750581417069E-01,      2.70%
    0.6950000000000002842170943E+00,    0.6924850758085957513898734E+00,    0.6742974663272700563965145E+00,    0.1818760948132569499335887E-01,      2.70%
    0.6966666666666663232376777E+00,    0.6913958961300048500220328E+00,    0.6732445149273272866352613E+00,    0.1815138120267756338677145E-01,      2.70%
    0.6983333333333332504366808E+00,    0.6903064269520249318645710E+00,    0.6721923366339223049337193E+00,    0.1811409031810262693085178E-01,      2.69%
    0.7000000000000001776356839E+00,    0.6892166808382115261721879E+00,    0.6711409395973153557690694E+00,    0.1807574124089617040311850E-01,      2.69%
    0.7016666666666671048346871E+00,    0.6881266703385093830291908E+00,    0.6700903318994638757644111E+00,    0.1803633843904550726477964E-01,      2.69%
    0.7033333333333331438552705E+00,    0.6870364079890231012726076E+00,    0.6690405215542555295016314E+00,    0.1799588643476757177097625E-01,      2.69%
    0.7050000000000000710542736E+00,    0.6859459063117887556160213E+00,    0.6679915165077403571558534E+00,    0.1795438980404839846016785E-01,      2.69%
    0.7066666666666669982532767E+00,    0.6848551778145389734575588E+00,    0.6669433246383683622227068E+00,    0.1791185317617061123485200E-01,      2.69%
    0.7083333333333330372738601E+00,    0.6837642349904794469850344E+00,    0.6658959537572256559556649E+00,    0.1786828123325379102936949E-01,      2.68%
    0.7099999999999999644728632E+00,    0.6826730903180543430508465E+00,    0.6648494116082707128256857E+00,    0.1782367870978363022516078E-01,      2.68%
    0.7116666666666668916718663E+00,    0.6815817562607200397195584E+00,    0.6638037058685777314082088E+00,    0.1777805039214230831134955E-01,      2.68%
    0.7133333333333329306924497E+00,    0.6804902452667148660125918E+00,    0.6627588441485761094895679E+00,    0.1773140111813875652302386E-01,      2.68%
    0.7149999999999998578914528E+00,    0.6793985697688307290320608E+00,    0.6617148339922911404187289E+00,    0.1768373577653958861333194E-01,      2.67%
    0.7166666666666667850904560E+00,    0.6783067421841886268651933E+00,    0.6606716828775921479532940E+00,    0.1763505930659647891189934E-01,      2.67%
    0.7183333333333337122894591E+00,    0.6772147749140045025484369E+00,    0.6596293982164350699903821E+00,    0.1758537669756943255805481E-01,      2.67%
    0.7199999999999997513100425E+00,    0.6761226803433708631985155E+00,    0.6585879873551107044349351E+00,    0.1753469298826015876358042E-01,      2.66%
    0.7216666666666666785090456E+00,    0.6750304708410179710398324E+00,    0.6575474575744899574658575E+00,    0.1748301326652801357397493E-01,      2.66%
    0.7233333333333336057080487E+00,    0.6739381587591007916060448E+00,    0.6565078160902769743856311E+00,    0.1743034266882381722041373E-01,      2.66%
    0.7249999999999996447286321E+00,    0.6728457564329625162358184E+00,    0.6554690700532571634440160E+00,    0.1737668637970535279180240E-01,      2.65%
    0.7266666666666665719276352E+00,    0.6717532761809129615571123E+00,    0.6544312265495477731747087E+00,    0.1732204963136518838240363E-01,      2.65%
    0.7283333333333334991266383E+00,    0.6706607303040053036369272E+00,    0.6533942926008540208471231E+00,    0.1726643770315128278980410E-01,      2.64%
    0.7300000000000004263256415E+00,    0.6695681310858062618152076E+00,    0.6523582751647202249145607E+00,    0.1720985592108603690064683E-01,      2.64%
    0.7316666666666664653462249E+00,    0.6684754907921783839697127E+00,    0.6513231811347860444882940E+00,    0.1715230965739233948141873E-01,      2.63%
    0.7333333333333333925452280E+00,    0.6673828216710456784355188E+00,    0.6502890173410403873432983E+00,    0.1709380433000529109222043E-01,      2.63%
    0.7350000000000003197442311E+00,    0.6662901359521812283404074E+00,    0.6492557905500817572175265E+00,    0.1703434540209947112288091E-01,      2.62%
    0.7366666666666663587648145E+00,    0.6651974458469781525948861E+00,    0.6482235074653742712413873E+00,    0.1697393838160388135349876E-01,      2.62%
    0.7383333333333332859638176E+00,    0.6641047635482273392426578E+00,    0.6471921747275051206571561E+00,    0.1691258882072221858550165E-01,      2.61%
    0.7400000000000002131628207E+00,    0.6630121012298944016549740E+00,    0.6461617989144480267427184E+00,    0.1685030231544637491225558E-01,      2.61%
    0.7416666666666662521834041E+00,    0.6619194710468996323271540E+00,    0.6451323865418218117540050E+00,    0.1678708450507782057314898E-01,      2.60%
    0.7433333333333331793824073E+00,    0.6608268851348957362290548E+00,    0.6441039440631509682688716E+00,    0.1672294107174476796018325E-01,      2.60%
    0.7450000000000001065814104E+00,    0.6597343556100462302893561E+00,    0.6430764778701306694230766E+00,    0.1665787773991556086627952E-01,      2.59%
    0.7466666666666670337804135E+00,    0.6586418945688085058165484E+00,    0.6420499942928886705217906E+00,    0.1659190027591983529475783E-01,      2.58%
    0.7483333333333330728009969E+00,    0.6575495140877057886896750E+00,    0.6410244996002500972309690E+00,    0.1652501448745569145870604E-01,      2.58%
    0.7500000000000000000000000E+00,    0.6564572262231147536937215E+00,    0.6400000000000000133226763E+00,    0.1645722622311474037104517E-01,      2.57%
    0.7516666666666669271990031E+00,    0.6553650430110455893384369E+00,    0.6389765016391520946470450E+00,    0.1638854137189349469139188E-01,      2.56%
    0.7533333333333329662195865E+00,    0.6542729764669187320080823E+00,    0.6379540106042135283459515E+00,    0.1631896586270520366213077E-01,      2.56%
    0.7549999999999998934185896E+00,    0.6531810385853510370068875E+00,    0.6369325329214503561559013E+00,    0.1624850566390068085098619E-01,      2.55%
    0.7566666666666668206175927E+00,    0.6520892413399357323555705E+00,    0.6359120745571578137145252E+00,    0.1617716678277791864104529E-01,      2.54%
    0.7583333333333337478165959E+00,    0.6509975966830273685914676E+00,    0.6348926414179266730641871E+00,    0.1610495526510069552728055E-01,      2.54%
    0.7599999999999997868371793E+00,    0.6499061165455226607434724E+00,    0.6338742393509129158246651E+00,    0.1603187719460974491880734E-01,      2.53%
    0.7616666666666667140361824E+00,    0.6488148128366447719983512E+00,    0.6328568741441049638751792E+00,    0.1595793869253980812317195E-01,      2.52%
    0.7633333333333336412351855E+00,    0.6477236974437299288354097E+00,    0.6318405515265967942184488E+00,    0.1588314591713313461696089E-01,      2.51%
    0.7649999999999996802557689E+00,    0.6466327822320083740237351E+00,    0.6308252771688563909080472E+00,    0.1580750506315198311568793E-01,      2.51%
    0.7666666666666666074547720E+00,    0.6455420790443889833554181E+00,    0.6298110566829950851541753E+00,    0.1573102236139389820124279E-01,      2.50%
    0.7683333333333335346537751E+00,    0.6444515997012537633636953E+00,    0.6287978956230425575668619E+00,    0.1565370407821120579683338E-01,      2.49%
    0.7699999999999995736743585E+00,    0.6433613560002309217367156E+00,    0.6277857994852159562171323E+00,    0.1557555651501496551958326E-01,      2.48%
    0.7716666666666665008733617E+00,    0.6422713597159935838831757E+00,    0.6267747737081912351442270E+00,    0.1549658600780234873894869E-01,      2.47%
    0.7733333333333334280723648E+00,    0.6411816226000386365058148E+00,    0.6257648236733784896657085E+00,    0.1541679892666014684010634E-01,      2.46%
    0.7750000000000003552713679E+00,    0.6400921563804795599850195E+00,    0.6247559547051930728400748E+00,    0.1533620167528648714494466E-01,      2.45%
    0.7766666666666663942919513E+00,    0.6390029727618348198703302E+00,    0.6237481720713292654423299E+00,    0.1525480069050555442800032E-01,      2.45%
    0.7783333333333333214909544E+00,    0.6379140834248093749891950E+00,    0.6227414809830319475381089E+00,    0.1517260244177742745108617E-01,      2.44%
    0.7800000000000002486899575E+00,    0.6368255000260960585478642E+00,    0.6217358865953740432175323E+00,    0.1508961343072201533033194E-01,      2.43%
    0.7816666666666662877105409E+00,    0.6357372341981554209056071E+00,    0.6207313940075283031916342E+00,    0.1500584019062711771397289E-01,      2.42%
    0.7833333333333332149095440E+00,    0.6346492975490118926273908E+00,    0.6197280082630401976118151E+00,    0.1492128928597169501557573E-01,      2.41%
    0.7850000000000001421085472E+00,    0.6335617016620439523322261E+00,    0.6187257343501059159152078E+00,    0.1483596731193803641701834E-01,      2.40%
    0.7866666666666670693075503E+00,    0.6324744580957735173853962E+00,    0.6177245772018447045326184E+00,    0.1474988089392881285277781E-01,      2.39%
    0.7883333333333331083281337E+00,    0.6313875783836614408173205E+00,    0.6167245416965750903770527E+00,    0.1466303668708635044026778E-01,      2.38%
    0.7900000000000000355271368E+00,    0.6303010740338957917927587E+00,    0.6157256326580875516185642E+00,    0.1457544137580824017419445E-01,      2.37%
    0.7916666666666669627261399E+00,    0.6292149565291911272879588E+00,    0.6147278548559229616188304E+00,    0.1448710167326816566912839E-01,      2.36%
    0.7933333333333330017467233E+00,    0.6281292373265795481174223E+00,    0.6137312130056465919736297E+00,    0.1439802432093295614379258E-01,      2.35%
    0.7949999999999999289457264E+00,    0.6270439278572024210944846E+00,    0.6127357117691212273768997E+00,    0.1430821608808119371758494E-01,      2.34%
    0.7966666666666668561447295E+00,    0.6259590395261097617307655E+00,    0.6117413557547867197783376E+00,    0.1421768377132304195242796E-01,      2.32%
    0.7983333333333328951653129E+00,    0.6248745837120586177348969E+00,    0.6107481495179333252920628E+00,    0.1412643419412529244283405E-01,      2.31%
    0.7999999999999998223643161E+00,    0.6237905717672971306342333E+00,    0.6097560975609757072390948E+00,    0.1403447420632142339513848E-01,      2.30%
    0.8016666666666667495633192E+00,    0.6227070150173770191059930E+00,    0.6087652043337318241711387E+00,    0.1394181068364519493485432E-01,      2.29%
    0.8033333333333336767623223E+00,    0.6216239247609406382011343E+00,    0.6077754742336962667792477E+00,    0.1384845052724437142188663E-01,      2.28%
    0.8049999999999997157829057E+00,    0.6205413122695224714675533E+00,    0.6067869116063168144492579E+00,    0.1375440066320565701829537E-01,      2.27%
    0.8066666666666666429819088E+00,    0.6194591887873484026272308E+00,    0.6057995207452681052373578E+00,    0.1365966804208029738987307E-01,      2.25%
    0.8083333333333335701809119E+00,    0.6183775655311343211195663E+00,    0.6048133058927295246931521E+00,    0.1356425963840479642641412E-01,      2.24%
    0.8099999999999996092014953E+00,    0.6172964536898868370684568E+00,    0.6038282712396596529913495E+00,    0.1346818245022718407710727E-01,      2.23%
    0.8116666666666665364004984E+00,    0.6162158644247024419371428E+00,    0.6028444209260696018404246E+00,    0.1337144349863284009671816E-01,      2.22%
    0.8133333333333334635995016E+00,    0.6151358088685712210974543E+00,    0.6018617590413010143279848E+00,    0.1327404982727020676946950E-01,      2.21%
    0.8150000000000003907985047E+00,    0.6140562981261770136853784E+00,    0.6008802896242994018294326E+00,    0.1317600850187761185594582E-01,      2.19%
    0.8166666666666664298190881E+00,    0.6129773432737005700587929E+00,    0.5999000166638895903403750E+00,    0.1307732660981097971841791E-01,      2.18%
    0.8183333333333333570180912E+00,    0.6118989553586211549429663E+00,    0.5989209440990481692068670E+00,    0.1297801125957298573609933E-01,      2.17%
    0.8200000000000002842170943E+00,    0.6108211453995247008919023E+00,    0.5979430758191818240376847E+00,    0.1287806958034287685421759E-01,      2.15%
    0.8216666666666663232376777E+00,    0.6097439243859037460993022E+00,    0.5969664156643990082784512E+00,    0.1277750872150473782085101E-01,      2.14%
    0.8233333333333332504366808E+00,    0.6086673032779640335476756E+00,    0.5959909674257826139864846E+00,    0.1267633585218141956119098E-01,      2.13%
    0.8250000000000001776356839E+00,    0.6075912930064328865142897E+00,    0.5950167348456674165646518E+00,    0.1257455816076546994963792E-01,      2.11%
    0.8266666666666671048346871E+00,    0.6065159044723609227389716E+00,    0.5940437216179108581570745E+00,    0.1247218285445006458189710E-01,      2.10%
    0.8283333333333331438552705E+00,    0.6054411485469360920674831E+00,    0.5930719313881672727362115E+00,    0.1236921715876881933127152E-01,      2.09%
    0.8300000000000000710542736E+00,    0.6043670360712822819948542E+00,    0.5921013677541594466546826E+00,    0.1226566831712283534017160E-01,      2.07%
    0.8316666666666669982532767E+00,    0.6032935778562779072231592E+00,    0.5911320342659533988438625E+00,    0.1216154359032450837929673E-01,      2.06%
    0.8333333333333330372738601E+00,    0.6022207846823584009854358E+00,    0.5901639344262297193210998E+00,    0.1205685025612868166433600E-01,      2.04%
    0.8349999999999999644728632E+00,    0.6011486672993274771314987E+00,    0.5891970716905536864516080E+00,    0.1195159560877379067989068E-01,      2.03%
    0.8366666666666668916718663E+00,    0.6000772364261678371022413E+00,    0.5882314494676504912362702E+00,    0.1184578695851734586597104E-01,      2.01%
    0.8383333333333329306924497E+00,    0.5990065027508572059744552E+00,    0.5872670711196739112835985E+00,    0.1173943163118329469085666E-01,      2.00%
    0.8399999999999998578914528E+00,    0.5979364769301720450300763E+00,    0.5863039399624766501162298E+00,    0.1163253696769539491384648E-01,      1.98%
    0.8416666666666667850904560E+00,    0.5968671695895056972247517E+00,    0.5853420592658834520349842E+00,    0.1152511032362224518976745E-01,      1.97%
    0.8433333333333337122894591E+00,    0.5957985913226804264297698E+00,    0.5843814322539588879124040E+00,    0.1141715906872153851736584E-01,      1.95%
    0.8449999999999997513100425E+00,    0.5947307526917655629006276E+00,    0.5834220621052786936999723E+00,    0.1130869058648686920065529E-01,      1.94%
    0.8466666666666666785090456E+00,    0.5936636642268811048239741E+00,    0.5824639519531957798648136E+00,    0.1119971227368532495916043E-01,      1.92%
    0.8483333333333336057080487E+00,    0.5925973364260292974847744E+00,    0.5815071048861132352314485E+00,    0.1109023153991606225332589E-01,      1.91%
    0.8499999999999996447286321E+00,    0.5915317797548971245902294E+00,    0.5805515239477506694854014E+00,    0.1098025580714645510482796E-01,      1.89%
    0.8516666666666665719276352E+00,    0.5904670046466792276973479E+00,    0.5795972121374096674983889E+00,    0.1086979250926956019895897E-01,      1.88%
    0.8533333333333334991266383E+00,    0.5894030215018990492836792E+00,    0.5786441724102457939693522E+00,    0.1075884909165325531432700E-01,      1.86%
    0.8550000000000004263256415E+00,    0.5883398406882192066547077E+00,    0.5776924076775318273035964E+00,    0.1064743301068737935111130E-01,      1.84%
    0.8566666666666664653462249E+00,    0.5872774725402718498656895E+00,    0.5767419208069261005178419E+00,    0.1053555173334574934784769E-01,      1.83%
    0.8583333333333333925452280E+00,    0.5862159273594618191793870E+00,    0.5757927146227357351193632E+00,    0.1042321273672608406002382E-01,      1.81%
    0.8600000000000003197442311E+00,    0.5851552154138078831735470E+00,    0.5748447919061850930333435E+00,    0.1031042350762279014020351E-01,      1.79%
    0.8616666666666663587648145E+00,    0.5840953469377493378900112E+00,    0.5738981553956790104820129E+00,    0.1019719154207032740799832E-01,      1.78%
    0.8633333333333332859638176E+00,    0.5830363321319734781766897E+00,    0.5729528077870652547076702E+00,    0.1008352434490822346901950E-01,      1.76%
    0.8650000000000002131628207E+00,    0.5819781811632390722266450E+00,    0.5720087517339014215878024E+00,    0.9969429429337650638842661E-02,      1.74%
    0.8666666666666662521834041E+00,    0.5809209041642003912286896E+00,    0.5710659898477159490681743E+00,    0.9854914316484442160515300E-02,      1.73%
    0.8683333333333331793824073E+00,    0.5798645112332287965273281E+00,    0.5701245246982695746851277E+00,    0.9739986534959221842200350E-02,      1.71%
    0.8700000000000001065814104E+00,    0.5788090124342427644776876E+00,    0.5691843588138196796677448E+00,    0.9624653620423084809942793E-02,      1.69%
    0.8716666666666670337804135E+00,    0.5777544177965299176946701E+00,    0.5682454946813798590810052E+00,    0.9508923115150058613664896E-02,      1.67%
    0.8733333333333330728009969E+00,    0.5767007373145782711532092E+00,    0.5673079347469808242365730E+00,    0.9392802567597446916636272E-02,      1.66%
    0.8750000000000000000000000E+00,    0.5756479809478970421920963E+00,    0.5663716814159291956798370E+00,    0.9276299531967846512259257E-02,      1.64%
    0.8766666666666669271990031E+00,    0.5745961586208543359077794E+00,    0.5654367370530691827568148E+00,    0.9159421567785153150964561E-02,      1.62%
    0.8783333333333329662195865E+00,    0.5735452802224980661804921E+00,    0.5645031039830400443335634E+00,    0.9042176239458021846928659E-02,      1.60%
    0.8799999999999998934185896E+00,    0.5724953556063916426666083E+00,    0.5635707844905319952033551E+00,    0.8924571115859647463253168E-02,      1.58%
    0.8816666666666668206175927E+00,    0.5714463945904436625866651E+00,    0.5626397808205475525866746E+00,    0.8806613769896109999990585E-02,      1.57%
    0.8833333333333337478165959E+00,    0.5703984069567384906918051E+00,    0.5617100951786547780031356E+00,    0.8688311778083712688669493E-02,      1.55%
    0.8849999999999997868371793E+00,    0.5693514024513681714978475E+00,    0.5607817297312455151470090E+00,    0.8569672720122656350838497E-02,      1.53%
    0.8866666666666667140361824E+00,    0.5683053907842675611661321E+00,    0.5598546866057876325584175E+00,    0.8450704178479928607714555E-02,      1.51%
    0.8883333333333336412351855E+00,    0.5672603816290499034735717E+00,    0.5589289678910831504765611E+00,    0.8331413737966752997010644E-02,      1.49%
    0.8899999999999996802557689E+00,    0.5662163846228391861359341E+00,    0.5580045756375203724886092E+00,    0.8211808985318813647324987E-02,      1.47%
    0.8916666666666666074547720E+00,    0.5651734093661037183764506E+00,    0.5570815118573252400224760E+00,    0.8091897508778478353974606E-02,      1.45%
    0.8933333333333335346537751E+00,    0.5641314654225005886800659E+00,    0.5561597785248170167093917E+00,    0.7971686897683571970674166E-02,      1.43%
    0.8949999999999995736743585E+00,    0.5630905623187043573807387E+00,    0.5552393775766579775421405E+00,    0.7851184742046379838598114E-02,      1.41%
    0.8966666666666665008733617E+00,    0.5620507095442529577056234E+00,    0.5543203109121033200779038E+00,    0.7730398632149637627719585E-02,      1.39%
    0.8983333333333334280723648E+00,    0.5610119165513813843659818E+00,    0.5534025803932539622209674E+00,    0.7609336158127422145014407E-02,      1.38%
    0.9000000000000003552713679E+00,    0.5599741927548648190438030E+00,    0.5524861878453036778680030E+00,    0.7488004909561141175800003E-02,      1.36%
    0.9016666666666663942919513E+00,    0.5589375475318568708971156E+00,    0.5515711350567890081109113E+00,    0.7366412475067862786204387E-02,      1.34%
    0.9033333333333333214909544E+00,    0.5579019902217351445372628E+00,    0.5506574237798349535921716E+00,    0.7244566441900190945091254E-02,      1.32%
    0.9050000000000002486899575E+00,    0.5568675301259415899579608E+00,    0.5497450557304048857076850E+00,    0.7122474395536704250275761E-02,      1.30%
    0.9066666666666662877105409E+00,    0.5558341765078231855312652E+00,    0.5488340325885453507837042E+00,    0.7000143919277834747560973E-02,      1.28%
    0.9083333333333332149095440E+00,    0.5548019385924825019884565E+00,    0.5479243559986303191422508E+00,    0.6877582593852182846205778E-02,      1.26%
    0.9100000000000001421085472E+00,    0.5537708255666170531483772E+00,    0.5470160275696076546125823E+00,    0.6754797997009398535794844E-02,      1.23%
    0.9116666666666670693075503E+00,    0.5527408465783697488760140E+00,    0.5461090488752426974627951E+00,    0.6631797703127051413218851E-02,      1.21%
    0.9133333333333331083281337E+00,    0.5517120107371722426137239E+00,    0.5452034214543606260860997E+00,    0.6508589282811616527624210E-02,      1.19%
    0.9150000000000000355271368E+00,    0.5506843271135963835405391E+00,    0.5442991468110873753971646E+00,    0.6385180302509008143374558E-02,      1.17%
    0.9166666666666669627261399E+00,    0.5496578047391973420587874E+00,    0.5433962264150942189644411E+00,    0.6261578324103123094346302E-02,      1.15%
    0.9183333333333330017467233E+00,    0.5486324526063719453361500E+00,    0.5424946617018361338935506E+00,    0.6137790904535811442599424E-02,      1.13%
    0.9199999999999999289457264E+00,    0.5476082796681984721232084E+00,    0.5415944540727903877552762E+00,    0.6013825595408084367932133E-02,      1.11%
    0.9216666666666668561447295E+00,    0.5465852948382987630537855E+00,    0.5406956048956982341380240E+00,    0.5889689942600528915761515E-02,      1.09%
    0.9233333333333328951653129E+00,    0.5455635069906817902207763E+00,    0.5397981155048013901520676E+00,    0.5765391485880400068708695E-02,      1.07%
    0.9249999999999998223643161E+00,    0.5445429249596004384059711E+00,    0.5389019872010779588222817E+00,    0.5640937758522479583689346E-02,      1.05%
    0.9266666666666667495633192E+00,    0.5435235575394066209753419E+00,    0.5380072212524806829492263E+00,    0.5516336286925938026115546E-02,      1.03%
    0.9283333333333336767623223E+00,    0.5425054134844051745290017E+00,    0.5371138188941719793234597E+00,    0.5391594590233195205541961E-02,      1.00%
    0.9299999999999997157829057E+00,    0.5414885015087078645734664E+00,    0.5362217813287577516945248E+00,    0.5266720179950112878941582E-02,      0.98%
    0.9316666666666666429819088E+00,    0.5404728302860947186658791E+00,    0.5353311097265202045392130E+00,    0.5141720559574514126666145E-02,      0.96%
    0.9333333333333335701809119E+00,    0.5394584084498657006179201E+00,    0.5344418052256530993204819E+00,    0.5016603224212601297438141E-02,      0.94%
    0.9349999999999996092014953E+00,    0.5384452445927053743091051E+00,    0.5335538689324923478096707E+00,    0.4891375660213026499434363E-02,      0.92%
    0.9366666666666665364004984E+00,    0.5374333472665370203813495E+00,    0.5326673019217452731410845E+00,    0.4766045344791747240265067E-02,      0.89%
    0.9383333333333334635995016E+00,    0.5364227249823889653868036E+00,    0.5317821052367243117586781E+00,    0.4640619745664653628125507E-02,      0.87%
    0.9400000000000003907985047E+00,    0.5354133862102488095047192E+00,    0.5308982798895729438015678E+00,    0.4515106320675865703151430E-02,      0.85%
    0.9416666666666664298190881E+00,    0.5344053393789344186259882E+00,    0.5300158268614967305154551E+00,    0.4389512517437688110533145E-02,      0.83%
    0.9433333333333333570180912E+00,    0.5333985928759463757131698E+00,    0.5291347471029872462366939E+00,    0.4263845772959129476475937E-02,      0.81%
    0.9450000000000002842170943E+00,    0.5323931550473446350224549E+00,    0.5282550415340524496699004E+00,    0.4138113513292185352554498E-02,      0.78%
    0.9466666666666663232376777E+00,    0.5313890341976045261773720E+00,    0.5273767110444405048497174E+00,    0.4012323153164021327654609E-02,      0.76%
    0.9483333333333332504366808E+00,    0.5303862385894837494504372E+00,    0.5264997564938627139241589E+00,    0.3886482095621035526278320E-02,      0.74%
    0.9500000000000001776356839E+00,    0.5293847764438941450038101E+00,    0.5256241787122206687854487E+00,    0.3760597731673476218361429E-02,      0.72%
    0.9516666666666671048346871E+00,    0.5283846559397665787471965E+00,    0.5247499784998270744296178E+00,    0.3634677439939504317578667E-02,      0.69%
    0.9533333333333331438552705E+00,    0.5273858852139200470432456E+00,    0.5238771566276282376506401E+00,    0.3508728586291809392605501E-02,      0.67%
    0.9550000000000000710542736E+00,    0.5263884723609314475467613E+00,    0.5230057138374236691547026E+00,    0.3382758523507778392058754E-02,      0.65%
    0.9566666666666669982532767E+00,    0.5253924254330056831108209E+00,    0.5221356508420886832766428E+00,    0.3256774590916999834178114E-02,      0.62%
    0.9583333333333330372738601E+00,    0.5243977524398513168080171E+00,    0.5212669683257920016927756E+00,    0.3130784114059315115241589E-02,      0.60%
    0.9599999999999999644728632E+00,    0.5234044613485479002790157E+00,    0.5203996669442131350891145E+00,    0.3004794404334765189901191E-02,      0.58%
    0.9616666666666668916718663E+00,    0.5224125600834251814674758E+00,    0.5195337473247618742533405E+00,    0.2878812758663307214135330E-02,      0.55%
    0.9633333333333329306924497E+00,    0.5214220565259337636376813E+00,    0.5186692100667933402746712E+00,    0.2752846459140423363010086E-02,      0.53%
    0.9649999999999998578914528E+00,    0.5204329585145230918641346E+00,    0.5178060557418219245207069E+00,    0.2626902772701167343427642E-02,      0.51%
    0.9666666666666667850904560E+00,    0.5194452738445139994283295E+00,    0.5169442848937392254171641E+00,    0.2500988950774774011165391E-02,      0.48%
    0.9683333333333337122894591E+00,    0.5184590102679866863155667E+00,    0.5160838980390243246887394E+00,    0.2375112228962361626827260E-02,      0.46%
    0.9699999999999997513100425E+00,    0.5174741754936463822289738E+00,    0.5152248956669587265366772E+00,    0.2249279826687655692296630E-02,      0.44%
    0.9716666666666666785090456E+00,    0.5164907771867122132647410E+00,    0.5143672782398350795673991E+00,    0.2123498946877133697341833E-02,      0.41%
    0.9733333333333336057080487E+00,    0.5155088229687929679556646E+00,    0.5135110461931713388139542E+00,    0.1997776775621629141710400E-02,      0.39%
    0.9749999999999996447286321E+00,    0.5145283204177745206564509E+00,    0.5126561999359181553970188E+00,    0.1872120481856365259432096E-02,      0.37%
    0.9766666666666665719276352E+00,    0.5135492770676934881635134E+00,    0.5118027398506673764089214E+00,    0.1746537217026111754591966E-02,      0.34%
    0.9783333333333334991266383E+00,    0.5125717004086295380815841E+00,    0.5109506662938618770652965E+00,    0.1621034114767661016287548E-02,      0.32%
    0.9800000000000004263256415E+00,    0.5115955978865851516701468E+00,    0.5100999795960006188977331E+00,    0.1495618290584532772413695E-02,      0.29%
    0.9816666666666664653462249E+00,    0.5106209769033736023402525E+00,    0.5092506800618458173701697E+00,    0.1370296841527784970082848E-02,      0.27%
    0.9833333333333333925452280E+00,    0.5096478448165021601923286E+00,    0.5084027679706255575808882E+00,    0.1245076845876602611440376E-02,      0.24%
    0.9850000000000003197442311E+00,    0.5086762089390691743417960E+00,    0.5075562435762411839235142E+00,    0.1119965362827990418281843E-02,      0.22%
    0.9866666666666663587648145E+00,    0.5077060765396380626057748E+00,    0.5067111071074679173875666E+00,    0.9949694321701452182082903E-03,      0.20%
    0.9883333333333332859638176E+00,    0.5067374548421373914308674E+00,    0.5058673587681568051266368E+00,    0.8700960739805863042306555E-03,      0.17%
    0.9900000000000002131628207E+00,    0.5057703510257539614158873E+00,    0.5050249987374374471826854E+00,    0.7453522883165142332018149E-03,      0.15%
    0.9916666666666662521834041E+00,    0.5048047722248113489129651E+00,    0.5041840271699172815189627E+00,    0.6207450548940673940023771E-03,      0.12%
    0.9933333333333331793824073E+00,    0.5038407255286810881855786E+00,    0.5033444441958794257629961E+00,    0.4962813328016624225824671E-03,      0.10%
    0.9950000000000001065814104E+00,    0.5028782179816584374520971E+00,    0.5025062499214834055294432E+00,    0.3719680601750319226539432E-03,      0.07%
    0.9966666666666670337804135E+00,    0.5019172565828667886833614E+00,    0.5016694444289606646947277E+00,    0.2478121539061239886336807E-03,      0.05%
    0.9983333333333330728009969E+00,    0.5009578482861591908203991E+00,    0.5008340277768117410062132E+00,    0.1238205093474498141858930E-03,      0.02%
    0.1000000000000000000000000E+01,    0.4999999999999991673327315E+00,    0.5000000000000000000000000E+00,   -0.8326672684688674053177238E-15,      0.00%
    0.1001666666666666927199003E+01,    0.4990437185873742853559065E+00,    0.4991673611101481444762840E+00,   -0.1236425227738591203774376E-03,     -0.02%
    0.1003333333333332966219587E+01,    0.4980890108656843007217674E+00,    0.4983361110957305051272215E+00,   -0.2471002300462044054540911E-03,     -0.05%
    0.1004999999999999893418590E+01,    0.4971358836066486763805017E+00,    0.4975062499222647205421310E+00,   -0.3703663156160441616293610E-03,     -0.07%
    0.1006666666666666820617593E+01,    0.4961843435362038312597122E+00,    0.4966777775325046384580219E+00,   -0.4934339963008071983097125E-03,     -0.10%
    0.1008333333333333747816596E+01,    0.4952343973344071614839379E+00,    0.4958506938466303859414097E+00,   -0.6162965122232244574718152E-03,     -0.12%
    0.1009999999999999786837179E+01,    0.4942860516353371203024381E+00,    0.4950249987624376624140154E+00,   -0.7389471271005421115773970E-03,     -0.15%
    0.1011666666666666714036182E+01,    0.4933393130270020132677189E+00,    0.4942006921555249787658681E+00,   -0.8613791285229654981492331E-03,     -0.17%
    0.1013333333333333641235185E+01,    0.4923941880512401891856200E+00,    0.4933777738794840606040282E+00,   -0.9835858282438714184081618E-03,     -0.20%
    0.1014999999999999680255769E+01,    0.4914506832036322769852177E+00,    0.4925562437660851999865486E+00,   -0.1105560562452923001330873E-02,     -0.22%
    0.1016666666666666607454772E+01,    0.4905088049334034305815067E+00,    0.4917361016254609973330503E+00,   -0.1227296692057566751543618E-02,     -0.25%
    0.1018333333333333534653775E+01,    0.4895685596433359543233621E+00,    0.4909173472462944332050938E+00,   -0.1348787602958478881731708E-02,     -0.27%
    0.1019999999999999573674359E+01,    0.4886299536896738238134219E+00,    0.4900999803960010003933689E+00,   -0.1470026706327176579947036E-02,     -0.30%
    0.1021666666666666500873362E+01,    0.4876929933820400298039033E+00,    0.4892840008209098368041623E+00,   -0.1591007438869807000259016E-02,     -0.33%
    0.1023333333333333428072365E+01,    0.4867576849833431529290806E+00,    0.4884694082464490771933185E+00,   -0.1711723263105924264237956E-02,     -0.35%
    0.1025000000000000355271368E+01,    0.4858240347096907663093646E+00,    0.4876562023773237664059366E+00,   -0.1832167667633000096572005E-02,     -0.38%
    0.1026666666666666394291951E+01,    0.4848920487303057247352456E+00,    0.4868443828976978249301055E+00,   -0.1952334167392100194859950E-02,     -0.40%
    0.1028333333333333321490954E+01,    0.4839617331674396782936753E+00,    0.4860339494713706298689715E+00,   -0.2072216303930951575296149E-02,     -0.43%
    0.1030000000000000248689958E+01,    0.4830330940962872521282634E+00,    0.4852249017419572596487853E+00,   -0.2191807645670007520521949E-02,     -0.45%
    0.1031666666666666287710541E+01,    0.4821061375449089969613681E+00,    0.4844172393330652415244231E+00,   -0.2311101788156244563054997E-02,     -0.48%
    0.1033333333333333214909544E+01,    0.4811808694941405728506822E+00,    0.4836109618484685790384958E+00,   -0.2430092354328006187813571E-02,     -0.50%
    0.1035000000000000142108547E+01,    0.4802572958775225830940769E+00,    0.4828060688722857207721972E+00,   -0.2548772994763137678120302E-02,     -0.53%
    0.1036666666666667069307550E+01,    0.4793354225812098134973382E+00,    0.4820025599691516449141204E+00,   -0.2667137387941831416782179E-02,     -0.55%
    0.1038333333333333108328134E+01,    0.4784152554439046745038411E+00,    0.4812004346843927748977876E+00,   -0.2785179240488100393946524E-02,     -0.58%
    0.1040000000000000035527137E+01,    0.4774968002567683278414279E+00,    0.4803996925441967880132665E+00,   -0.2902892287428460171838651E-02,     -0.60%
    0.1041666666666666962726140E+01,    0.4765800627633508534941598E+00,    0.4796003330557866983774318E+00,   -0.3020270292435844883272011E-02,     -0.63%
    0.1043333333333333001746723E+01,    0.4756650486595170868042715E+00,    0.4788023557075902769675224E+00,   -0.3137307048073190163250956E-02,     -0.66%
    0.1044999999999999928945726E+01,    0.4747517635933678481485742E+00,    0.4780057599694077508090118E+00,   -0.3253996376039902660437519E-02,     -0.68%
    0.1046666666666666856144730E+01,    0.4738402131651695547986947E+00,    0.4772105452925829993660045E+00,   -0.3370332127413444567309853E-02,     -0.71%
    0.1048333333333332895165313E+01,    0.4729304029272831666474985E+00,    0.4764167111101702545283842E+00,   -0.3486308182887087880885701E-02,     -0.73%
    0.1049999999999999822364316E+01,    0.4720223383840913000675243E+00,    0.4756242568370988021975165E+00,   -0.3601918453007502129992190E-02,     -0.76%
    0.1051666666666666749563319E+01,    0.4711160249919278952823731E+00,    0.4748331818703415141413871E+00,   -0.3717156878413618859013923E-02,     -0.78%
    0.1053333333333333676762322E+01,    0.4702114681590146560985488E+00,    0.4740434855890778842457678E+00,   -0.3832017430063228147218979E-02,     -0.81%
    0.1054999999999999715782906E+01,    0.4693086732453883302973452E+00,    0.4732551673548586745887690E+00,   -0.3946494109470344291423771E-02,     -0.83%
    0.1056666666666666642981909E+01,    0.4684076455628336521641586E+00,    0.4724682265117671753351658E+00,   -0.4060580948933523171007209E-02,     -0.86%
    0.1058333333333333570180912E+01,    0.4675083903748266656030808E+00,    0.4716826623865831846771357E+00,   -0.4174272011756519074054950E-02,     -0.88%
    0.1059999999999999609201495E+01,    0.4666109128964587293708632E+00,    0.4708984742889434915724678E+00,   -0.4287561392484762201604553E-02,     -0.91%
    0.1061666666666666536400498E+01,    0.4657152182943801732584177E+00,    0.4701156615115003045701769E+00,   -0.4400443217120131311759224E-02,     -0.94%
    0.1063333333333333463599502E+01,    0.4648213116867411232036034E+00,    0.4693342233300826782382842E+00,   -0.4512911643341555034680823E-02,     -0.96%
    0.1065000000000000390798505E+01,    0.4639291981431232780863638E+00,    0.4685541590038537207441038E+00,   -0.4624960860730442657740014E-02,     -0.99%
    0.1066666666666666429819088E+01,    0.4630388826844844540886470E+00,    0.4677754677754679124568327E+00,   -0.4736585090983458368185666E-02,     -1.01%
    0.1068333333333333357018091E+01,    0.4621503702831028514985690E+00,    0.4669981488712265371709975E+00,   -0.4847778588123685672428564E-02,     -1.04%
    0.1070000000000000284217094E+01,    0.4612636658625139940426152E+00,    0.4662222015012353337759521E+00,   -0.4958535638721339733336890E-02,     -1.06%
    0.1071666666666666323237678E+01,    0.4603787742974587704480882E+00,    0.4654476248595578735667289E+00,   -0.5068850562099103118640642E-02,     -1.09%
    0.1073333333333333250436681E+01,    0.4594957004138236489332314E+00,    0.4646744181243676052872615E+00,   -0.5178717710543956354030115E-02,     -1.11%
    0.1075000000000000177635684E+01,    0.4586144489885934372175313E+00,    0.4639025804581036749318912E+00,   -0.5288131469510237714359846E-02,     -1.14%
    0.1076666666666667104834687E+01,    0.4577350247497924962125637E+00,    0.4631321110076208613648419E+00,   -0.5397086257828365152278138E-02,     -1.17%
    0.1078333333333333143855270E+01,    0.4568574323764376110545982E+00,    0.4623630089043410107407794E+00,   -0.5505576527903399686181274E-02,     -1.19%
    0.1080000000000000071054274E+01,    0.4559816764984812587080398E+00,    0.4615952732644016953678090E+00,   -0.5613596765920436659769166E-02,     -1.22%
    0.1081666666666666998253277E+01,    0.4551077616967681427340153E+00,    0.4608289031888078701726386E+00,   -0.5721141492039727438623231E-02,     -1.24%
    0.1083333333333333037273860E+01,    0.4542356925029870651222552E+00,    0.4600638977635783666286784E+00,   -0.5828205260591301506423179E-02,     -1.27%
    0.1084999999999999964472863E+01,    0.4533654733996190233646928E+00,    0.4593002560598927752621989E+00,   -0.5934782660273751897506145E-02,     -1.29%
    0.1086666666666666891671866E+01,    0.4524971088198913027333958E+00,    0.4585379771342393828703621E+00,   -0.6040868314348080136966246E-02,     -1.32%
    0.1088333333333332930692450E+01,    0.4516306031477426707887446E+00,    0.4577770600285603896928421E+00,   -0.6146456880817718904097546E-02,     -1.34%
    0.1089999999999999857891453E+01,    0.4507659607177622596019262E+00,    0.4570175037703945175593390E+00,   -0.6251543052632257957412776E-02,     -1.37%
    0.1091666666666666785090456E+01,    0.4499031858151680274282569E+00,    0.4562593073730236703511309E+00,   -0.6356121557855642922874040E-02,     -1.39%
    0.1093333333333333712289459E+01,    0.4490422826757445862178031E+00,    0.4555024698356140433475048E+00,   -0.6460187159869457129701686E-02,     -1.42%
    0.1094999999999999751310042E+01,    0.4481832554858168338185465E+00,    0.4547469901433590089290249E+00,   -0.6563734657542175110478411E-02,     -1.44%
    0.1096666666666666678509046E+01,    0.4473261083822084316352630E+00,    0.4539928672676187271228798E+00,   -0.6666758885410295487616850E-02,     -1.47%
    0.1098333333333333605708049E+01,    0.4464708454521990055319236E+00,    0.4532401001660620321054296E+00,   -0.6769254713863026573505977E-02,     -1.49%
    0.1099999999999999644728632E+01,    0.4456174707334928375423999E+00,    0.4524886877828055986583422E+00,   -0.6871217049312761115942294E-02,     -1.52%
    0.1101666666666666571927635E+01,    0.4447659882141780651743090E+00,    0.4517386290485506661340764E+00,   -0.6972640834372600959767396E-02,     -1.54%
    0.1103333333333333499126638E+01,    0.4439164018326977600992223E+00,    0.4509899228807231486015894E+00,   -0.7073521048025388502367150E-02,     -1.57%
    0.1105000000000000426325641E+01,    0.4430687154778132907928523E+00,    0.4502425681836087489884335E+00,   -0.7173852705795458195581205E-02,     -1.59%
    0.1106666666666666465346225E+01,    0.4422229329885740134464811E+00,    0.4494965638484897940685414E+00,   -0.7273630859915780622060311E-02,     -1.62%
    0.1108333333333333392545228E+01,    0.4413790581542838542539187E+00,    0.4487519087537784612251812E+00,   -0.7372850599494606971262556E-02,     -1.64%
    0.1110000000000000319744231E+01,    0.4405370947144724991240139E+00,    0.4480086017651537244610438E+00,   -0.7471507050681225337029900E-02,     -1.67%
    0.1111666666666666358764815E+01,    0.4396970463588686928169125E+00,    0.4472666417356929158266610E+00,   -0.7569595376824223009748493E-02,     -1.69%
    0.1113333333333333285963818E+01,    0.4388589167273701519000895E+00,    0.4465260275060033423599748E+00,   -0.7667110778633190459885327E-02,     -1.72%
    0.1115000000000000213162821E+01,    0.4380227094100200835313785E+00,    0.4457867579043562900054098E+00,   -0.7764048494336206474031314E-02,     -1.74%
    0.1116666666666666252183404E+01,    0.4371884279469787637495415E+00,    0.4450488317468168641966031E+00,   -0.7860403799838100447061606E-02,     -1.77%
    0.1118333333333333179382407E+01,    0.4363560758285034424375226E+00,    0.4443122478373718875488407E+00,   -0.7956172008868445111318124E-02,     -1.79%
    0.1120000000000000106581410E+01,    0.4355256564949191444569010E+00,    0.4435770049680623494658960E+00,   -0.8051348473143205008994983E-02,     -1.82%
    0.1121666666666667033780413E+01,    0.4346971733366061796388635E+00,    0.4428431019191096384979289E+00,   -0.8145928582503458859065404E-02,     -1.84%
    0.1123333333333333072800997E+01,    0.4338706296939736084539163E+00,    0.4421105374590434400339234E+00,   -0.8239907765069831580007076E-02,     -1.86%
    0.1125000000000000000000000E+01,    0.4330460288574365379510311E+00,    0.4413793103448275800815281E+00,   -0.8333281487391042130496999E-02,     -1.89%
    0.1126666666666666927199003E+01,    0.4322233740674090718414391E+00,    0.4406494193219872568256790E+00,   -0.8426045254578184984239897E-02,     -1.91%
    0.1128333333333332966219587E+01,    0.4314026685142781647464005E+00,    0.4399208631247335521408104E+00,   -0.8518194610455387394409854E-02,     -1.94%
    0.1129999999999999893418590E+01,    0.4305839153383924089446566E+00,    0.4391936404760860002127743E+00,   -0.8609725137693591268117643E-02,     -1.96%
    0.1131666666666666820617593E+01,    0.4297671176300424389360444E+00,    0.4384677500879979872294712E+00,   -0.8700632457955548293426773E-02,     -1.98%
    0.1133333333333333747816596E+01,    0.4289522784294568791274571E+00,    0.4377431906614784318243494E+00,   -0.8790912232021552696892286E-02,     -2.01%
    0.1134999999999999786837179E+01,    0.4281394007267780854597561E+00,    0.4370199608867135765422063E+00,   -0.8880560159935491082450199E-02,     -2.03%
    0.1136666666666666714036182E+01,    0.4273284874620594253613604E+00,    0.4362980594431867253923940E+00,   -0.8969571981127300031033656E-02,     -2.06%
    0.1138333333333333641235185E+01,    0.4265195415252560628971423E+00,    0.4355774849998002573592260E+00,   -0.9057943474544194462083624E-02,     -2.08%
    0.1139999999999999680255769E+01,    0.4257125657562108034248638E+00,    0.4348582362149940871987042E+00,   -0.9145670458783283773840367E-02,     -2.10%
    0.1141666666666666607454772E+01,    0.4249075629446514290599168E+00,    0.4341403117368627939676173E+00,   -0.9232748792211364907700499E-02,     -2.13%
    0.1143333333333333534653775E+01,    0.4241045358301803180900436E+00,    0.4334237102032756361325028E+00,   -0.9319174373095318042459212E-02,     -2.15%
    0.1144999999999999573674359E+01,    0.4233034871022719469735307E+00,    0.4327084302419924033422660E+00,   -0.9404943139720456368735313E-02,     -2.17%
    0.1146666666666666500873362E+01,    0.4225044194002727238057560E+00,    0.4319944704707781024666247E+00,   -0.9490051070505378660868701E-02,     -2.20%
    0.1148333333333333428072365E+01,    0.4217073353133868329756240E+00,    0.4312818294975206967478698E+00,   -0.9574494184133863772245832E-02,     -2.22%
    0.1150000000000000355271368E+01,    0.4209122373806860051281831E+00,    0.4305705059203443485493779E+00,   -0.9658268539658343421194786E-02,     -2.24%
    0.1151666666666666394291951E+01,    0.4201191280911120706775819E+00,    0.4298604983277233837490883E+00,   -0.9741370236611313071506402E-02,     -2.27%
    0.1153333333333333321490954E+01,    0.4193280098834530345008886E+00,    0.4291518052985943132426883E+00,   -0.9823795415141278741799624E-02,     -2.29%
    0.1155000000000000248689958E+01,    0.4185388851463783810302743E+00,    0.4284444254024699083593930E+00,   -0.9905540256091527329118662E-02,     -2.31%
    0.1156666666666666287710541E+01,    0.4177517562184266397551369E+00,    0.4277383571995495570305934E+00,   -0.9986600981122917275456530E-02,     -2.33%
    0.1158333333333333214909544E+01,    0.4169666253879992789954656E+00,    0.4270335992408292313804452E+00,   -0.1006697385282995238497961E-01,     -2.36%
    0.1160000000000000142108547E+01,    0.4161834948933862965425590E+00,    0.4263301500682127875840877E+00,   -0.1014665517482649104152870E-01,     -2.38%
    0.1161666666666667069307550E+01,    0.4154023669227610571219600E+00,    0.4256280082146204346571494E+00,   -0.1022564129185937753518942E-01,     -2.40%
    0.1163333333333333108328134E+01,    0.4146232436141922828021222E+00,    0.4249271722040973697787081E+00,   -0.1030392858990508697658584E-01,     -2.42%
    0.1165000000000000035527137E+01,    0.4138461270556466065073664E+00,    0.4242276405519201376570493E+00,   -0.1038151349627353114968287E-01,     -2.45%
    0.1166666666666666962726140E+01,    0.4130710192850099993222557E+00,    0.4235294117647058209641386E+00,   -0.1045839247969582164188296E-01,     -2.47%
    0.1168333333333333001746723E+01,    0.4122979222900925999617527E+00,    0.4228324843405165678333901E+00,   -0.1053456205042396787163739E-01,     -2.49%
    0.1169999999999999928945726E+01,    0.4115268380086398725126173E+00,    0.4221368567689645079354932E+00,   -0.1061001876032463542287587E-01,     -2.51%
    0.1171666666666666856144730E+01,    0.4107577683283524794255470E+00,    0.4214425275313183893999280E+00,   -0.1068475920296590997438102E-01,     -2.54%
    0.1173333333333332895165313E+01,    0.4099907150868957184108865E+00,    0.4207494951006061079112897E+00,   -0.1075878001371038950040315E-01,     -2.56%
    0.1174999999999999822364316E+01,    0.4092256800719183407188950E+00,    0.4200577579417171247833096E+00,   -0.1083207786979878406441458E-01,     -2.58%
    0.1176666666666666749563319E+01,    0.4084626650210690934628133E+00,    0.4193673145115068834343219E+00,   -0.1090464949043778997150866E-01,     -2.60%
    0.1178333333333333676762322E+01,    0.4077016716220193126574145E+00,    0.4186781632588976176378992E+00,   -0.1097649163687830498048470E-01,     -2.62%
    0.1179999999999999715782906E+01,    0.4069427015124749691388217E+00,    0.4179903026249792152846396E+00,   -0.1104760111250424614581789E-01,     -2.64%
    0.1181666666666666642981909E+01,    0.4061857562802088650322219E+00,    0.4173037310431086388540223E+00,   -0.1111797476289977382180041E-01,     -2.66%
    0.1183333333333333570180912E+01,    0.4054308374630684608241893E+00,    0.4166184469390116218434628E+00,   -0.1118760947594316101927348E-01,     -2.69%
    0.1184999999999999609201495E+01,    0.4046779465490166205476896E+00,    0.4159344487308801463498753E+00,   -0.1125650218186352580218568E-01,     -2.71%
    0.1186666666666666536400498E+01,    0.4039270849761372739195053E+00,    0.4152517348294699761623860E+00,   -0.1132464985333270224288071E-01,     -2.73%
    0.1188333333333333463599502E+01,    0.4031782541326797142389182E+00,    0.4145703036381997996784321E+00,   -0.1139204950552008543951388E-01,     -2.75%
    0.1190000000000000390798505E+01,    0.4024314553570707553298291E+00,    0.4138901535532468201061818E+00,   -0.1145869819617606477635263E-01,     -2.77%
    0.1191666666666666429819088E+01,    0.4016866899379539224135272E+00,    0.4132112829636432893565257E+00,   -0.1152459302568936694299850E-01,     -2.79%
    0.1193333333333333357018091E+01,    0.4009439591142098802123428E+00,    0.4125336902513705439332625E+00,   -0.1158973113716066372091973E-01,     -2.81%
    0.1195000000000000284217094E+01,    0.4002032640749947356439975E+00,    0.4118573737914558718919977E+00,   -0.1165410971646113624800023E-01,     -2.83%
    0.1196666666666666323237678E+01,    0.3994646059597667386853459E+00,    0.4111823319520654385073044E+00,   -0.1171772599229869982195851E-01,     -2.85%
    0.1198333333333333250436681E+01,    0.3987279858583232527990958E+00,    0.4105085630945960462057087E+00,   -0.1178057723627279340661289E-01,     -2.87%
    0.1200000000000000177635684E+01,    0.3979934048108266786414333E+00,    0.4098360655737704472123539E+00,   -0.1184266076294376857092061E-01,     -2.89%
    0.1201666666666667104834687E+01,    0.3972608638078570231222386E+00,    0.4091648377377274381494487E+00,   -0.1190397392987041502721013E-01,     -2.91%
    0.1203333333333333143855270E+01,    0.3965303637904242228806595E+00,    0.4084948779281140640584624E+00,   -0.1196451413768984117780292E-01,     -2.93%
    0.1205000000000000071054274E+01,    0.3958019056500310939306075E+00,    0.4078261844801745472643972E+00,   -0.1202427883014345333378969E-01,     -2.95%
    0.1206666666666666998253277E+01,    0.3950754902286893743834639E+00,    0.4071587557228423803756812E+00,   -0.1208326549415300599221723E-01,     -2.97%
    0.1208333333333333037273860E+01,    0.3943511183189821744932146E+00,    0.4064925899788286445257768E+00,   -0.1214147165984647003256214E-01,     -2.99%
    0.1209999999999999964472863E+01,    0.3936287906640829614701715E+00,    0.4058276855647092173917656E+00,   -0.1219889490062625592159407E-01,     -3.01%
    0.1211666666666666891671866E+01,    0.3929085079578168993030829E+00,    0.4051640407910151453485526E+00,   -0.1225553283319824604546966E-01,     -3.02%
    0.1213333333333332930692450E+01,    0.3921902708446956542509554E+00,    0.4045016539623185747309719E+00,   -0.1231138311762292048001655E-01,     -3.04%
    0.1214999999999999857891453E+01,    0.3914740799199585286061165E+00,    0.4038405233773184055401373E+00,   -0.1236644345735987693402080E-01,     -3.06%
    0.1216666666666666785090456E+01,    0.3907599357296300257580413E+00,    0.4031806473289281100846893E+00,   -0.1242071159929808432664800E-01,     -3.08%
    0.1218333333333333712289459E+01,    0.3900478387705549332409305E+00,    0.4025220241043603874864232E+00,   -0.1247418533380545424549268E-01,     -3.10%
    0.1219999999999999751310042E+01,    0.3893377894904608282899972E+00,    0.4018646519852114851190095E+00,   -0.1252686249475065682901231E-01,     -3.12%
    0.1221666666666666678509046E+01,    0.3886297882879874432404677E+00,    0.4012085292475445208459917E+00,   -0.1257874095955707760552400E-01,     -3.14%
    0.1223333333333333605708049E+01,    0.3879238355127597737137535E+00,    0.4005536541619749146825313E+00,   -0.1262981864921514096877786E-01,     -3.15%
    0.1224999999999999644728632E+01,    0.3872199314654240498434490E+00,    0.3999000249937516571208107E+00,   -0.1268009352832760727736172E-01,     -3.17%
    0.1226666666666666571927635E+01,    0.3865180763977116296103986E+00,    0.3992476400028391325669475E+00,   -0.1272956360512750295654882E-01,     -3.19%
    0.1228333333333333499126638E+01,    0.3858182705124838518528918E+00,    0.3985964974439998864674806E+00,   -0.1277822693151603461458876E-01,     -3.21%
    0.1230000000000000426325641E+01,    0.3851205139637955965348226E+00,    0.3979465955668747834117482E+00,   -0.1282608160307918687692563E-01,     -3.22%
    0.1231666666666666465346225E+01,    0.3844248068569496856738965E+00,    0.3972979326160635538123245E+00,   -0.1287312575911386813842796E-01,     -3.24%
    0.1233333333333333392545228E+01,    0.3837311492485490083126365E+00,    0.3966505068312031201394063E+00,   -0.1291935758265411182676985E-01,     -3.26%
    0.1235000000000000319744231E+01,    0.3830395411465657984351196E+00,    0.3960043164470491428019727E+00,   -0.1296477530048334436685309E-01,     -3.27%
    0.1236666666666666358764815E+01,    0.3823499825103947036275542E+00,    0.3953593596935526255364834E+00,   -0.1300937718315792190892921E-01,     -3.29%
    0.1238333333333333285963818E+01,    0.3816624732509145134784490E+00,    0.3947156347959375755074518E+00,   -0.1305316154502306202900286E-01,     -3.31%
    0.1240000000000000213162821E+01,    0.3809770132305611012313307E+00,    0.3940731399747792740306807E+00,   -0.1309612674421817279934999E-01,     -3.32%
    0.1241666666666666252183404E+01,    0.3802936022633699453265876E+00,    0.3934318734460808819619615E+00,   -0.1313827118271093663537386E-01,     -3.34%
    0.1243333333333333179382407E+01,    0.3796122401150675562675474E+00,    0.3927918334213478801508757E+00,   -0.1317959330628032388332826E-01,     -3.36%
    0.1245000000000000106581410E+01,    0.3789329265031171622979400E+00,    0.3921530181076655630079131E+00,   -0.1322009160454840070997307E-01,     -3.37%
    0.1246666666666667033780413E+01,    0.3782556610967881538520885E+00,    0.3915154257077727573133075E+00,   -0.1325976461098460346121897E-01,     -3.39%
    0.1248333333333333072800997E+01,    0.3775804435172470663317768E+00,    0.3908790544201364847154423E+00,   -0.1329861090288941838366554E-01,     -3.40%
    0.1250000000000000000000000E+01,    0.3769072733375933292876425E+00,    0.3902439024390244037832076E+00,   -0.1333662910143107449556510E-01,     -3.42%
    0.1251666666666666927199003E+01,    0.3762361500829528582201533E+00,    0.3896099679545800831270697E+00,   -0.1337381787162722490691635E-01,     -3.43%
    0.1253333333333332966219587E+01,    0.3755670732305438352938154E+00,    0.3889772491528941111837980E+00,   -0.1341017592235027588998264E-01,     -3.45%
    0.1254999999999999893418590E+01,    0.3749000422097560347722833E+00,    0.3883457442160755945792516E+00,   -0.1344570200631955980696830E-01,     -3.46%
    0.1256666666666666820617593E+01,    0.3742350564022124959073778E+00,    0.3877154513223250442699452E+00,   -0.1348039492011254836256740E-01,     -3.48%
    0.1258333333333333747816596E+01,    0.3735721151418525676213278E+00,    0.3870863686460040420378448E+00,   -0.1351425350415147441651698E-01,     -3.49%
    0.1259999999999999786837179E+01,    0.3729112177150146201221048E+00,    0.3864584943577060727193384E+00,   -0.1354727664269145259723359E-01,     -3.51%
    0.1261666666666666714036182E+01,    0.3722523633605023807291445E+00,    0.3858318266243251914993095E+00,   -0.1357946326382281077016501E-01,     -3.52%
    0.1263333333333333641235185E+01,    0.3715955512696704765573941E+00,    0.3852063636091266896066543E+00,   -0.1361081233945621304926021E-01,     -3.53%
    0.1264999999999999680255769E+01,    0.3709407805865052032423534E+00,    0.3845821034718150954745397E+00,   -0.1364132288530989223218626E-01,     -3.55%
    0.1266666666666666607454772E+01,    0.3702880504077041834420925E+00,    0.3839590443686006770995789E+00,   -0.1367099396089649365748642E-01,     -3.56%
    0.1268333333333333534653775E+01,    0.3696373597827589119191316E+00,    0.3833371844522696636481385E+00,   -0.1369982466951075172900687E-01,     -3.57%
    0.1269999999999999573674359E+01,    0.3689887077140390769791622E+00,    0.3827165218722493600367329E+00,   -0.1372781415821028305757068E-01,     -3.59%
    0.1271666666666666500873362E+01,    0.3683420931568746614637178E+00,    0.3820970547746742052019897E+00,   -0.1375496161779954373827195E-01,     -3.60%
    0.1273333333333333428072365E+01,    0.3676975150196520880641060E+00,    0.3814787813024532736605465E+00,   -0.1378126628280118559644052E-01,     -3.61%
    0.1275000000000000355271368E+01,    0.3670549721638853291061366E+00,    0.3808616995953342798664210E+00,   -0.1380672743144895076028433E-01,     -3.63%
    0.1276666666666666394291951E+01,    0.3664144634043176029791766E+00,    0.3802458077899692479029170E+00,   -0.1383134438565164492374038E-01,     -3.64%
    0.1278333333333333321490954E+01,    0.3657759875090066947755929E+00,    0.3796311040199770170389115E+00,   -0.1385511651097032226331862E-01,     -3.65%
    0.1280000000000000248689958E+01,    0.3651395431994153284449567E+00,    0.3790175864160095775545756E+00,   -0.1387804321659424910961889E-01,     -3.66%
    0.1281666666666666287710541E+01,    0.3645051291504982637903254E+00,    0.3784052531058137991415435E+00,   -0.1390012395531553535121816E-01,     -3.67%
    0.1283333333333333214909544E+01,    0.3638727439908071570329184E+00,    0.3777941022142932148142336E+00,   -0.1392135822348605778131514E-01,     -3.68%
    0.1285000000000000142108547E+01,    0.3632423863025734389609056E+00,    0.3771841318635724693564271E+00,   -0.1394174556099903039552146E-01,     -3.70%
    0.1286666666666667069307550E+01,    0.3626140546218061810890276E+00,    0.3765753401730571603422959E+00,   -0.1396128555125097925326827E-01,     -3.71%
    0.1288333333333333108328134E+01,    0.3619877474383941806657106E+00,    0.3759677252594961216480840E+00,   -0.1397997782110194098237343E-01,     -3.72%
    0.1290000000000000035527137E+01,    0.3613634631961983867398658E+00,    0.3753612852370405983393198E+00,   -0.1399782204084221159945400E-01,     -3.73%
    0.1291666666666666962726140E+01,    0.3607412002931483785417299E+00,    0.3747560182173063081378928E+00,   -0.1401481792415792959616283E-01,     -3.74%
    0.1293333333333333001746723E+01,    0.3601209570813495575158925E+00,    0.3741519223094320611977537E+00,   -0.1403096522808250368186123E-01,     -3.75%
    0.1294999999999999928945726E+01,    0.3595027318671782934345060E+00,    0.3735489956201381023248587E+00,   -0.1404626375295980889035263E-01,     -3.76%
    0.1296666666666666856144730E+01,    0.3588865229113861188281476E+00,    0.3729472362537863960874063E+00,   -0.1406071334240027725925870E-01,     -3.77%
    0.1298333333333332895165313E+01,    0.3582723284292022025709912E+00,    0.3723466423124383029019668E+00,   -0.1407431388323610033097566E-01,     -3.78%
    0.1299999999999999822364316E+01,    0.3576601465904409304918943E+00,    0.3717472118959108673408309E+00,   -0.1408706530546993684893664E-01,     -3.79%
    0.1301666666666666749563319E+01,    0.3570499755195968294430031E+00,    0.3711489431018360485303731E+00,   -0.1409896758223921908736997E-01,     -3.80%
    0.1303333333333333676762322E+01,    0.3564418132959699114792329E+00,    0.3705518340257161757911319E+00,   -0.1411002072974626431189904E-01,     -3.81%
    0.1304999999999999715782906E+01,    0.3558356579537556574344137E+00,    0.3699558827609808475678221E+00,   -0.1412022480722519013340843E-01,     -3.82%
    0.1306666666666666642981909E+01,    0.3552315074821649210079499E+00,    0.3693610873990413323575410E+00,   -0.1412957991687641134959108E-01,     -3.83%
    0.1308333333333333570180912E+01,    0.3546293598255258472384810E+00,    0.3687674460293476896843856E+00,   -0.1413808620382184244590462E-01,     -3.83%
    0.1309999999999999609201495E+01,    0.3540292128834041096574481E+00,    0.3681749567394427269384494E+00,   -0.1414574385603861728100128E-01,     -3.84%
    0.1311666666666666536400498E+01,    0.3534310645107043846735451E+00,    0.3675836176150154011033067E+00,   -0.1415255310431101642976159E-01,     -3.85%
    0.1313333333333333463599502E+01,    0.3528349125177938638842079E+00,    0.3669934267399565519518490E+00,   -0.1415851422216268806764106E-01,     -3.86%
    0.1315000000000000390798505E+01,    0.3522407546706104453093644E+00,    0.3664043821964109159949885E+00,   -0.1416362752580047068562408E-01,     -3.87%
    0.1316666666666666429819088E+01,    0.3516485886907840807680259E+00,    0.3658164820648309167872014E+00,   -0.1416789337404683601917554E-01,     -3.87%
    0.1318333333333333357018091E+01,    0.3510584122557445785339780E+00,    0.3652297244240276241633580E+00,   -0.1417131216828304562938001E-01,     -3.88%
    0.1320000000000000284217094E+01,    0.3504702229988455597364805E+00,    0.3646441073512250996557782E+00,   -0.1417388435237953991929771E-01,     -3.89%
    0.1321666666666666323237678E+01,    0.3498840185094886923167223E+00,    0.3640596289221105785749444E+00,   -0.1417561041262188625822205E-01,     -3.89%
    0.1323333333333333250436681E+01,    0.3492997963332311051054546E+00,    0.3634762872108849296459709E+00,   -0.1417649087765382454051633E-01,     -3.90%
    0.1325000000000000177635684E+01,    0.3487175539719107875136217E+00,    0.3628940802903152240688200E+00,   -0.1417652631840443655519834E-01,     -3.91%
    0.1326666666666667104834687E+01,    0.3481372888837786505611405E+00,    0.3623130062317835853313852E+00,   -0.1417571734800493477024474E-01,     -3.91%
    0.1328333333333333143855270E+01,    0.3475589984836112145138998E+00,    0.3617330631053377598682630E+00,   -0.1417406462172654535436322E-01,     -3.92%
    0.1330000000000000071054274E+01,    0.3469826801428302909258150E+00,    0.3611542489797391897177192E+00,   -0.1417156883690889879190422E-01,     -3.92%
    0.1331666666666666998253277E+01,    0.3464083311896538619478747E+00,    0.3605765619225139717585193E+00,   -0.1416823073286010981064464E-01,     -3.93%
    0.1333333333333333037273860E+01,    0.3458359489091860639042864E+00,    0.3600000000000001532107774E+00,   -0.1416405109081408930649104E-01,     -3.93%
    0.1334999999999999964472863E+01,    0.3452655305435787802537106E+00,    0.3594245612773949161145026E+00,   -0.1415903073381613586079197E-01,     -3.94%
    0.1336666666666666891671866E+01,    0.3446970732921291746819747E+00,    0.3588502438188044818545563E+00,   -0.1415317052667530717258160E-01,     -3.94%
    0.1338333333333332930692450E+01,    0.3441305743114464466003710E+00,    0.3582770456872899633715690E+00,   -0.1414647137584351677119798E-01,     -3.95%
    0.1339999999999999857891453E+01,    0.3435660307155442017013058E+00,    0.3577049649449134949286133E+00,   -0.1413893422936929322730748E-01,     -3.95%
    0.1341666666666666785090456E+01,    0.3430034395760007126519042E+00,    0.3571339996527863602793218E+00,   -0.1413056007678564762741757E-01,     -3.96%
    0.1343333333333333712289459E+01,    0.3424427979220796003367866E+00,    0.3565641478711137901669304E+00,   -0.1412134994903418983014376E-01,     -3.96%
    0.1344999999999999751310042E+01,    0.3418841027408646704444095E+00,    0.3559954076592413141355564E+00,   -0.1411130491837664369114691E-01,     -3.96%
    0.1346666666666666678509046E+01,    0.3413273509773972480552118E+00,    0.3554277770756982257616130E+00,   -0.1410042609830097770640123E-01,     -3.97%
    0.1348333333333333605708049E+01,    0.3407725395348156216535074E+00,    0.3548612541782447671323553E+00,   -0.1408871464342914547884789E-01,     -3.97%
    0.1349999999999999644728632E+01,    0.3402196652744808313961755E+00,    0.3542958370239150944769335E+00,   -0.1407617174943426308075800E-01,     -3.97%
    0.1351666666666666571927635E+01,    0.3396687250161315452245958E+00,    0.3537315236690606323755048E+00,   -0.1406279865292908715090903E-01,     -3.98%
    0.1353333333333333499126638E+01,    0.3391197155380100691779433E+00,    0.3531683121693952043251841E+00,   -0.1404859663138513514724082E-01,     -3.98%
    0.1355000000000000426325641E+01,    0.3385726335770088968324387E+00,    0.3526062005800370546815259E+00,   -0.1403356700302815784908717E-01,     -3.98%
    0.1356666666666666465346225E+01,    0.3380274758288179248744143E+00,    0.3520451869555524249122413E+00,   -0.1401771112673450003782705E-01,     -3.98%
    0.1358333333333333392545228E+01,    0.3374842389480475213225930E+00,    0.3514852693499963542933529E+00,   -0.1400103040194883297075990E-01,     -3.98%
    0.1360000000000000319744231E+01,    0.3369429195483912287123474E+00,    0.3509264458169567002521205E+00,   -0.1398352626856547153977317E-01,     -3.98%
    0.1361666666666666358764815E+01,    0.3364035142027718694457405E+00,    0.3503687144095947725297435E+00,   -0.1396520020682290308400297E-01,     -3.99%
    0.1363333333333333285963818E+01,    0.3358660194434696100174165E+00,    0.3498120731806857452994564E+00,   -0.1394605373721613528203989E-01,     -3.99%
    0.1365000000000000213162821E+01,    0.3353304317622856633995809E+00,    0.3492565201826610676860696E+00,   -0.1392608842037540428648867E-01,     -3.99%
    0.1366666666666666252183404E+01,    0.3347967476106770701171911E+00,    0.3487020534676483207725539E+00,   -0.1390530585697125065536284E-01,     -3.99%
    0.1368333333333333179382407E+01,    0.3342649633999229541458931E+00,    0.3481486710875101309170532E+00,   -0.1388370768758717677116010E-01,     -3.99%
    0.1370000000000000106581410E+01,    0.3337350755012543634947519E+00,    0.3475963710938858031163079E+00,   -0.1386129559263143962155596E-01,     -3.99%
    0.1371666666666667033780413E+01,    0.3332070802460196934369208E+00,    0.3470451515382292906330974E+00,   -0.1383807129220959719617667E-01,     -3.99%
    0.1373333333333333072800997E+01,    0.3326809739258236864323237E+00,    0.3464950104718492740474289E+00,   -0.1381403654602558761510522E-01,     -3.99%
    0.1375000000000000000000000E+01,    0.3321567527927036245216641E+00,    0.3459459459459459651498037E+00,   -0.1378919315324234062813957E-01,     -3.99%
    0.1376666666666666927199003E+01,    0.3316344130592534522605774E+00,    0.3453979560116512970147085E+00,   -0.1376354295239784475413103E-01,     -3.98%
    0.1378333333333332966219587E+01,    0.3311139508988031332492596E+00,    0.3448510387200663385165456E+00,   -0.1373708782126320526728591E-01,     -3.98%
    0.1379999999999999893418590E+01,    0.3305953624455562067652181E+00,    0.3443051921222972100444792E+00,   -0.1370982967674100327926112E-01,     -3.98%
    0.1381666666666666820617593E+01,    0.3300786437947648699342551E+00,    0.3437604142694947184644150E+00,   -0.1368177047472984853015987E-01,     -3.98%
    0.1383333333333333747816596E+01,    0.3295637910028734185452493E+00,    0.3432167032128895511888800E+00,   -0.1365291221001613264363073E-01,     -3.98%
    0.1384999999999999786837179E+01,    0.3290508000876840588588834E+00,    0.3426740570038294131371970E+00,   -0.1362325691614535427831356E-01,     -3.98%
    0.1386666666666666714036182E+01,    0.3285396670285183895465764E+00,    0.3421324736938142763165160E+00,   -0.1359280666529588676993967E-01,     -3.97%
    0.1388333333333333641235185E+01,    0.3280303877663705014455786E+00,    0.3415919513345332392262321E+00,   -0.1356156356816273778065352E-01,     -3.97%
    0.1389999999999999680255769E+01,    0.3275229582040815046184434E+00,    0.3410524879778998874613194E+00,   -0.1352952977381838284287596E-01,     -3.97%
    0.1391666666666666607454772E+01,    0.3270173742064923505523666E+00,    0.3405140816760859889811286E+00,   -0.1349670746959363842876201E-01,     -3.96%
    0.1393333333333333534653775E+01,    0.3265136316006110317466948E+00,    0.3399767304815580759580484E+00,   -0.1346309888094704421135361E-01,     -3.96%
    0.1394999999999999573674359E+01,    0.3260117261757708440050862E+00,    0.3394404324471110845351518E+00,   -0.1342870627134024053006556E-01,     -3.96%
    0.1396666666666666500873362E+01,    0.3255116536838206231507797E+00,    0.3389051856259014949834807E+00,   -0.1339353194208087183270095E-01,     -3.95%
    0.1398333333333333428072365E+01,    0.3250134098392497006280166E+00,    0.3383709880714826923053806E+00,   -0.1335757823223299167736400E-01,     -3.95%
    0.1400000000000000355271368E+01,    0.3245169903194072280605553E+00,    0.3378378378378377178137271E+00,   -0.1332084751843048975317174E-01,     -3.94%
    0.1401666666666666394291951E+01,    0.3240223907646276324534540E+00,    0.3373057329794122427557568E+00,   -0.1328334221478461030230278E-01,     -3.94%
    0.1403333333333333321490954E+01,    0.3235296067784209084194913E+00,    0.3367746715511467092696307E+00,   -0.1324506477272580085013942E-01,     -3.93%
    0.1405000000000000248689958E+01,    0.3230386339276402618558848E+00,    0.3362446516085102476978363E+00,   -0.1320601768086998584195157E-01,     -3.93%
    0.1406666666666666287710541E+01,    0.3225494677426535838904442E+00,    0.3357156712075320958987845E+00,   -0.1316620346487851200834029E-01,     -3.92%
    0.1408333333333333214909544E+01,    0.3220621037175193657198236E+00,    0.3351877284048323524245916E+00,   -0.1312562468731298670476804E-01,     -3.92%
    0.1410000000000000142108547E+01,    0.3215765373101517332621313E+00,    0.3346608212576553387229694E+00,   -0.1308428394750360546083812E-01,     -3.91%
    0.1411666666666667069307550E+01,    0.3210927639425050772459258E+00,    0.3341349478238996306700415E+00,   -0.1304218388139455342411566E-01,     -3.90%
    0.1413333333333333108328134E+01,    0.3206107790007444169333439E+00,    0.3336101061621493668596372E+00,   -0.1299932716140494992629328E-01,     -3.90%
    0.1415000000000000035527137E+01,    0.3201305778354177067335229E+00,    0.3330862943317039470692009E+00,   -0.1295571649628624033567803E-01,     -3.89%
    0.1416666666666666962726140E+01,    0.3196521557616472941631969E+00,    0.3325635103926096181048422E+00,   -0.1291135463096232394164531E-01,     -3.88%
    0.1418333333333333001746723E+01,    0.3191755080592981741460790E+00,    0.3320417524056887281780348E+00,   -0.1286624434639055403195584E-01,     -3.87%
    0.1419999999999999928945726E+01,    0.3187006299731512948270051E+00,    0.3315210184325686482154083E+00,   -0.1282038845941735338840317E-01,     -3.87%
    0.1421666666666666856144730E+01,    0.3182275167130984017127560E+00,    0.3310013065357126915699837E+00,   -0.1277378982261428985722773E-01,     -3.86%
    0.1423333333333332895165313E+01,    0.3177561634543087931703553E+00,    0.3304826147784482581748478E+00,   -0.1272645132413946500449242E-01,     -3.85%
    0.1424999999999999822364316E+01,    0.3172865653374311034617961E+00,    0.3299649412249948676745248E+00,   -0.1267837588756376421272876E-01,     -3.84%
    0.1426666666666666749563319E+01,    0.3168187174687536189487957E+00,    0.3294482839404943019800953E+00,   -0.1262956647174068303129957E-01,     -3.83%
    0.1428333333333333676762322E+01,    0.3163526149204042847706830E+00,    0.3289326409910373616440893E+00,   -0.1258002607063307687340625E-01,     -3.82%
    0.1429999999999999715782906E+01,    0.3158882527305220677682485E+00,    0.3284180104436927871702778E+00,   -0.1252975771317071940202936E-01,     -3.82%
    0.1431666666666666642981909E+01,    0.3154256259034594611634361E+00,    0.3279043903665333492547518E+00,   -0.1247876446307388809131567E-01,     -3.81%
    0.1433333333333333570180912E+01,    0.3149647294099608973994009E+00,    0.3273917788286649366291670E+00,   -0.1242704941870403922976607E-01,     -3.80%
    0.1434999999999999609201495E+01,    0.3145055581873399397352387E+00,    0.3268801739002526463018228E+00,   -0.1237461571291270656658412E-01,     -3.79%
    0.1436666666666666536400498E+01,    0.3140481071396920009775044E+00,    0.3263695736525469848210435E+00,   -0.1232146651285498384353900E-01,     -3.78%
    0.1438333333333333463599502E+01,    0.3135923711380527723058265E+00,    0.3258599761579117348730961E+00,   -0.1226760501985896256726960E-01,     -3.76%
    0.1440000000000000390798505E+01,    0.3131383450206185470321429E+00,    0.3253513794898489353002446E+00,   -0.1221303446923038826810171E-01,     -3.75%
    0.1441666666666666429819088E+01,    0.3126860235929174725022506E+00,    0.3248437817230256374756436E+00,   -0.1215775813010816497339306E-01,     -3.74%
    0.1443333333333333357018091E+01,    0.3122354016280076693945489E+00,    0.3243371809332982191875772E+00,   -0.1210177930529054979302828E-01,     -3.73%
    0.1445000000000000284217094E+01,    0.3117864738666675794576122E+00,    0.3238315751977395851035624E+00,   -0.1204510133107200564595018E-01,     -3.72%
    0.1446666666666666323237678E+01,    0.3113392350176037992603995E+00,    0.3233269625946630365653789E+00,   -0.1198772757705923730497943E-01,     -3.71%
    0.1448333333333333250436681E+01,    0.3108936797576232202722224E+00,    0.3228233412036468630290642E+00,   -0.1192966144602364275684181E-01,     -3.70%
    0.1450000000000000177635684E+01,    0.3104498027318439712374243E+00,    0.3223207091055599882167826E+00,   -0.1187090637371601697935830E-01,     -3.68%
    0.1451666666666667104834687E+01,    0.3100075985538778833294771E+00,    0.3218190643825855068449471E+00,   -0.1181146582870762351547000E-01,     -3.67%
    0.1453333333333333143855270E+01,    0.3095670618060541445792921E+00,    0.3213184051182452205530637E+00,   -0.1175134331219107597377160E-01,     -3.66%
    0.1455000000000000071054274E+01,    0.3091281870395843900389821E+00,    0.3208187293974221754311316E+00,   -0.1169054235783778539214950E-01,     -3.64%
    0.1456666666666666998253277E+01,    0.3086909687747871888774398E+00,    0.3203200353063860306157551E+00,   -0.1162906653159884173831529E-01,     -3.63%
    0.1458333333333333037273860E+01,    0.3082554015012711201570994E+00,    0.3198223209328152072394857E+00,   -0.1156691943154408708238634E-01,     -3.62%
    0.1459999999999999964472863E+01,    0.3078214796781456596974635E+00,    0.3193255843658194259582217E+00,   -0.1150410468767376626075816E-01,     -3.60%
    0.1461666666666666891671866E+01,    0.3073891977342157466601691E+00,    0.3188298236959637987908422E+00,   -0.1144062596174805213067316E-01,     -3.59%
    0.1463333333333332930692450E+01,    0.3069585500681923373456073E+00,    0.3183350370152908115350954E+00,   -0.1137648694709847418948812E-01,     -3.57%
    0.1464999999999999857891453E+01,    0.3065295310488811986182611E+00,    0.3178412224173414735162169E+00,   -0.1131169136846027489795574E-01,     -3.56%
    0.1466666666666666785090456E+01,    0.3061021350154026765544302E+00,    0.3173483779971790763596573E+00,   -0.1124624298177639980522713E-01,     -3.54%
    0.1468333333333333712289459E+01,    0.3056763562773874842726229E+00,    0.3168565018514100106727938E+00,   -0.1118014557402252640017082E-01,     -3.53%
    0.1469999999999999751310042E+01,    0.3052521891151785404794339E+00,    0.3163655920782056374385149E+00,   -0.1111340296302709695908106E-01,     -3.51%
    0.1471666666666666678509046E+01,    0.3048296277800461862028669E+00,    0.3158756467773225495854206E+00,   -0.1104601899727636338255365E-01,     -3.50%
    0.1473333333333333605708049E+01,    0.3044086664943917441839005E+00,    0.3153866640501253870709775E+00,   -0.1097799755573364288707694E-01,     -3.48%
    0.1474999999999999644728632E+01,    0.3039892994519556856936049E+00,    0.3148986419996064878290554E+00,   -0.1090934254765080213545048E-01,     -3.46%
    0.1476666666666666571927635E+01,    0.3035715208180232993484537E+00,    0.3144115787304060938289751E+00,   -0.1084005791238279448052140E-01,     -3.45%
    0.1478333333333333499126638E+01,    0.3031553247296268072119574E+00,    0.3139254723488339449133377E+00,   -0.1077014761920713770138036E-01,     -3.43%
    0.1480000000000000426325641E+01,    0.3027407052957820088323615E+00,    0.3134403209628885411675014E+00,   -0.1069961566710653233513995E-01,     -3.41%
    0.1481666666666666465346225E+01,    0.3023276565976665830604020E+00,    0.3129561226822774044897812E+00,   -0.1062846608461082142937926E-01,     -3.40%
    0.1483333333333333392545228E+01,    0.3019161726888625607578831E+00,    0.3124728756184358968717163E+00,   -0.1055670292957333611383319E-01,     -3.38%
    0.1485000000000000319744231E+01,    0.3015062475955354592827007E+00,    0.3119905778845478150351767E+00,   -0.1048433028901235575247597E-01,     -3.36%
    0.1486666666666666358764815E+01,    0.3010978753166767551974203E+00,    0.3115092275955642087126307E+00,   -0.1041135227888745351521038E-01,     -3.34%
    0.1488333333333333285963818E+01,    0.3006910498242993945439139E+00,    0.3110288228682214217712954E+00,   -0.1033777304392202722738148E-01,     -3.32%
    0.1490000000000000213162821E+01,    0.3002857650636676090094568E+00,    0.3105493618210613537833353E+00,   -0.1026359675739374477387855E-01,     -3.30%
    0.1491666666666666252183404E+01,    0.2998820149534915380229450E+00,    0.3100708425744494456388622E+00,   -0.1018882762095790761591729E-01,     -3.29%
    0.1493333333333333179382407E+01,    0.2994797933861717553760684E+00,    0.3095932632505917214693625E+00,   -0.1011346986441996609329408E-01,     -3.27%
    0.1495000000000000106581410E+01,    0.2990790942279802355763252E+00,    0.3091166219735550502178967E+00,   -0.1003752774557481464157149E-01,     -3.25%
    0.1496666666666667033780413E+01,    0.2986799113193165933211048E+00,    0.3086409168692835769398641E+00,   -0.9961005549966983618759286E-02,     -3.23%
    0.1498333333333333072800997E+01,    0.2982822384748946564769767E+00,    0.3081661460656172080163628E+00,   -0.9883907590722551539386131E-02,     -3.21%
    0.1500000000000000000000000E+01,    0.2978860694839879363904345E+00,    0.3076923076923077093880465E+00,   -0.9806238208319772997612063E-02,     -3.19%
    0.1501666666666666927199003E+01,    0.2974913981106157567779746E+00,    0.3072193998810377468799970E+00,   -0.9728001770421990102022392E-02,     -3.17%
    0.1503333333333332966219587E+01,    0.2970982180938064320940839E+00,    0.3067474207654371509690350E+00,   -0.9649202671630718874951071E-02,     -3.15%
    0.1504999999999999893418590E+01,    0.2967065231477891140698944E+00,    0.3062763684810989595064257E+00,   -0.9569845333309845436531305E-02,     -3.12%
    0.1506666666666666820617593E+01,    0.2963163069622023471083594E+00,    0.3058062411655974588420293E+00,   -0.9489934203395111733669864E-02,     -3.10%
    0.1508333333333333747816596E+01,    0.2959275632023615210108858E+00,    0.3053370369585037269466454E+00,   -0.9409473756142205935759648E-02,     -3.08%
    0.1509999999999999786837179E+01,    0.2955402855094584890771614E+00,    0.3048687540014024532908365E+00,   -0.9328468491943964213675144E-02,     -3.06%
    0.1511666666666666714036182E+01,    0.2951544675007670148758621E+00,    0.3044013904379067603223064E+00,   -0.9246922937139745446444294E-02,     -3.04%
    0.1513333333333333641235185E+01,    0.2947701027698897968676306E+00,    0.3039349444136756339673866E+00,   -0.9164841643785837099756009E-02,     -3.02%
    0.1514999999999999680255769E+01,    0.2943871848869959451100442E+00,    0.3034694140764288561307183E+00,   -0.9082229189432911020674055E-02,     -2.99%
    0.1516666666666666607454772E+01,    0.2940057073990041680566776E+00,    0.3030047975759616041280253E+00,   -0.8999090176957436071347729E-02,     -2.97%
    0.1518333333333333534653775E+01,    0.2936256638298552212873460E+00,    0.3025410930641613260760892E+00,   -0.8915429234306104788743141E-02,     -2.95%
    0.1519999999999999573674359E+01,    0.2932470476807090831172786E+00,    0.3020782986950218962363124E+00,   -0.8831251014312813119033763E-02,     -2.92%
    0.1521666666666666500873362E+01,    0.2928698524301788785884071E+00,    0.3016164126246576593359805E+00,   -0.8746560194478780747573410E-02,     -2.90%
    0.1523333333333333428072365E+01,    0.2924940715345849540085510E+00,    0.3011554330113200839136312E+00,   -0.8661361476735129905080157E-02,     -2.88%
    0.1525000000000000355271368E+01,    0.2921196984281326791688116E+00,    0.3006953580154105298838374E+00,   -0.8575659587277850715025806E-02,     -2.85%
    0.1526666666666666394291951E+01,    0.2917467265231956652371537E+00,    0.3002361857994956806372500E+00,   -0.8489459276300015400096299E-02,     -2.83%
    0.1528333333333333321490954E+01,    0.2913751492105146057021159E+00,    0.2997779145283202550942292E+00,   -0.8402765317805649392113310E-02,     -2.80%
    0.1530000000000000248689958E+01,    0.2910049598594303676968309E+00,    0.2993205423688227173606435E+00,   -0.8315582509392349663812638E-02,     -2.78%
    0.1531666666666666287710541E+01,    0.2906361518181315717335167E+00,    0.2988640674901479332703502E+00,   -0.8227915672016361536833529E-02,     -2.75%
    0.1533333333333333214909544E+01,    0.2902687184138715847936396E+00,    0.2984084880636604930614908E+00,   -0.8139769649788908267851184E-02,     -2.73%
    0.1535000000000000142108547E+01,    0.2899026529532185980642112E+00,    0.2979538022629590887646600E+00,   -0.8051149309740490700448845E-02,     -2.70%
    0.1536666666666667069307550E+01,    0.2895379487222599634854703E+00,    0.2975000082638890042119328E+00,   -0.7962059541629040726462563E-02,     -2.68%
    0.1538333333333333108328134E+01,    0.2891745989868645394516022E+00,    0.2970471042445556597577649E+00,   -0.7872505257691120306162702E-02,     -2.65%
    0.1540000000000000035527137E+01,    0.2888125969929076775066790E+00,    0.2965950883853363251319024E+00,   -0.7782491392428647625223448E-02,     -2.62%
    0.1541666666666666962726140E+01,    0.2884519359665029814010495E+00,    0.2961439588688944968275507E+00,   -0.7692022902391515426501201E-02,     -2.60%
    0.1543333333333333001746723E+01,    0.2880926091142385625509803E+00,    0.2956937138801915554431332E+00,   -0.7601104765952992892152906E-02,     -2.57%
    0.1544999999999999928945726E+01,    0.2877346096234302819105721E+00,    0.2952443516064983120017473E+00,   -0.7509741983068030091175160E-02,     -2.54%
    0.1546666666666666856144730E+01,    0.2873779306623255869190814E+00,    0.2947958702374088857389722E+00,   -0.7417939575083298819890842E-02,     -2.52%
    0.1548333333333332895165313E+01,    0.2870225653803700205379812E+00,    0.2943482679648516397996616E+00,   -0.7325702584481619261680407E-02,     -2.49%
    0.1549999999999999822364316E+01,    0.2866685069084370929282102E+00,    0.2939015429831007275573995E+00,   -0.7233036074663634629189346E-02,     -2.46%
    0.1551666666666666749563319E+01,    0.2863157483590630936198806E+00,    0.2934556934887887491569813E+00,   -0.7139945129725655537100693E-02,     -2.43%
    0.1553333333333333676762322E+01,    0.2859642828266886205312858E+00,    0.2930107176809177427223574E+00,   -0.7046434854229122191071610E-02,     -2.40%
    0.1554999999999999715782906E+01,    0.2856141033879009416551753E+00,    0.2925666137608707306760891E+00,   -0.6952510372969789020913822E-02,     -2.38%
    0.1556666666666666642981909E+01,    0.2852652031016689737619174E+00,    0.2921233799324221003246294E+00,   -0.6858176830753126562711941E-02,     -2.35%
    0.1558333333333333570180912E+01,    0.2849175750095838122177838E+00,    0.2916810144017500383561980E+00,   -0.6763439392166226138414231E-02,     -2.32%
    0.1559999999999999609201495E+01,    0.2845712121361173019273849E+00,    0.2912395153774465228480040E+00,   -0.6668303241329220920619036E-02,     -2.29%
    0.1561666666666666536400498E+01,    0.2842261074888358107770614E+00,    0.2907988810705276483403736E+00,   -0.6572773581691837563312220E-02,     -2.26%
    0.1563333333333333463599502E+01,    0.2838822540586643516924426E+00,    0.2903591096944453942008124E+00,   -0.6476855635781042508369865E-02,     -2.23%
    0.1565000000000000390798505E+01,    0.2835396448201194519178614E+00,    0.2899201994650971170308651E+00,   -0.6380554644977665113003695E-02,     -2.20%
    0.1566666666666666429819088E+01,    0.2831982727315575099069633E+00,    0.2894821486008363753406059E+00,   -0.6283875869278865433642522E-02,     -2.17%
    0.1568333333333333357018091E+01,    0.2828581307354144924737227E+00,    0.2890449553224818113328354E+00,   -0.6186824587067318859112675E-02,     -2.14%
    0.1570000000000000284217094E+01,    0.2825192117584583995082426E+00,    0.2886086178533290302894443E+00,   -0.6089406094870630781201726E-02,     -2.11%
    0.1571666666666666323237678E+01,    0.2821815087120161935629881E+00,    0.2881731344191590937775516E+00,   -0.5991625707142900214563497E-02,     -2.08%
    0.1573333333333333250436681E+01,    0.2818450144922471922726004E+00,    0.2877385032482480120563650E+00,   -0.5893488756000819783764655E-02,     -2.05%
    0.1575000000000000177635684E+01,    0.2815097219803561201523223E+00,    0.2873047225713771801736129E+00,   -0.5795000591021060021290623E-02,     -2.02%
    0.1576666666666667104834687E+01,    0.2811756240428727737779013E+00,    0.2868717906218423152608921E+00,   -0.5696166578969541482990735E-02,     -1.99%
    0.1578333333333333143855270E+01,    0.2808427135318652401174688E+00,    0.2864397056354625603624697E+00,   -0.5596992103597320245000901E-02,     -1.95%
    0.1580000000000000071054274E+01,    0.2805109832852201168229556E+00,    0.2860084658505891441748759E+00,   -0.5497482565369027351920295E-02,     -1.92%
    0.1581666666666666998253277E+01,    0.2801804261268734941303649E+00,    0.2855780695081154840764270E+00,   -0.5397643381241989946062176E-02,     -1.89%
    0.1583333333333333037273860E+01,    0.2798510348670346647992346E+00,    0.2851485148514852352441551E+00,   -0.5297479984450570444920459E-02,     -1.86%
    0.1584999999999999964472863E+01,    0.2795228023024985963829181E+00,    0.2847198001267003397707356E+00,   -0.5196997824201743387817487E-02,     -1.83%
    0.1586666666666666891671866E+01,    0.2791957212168283408715297E+00,    0.2842919235823309076494070E+00,   -0.5096202365502566777877291E-02,     -1.79%
    0.1588333333333332930692450E+01,    0.2788697843806421383661132E+00,    0.2838648834695228773128406E+00,   -0.4995099088880738946727433E-02,     -1.76%
    0.1589999999999999857891453E+01,    0.2785449845518499500940379E+00,    0.2834386780420056761720105E+00,   -0.4893693490155726077972531E-02,     -1.73%
    0.1591666666666666785090456E+01,    0.2782213144759136946859712E+00,    0.2830133055561014354672977E+00,   -0.4791991080187740781326511E-02,     -1.69%
    0.1593333333333333712289459E+01,    0.2778987668860816162563765E+00,    0.2825887642707324842739069E+00,   -0.4689997384650868017530456E-02,     -1.66%
    0.1594999999999999751310042E+01,    0.2775773345036642858474352E+00,    0.2821650524474291765741896E+00,   -0.4587717943764890726754402E-02,     -1.63%
    0.1596666666666666678509046E+01,    0.2772570100382489854951018E+00,    0.2817421683503369966850016E+00,   -0.4485158312088011189899817E-02,     -1.59%
    0.1598333333333333605708049E+01,    0.2769377861879850910575840E+00,    0.2813201102462253300195982E+00,   -0.4382324058240238962014246E-02,     -1.56%
    0.1599999999999999644728632E+01,    0.2766196556398319295055899E+00,    0.2808988764044944574926888E+00,   -0.4279220764662527987098883E-02,     -1.52%
    0.1601666666666666571927635E+01,    0.2763026110697988646514034E+00,    0.2804784650971819393028284E+00,   -0.4175854027383074651424977E-02,     -1.49%
    0.1603333333333333499126638E+01,    0.2759866451431853828779595E+00,    0.2800588745989712191608589E+00,   -0.4072229455785836282899481E-02,     -1.45%
    0.1605000000000000426325641E+01,    0.2756717505148800206882242E+00,    0.2796401031871979525611494E+00,   -0.3968352672317931872925101E-02,     -1.42%
    0.1606666666666666465346225E+01,    0.2753579198295680874331026E+00,    0.2792221491418573342535581E+00,   -0.3864229312289246820455446E-02,     -1.38%
    0.1608333333333333392545228E+01,    0.2750451457220136064485416E+00,    0.2788050107456097603808587E+00,   -0.3759865023596153932317065E-02,     -1.35%
    0.1610000000000000319744231E+01,    0.2747334208172946268255998E+00,    0.2783886862837893216848784E+00,   -0.3655265466494694859278525E-02,     -1.31%
    0.1611666666666666358764815E+01,    0.2744227377310751170291780E+00,    0.2779731740444094101327721E+00,   -0.3550436313334293103594064E-02,     -1.28%
    0.1613333333333333285963818E+01,    0.2741130890698388333781566E+00,    0.2775584723181683810544484E+00,   -0.3445383248329547676291895E-02,     -1.24%
    0.1615000000000000213162821E+01,    0.2738044674311743142958164E+00,    0.2771445793984576022594979E+00,   -0.3340111967283287963681460E-02,     -1.21%
    0.1616666666666666252183404E+01,    0.2734968654040086377676744E+00,    0.2767314935813668386188624E+00,   -0.3234628177358200851188030E-02,     -1.17%
    0.1618333333333333179382407E+01,    0.2731902755688495609831534E+00,    0.2763192131656894701130511E+00,   -0.3128937596839909129897705E-02,     -1.13%
    0.1620000000000000106581410E+01,    0.2728846904980911647342623E+00,    0.2759077364529300968598591E+00,   -0.3023045954838932125596784E-02,     -1.10%
    0.1621666666666667033780413E+01,    0.2725801027562261280579037E+00,    0.2754970617473094240956755E+00,   -0.2916958991083296037771788E-02,     -1.06%
    0.1623333333333333072800997E+01,    0.2722765049001063530909050E+00,    0.2750871873557703128909679E+00,   -0.2810682455663959800062912E-02,     -1.02%
    0.1625000000000000000000000E+01,    0.2719738894792282923873472E+00,    0.2746781115879828316650446E+00,   -0.2704222108754539277697404E-02,     -0.98%
    0.1626666666666666927199003E+01,    0.2716722490359430586259748E+00,    0.2742698327563508065018993E+00,   -0.2597583720407747875924542E-02,     -0.95%
    0.1628333333333332966219587E+01,    0.2713715761057860498262073E+00,    0.2738623491760167616426713E+00,   -0.2490773070230711816464009E-02,     -0.91%
    0.1629999999999999893418590E+01,    0.2710718632176447040471601E+00,    0.2734556591648664158888948E+00,   -0.2383795947221711841734759E-02,     -0.87%
    0.1631666666666666820617593E+01,    0.2707731028941016138134046E+00,    0.2730497610435354549629494E+00,   -0.2276658149433841149544833E-02,     -0.83%
    0.1633333333333333747816596E+01,    0.2704752876516320347910494E+00,    0.2726446531354134172886461E+00,   -0.2169365483781382497596724E-02,     -0.80%
    0.1634999999999999786837179E+01,    0.2701784100008939315529233E+00,    0.2722403337666492451063505E+00,   -0.2061923765755313553427186E-02,     -0.76%
    0.1636666666666666714036182E+01,    0.2698824624469752797573108E+00,    0.2718368012661553922981739E+00,   -0.1954338819180112540863092E-02,     -0.72%
    0.1638333333333333641235185E+01,    0.2695874374896505831777915E+00,    0.2714340539656137640811551E+00,   -0.1846616475963180903363536E-02,     -0.68%
    0.1639999999999999680255769E+01,    0.2692933276236715300910873E+00,    0.2710320901994796582989977E+00,   -0.1738762575808128207910386E-02,     -0.64%
    0.1641666666666666607454772E+01,    0.2690001253389605606614055E+00,    0.2706309083049860397807151E+00,   -0.1630782966025479119309693E-02,     -0.60%
    0.1643333333333333534653775E+01,    0.2687078231209419909575331E+00,    0.2702305066221486473665436E+00,   -0.1522683501206656409010520E-02,     -0.56%
    0.1644999999999999573674359E+01,    0.2684164134507572296861611E+00,    0.2698308834937703792888897E+00,   -0.1414470043013149602728618E-02,     -0.52%
    0.1646666666666666500873362E+01,    0.2681258888055393918570246E+00,    0.2694320372654444573079502E+00,   -0.1306148459905065450925576E-02,     -0.48%
    0.1648333333333333428072365E+01,    0.2678362416586747563052029E+00,    0.2690339662855600888491381E+00,   -0.1197724626885332543935192E-02,     -0.45%
    0.1650000000000000355271368E+01,    0.2675474644800685530832141E+00,    0.2686366689053055201164000E+00,   -0.1089204425236967033185920E-02,     -0.41%
    0.1651666666666666394291951E+01,    0.2672595497363731142925758E+00,    0.2682401434786723659620122E+00,   -0.9805937422992516694364440E-03,     -0.37%
    0.1653333333333333321490954E+01,    0.2669724898913038435566136E+00,    0.2678443883624589405556549E+00,   -0.8718984711550969990412341E-03,     -0.33%
    0.1655000000000000248689958E+01,    0.2666862774058473273264269E+00,    0.2674494019162749203211149E+00,   -0.7631245104275929946879842E-03,     -0.29%
    0.1656666666666666287710541E+01,    0.2664009047385555439824145E+00,    0.2670551825025445080719066E+00,   -0.6542777639889640894921286E-03,     -0.24%
    0.1658333333333333214909544E+01,    0.2661163643458032690425341E+00,    0.2666617284865095416357406E+00,   -0.5453641407062725932064495E-03,     -0.20%
    0.1660000000000000142108547E+01,    0.2658326486820202783079026E+00,    0.2662690382362338792354706E+00,   -0.4363895542136009275679953E-03,     -0.16%
    0.1661666666666667069307550E+01,    0.2655497502000044862668915E+00,    0.2658771101226061750466556E+00,   -0.3273599226016887797641175E-03,     -0.12%
    0.1663333333333333108328134E+01,    0.2652676613511367742503921E+00,    0.2654859425193436539558434E+00,   -0.2182811682068797054512288E-03,     -0.08%
    0.1665000000000000035527137E+01,    0.2649863745856512742271605E+00,    0.2650955338029942209843171E+00,   -0.1091592173429467571565965E-03,     -0.04%
    0.1666666666666666962726140E+01,    0.2647058823529373494665151E+00,    0.2647058823529411242247988E+00,   -0.3774758283725532237440348E-14,      0.00%
    0.1668333333333333001746723E+01,    0.2644261771017420437068779E+00,    0.2643169865514049532428942E+00,    0.1091905503370904639837136E-03,      0.04%
    0.1669999999999999928945726E+01,    0.2641472512804843852940451E+00,    0.2639288447834464146346534E+00,    0.2184064970379706593917035E-03,      0.08%
    0.1671666666666666856144730E+01,    0.2638690973374666626227736E+00,    0.2635414554369699957625528E+00,    0.3276419004966668602207847E-03,      0.12%
    0.1673333333333332895165313E+01,    0.2635917077211868408959106E+00,    0.2631548169027264072461492E+00,    0.4368908184604336497613986E-03,      0.17%
    0.1674999999999999822364316E+01,    0.2633150748805717644707158E+00,    0.2627689275743143593189188E+00,    0.5461473062574051517970020E-03,      0.21%
    0.1676666666666666749563319E+01,    0.2630391912652532693250862E+00,    0.2623837858481847251646002E+00,    0.6554054170685441604859989E-03,      0.25%
    0.1678333333333333676762322E+01,    0.2627640493258113774110996E+00,    0.2619993901236417621625208E+00,    0.7646592021696152485787934E-03,      0.29%
    0.1679999999999999715782906E+01,    0.2624896415140555161471525E+00,    0.2616157388028464425566710E+00,    0.8739027112090735904814665E-03,      0.33%
    0.1681666666666666642981909E+01,    0.2622159602832757063772817E+00,    0.2612328302908174526564267E+00,    0.9831299924582537208550548E-03,      0.38%
    0.1683333333333333570180912E+01,    0.2619429980885173425697587E+00,    0.2608506629954350786171346E+00,    0.1092335093082263952624089E-02,      0.42%
    0.1684999999999999609201495E+01,    0.2616707473868316036202941E+00,    0.2604692353274424831965916E+00,    0.1201512059389120423702479E-02,      0.46%
    0.1686666666666666536400498E+01,    0.2613992006375615573254834E+00,    0.2600885457004473710895809E+00,    0.1310654937114186235902480E-02,      0.50%
    0.1688333333333333463599502E+01,    0.2611283503025442209732887E+00,    0.2597085925309251530634924E+00,    0.1419757771619067909796286E-02,      0.55%
    0.1690000000000000390798505E+01,    0.2608581888464620024414842E+00,    0.2593293742382198896478940E+00,    0.1528814608242112793590195E-02,      0.59%
    0.1691666666666666429819088E+01,    0.2605887087370332144686813E+00,    0.2589508892445467891363364E+00,    0.1637819492486425332344879E-02,      0.63%
    0.1693333333333333357018091E+01,    0.2603199024453011212187903E+00,    0.2585731359749930957647734E+00,    0.1746766470308025454016843E-02,      0.68%
    0.1695000000000000284217094E+01,    0.2600517624459084409238585E+00,    0.2581961128575208652691231E+00,    0.1855649588387575654735429E-02,      0.72%
    0.1696666666666666323237678E+01,    0.2597842812173518090013147E+00,    0.2578198183229680751082924E+00,    0.1964462894383733893022281E-02,      0.76%
    0.1698333333333333250436681E+01,    0.2595174512422145363110815E+00,    0.2574442508050496236648996E+00,    0.2073200437164912646181847E-02,      0.81%
    0.1700000000000000177635684E+01,    0.2592512650074748070672115E+00,    0.2570694087403598837582308E+00,    0.2181856267114923308980678E-02,      0.85%
    0.1701666666666667104834687E+01,    0.2589857150047535916392860E+00,    0.2566952905683732022446009E+00,    0.2290424436380389394685153E-02,      0.89%
    0.1703333333333333143855270E+01,    0.2587207937305473492983765E+00,    0.2563218947314458984187979E+00,    0.2398898999101450879578579E-02,      0.94%
    0.1705000000000000071054274E+01,    0.2584564936865549333866454E+00,    0.2559492196748164860586883E+00,    0.2507274011738447327957147E-02,      0.98%
    0.1706666666666666998253277E+01,    0.2581928073798548939343789E+00,    0.2555772638466081159158705E+00,    0.2615543533246778018508394E-02,      1.02%
    0.1708333333333333037273860E+01,    0.2579297273232555309796510E+00,    0.2552060256978290198048853E+00,    0.2723701625426511174765665E-02,      1.07%
    0.1709999999999999964472863E+01,    0.2576672460354770821666648E+00,    0.2548355036823730657147280E+00,    0.2831742353104016451936786E-02,      1.11%
    0.1711666666666666891671866E+01,    0.2574053560414866215211305E+00,    0.2544656962570215896768389E+00,    0.2939659784465031844291616E-02,      1.16%
    0.1713333333333332930692450E+01,    0.2571440498727032286652161E+00,    0.2540966018814442839435230E+00,    0.3047447991258944721693069E-02,      1.20%
    0.1714999999999999857891453E+01,    0.2568833200672899219618728E+00,    0.2537282190181986973875894E+00,    0.3155101049091224574283387E-02,      1.24%
    0.1716666666666666785090456E+01,    0.2566231591704145054144703E+00,    0.2533605461327327335041559E+00,    0.3262613037681771910314410E-02,      1.29%
    0.1718333333333333712289459E+01,    0.2563635597344917638196193E+00,    0.2529935816933843173437424E+00,    0.3369978041107446475876941E-02,      1.33%
    0.1719999999999999751310042E+01,    0.2561045143194689566179534E+00,    0.2526273241713824502241437E+00,    0.3477190148086506393809714E-02,      1.38%
    0.1721666666666666678509046E+01,    0.2558460154930644048221211E+00,    0.2522617720408467656412199E+00,    0.3584243452217639180901188E-02,      1.42%
    0.1723333333333333605708049E+01,    0.2555880558310679728784010E+00,    0.2518969237787896942037946E+00,    0.3691132052278278674606327E-02,      1.47%
    0.1724999999999999644728632E+01,    0.2553306279175410198334362E+00,    0.2515327778651156309663861E+00,    0.3797850052425388867050060E-02,      1.51%
    0.1726666666666666571927635E+01,    0.2550737243451384750336786E+00,    0.2511693327826213240072661E+00,    0.3904391562517151026412421E-02,      1.55%
    0.1728333333333333499126638E+01,    0.2548173377153334362432702E+00,    0.2508065870169969846514846E+00,    0.4010750698336451591785590E-02,      1.60%
    0.1730000000000000426325641E+01,    0.2545614606386886191735641E+00,    0.2504445390568257878705083E+00,    0.4116921581862831303055827E-02,      1.64%
    0.1731666666666666465346225E+01,    0.2543060857351127079795106E+00,    0.2500831873935844273937334E+00,    0.4222898341528280585777111E-02,      1.69%
    0.1733333333333333392545228E+01,    0.2540512056341300839434894E+00,    0.2497225305216425883525488E+00,    0.4328675112487495590940512E-02,      1.73%
    0.1735000000000000319744231E+01,    0.2537968129751465018451029E+00,    0.2493625669382640019922093E+00,    0.4434246036882499852893602E-02,      1.78%
    0.1736666666666666358764815E+01,    0.2535429004076806824841128E+00,    0.2490032951436057795380208E+00,    0.4539605264074902946092038E-02,      1.82%
    0.1738333333333333285963818E+01,    0.2532894605916412578139330E+00,    0.2486447136407180791284333E+00,    0.4644746950923178685499693E-02,      1.87%
    0.1740000000000000213162821E+01,    0.2530364861975967771812179E+00,    0.2482868209355446609265528E+00,    0.4749665262052116254665179E-02,      1.91%
    0.1741666666666666252183404E+01,    0.2527839699070411616510512E+00,    0.2479296155369226650755365E+00,    0.4854354370118496575514655E-02,      1.96%
    0.1743333333333333179382407E+01,    0.2525319044125967637981489E+00,    0.2475730959565812239198124E+00,    0.4958808456015539878336540E-02,      2.00%
    0.1745000000000000106581410E+01,    0.2522802824183524306178583E+00,    0.2472172607091426554948299E+00,    0.5063021709209775123028408E-02,      2.05%
    0.1746666666666667033780413E+01,    0.2520290966400536292191248E+00,    0.2468621083121214088151874E+00,    0.5166988327932220403937436E-02,      2.09%
    0.1748333333333333072800997E+01,    0.2517783398054266319476824E+00,    0.2465076372859235920298460E+00,    0.5270702519503039917836418E-02,      2.14%
    0.1750000000000000000000000E+01,    0.2515280046543623693189318E+00,    0.2461538461538461675104372E+00,    0.5374158500516201808494543E-02,      2.18%
    0.1751666666666666927199003E+01,    0.2512780839392384502062328E+00,    0.2458007334420773681848971E+00,    0.5477350497161082021335687E-02,      2.23%
    0.1753333333333332966219587E+01,    0.2510285704251438154699372E+00,    0.2454482976796954762921388E+00,    0.5580272745448339177798402E-02,      2.27%
    0.1754999999999999893418590E+01,    0.2507794568901496878865487E+00,    0.2450965373986679629592089E+00,    0.5682919491481724927339769E-02,      2.32%
    0.1756666666666666820617593E+01,    0.2505307361255547649037112E+00,    0.2447454511338512661566824E+00,    0.5785284991703498747028789E-02,      2.36%
    0.1758333333333333747816596E+01,    0.2502824009361571677700908E+00,    0.2443950374229900412981209E+00,    0.5887363513167126471969937E-02,      2.41%
    0.1759999999999999786837179E+01,    0.2500344441404849238352881E+00,    0.2440452948067161342837750E+00,    0.5989149333768789551513123E-02,      2.45%
    0.1761666666666666714036182E+01,    0.2497868585710847355585429E+00,    0.2436962218285475267887108E+00,    0.6090636742537208769832091E-02,      2.50%
    0.1763333333333333641235185E+01,    0.2495396370747786918276034E+00,    0.2433478170348878921736002E+00,    0.6191820039890799654003217E-02,      2.54%
    0.1764999999999999680255769E+01,    0.2492927725128636362583734E+00,    0.2430000789750257350618767E+00,    0.6292693537837901196496659E-02,      2.59%
    0.1766666666666666607454772E+01,    0.2490462577614397654546252E+00,    0.2426530062011324206938667E+00,    0.6393251560307344760758497E-02,      2.63%
    0.1768333333333333534653775E+01,    0.2488000857116117736644867E+00,    0.2423065972682622581935163E+00,    0.6493488443349515470970346E-02,      2.68%
    0.1769999999999999573674359E+01,    0.2485542492697991046046724E+00,    0.2419608507343512793230644E+00,    0.6593398535447825281607948E-02,      2.72%
    0.1771666666666666500873362E+01,    0.2483087413579060376278562E+00,    0.2416157651602147682368127E+00,    0.6692976197691269391043534E-02,      2.77%
    0.1773333333333333428072365E+01,    0.2480635549136588624552502E+00,    0.2412713391095478998593649E+00,    0.6792215804110962595885326E-02,      2.82%
    0.1775000000000000355271368E+01,    0.2478186828908425787254544E+00,    0.2409275711489232696393969E+00,    0.6891111741919309086057410E-02,      2.86%
    0.1776666666666666394291951E+01,    0.2475741182594836109487346E+00,    0.2405844598477903106825693E+00,    0.6989658411693300266165352E-02,      2.91%
    0.1778333333333333321490954E+01,    0.2473298540062075223655569E+00,    0.2402420037784728512608723E+00,    0.7087850227734671104684594E-02,      2.95%
    0.1780000000000000248689958E+01,    0.2470858831344007744412750E+00,    0.2399002015161692258349291E+00,    0.7185681618231548606345882E-02,      3.00%
    0.1781666666666666287710541E+01,    0.2468421986645454313524795E+00,    0.2395590516389499713412192E+00,    0.7283147025595460011260229E-02,      3.04%
    0.1783333333333333214909544E+01,    0.2465987936343792819027243E+00,    0.2392185527277560230796638E+00,    0.7380240906623258823060496E-02,      3.09%
    0.1785000000000000142108547E+01,    0.2463556610992432283069320E+00,    0.2388787033663981040909619E+00,    0.7476957732845124215970145E-02,      3.13%
    0.1786666666666667069307550E+01,    0.2461127941322352741249091E+00,    0.2385395021415545602216923E+00,    0.7573291990680713903216770E-02,      3.17%
    0.1788333333333333108328134E+01,    0.2458701858245631866051184E+00,    0.2382009476427700833678358E+00,    0.7669238181793103237282594E-02,      3.22%
    0.1790000000000000035527137E+01,    0.2456278292856959866163891E+00,    0.2378630384624532967396959E+00,    0.7764790823242689876693134E-02,      3.26%
    0.1791666666666666962726140E+01,    0.2453857176436696485577471E+00,    0.2375257731958762275059627E+00,    0.7859944447793421051784435E-02,      3.31%
    0.1793333333333333001746723E+01,    0.2451438440453474199021144E+00,    0.2371891504411718920586338E+00,    0.7954693604175527843480609E-02,      3.35%
    0.1794999999999999928945726E+01,    0.2449022016566288484362701E+00,    0.2368531687993320478113901E+00,    0.8049032857296800624880007E-02,      3.40%
    0.1796666666666666856144730E+01,    0.2446607836626984722183664E+00,    0.2365178268742066380880829E+00,    0.8142956788491834130283564E-02,      3.44%
    0.1798333333333332895165313E+01,    0.2444195832683268843066315E+00,    0.2361831232725009332984456E+00,    0.8236459995825951008185939E-02,      3.49%
    0.1799999999999999822364316E+01,    0.2441785936980438165289087E+00,    0.2358490566037736158033766E+00,    0.8329537094270200725532050E-02,      3.53%
    0.1801666666666666749563319E+01,    0.2439378081964515831980833E+00,    0.2355156254804355031584606E+00,    0.8422182716016080039622693E-02,      3.58%
    0.1803333333333333676762322E+01,    0.2436972200284112377577372E+00,    0.2351828285177470778677389E+00,    0.8514391510664159889998359E-02,      3.62%
    0.1804999999999999715782906E+01,    0.2434568224793601520783426E+00,    0.2348506643338167942935968E+00,    0.8606158145543357784745808E-02,      3.66%
    0.1806666666666666642981909E+01,    0.2432166088554572613844584E+00,    0.2345191315495982198324754E+00,    0.8697477305859041551983069E-02,      3.71%
    0.1808333333333333570180912E+01,    0.2429765724839516582989063E+00,    0.2341882287888890357141491E+00,    0.8788343695062622584757150E-02,      3.75%
    0.1809999999999999609201495E+01,    0.2427367067133029965297908E+00,    0.2338579546783284557331939E+00,    0.8878752034974540796596898E-02,      3.80%
    0.1811666666666666536400498E+01,    0.2424970049135247995852893E+00,    0.2335283078473944506914250E+00,    0.8968697066130348893864266E-02,      3.84%
    0.1813333333333333463599502E+01,    0.2422574604763534367180000E+00,    0.2331992869284026104192975E+00,    0.9058173547950826298702509E-02,      3.88%
    0.1815000000000000390798505E+01,    0.2420180668155327285973044E+00,    0.2328708905565031739293147E+00,    0.9147176259029554667989714E-02,      3.93%
    0.1816666666666666429819088E+01,    0.2417788173670646079127522E+00,    0.2325431173696790032590087E+00,    0.9235699997385604653743485E-02,      3.97%
    0.1818333333333333357018091E+01,    0.2415397055894004663123553E+00,    0.2322159660087429189356811E+00,    0.9323739580657547376674188E-02,      4.02%
    0.1820000000000000284217094E+01,    0.2413007249637265927422192E+00,    0.2318894351173360068862905E+00,    0.9411289846390585855928634E-02,      4.06%
    0.1821666666666666323237678E+01,    0.2410618689942085335342625E+00,    0.2315635233419248151243153E+00,    0.9498345652283718409947255E-02,      4.10%
    0.1823333333333333250436681E+01,    0.2408231312081754449394566E+00,    0.2312382293317986059477676E+00,    0.9584901876376838991689056E-02,      4.15%
    0.1825000000000000177635684E+01,    0.2405845051564233783025770E+00,    0.2309135517390676073379296E+00,    0.9670953417355770964647377E-02,      4.19%
    0.1826666666666667104834687E+01,    0.2403459844134076539567957E+00,    0.2305894892186602651573679E+00,    0.9756495194747388799427767E-02,      4.23%
    0.1828333333333333143855270E+01,    0.2401075625775120070404256E+00,    0.2302660404283204675923713E+00,    0.9841522149191539448054300E-02,      4.27%
    0.1830000000000000071054274E+01,    0.2398692332712783481518670E+00,    0.2299432040286049083732678E+00,    0.9926029242673439778599231E-02,      4.32%
    0.1831666666666666998253277E+01,    0.2396309901416067977830693E+00,    0.2296209786828812549064338E+00,    0.1001001145872554287663547E-01,      4.36%
    0.1833333333333333037273860E+01,    0.2393928268600678810340554E+00,    0.2292993630573249008719472E+00,    0.1009346380274298016210821E-01,      4.40%
    0.1834999999999999964472863E+01,    0.2391547371230571261691011E+00,    0.2289783558209160518881475E+00,    0.1017638130214107428095360E-01,      4.44%
    0.1836666666666666891671866E+01,    0.2389167146520675688581292E+00,    0.2286579556454378658880700E+00,    0.1025875900662970297005927E-01,      4.49%
    0.1838333333333332930692450E+01,    0.2386787531939462414509734E+00,    0.2283381612054733722505517E+00,    0.1034059198847286920042166E-01,      4.53%
    0.1839999999999999857891453E+01,    0.2384408465210627603436677E+00,    0.2280189711784020856200073E+00,    0.1042187534266067472366046E-01,      4.57%
    0.1841666666666666785090456E+01,    0.2382029884316045065251188E+00,    0.2277003842443983960830423E+00,    0.1050260418720611044207658E-01,      4.61%
    0.1843333333333333712289459E+01,    0.2379651727497917035325514E+00,    0.2273823990864279609436238E+00,    0.1058277366336374258892761E-01,      4.65%
    0.1844999999999999751310042E+01,    0.2377273933260769522846090E+00,    0.2270650143902453454991530E+00,    0.1066237893583160678545596E-01,      4.70%
    0.1846666666666666678509046E+01,    0.2374896440374133499418008E+00,    0.2267482288443902760377568E+00,    0.1074141519302307390404394E-01,      4.74%
    0.1848333333333333605708049E+01,    0.2372519187874880530753074E+00,    0.2264320411401858912370244E+00,    0.1081987764730216183828304E-01,      4.78%
    0.1849999999999999644728632E+01,    0.2370142115068976373937204E+00,    0.2261164499717355225172355E+00,    0.1089776153516211487648491E-01,      4.82%
    0.1851666666666666571927635E+01,    0.2367765161534470808035735E+00,    0.2258014540359187527496232E+00,    0.1097506211752832805395030E-01,      4.86%
    0.1853333333333333499126638E+01,    0.2365388267123123278157237E+00,    0.2254870520323898896997150E+00,    0.1105177467992243811600872E-01,      4.90%
    0.1855000000000000426325641E+01,    0.2363011371963378848271020E+00,    0.2251732426635742190246248E+00,    0.1112789453276366580247725E-01,      4.94%
    0.1856666666666666465346225E+01,    0.2360634416461792617347726E+00,    0.2248600246346649511597349E+00,    0.1120341701151431057503771E-01,      4.98%
    0.1858333333333333392545228E+01,    0.2358257341305877441417493E+00,    0.2245473966536200571830761E+00,    0.1127833747696768695867320E-01,      5.02%
    0.1860000000000000319744231E+01,    0.2355880087466396544115810E+00,    0.2242353574311596597912200E+00,    0.1135265131547999462036103E-01,      5.06%
    0.1861666666666666358764815E+01,    0.2353502596199160412648865E+00,    0.2239239056807629524303849E+00,    0.1142635393915308883450166E-01,      5.10%
    0.1863333333333333285963818E+01,    0.2351124809047341335244141E+00,    0.2236130401186640082045187E+00,    0.1149944078607012531989540E-01,      5.14%
    0.1865000000000000213162821E+01,    0.2348746667844474056430215E+00,    0.2233027594638500312740348E+00,    0.1157190732059737436898672E-01,      5.18%
    0.1866666666666666252183404E+01,    0.2346368114715224884037070E+00,    0.2229930624380575543419525E+00,    0.1164374903346493406175455E-01,      5.22%
    0.1868333333333333179382407E+01,    0.2343989092079029890047792E+00,    0.2226839477657686638956136E+00,    0.1171496144213432510916562E-01,      5.26%
    0.1870000000000000106581410E+01,    0.2341609542651589548345470E+00,    0.2223754141742088907829356E+00,    0.1178554009095006405161143E-01,      5.30%
    0.1871666666666667033780413E+01,    0.2339229409446672014460944E+00,    0.2220674603933430746316446E+00,    0.1185548055132412681444976E-01,      5.34%
    0.1873333333333333072800997E+01,    0.2336848635779330829453926E+00,    0.2217600851558727270695925E+00,    0.1192477842206035587580004E-01,      5.38%
    0.1875000000000000000000000E+01,    0.2334467165267351262958329E+00,    0.2214532871972318406328384E+00,    0.1199342932950328566299447E-01,      5.42%
    0.1876666666666666927199003E+01,    0.2332084941833309221781434E+00,    0.2211470652555845572972970E+00,    0.1206142892774636488084639E-01,      5.45%
    0.1878333333333332966219587E+01,    0.2329701909707545259831107E+00,    0.2208414180718213937204553E+00,    0.1212877289893313226265548E-01,      5.49%
    0.1879999999999999893418590E+01,    0.2327318013429277021586472E+00,    0.2205363443895554109719370E+00,    0.1219545695337229118671019E-01,      5.53%
    0.1881666666666666820617593E+01,    0.2324933197849246846455884E+00,    0.2202318429551197720428490E+00,    0.1226147682980491260273936E-01,      5.57%
    0.1883333333333333747816596E+01,    0.2322547408132152602089349E+00,    0.2199279125175636340205898E+00,    0.1232682829565162618834506E-01,      5.60%
    0.1884999999999999786837179E+01,    0.2320160589758249181091543E+00,    0.2196245518286489561976538E+00,    0.1239150714717596191150051E-01,      5.64%
    0.1886666666666666714036182E+01,    0.2317772688525696622718897E+00,    0.2193217596428466975577720E+00,    0.1245550920972296471411767E-01,      5.68%
    0.1888333333333333641235185E+01,    0.2315383650552649552611939E+00,    0.2190195347173339579516238E+00,    0.1251883033793099730957010E-01,      5.72%
    0.1889999999999999680255769E+01,    0.2312993422279153443721356E+00,    0.2187178758119901755829773E+00,    0.1258146641592516878915831E-01,      5.75%
    0.1891666666666666607454772E+01,    0.2310601950469723109282683E+00,    0.2184167816893931857169520E+00,    0.1264341335757912521131630E-01,      5.79%
    0.1893333333333333534653775E+01,    0.2308209182214995547344216E+00,    0.2181162511148163618557305E+00,    0.1270466710668319287869110E-01,      5.82%
    0.1894999999999999573674359E+01,    0.2305815064933627589471854E+00,    0.2178162828562250075137285E+00,    0.1276522363713775143345686E-01,      5.86%
    0.1896666666666666500873362E+01,    0.2303419546375047588515628E+00,    0.2175168756842718875699205E+00,    0.1282507895323287128164225E-01,      5.90%
    0.1898333333333333428072365E+01,    0.2301022574620907867881670E+00,    0.2172180283722947857771857E+00,    0.1288422908979600101098129E-01,      5.93%
    0.1900000000000000355271368E+01,    0.2298624098087231615306081E+00,    0.2169197396963123136703899E+00,    0.1294267011241084786021815E-01,      5.97%
    0.1901666666666666394291951E+01,    0.2296224065526558111294264E+00,    0.2166220084350203578527072E+00,    0.1300039811763545327671920E-01,      6.00%
    0.1903333333333333321490954E+01,    0.2293822426030036887301122E+00,    0.2163248333697880831927307E+00,    0.1305740923321560553738152E-01,      6.04%
    0.1905000000000000248689958E+01,    0.2291419129029222123694609E+00,    0.2160282132846549629778821E+00,    0.1311369961826724939157884E-01,      6.07%
    0.1906666666666666287710541E+01,    0.2289014124298230368204088E+00,    0.2157321469663266710892202E+00,    0.1316926546349636573118858E-01,      6.10%
    0.1908333333333333214909544E+01,    0.2286607361955712569567822E+00,    0.2154366332041710851985528E+00,    0.1322410299140017175822948E-01,      6.14%
    0.1910000000000000142108547E+01,    0.2284198792466632099706914E+00,    0.2151416707902153446774207E+00,    0.1327820845644786529327064E-01,      6.17%
    0.1911666666666667069307550E+01,    0.2281788366644426913065757E+00,    0.2148472585191412986826975E+00,    0.1333157814530139262387820E-01,      6.21%
    0.1913333333333333108328134E+01,    0.2279376035653217225096512E+00,    0.2145533951882825918211495E+00,    0.1338420837703913068850170E-01,      6.24%
    0.1915000000000000035527137E+01,    0.2276961751009038692483699E+00,    0.2142600795976195571235223E+00,    0.1343609550328431212484759E-01,      6.27%
    0.1916666666666666962726140E+01,    0.2274545464582858333990600E+00,    0.2139673105497770511096434E+00,    0.1348723590850878228941667E-01,      6.30%
    0.1918333333333333001746723E+01,    0.2272127128601262313623010E+00,    0.2136750868500197353405667E+00,    0.1353762601010649602173430E-01,      6.34%
    0.1919999999999999928945726E+01,    0.2269706695649301997352865E+00,    0.2133834073062478575710799E+00,    0.1358726225868234216420660E-01,      6.37%
    0.1921666666666666856144730E+01,    0.2267284118672056869581155E+00,    0.2130922707289945317032931E+00,    0.1363614113821115525482242E-01,      6.40%
    0.1923333333333332895165313E+01,    0.2264859350976390628407131E+00,    0.2128016759314211858722388E+00,    0.1368425916621787696847434E-01,      6.43%
    0.1924999999999999822364316E+01,    0.2262432346233357038922662E+00,    0.2125116217293133435983776E+00,    0.1373161289402236029388860E-01,      6.46%
    0.1926666666666666749563319E+01,    0.2260003058479360393828728E+00,    0.2122221069410777094521592E+00,    0.1377819890685832993071358E-01,      6.49%
    0.1928333333333333676762322E+01,    0.2257571442118811166910319E+00,    0.2119331303877374506061670E+00,    0.1382401382414366608486489E-01,      6.52%
    0.1929999999999999715782906E+01,    0.2255137451925232905391994E+00,    0.2116446908929290049439231E+00,    0.1386905429959428559527623E-01,      6.55%
    0.1931666666666666642981909E+01,    0.2252701043043406070598422E+00,    0.2113567872828969462783988E+00,    0.1391331702144366078144344E-01,      6.58%
    0.1933333333333333570180912E+01,    0.2250262170991759458349435E+00,    0.2110694183864915141057850E+00,    0.1395679871268443172915852E-01,      6.61%
    0.1934999999999999609201495E+01,    0.2247820791663003581195568E+00,    0.2107825830351638674020620E+00,    0.1399949613113649071749478E-01,      6.64%
    0.1936666666666666536400498E+01,    0.2245376861327138540147530E+00,    0.2104962800629617825087792E+00,    0.1404140606975207150597384E-01,      6.67%
    0.1938333333333333463599502E+01,    0.2242930336632379673122983E+00,    0.2102105083065266000197369E+00,    0.1408252535671136729256148E-01,      6.70%
    0.1940000000000000390798505E+01,    0.2240481174607622527616968E+00,    0.2099252666050885063331322E+00,    0.1412285085567374642856464E-01,      6.73%
    0.1941666666666666429819088E+01,    0.2238029332663595827312975E+00,    0.2096405538004630086934554E+00,    0.1416237946589657403784202E-01,      6.76%
    0.1943333333333333357018091E+01,    0.2235574768594968120272171E+00,    0.2093563687370460502101821E+00,    0.1420110812245076181703496E-01,      6.78%
    0.1945000000000000284217094E+01,    0.2233117440582412238647692E+00,    0.2090727102618112620557866E+00,    0.1423903379642996180898251E-01,      6.81%
    0.1946666666666666323237678E+01,    0.2230657307193650851218081E+00,    0.2087895772243050229732830E+00,    0.1427615349506006214852505E-01,      6.84%
    0.1948333333333333250436681E+01,    0.2228194327385558393128662E+00,    0.2085069684766422959398824E+00,    0.1431246426191354337298378E-01,      6.86%
    0.1950000000000000177635684E+01,    0.2225728460506110895078535E+00,    0.2082248828735033807646460E+00,    0.1434796317710770874320758E-01,      6.89%
    0.1951666666666667104834687E+01,    0.2223259666295641923117188E+00,    0.2079433192721290013516011E+00,    0.1438264735743519096011767E-01,      6.92%
    0.1953333333333333143855270E+01,    0.2220787904888830155414325E+00,    0.2076622765323168917639407E+00,    0.1441651395656612377749184E-01,      6.94%
    0.1955000000000000071054274E+01,    0.2218313136816099651049683E+00,    0.2073817535164168557315634E+00,    0.1444956016519310937340492E-01,      6.97%
    0.1956666666666666998253277E+01,    0.2215835323005956314368348E+00,    0.2071017490893275470043022E+00,    0.1448178321126808443253253E-01,      6.99%
    0.1958333333333333037273860E+01,    0.2213354424785785312668196E+00,    0.2068222621184920007042507E+00,    0.1451318036008653056256890E-01,      7.02%
    0.1959999999999999964472863E+01,    0.2210870403883929136146236E+00,    0.2065432914738929426334835E+00,    0.1454374891449997098114011E-01,      7.04%
    0.1961666666666666891671866E+01,    0.2208383222431783421413343E+00,    0.2062648360280497084051632E+00,    0.1457348621512863373617108E-01,      7.07%
    0.1963333333333332930692450E+01,    0.2205892842964055078347485E+00,    0.2059868946560134139733833E+00,    0.1460238964039209386136520E-01,      7.09%
    0.1964999999999999857891453E+01,    0.2203399228421893951690436E+00,    0.2057094662353625147410696E+00,    0.1463045660682688042797395E-01,      7.11%
    0.1966666666666666785090456E+01,    0.2200902342154037738541916E+00,    0.2054325496461994748909063E+00,    0.1465768456920429896328528E-01,      7.14%
    0.1968333333333333712289459E+01,    0.2198402147917568050239367E+00,    0.2051561437711459656707547E+00,    0.1468407102061083935318209E-01,      7.16%
    0.1969999999999999751310042E+01,    0.2195898609880906626745656E+00,    0.2048802474953390351242177E+00,    0.1470961349275162755034785E-01,      7.18%
    0.1971666666666666678509046E+01,    0.2193391692623649358306892E+00,    0.2046048597064261120870299E+00,    0.1473430955593882374365933E-01,      7.20%
    0.1973333333333333605708049E+01,    0.2190881361139941641003048E+00,    0.2043299792945620918516170E+00,    0.1475815681943207224868786E-01,      7.22%
    0.1974999999999999644728632E+01,    0.2188367580838544990129435E+00,    0.2040556051524041181188807E+00,    0.1478115293145038089406285E-01,      7.24%
    0.1976666666666666571927635E+01,    0.2185850317545634247107245E+00,    0.2037817361751073919062804E+00,    0.1480329557945603280444402E-01,      7.26%
    0.1978333333333333499126638E+01,    0.2183329537504886674881277E+00,    0.2035083712603216465897304E+00,    0.1482458249016702089839725E-01,      7.28%
    0.1980000000000000426325641E+01,    0.2180805207380119570270693E+00,    0.2032355093081862629222911E+00,    0.1484501142982569410477822E-01,      7.30%
    0.1981666666666666465346225E+01,    0.2178277294256472929045998E+00,    0.2029631492213262722312805E+00,    0.1486458020432102067331925E-01,      7.32%
    0.1983333333333333392545228E+01,    0.2175745765641768914022691E+00,    0.2026912899048476934815710E+00,    0.1488328665932919792069811E-01,      7.34%
    0.1985000000000000319744231E+01,    0.2173210589467654829665122E+00,    0.2024199302663339528063347E+00,    0.1490112868043153016017754E-01,      7.36%
    0.1986666666666666358764815E+01,    0.2170671734091719484727179E+00,    0.2021490692158413871037936E+00,    0.1491810419333056136892424E-01,      7.38%
    0.1988333333333333285963818E+01,    0.2168129168298568443251639E+00,    0.2018787056658941370113070E+00,    0.1493421116396270731385698E-01,      7.40%
    0.1990000000000000213162821E+01,    0.2165582861301312833646193E+00,    0.2016088385314812048143551E+00,    0.1494944759865007855026420E-01,      7.42%
    0.1991666666666666252183404E+01,    0.2163032782742654591690012E+00,    0.2013394667300514029317782E+00,    0.1496381154421405623722308E-01,      7.43%
    0.1993333333333333179382407E+01,    0.2160478902696760516999319E+00,    0.2010705891815086632234966E+00,    0.1497730108816738847643535E-01,      7.45%
    0.1995000000000000106581410E+01,    0.2157921191670716942745401E+00,    0.2008022048082087895881642E+00,    0.1498991435886290468637583E-01,      7.47%
    0.1996666666666667033780413E+01,    0.2155359620605046544472572E+00,    0.2005343125349541844038015E+00,    0.1500164952555047004345568E-01,      7.48%
    0.1998333333333333072800997E+01,    0.2152794160875795004272959E+00,    0.2002669112889902125473895E+00,    0.1501250479858928787990635E-01,      7.50%
    0.2000000000000000000000000E+01,    0.2150224784296374813674646E+00,    0.2000000000000000111022302E+00,    0.1502247842963747026523436E-01,      7.51%
    0.2001666666666666927199003E+01,    0.2147651463117140058223242E+00,    0.1997335776001011586888723E+00,    0.1503156871161284713345196E-01,      7.53%
    0.2003333333333332966219587E+01,    0.2145074170028663240739064E+00,    0.1994676430238408737505296E+00,    0.1503977397902545032337684E-01,      7.54%
    0.2004999999999999893418590E+01,    0.2142492878161578739870663E+00,    0.1992021952081912128385000E+00,    0.1504709260796666114856635E-01,      7.55%
    0.2006666666666666820617593E+01,    0.2139907561088583709540956E+00,    0.1989372330925455734096374E+00,    0.1505352301631279754445814E-01,      7.57%
    0.2008333333333333747816596E+01,    0.2137318192825808926826880E+00,    0.1986727556187138088450439E+00,    0.1505906366386708383764415E-01,      7.58%
    0.2009999999999999786837179E+01,    0.2134724747833453006862214E+00,    0.1984087617309180928693024E+00,    0.1506371305242720781691901E-01,      7.59%
    0.2011666666666666714036182E+01,    0.2132127201017499085189399E+00,    0.1981452503757879790580176E+00,    0.1506746972596192946092231E-01,      7.60%
    0.2013333333333333641235185E+01,    0.2129525527730764811185082E+00,    0.1978822205023569313908638E+00,    0.1507033227071954972764445E-01,      7.62%
    0.2014999999999999680255769E+01,    0.2126919703774714509592059E+00,    0.1976196710620575502925789E+00,    0.1507229931541390066662700E-01,      7.63%
    0.2016666666666666607454772E+01,    0.2124309705399057002228602E+00,    0.1973576010087166321405050E+00,    0.1507336953118906808235522E-01,      7.64%
    0.2018333333333333534653775E+01,    0.2121695509304860616239807E+00,    0.1970960092985516998176365E+00,    0.1507354163193436180634421E-01,      7.65%
    0.2019999999999999573674359E+01,    0.2119077092644658655284928E+00,    0.1968348948901662009980384E+00,    0.1507281437429966453045438E-01,      7.66%
    0.2021666666666666500873362E+01,    0.2116454433023359782417572E+00,    0.1965742567445446786766894E+00,    0.1507118655779129956506779E-01,      7.67%
    0.2023333333333333428072365E+01,    0.2113827508500285556891640E+00,    0.1963140938250492184558027E+00,    0.1506865702497933723336132E-01,      7.68%
    0.2025000000000000355271368E+01,    0.2111196297589664205851534E+00,    0.1960544050974144525412157E+00,    0.1506522466155196804393768E-01,      7.68%
    0.2026666666666666394291951E+01,    0.2108560779261867690337340E+00,    0.1957951895297435074283499E+00,    0.1506088839644326160538412E-01,      7.69%
    0.2028333333333333321490954E+01,    0.2105920932944511381190722E+00,    0.1955364460925028691207217E+00,    0.1505564720194826899835050E-01,      7.70%
    0.2030000000000000248689958E+01,    0.2103276738523472133568504E+00,    0.1952781737585189969497179E+00,    0.1504950009382821640713246E-01,      7.71%
    0.2031666666666666287710541E+01,    0.2100628176344288278176720E+00,    0.1950203715029732998154088E+00,    0.1504244613145552800226312E-01,      7.71%
    0.2033333333333333214909544E+01,    0.2097975227212607318705295E+00,    0.1947630383033975565165719E+00,    0.1503448441786317535395767E-01,      7.72%
    0.2035000000000000142108547E+01,    0.2095317872395792979656193E+00,    0.1945061731396700022145296E+00,    0.1502561409990929575108964E-01,      7.73%
    0.2036666666666667069307550E+01,    0.2092656093623654345314833E+00,    0.1942497749940105822297198E+00,    0.1501583436835485230176346E-01,      7.73%
    0.2038333333333333108328134E+01,    0.2089989873089417304896642E+00,    0.1939938428509766776830503E+00,    0.1500514445796505280661393E-01,      7.73%
    0.2040000000000000035527137E+01,    0.2087319193450703214143260E+00,    0.1937383756974581650034395E+00,    0.1499354364761215641088654E-01,      7.74%
    0.2041666666666666962726140E+01,    0.2084644037831096807789066E+00,    0.1934833725226738077029864E+00,    0.1498103126043587307592020E-01,      7.74%
    0.2043333333333333001746723E+01,    0.2081964389820041005929596E+00,    0.1932288323181663436400868E+00,    0.1496760666383775695287284E-01,      7.75%
    0.2044999999999999928945726E+01,    0.2079280233474512518121458E+00,    0.1929747540777977943271537E+00,    0.1495326926965345748499203E-01,      7.75%
    0.2046666666666666856144730E+01,    0.2076591553319805660837716E+00,    0.1927211367977455513944562E+00,    0.1493801853423501468931534E-01,      7.75%
    0.2048333333333332895165313E+01,    0.2073898334350484651267266E+00,    0.1924679794764978524312937E+00,    0.1492185395855061269543285E-01,      7.75%
    0.2049999999999999822364316E+01,    0.2071200562030941771940462E+00,    0.1922152811148486462045071E+00,    0.1490477508824553098953913E-01,      7.75%
    0.2051666666666666749563319E+01,    0.2068498222296810407083711E+00,    0.1919630407158941509671024E+00,    0.1488678151378688974126874E-01,      7.76%
    0.2053333333333333676762322E+01,    0.2065791301555215120355768E+00,    0.1917112572850277196767621E+00,    0.1486787287049379235881474E-01,      7.76%
    0.2054999999999999715782906E+01,    0.2063079786686472238965706E+00,    0.1914599298299357599262294E+00,    0.1484804883871146397034124E-01,      7.76%
    0.2056666666666666642981909E+01,    0.2060363665043924985553758E+00,    0.1912090573605926824285461E+00,    0.1482730914379981612682968E-01,      7.75%
    0.2058333333333333570180912E+01,    0.2057642924455199695543683E+00,    0.1909586388892572095254963E+00,    0.1480565355626276002887209E-01,      7.75%
    0.2059999999999999609201495E+01,    0.2054917553223427617581365E+00,    0.1907086734304676844953264E+00,    0.1478308189187507726281012E-01,      7.75%
    0.2061666666666666536400498E+01,    0.2052187540127471121476077E+00,    0.1904591600010369645268327E+00,    0.1475959401171014762077505E-01,      7.75%
    0.2063333333333333463599502E+01,    0.2049452874422453829694746E+00,    0.1902100976200489790279846E+00,    0.1473518982219640394148996E-01,      7.75%
    0.2065000000000000390798505E+01,    0.2046713545841718773221629E+00,    0.1899614853088535670888604E+00,    0.1470986927531831023330255E-01,      7.74%
    0.2066666666666666429819088E+01,    0.2043969544595913290230271E+00,    0.1897133220910624251676069E+00,    0.1468363236852890385542025E-01,      7.74%
    0.2068333333333333357018091E+01,    0.2041220861375193373898895E+00,    0.1894656069925440000645267E+00,    0.1465647914497533732536283E-01,      7.74%
    0.2070000000000000284217094E+01,    0.2038467487348873952157646E+00,    0.1892183390414198529416723E+00,    0.1462840969346754227409235E-01,      7.73%
    0.2071666666666666323237678E+01,    0.2035709414166734232409794E+00,    0.1889715172680598298526888E+00,    0.1459942414861359338829061E-01,      7.73%
    0.2073333333333333250436681E+01,    0.2032946633959206161890165E+00,    0.1887251407050771490059304E+00,    0.1456952269084346718308609E-01,      7.72%
    0.2075000000000000177635684E+01,    0.2030179139338580684981395E+00,    0.1884792083873247370284787E+00,    0.1453870554653333146966077E-01,      7.71%
    0.2076666666666667104834687E+01,    0.2027406923399197313795383E+00,    0.1882337193518903162292588E+00,    0.1450697298802941515027953E-01,      7.71%
    0.2078333333333333143855270E+01,    0.2024629979718090555529386E+00,    0.1879886726380920747292436E+00,    0.1447432533371698082369505E-01,      7.70%
    0.2080000000000000071054274E+01,    0.2021848302356250293154716E+00,    0.1877440672874736982134181E+00,    0.1444076294815133110205352E-01,      7.69%
    0.2081666666666666998253277E+01,    0.2019061885857770521912613E+00,    0.1874999023438008172171010E+00,    0.1440628624197623497416032E-01,      7.68%
    0.2083333333333333037273860E+01,    0.2016270725252334305999113E+00,    0.1872561768530559556111825E+00,    0.1437089567217747498872882E-01,      7.67%
    0.2084999999999999964472863E+01,    0.2013474816053922866743164E+00,    0.1870128898634338399098453E+00,    0.1433459174195844676447109E-01,      7.67%
    0.2086666666666666891671866E+01,    0.2010674154262618584798616E+00,    0.1867700404253375967567052E+00,    0.1429737500092426172315641E-01,      7.66%
    0.2088333333333332930692450E+01,    0.2007868736364317729936602E+00,    0.1865276275913739789658052E+00,    0.1425924604505779402785492E-01,      7.64%
    0.2089999999999999857891453E+01,    0.2005058559332071888015037E+00,    0.1862856504163484527847316E+00,    0.1422020551685873601677201E-01,      7.63%
    0.2091666666666666785090456E+01,    0.2002243620625838715909595E+00,    0.1860441079572615341586328E+00,    0.1418025410532233743232666E-01,      7.62%
    0.2093333333333333712289459E+01,    0.1999423918192903548707307E+00,    0.1858029992733037649710326E+00,    0.1413939254598658989969806E-01,      7.61%
    0.2094999999999999751310042E+01,    0.1996599450469104808369991E+00,    0.1855623234258516329742150E+00,    0.1409762162105884786278409E-01,      7.60%
    0.2096666666666666678509046E+01,    0.1993770216378634718701335E+00,    0.1853220794784624925188865E+00,    0.1405494215940097935124697E-01,      7.58%
    0.2098333333333333605708049E+01,    0.1990936215334296877088605E+00,    0.1850822664968707897958922E+00,    0.1401135503655889791296829E-01,      7.57%
    0.2099999999999999644728632E+01,    0.1988097447238747761399935E+00,    0.1848428835489834276550880E+00,    0.1396686117489134848490551E-01,      7.56%
    0.2101666666666666571927635E+01,    0.1985253912483674887390350E+00,    0.1846039297048747418461545E+00,    0.1392146154349274689288052E-01,      7.54%
    0.2103333333333333499126638E+01,    0.1982405611951475743470752E+00,    0.1843654040367829205493422E+00,    0.1387515715836465379773301E-01,      7.53%
    0.2105000000000000426325641E+01,    0.1979552547014377938960905E+00,    0.1841273056191049806162852E+00,    0.1382794908233281327980535E-01,      7.51%
    0.2106666666666666465346225E+01,    0.1976694719535819488864803E+00,    0.1838896335283925764780832E+00,    0.1377983842518937240839705E-01,      7.49%
    0.2108333333333333392545228E+01,    0.1973832131870134620754698E+00,    0.1836523868433470596528423E+00,    0.1373082634366640242262747E-01,      7.48%
    0.2110000000000000319744231E+01,    0.1970964786862454964921909E+00,    0.1834155646448157039873905E+00,    0.1368091404142979250480039E-01,      7.46%
    0.2111666666666666358764815E+01,    0.1968092687850277189287596E+00,    0.1831791660157870427205751E+00,    0.1363010276924067620818448E-01,      7.44%
    0.2113333333333333285963818E+01,    0.1965215838662499048261623E+00,    0.1829431900413858169685000E+00,    0.1357839382486408785766230E-01,      7.42%
    0.2115000000000000213162821E+01,    0.1962334243620129925478324E+00,    0.1827076358088695062775741E+00,    0.1352578855314348627025822E-01,      7.40%
    0.2116666666666666252183404E+01,    0.1959447907536714106324638E+00,    0.1824725024076233603764763E+00,    0.1347228834604805025598750E-01,      7.38%
    0.2118333333333333179382407E+01,    0.1956556835718045450622782E+00,    0.1822377889291555974615733E+00,    0.1341789464264894760070490E-01,      7.36%
    0.2120000000000000106581410E+01,    0.1953661033962555970688868E+00,    0.1820034944670937404609390E+00,    0.1336260892916185660794781E-01,      7.34%
    0.2121666666666667033780413E+01,    0.1950760508562224271322805E+00,    0.1817696181171797598086215E+00,    0.1330643273904266732365897E-01,      7.32%
    0.2123333333333333072800997E+01,    0.1947855266301007914897525E+00,    0.1815361589772656603081202E+00,    0.1324936765283513118163228E-01,      7.30%
    0.2125000000000000000000000E+01,    0.1944945314456752449849830E+00,    0.1813031161473087904401069E+00,    0.1319141529836645454487609E-01,      7.28%
    0.2126666666666666927199003E+01,    0.1942030660800141139699093E+00,    0.1810704887293679843374150E+00,    0.1313257735064612963249431E-01,      7.25%
    0.2128333333333332966219587E+01,    0.1939111313595800745179787E+00,    0.1808382758275988710927606E+00,    0.1307285553198120342521804E-01,      7.23%
    0.2129999999999999893418590E+01,    0.1936187281600970644390713E+00,    0.1806064765482490452885855E+00,    0.1301225161184801915048581E-01,      7.20%
    0.2131666666666666820617593E+01,    0.1933258574066850365991144E+00,    0.1803750899996542644831976E+00,    0.1295076740703077211591676E-01,      7.18%
    0.2133333333333333747816596E+01,    0.1930325200737997848321470E+00,    0.1801441152922337307629164E+00,    0.1288840478156605406923063E-01,      7.15%
    0.2134999999999999786837179E+01,    0.1927387171852692759888015E+00,    0.1799135515384857886278525E+00,    0.1282516564678348736094904E-01,      7.13%
    0.2136666666666666714036182E+01,    0.1924444498142735826551331E+00,    0.1796833978529830400105993E+00,    0.1276105196129054264453373E-01,      7.10%
    0.2138333333333333641235185E+01,    0.1921497190833024726330791E+00,    0.1794536533523686805402519E+00,    0.1269606573093379209282716E-01,      7.07%
    0.2139999999999999680255769E+01,    0.1918545261642527754997190E+00,    0.1792243171553516978278253E+00,    0.1263020900890107767189363E-01,      7.05%
    0.2141666666666666607454772E+01,    0.1915588722783394814985769E+00,    0.1789953883827020975072486E+00,    0.1256348389563738399132831E-01,      7.02%
    0.2143333333333333534653775E+01,    0.1912627586961235526263891E+00,    0.1787668661572472672549594E+00,    0.1249589253887628537142973E-01,      6.99%
    0.2144999999999999573674359E+01,    0.1909661867374471133640412E+00,    0.1785387496038672028308980E+00,    0.1242743713357991053314322E-01,      6.96%
    0.2146666666666666500873362E+01,    0.1906691577715527441405641E+00,    0.1783110378494896508527745E+00,    0.1235811992206309328778957E-01,      6.93%
    0.2148333333333333428072365E+01,    0.1903716732169412062525282E+00,    0.1780837300230865560823901E+00,    0.1228794319385465017013814E-01,      6.90%
    0.2150000000000000355271368E+01,    0.1900737345413444634445455E+00,    0.1778568252556691486887530E+00,    0.1221690928567531475579244E-01,      6.87%
    0.2151666666666666394291951E+01,    0.1897753432619005975467985E+00,    0.1776303226802837254005851E+00,    0.1214502058161687214621338E-01,      6.84%
    0.2153333333333333321490954E+01,    0.1894765009448931558644347E+00,    0.1774042214320068755473159E+00,    0.1207227951288628031711880E-01,      6.80%
    0.2155000000000000248689958E+01,    0.1891772092058724985541573E+00,    0.1771785206479418173231011E+00,    0.1199868855793068123105627E-01,      6.77%
    0.2156666666666666287710541E+01,    0.1888774697096012311625657E+00,    0.1769532194672135683166658E+00,    0.1192425024238766284589985E-01,      6.74%
    0.2158333333333333214909544E+01,    0.1885772841700470991987970E+00,    0.1767283170309643103301767E+00,    0.1184896713908278886862036E-01,      6.70%
    0.2160000000000000142108547E+01,    0.1882766543503228973133190E+00,    0.1765038124823496146209578E+00,    0.1177284186797328269236118E-01,      6.67%
    0.2161666666666667069307550E+01,    0.1879755820626844431409097E+00,    0.1762797049665337234536366E+00,    0.1169587709615071968727307E-01,      6.63%
    0.2163333333333333108328134E+01,    0.1876740691684642137193606E+00,    0.1760559936306854145193768E+00,    0.1161807553777879919998384E-01,      6.60%
    0.2165000000000000035527137E+01,    0.1873721175781118408742998E+00,    0.1758326776239730326878430E+00,    0.1153943995413880818645680E-01,      6.56%
    0.2166666666666666962726140E+01,    0.1870697292511044607099535E+00,    0.1756097560975609372935224E+00,    0.1145997315354352341643107E-01,      6.53%
    0.2168333333333333001746723E+01,    0.1867669061958931453482080E+00,    0.1753872282046048391990212E+00,    0.1137967799128830614918684E-01,      6.49%
    0.2169999999999999928945726E+01,    0.1864636504699248298333458E+00,    0.1751650931002469990804826E+00,    0.1129855736967783075286320E-01,      6.45%
    0.2171666666666666856144730E+01,    0.1861599641795770865293491E+00,    0.1749433499416126192027576E+00,    0.1121661423796446732659149E-01,      6.41%
    0.2173333333333332895165313E+01,    0.1858558494801115235084410E+00,    0.1747219978878052359938522E+00,    0.1113385159230628751458880E-01,      6.37%
    0.2174999999999999822364316E+01,    0.1855513085755734203896594E+00,    0.1745010360999018628191948E+00,    0.1105027247567155757046464E-01,      6.33%
    0.2176666666666666749563319E+01,    0.1852463437189364181545415E+00,    0.1742804637409494927791087E+00,    0.1096587997798692537543275E-01,      6.29%
    0.2178333333333333676762322E+01,    0.1849409572118058953105191E+00,    0.1740602799759602969942307E+00,    0.1088067723584559831628837E-01,      6.25%
    0.2179999999999999715782906E+01,    0.1846351514045225239435410E+00,    0.1738404839719074057580173E+00,    0.1079466743261511818552378E-01,      6.21%
    0.2181666666666666642981909E+01,    0.1843289286961036776979483E+00,    0.1736210748977203011111925E+00,    0.1070785379838337658675584E-01,      6.17%
    0.2183333333333333570180912E+01,    0.1840222915341788723075922E+00,    0.1734020519242810698390400E+00,    0.1062023960989780246855219E-01,      6.12%
    0.2184999999999999609201495E+01,    0.1837152424148337792608743E+00,    0.1731834142244197682902751E+00,    0.1053182819041401097059918E-01,      6.08%
    0.2186666666666666536400498E+01,    0.1834077838827486428563418E+00,    0.1729651609729098149514925E+00,    0.1044262290983882790484927E-01,      6.04%
    0.2188333333333333463599502E+01,    0.1830999185309795662668364E+00,    0.1727472913464643544667609E+00,    0.1035262718451521180007546E-01,      5.99%
    0.2190000000000000390798505E+01,    0.1827916490009619809864461E+00,    0.1725298045237314281674657E+00,    0.1026184447723055281898041E-01,      5.95%
    0.2191666666666666429819088E+01,    0.1824829779823897712986991E+00,    0.1723126996852900327805713E+00,    0.1017027829709973851812777E-01,      5.90%
    0.2193333333333333357018091E+01,    0.1821739082133026765841777E+00,    0.1720959760136452909584648E+00,    0.1007793219965738562571289E-01,      5.86%
    0.2195000000000000284217094E+01,    0.1818644424798251668651261E+00,    0.1718796326932248985652762E+00,    0.9984809786600268299849859E-02,      5.81%
    0.2196666666666666323237678E+01,    0.1815545836162129611501825E+00,    0.1716636689103744339846003E+00,    0.9890914705838527165582263E-02,      5.76%
    0.2198333333333333250436681E+01,    0.1812443345047795861813000E+00,    0.1714480838533528339606704E+00,    0.9796250651426752220629623E-02,      5.71%
    0.2200000000000000177635684E+01,    0.1809336980757593749125078E+00,    0.1712328767123287576179536E+00,    0.9700821363430617294554281E-02,      5.67%
    0.2201666666666667104834687E+01,    0.1806226773073273672576278E+00,    0.1710180466793757847465685E+00,    0.9604630627951582511059314E-02,      5.62%
    0.2203333333333333143855270E+01,    0.1803112752254300843457457E+00,    0.1708035929484685855328507E+00,    0.9507682276961498812895002E-02,      5.57%
    0.2205000000000000071054274E+01,    0.1799994949037869718111438E+00,    0.1705895147154780078224690E+00,    0.9409980188308963988674805E-02,      5.52%
    0.2206666666666666998253277E+01,    0.1796873394637303333887246E+00,    0.1703758111781676354290482E+00,    0.9311528285562697959676370E-02,      5.47%
    0.2208333333333333037273860E+01,    0.1793748120742130469640330E+00,    0.1701624815361890974418912E+00,    0.9212330538023949522141720E-02,      5.41%
    0.2209999999999999964472863E+01,    0.1790619159516071146054372E+00,    0.1699495249910776550894553E+00,    0.9112390960529459515981898E-02,      5.36%
    0.2211666666666666891671866E+01,    0.1787486543597892607593280E+00,    0.1697369407462484269810687E+00,    0.9011713613540833778259298E-02,      5.31%
    0.2213333333333332930692450E+01,    0.1784350306098299865364964E+00,    0.1695247280069920037259834E+00,    0.8910302602837982810513040E-02,      5.26%
    0.2214999999999999857891453E+01,    0.1781210480601353729479541E+00,    0.1693128859804697849966715E+00,    0.8808162079665587951282646E-02,      5.20%
    0.2216666666666666785090456E+01,    0.1778067101161812102461113E+00,    0.1691014138757104268151465E+00,    0.8705296240470783430964730E-02,      5.15%
    0.2218333333333333712289459E+01,    0.1774920202304938465776019E+00,    0.1688903109036053451497139E+00,    0.8601709326888501427887945E-02,      5.09%
    0.2219999999999999751310042E+01,    0.1771769819025258985156768E+00,    0.1686795762769044138007501E+00,    0.8497405625621484714926623E-02,      5.04%
    0.2221666666666666678509046E+01,    0.1768615986785818938731296E+00,    0.1684692092102116622864827E+00,    0.8392389468370231586646923E-02,      4.98%
    0.2223333333333333605708049E+01,    0.1765458741517495211414968E+00,    0.1682592089199815010847061E+00,    0.8286665231768020056790647E-02,      4.92%
    0.2224999999999999644728632E+01,    0.1762298119616923508523598E+00,    0.1680495746245142807406836E+00,    0.8180237337178070111676220E-02,      4.87%
    0.2226666666666666571927635E+01,    0.1759134157946724286158968E+00,    0.1678403055439517954638973E+00,    0.8073110250720633151999550E-02,      4.81%
    0.2228333333333333499126638E+01,    0.1755966893833199593544236E+00,    0.1676314009002737304143693E+00,    0.7965288483046228940054334E-02,      4.75%
    0.2230000000000000426325641E+01,    0.1752796365066559280965208E+00,    0.1674228599172930542771098E+00,    0.7856776589362873819410993E-02,      4.69%
    0.2231666666666666465346225E+01,    0.1749622609898683067708447E+00,    0.1672146818206520779703794E+00,    0.7747579169216228800465274E-02,      4.63%
    0.2233333333333333392545228E+01,    0.1746445667042359761733650E+00,    0.1670068658378177917089857E+00,    0.7637700866418184464379237E-02,      4.57%
    0.2235000000000000319744231E+01,    0.1743265575671059108842087E+00,    0.1667994111980784233129071E+00,    0.7527146369027487571301549E-02,      4.51%
    0.2236666666666666358764815E+01,    0.1740082375415394622120147E+00,    0.1665923171325390250707699E+00,    0.7415920409000437141244788E-02,      4.45%
    0.2238333333333333285963818E+01,    0.1736896106365477809863052E+00,    0.1663855828741168385587201E+00,    0.7304027762430942427585023E-02,      4.39%
    0.2240000000000000213162821E+01,    0.1733706809066097587201938E+00,    0.1661792076575378807046235E+00,    0.7191473249071878015570292E-02,      4.33%
    0.2241666666666666252183404E+01,    0.1730514524518087238202924E+00,    0.1659731907193324751403907E+00,    0.7078261732476248679901687E-02,      4.26%
    0.2243333333333333179382407E+01,    0.1727319294175446995343037E+00,    0.1657675312978308668210303E+00,    0.6964398119713832713273405E-02,      4.20%
    0.2245000000000000106581410E+01,    0.1724121159945561365667288E+00,    0.1655622286331596137998190E+00,    0.6849887361396522766909811E-02,      4.14%
    0.2246666666666667033780413E+01,    0.1720920164186175715936855E+00,    0.1653572819672371740917782E+00,    0.6734734451380397501907282E-02,      4.07%
    0.2248333333333333072800997E+01,    0.1717716349705891432098070E+00,    0.1651526905437698533596347E+00,    0.6618944426819289850172368E-02,      4.01%
    0.2250000000000000000000000E+01,    0.1714509759761952967238585E+00,    0.1649484536082474195328729E+00,    0.6502522367947877190985650E-02,      3.94%
    0.2251666666666666927199003E+01,    0.1711300438058009354413969E+00,    0.1647445704079395500940564E+00,    0.6385473397861385347340502E-02,      3.88%
    0.2253333333333332966219587E+01,    0.1708088428744965470151840E+00,    0.1645410401918914744534561E+00,    0.6267802682605072561727866E-02,      3.81%
    0.2254999999999999893418590E+01,    0.1704873776417239472635856E+00,    0.1643378622109194220346495E+00,    0.6149515430804525228936086E-02,      3.74%
    0.2256666666666666820617593E+01,    0.1701656526112762801705713E+00,    0.1641350357176074858944759E+00,    0.6030616893668794276095468E-02,      3.67%
    0.2258333333333333747816596E+01,    0.1698436723311717577722391E+00,    0.1639325599663027099861523E+00,    0.5911112364869047786086753E-02,      3.61%
    0.2259999999999999786837179E+01,    0.1695214413934446329168537E+00,    0.1637304342131115642011707E+00,    0.5791007180333068715682998E-02,      3.54%
    0.2261666666666666714036182E+01,    0.1691989644339048082244403E+00,    0.1635286577158953091881699E+00,    0.5670306718009499036270427E-02,      3.47%
    0.2263333333333333641235185E+01,    0.1688762461322877161951084E+00,    0.1633272297342665546615592E+00,    0.5549016398021161533549162E-02,      3.40%
    0.2264999999999999680255769E+01,    0.1685532912117567727605660E+00,    0.1631261495295850127984494E+00,    0.5427141682171759962116653E-02,      3.33%
    0.2266666666666666607454772E+01,    0.1682301044389589161909271E+00,    0.1629254163649529463242516E+00,    0.5304688074005969866675514E-02,      3.26%
    0.2268333333333333534653775E+01,    0.1679066906238618206437252E+00,    0.1627250295052119211103303E+00,    0.5181661118649899533394887E-02,      3.18%
    0.2269999999999999573674359E+01,    0.1675830546195152537247708E+00,    0.1625249882169383930374806E+00,    0.5058066402576860687290150E-02,      3.11%
    0.2271666666666666500873362E+01,    0.1672592013219218465280846E+00,    0.1623252917684393781261321E+00,    0.4933909553482468401952588E-02,      3.04%
    0.2273333333333333428072365E+01,    0.1669351356699099175884271E+00,    0.1621259394297490108449722E+00,    0.4809196240160906743454916E-02,      2.97%
    0.2275000000000000355271368E+01,    0.1666108626449692431403804E+00,    0.1619269304726241864855751E+00,    0.4683932172345056654805262E-02,      2.89%
    0.2276666666666666394291951E+01,    0.1662863872709901824631373E+00,    0.1617282641705407031373909E+00,    0.4558123100449479325746438E-02,      2.82%
    0.2278333333333333321490954E+01,    0.1659617146142542409847920E+00,    0.1615299397986888207956468E+00,    0.4431774815565420189145129E-02,      2.74%
    0.2280000000000000248689958E+01,    0.1656368497831690322907860E+00,    0.1613319566339700139590008E+00,    0.4304893149199018331785282E-02,      2.67%
    0.2281666666666666287710541E+01,    0.1653117979280181171208852E+00,    0.1611343139549925307374423E+00,    0.4177483973025586383442942E-02,      2.59%
    0.2283333333333333214909544E+01,    0.1649865642410187904776109E+00,    0.1609370110420671462492237E+00,    0.4049553198951644228387181E-02,      2.52%
    0.2285000000000000142108547E+01,    0.1646611539559730830184492E+00,    0.1607400471772038319517861E+00,    0.3921106778769251066663060E-02,      2.44%
    0.2286666666666667069307550E+01,    0.1643355723480031116423561E+00,    0.1605434216441072869940854E+00,    0.3792150703895824648270718E-02,      2.36%
    0.2288333333333333108328134E+01,    0.1640098247336766734694180E+00,    0.1603471337281733299917619E+00,    0.3662691005503343477656131E-02,      2.28%
    0.2290000000000000035527137E+01,    0.1636839164705096716367905E+00,    0.1601511827164843471127398E+00,    0.3532733754025324524050689E-02,      2.21%
    0.2291666666666666962726140E+01,    0.1633578529570250403857301E+00,    0.1599555678978061279416067E+00,    0.3402285059218912444123362E-02,      2.13%
    0.2293333333333333001746723E+01,    0.1630316396323304717341784E+00,    0.1597602885625834800986667E+00,    0.3271351069746991635511790E-02,      2.05%
    0.2294999999999999928945726E+01,    0.1627052819761924673525044E+00,    0.1595653440029360103924461E+00,    0.3139937973256456960058358E-02,      1.97%
    0.2296666666666666856144730E+01,    0.1623787855086913922697534E+00,    0.1593707335126549051729228E+00,    0.3008051996036487096830569E-02,      1.89%
    0.2298333333333332895165313E+01,    0.1620521557899967934890384E+00,    0.1591764563871985727061542E+00,    0.2875699402798220782884187E-02,      1.81%
    0.2299999999999999822364316E+01,    0.1617253984202646766021871E+00,    0.1589825119236884243267838E+00,    0.2742886496576252275403363E-02,      1.73%
    0.2301666666666666749563319E+01,    0.1613985190393967539268516E+00,    0.1587888994209057103024207E+00,    0.2609619618491043624430858E-02,      1.64%
    0.2303333333333333676762322E+01,    0.1610715233269152391049062E+00,    0.1585956181792870234303905E+00,    0.2475905147628215674515673E-02,      1.56%
    0.2304999999999999715782906E+01,    0.1607444170016573137260707E+00,    0.1584026675009207463240557E+00,    0.2341749500736567402014998E-02,      1.48%
    0.2306666666666666642981909E+01,    0.1604172058216137841668569E+00,    0.1582100466895426660318691E+00,    0.2207159132071118134987842E-02,      1.40%
    0.2308333333333333570180912E+01,    0.1600898955837542769753412E+00,    0.1580177550505327266350264E+00,    0.2072140533221550340314820E-02,      1.31%
    0.2309999999999999609201495E+01,    0.1597624921238494366537708E+00,    0.1578257918909108659111240E+00,    0.1936700232938570742646789E-02,      1.23%
    0.2311666666666666536400498E+01,    0.1594350013161147938678397E+00,    0.1576341565193327409755142E+00,    0.1800844796782052892325510E-02,      1.14%
    0.2313333333333333463599502E+01,    0.1591074290731708806845290E+00,    0.1574428482460866474124117E+00,    0.1664580827084233272117331E-02,      1.06%
    0.2315000000000000390798505E+01,    0.1587797813457899887001901E+00,    0.1572518663830890783827954E+00,    0.1527914962700910317394687E-02,      0.97%
    0.2316666666666666429819088E+01,    0.1584520641225826975695412E+00,    0.1570612102438811996663048E+00,    0.1390853878701497903236373E-02,      0.89%
    0.2318333333333333357018091E+01,    0.1581242834298941524195925E+00,    0.1568708791436244365247177E+00,    0.1253404286269715894874821E-02,      0.80%
    0.2320000000000000284217094E+01,    0.1577964453315709170144743E+00,    0.1566808723990974760997830E+00,    0.1115572932473440914691309E-02,      0.71%
    0.2321666666666666323237678E+01,    0.1574685559286598812711588E+00,    0.1564911893286919652990008E+00,    0.9773665999679159721580390E-03,      0.62%
    0.2323333333333333250436681E+01,    0.1571406213593272149786628E+00,    0.1563018292524083474592800E+00,    0.8387921069188675193828431E-03,      0.54%
    0.2325000000000000177635684E+01,    0.1568126477984804478804648E+00,    0.1561127914918528369891959E+00,    0.6998563066276108912688869E-03,      0.45%
    0.2326666666666667104834687E+01,    0.1564846414576261945938995E+00,    0.1559240753702330062324677E+00,    0.5605660873931883614318394E-03,      0.36%
    0.2328333333333333143855270E+01,    0.1561566085847358176241784E+00,    0.1557356802123542605098550E+00,    0.4209283723815571143234138E-03,      0.27%
    0.2330000000000000071054274E+01,    0.1558285554637627856600091E+00,    0.1555476053446157025383911E+00,    0.2809501191470831216179249E-03,      0.18%
    0.2331666666666666998253277E+01,    0.1555004884146798938004963E+00,    0.1553598500950068295178852E+00,    0.1406383196730642826111080E-03,      0.09%
    0.2333333333333333037273860E+01,    0.1551724137931023983494327E+00,    0.1551724137931034808168818E+00,   -0.1082467449009527626913041E-14,      0.00%
    0.2334999999999999964472863E+01,    0.1548443379899603900007321E+00,    0.1549852957700638411697724E+00,   -0.1409577801034511690403406E-03,     -0.09%
    0.2336666666666666891671866E+01,    0.1545162674315628259513744E+00,    0.1547984953586250822521464E+00,   -0.2822279270622563007719918E-03,     -0.18%
    0.2338333333333332930692450E+01,    0.1541882085790795553492671E+00,    0.1546120118930995601669309E+00,   -0.4238033140200048176637893E-03,     -0.27%
    0.2339999999999999857891453E+01,    0.1538601679284019585480792E+00,    0.1544258447093705688413223E+00,   -0.5656767809686102932431595E-03,     -0.37%
    0.2341666666666666785090456E+01,    0.1535321520098451852920363E+00,    0.1542399931448891758911657E+00,   -0.7078411350439905991294154E-03,     -0.46%
    0.2343333333333333712289459E+01,    0.1532041673881245902322235E+00,    0.1540544565386701980624906E+00,   -0.8502891505456078302671585E-03,     -0.55%
    0.2344999999999999751310042E+01,    0.1528762206616778862589001E+00,    0.1538692342312885652511056E+00,   -0.9930135696106789922055214E-03,     -0.65%
    0.2346666666666666678509046E+01,    0.1525483184629055632974826E+00,    0.1536843255648752681885583E+00,   -0.1136007101969704891075708E-02,     -0.74%
    0.2348333333333333605708049E+01,    0.1522204674575301508454572E+00,    0.1534997298831141943065148E+00,   -0.1279262425584043461057604E-02,     -0.83%
    0.2349999999999999644728632E+01,    0.1518926743445543348087767E+00,    0.1533154465312380754227206E+00,   -0.1422772186683740613943883E-02,     -0.93%
    0.2351666666666666571927635E+01,    0.1515649458559893969500365E+00,    0.1531314748560245186936868E+00,   -0.1566529000035121743650279E-02,     -1.02%
    0.2353333333333333499126638E+01,    0.1512372887565070767035280E+00,    0.1529478142057929812569483E+00,   -0.1710525449285904553420323E-02,     -1.12%
    0.2355000000000000426325641E+01,    0.1509097098432021499814226E+00,    0.1527644639304004681168436E+00,   -0.1854754087198318135421005E-02,     -1.21%
    0.2356666666666666465346225E+01,    0.1505822159454645592369104E+00,    0.1525814233812382569865918E+00,   -0.1999207435773697749681332E-02,     -1.31%
    0.2358333333333333392545228E+01,    0.1502548139245305780509199E+00,    0.1523986919112277627075258E+00,   -0.2143877986697184656605941E-02,     -1.41%
    0.2360000000000000319744231E+01,    0.1499275106733634899125462E+00,    0.1522162688748173176023215E+00,   -0.2288758201453827689775267E-02,     -1.50%
    0.2361666666666666358764815E+01,    0.1496003131161883770161580E+00,    0.1520341536279783689611378E+00,   -0.2433840511789991944979761E-02,     -1.60%
    0.2363333333333333285963818E+01,    0.1492732282085342809807571E+00,    0.1518523455282015099943038E+00,   -0.2579117319667229013546716E-02,     -1.70%
    0.2365000000000000213162821E+01,    0.1489462629366467560920739E+00,    0.1516708439344933434522744E+00,   -0.2724580997846587360200488E-02,     -1.80%
    0.2366666666666666252183404E+01,    0.1486194243174471518731394E+00,    0.1514896482073725403338926E+00,   -0.2870223889925388460753197E-02,     -1.89%
    0.2368333333333333179382407E+01,    0.1482927193981458668936568E+00,    0.1513087577088660096169548E+00,   -0.3016038310720142723297954E-02,     -1.99%
    0.2370000000000000106581410E+01,    0.1479661552559374537718639E+00,    0.1511281718025057063670147E+00,   -0.3162016546568252595150739E-02,     -2.09%
    0.2371666666666667033780413E+01,    0.1476397389978464091964128E+00,    0.1509478898533247182012218E+00,   -0.3308150855478309004809034E-02,     -2.19%
    0.2373333333333333072800997E+01,    0.1473134777602621847680808E+00,    0.1507679112278538791080962E+00,   -0.3454433467591694340015351E-02,     -2.29%
    0.2375000000000000000000000E+01,    0.1469873787088586403193347E+00,    0.1505882352941176338667617E+00,   -0.3600856585258993547427053E-02,     -2.39%
    0.2376666666666666927199003E+01,    0.1466614490382483204644615E+00,    0.1504088614216310959559308E+00,   -0.3747412383382775491469374E-02,     -2.49%
    0.2378333333333332966219587E+01,    0.1463356959714934291127975E+00,    0.1502297889813961617733185E+00,   -0.3894093009902732660520996E-02,     -2.59%
    0.2379999999999999893418590E+01,    0.1460101267601648100669109E+00,    0.1500510173458976248550556E+00,   -0.4040890585732814788144651E-02,     -2.69%
    0.2381666666666666820617593E+01,    0.1456847486838034888556592E+00,    0.1498725458891001227623718E+00,   -0.4187797205296633906712600E-02,     -2.79%
    0.2383333333333333747816596E+01,    0.1453595690496540249192492E+00,    0.1496943739864443068121602E+00,   -0.4334804936790281892911025E-02,     -2.90%
    0.2384999999999999786837179E+01,    0.1450345951925215148836656E+00,    0.1495165010148432616077230E+00,   -0.4481905822321746724057334E-02,     -3.00%
    0.2386666666666666714036182E+01,    0.1447098344743038278448211E+00,    0.1493389263526788135472145E+00,   -0.4629091878374985702393474E-02,     -3.10%
    0.2388333333333333641235185E+01,    0.1443852942836938990645024E+00,    0.1491616493797982556657189E+00,   -0.4776355096104356601216523E-02,     -3.20%
    0.2389999999999999680255769E+01,    0.1440609820360972403996414E+00,    0.1489846694775107949215709E+00,   -0.4923687441413554521929541E-02,     -3.30%
    0.2391666666666666607454772E+01,    0.1437369051731159641516200E+00,    0.1488079860285835276378918E+00,   -0.5071080855467563486271843E-02,     -3.41%
    0.2393333333333333534653775E+01,    0.1434130711622220444301234E+00,    0.1486315984172386084338768E+00,   -0.5218527255016564003753388E-02,     -3.51%
    0.2394999999999999573674359E+01,    0.1430894874966284202599809E+00,    0.1484555060291492811774816E+00,   -0.5366018532520860917500727E-02,     -3.61%
    0.2396666666666666500873362E+01,    0.1427661616949647827023995E+00,    0.1482797082514362707605926E+00,   -0.5513546556471488058193131E-02,     -3.72%
    0.2398333333333333428072365E+01,    0.1424431013006850210711463E+00,    0.1481042044726646744745580E+00,   -0.5661103171979653403411703E-02,     -3.82%
    0.2400000000000000355271368E+01,    0.1421203138821233447064429E+00,    0.1479289940828402150074794E+00,   -0.5808680200716870301036465E-02,     -3.93%
    0.2401666666666666394291951E+01,    0.1417978070320575489926540E+00,    0.1477540764734057432416847E+00,   -0.5956269441348194249030712E-02,     -4.03%
    0.2403333333333333321490954E+01,    0.1414755883671554026470574E+00,    0.1475794510372375745177465E+00,   -0.6103862670082171870689081E-02,     -4.14%
    0.2405000000000000248689958E+01,    0.1411536655281524221816625E+00,    0.1474051171686424632767398E+00,   -0.6251451640490041095077345E-02,     -4.24%
    0.2406666666666666287710541E+01,    0.1408320461790139310753744E+00,    0.1472310742633538838131102E+00,   -0.6399028084339952737735757E-02,     -4.35%
    0.2408333333333333214909544E+01,    0.1405107380069068878647442E+00,    0.1470573217185282277608138E+00,   -0.6546583711621339896069571E-02,     -4.45%
    0.2410000000000000142108547E+01,    0.1401897487219090077115169E+00,    0.1468838589327418620023025E+00,   -0.6694110210832854290785576E-02,     -4.56%
    0.2411666666666667069307550E+01,    0.1398690860564711924141079E+00,    0.1467106853059874926881179E+00,   -0.6841599249516300274009950E-02,     -4.66%
    0.2413333333333333108328134E+01,    0.1395487577652848865117363E+00,    0.1465378002396707235455153E+00,   -0.6989042474385837033779012E-02,     -4.77%
    0.2415000000000000035527137E+01,    0.1392287716249090423481505E+00,    0.1463652031366063088757556E+00,   -0.7136431511697266527605166E-02,     -4.88%
    0.2416666666666666962726140E+01,    0.1389091354332834538087837E+00,    0.1461928934010151837075142E+00,   -0.7283757967731729898730464E-02,     -4.98%
    0.2418333333333333001746723E+01,    0.1385898570096747162150308E+00,    0.1460208704385209943499291E+00,   -0.7431013428846278134898284E-02,     -5.09%
    0.2419999999999999928945726E+01,    0.1382709441941157024746900E+00,    0.1458491336561460738341367E+00,   -0.7578189462030371359446690E-02,     -5.20%
    0.2421666666666666856144730E+01,    0.1379524048472557107292147E+00,    0.1456776824623089161558909E+00,   -0.7725277615053205426676186E-02,     -5.30%
    0.2423333333333332895165313E+01,    0.1376342468497679383254706E+00,    0.1455065162668201794726741E+00,   -0.7872269417052241147203517E-02,     -5.41%
    0.2424999999999999822364316E+01,    0.1373164781022716551817098E+00,    0.1453356344808792999234726E+00,   -0.8019156378607644741762783E-02,     -5.52%
    0.2426666666666666749563319E+01,    0.1369991065248591932679290E+00,    0.1451650365170714107598826E+00,   -0.8165929992212217491953652E-02,     -5.63%
    0.2428333333333333676762322E+01,    0.1366821400567901356737366E+00,    0.1449947217893637341212809E+00,   -0.8312581732573598447544327E-02,     -5.73%
    0.2429999999999999715782906E+01,    0.1363655866561535034975350E+00,    0.1448246897131023058769017E+00,   -0.8459103056948802379366725E-02,     -5.84%
    0.2431666666666666642981909E+01,    0.1360494542994568345495310E+00,    0.1446549397050083951565824E+00,   -0.8605485405551560607051442E-02,     -5.95%
    0.2433333333333333570180912E+01,    0.1357337509813533737990099E+00,    0.1444854711831754512374459E+00,   -0.8751720201822077438436054E-02,     -6.06%
    0.2434999999999999609201495E+01,    0.1354184847142569647626686E+00,    0.1443162835670656340969487E+00,   -0.8897798852808669334280012E-02,     -6.17%
    0.2436666666666666536400498E+01,    0.1351036635280843944961759E+00,    0.1441473762775061506768992E+00,   -0.9043712749421756180723264E-02,     -6.27%
    0.2438333333333333463599502E+01,    0.1347892954697177680944975E+00,    0.1439787487366864515703213E+00,   -0.9189453266968683475823809E-02,     -6.38%
    0.2440000000000000390798505E+01,    0.1344753886027925393609195E+00,    0.1438104003681545950410481E+00,   -0.9335011765362055680128606E-02,     -6.49%
    0.2441666666666666429819088E+01,    0.1341619510073613630307676E+00,    0.1436423305968139718657994E+00,   -0.9480379589452608835031810E-02,     -6.60%
    0.2443333333333333357018091E+01,    0.1338489907793710409489307E+00,    0.1434745388489197248649276E+00,   -0.9625548069548683915996889E-02,     -6.71%
    0.2445000000000000284217094E+01,    0.1335365160305373166682585E+00,    0.1433070245520759455892801E+00,   -0.9770508521538628921021541E-02,     -6.82%
    0.2446666666666666323237678E+01,    0.1332245348877489354855186E+00,    0.1431397871352321493620963E+00,   -0.9915252247483213876577679E-02,     -6.93%
    0.2448333333333333250436681E+01,    0.1329130554928655560953388E+00,    0.1429728260286795560318751E+00,   -0.1005977053581399993653633E-01,     -7.04%
    0.2450000000000000177635684E+01,    0.1326020860022967817748452E+00,    0.1428061406640485364594184E+00,   -0.1020405466175175468457326E-01,     -7.15%
    0.2451666666666667104834687E+01,    0.1322916345867267695624037E+00,    0.1426397304743047822483959E+00,   -0.1034809588757801268599223E-01,     -7.25%
    0.2453333333333333143855270E+01,    0.1319817094304905624735369E+00,    0.1424735948937463636543299E+00,   -0.1049188546325580118079301E-01,     -7.36%
    0.2455000000000000071054274E+01,    0.1316723187314755016963375E+00,    0.1423077333580000103374630E+00,   -0.1063541462652450864112552E-01,     -7.47%
    0.2456666666666666998253277E+01,    0.1313634707007186597227388E+00,    0.1421421453040183358051962E+00,   -0.1077867460329967608245738E-01,     -7.58%
    0.2458333333333333037273860E+01,    0.1310551735618431246077620E+00,    0.1419768301700764512318642E+00,   -0.1092165660823332662410223E-01,     -7.69%
    0.2459999999999999964472863E+01,    0.1307474355508821406424147E+00,    0.1418117873957683572339050E+00,   -0.1106435184488621659149032E-01,     -7.80%
    0.2461666666666666891671866E+01,    0.1304402649158028226761274E+00,    0.1416470164220042238234498E+00,   -0.1120675150620140114732237E-01,     -7.91%
    0.2463333333333332930692450E+01,    0.1301336699162058962997435E+00,    0.1414825166910069487169466E+00,   -0.1134884677480105241720310E-01,     -8.02%
    0.2464999999999999857891453E+01,    0.1298276588228450267870073E+00,    0.1413182876463086046214812E+00,   -0.1149062882346357783447388E-01,     -8.13%
    0.2466666666666666785090456E+01,    0.1295222399172234195585673E+00,    0.1411543287327478024550942E+00,   -0.1163208881552438289652684E-01,     -8.24%
    0.2468333333333333712289459E+01,    0.1292174214914970920009551E+00,    0.1409906393964660276107992E+00,   -0.1177321790496893560984404E-01,     -8.35%
    0.2469999999999999751310042E+01,    0.1289132118477406829804011E+00,    0.1408272190849047533767191E+00,   -0.1191400723716407039631804E-01,     -8.46%
    0.2471666666666666678509046E+01,    0.1286096192976333152380164E+00,    0.1406640672468017494445292E+00,   -0.1205444794916843420651276E-01,     -8.57%
    0.2473333333333333605708049E+01,    0.1283066521623092981485570E+00,    0.1405011833321884728853490E+00,   -0.1219453116987917473679204E-01,     -8.68%
    0.2474999999999999644728632E+01,    0.1280043187716630725958566E+00,    0.1403385667923866542139422E+00,   -0.1233424802072358161808552E-01,     -8.79%
    0.2476666666666666571927635E+01,    0.1277026274642385772484232E+00,    0.1401762170800048001861882E+00,   -0.1247358961576622293776495E-01,     -8.90%
    0.2478333333333333499126638E+01,    0.1274015865864933649831414E+00,    0.1400141336489355292638237E+00,   -0.1261254706244216428068228E-01,     -9.01%
    0.2480000000000000426325641E+01,    0.1271012044928117590281147E+00,    0.1398523159543521576786418E+00,   -0.1275111146154039865052710E-01,     -9.12%
    0.2481666666666666465346225E+01,    0.1268014895447766299252379E+00,    0.1396907634527055630524472E+00,   -0.1288927390792893312720935E-01,     -9.23%
    0.2483333333333333392545228E+01,    0.1265024501109169585699732E+00,    0.1395294756017208537279828E+00,   -0.1302702549080389515800960E-01,     -9.34%
    0.2485000000000000319744231E+01,    0.1262040945663998880998946E+00,    0.1393684518603945932113675E+00,   -0.1316435729399470511147285E-01,     -9.45%
    0.2486666666666666358764815E+01,    0.1259064312924189910081196E+00,    0.1392076916889914695030228E+00,   -0.1330126039657247849490318E-01,     -9.55%
    0.2488333333333333285963818E+01,    0.1256094686758823242289651E+00,    0.1390471945490409921841746E+00,   -0.1343772587315866795520947E-01,     -9.66%
    0.2490000000000000213162821E+01,    0.1253132151091053969604872E+00,    0.1388869599033346613481399E+00,   -0.1357374479422926438765273E-01,     -9.77%
    0.2491666666666666252183404E+01,    0.1250176789893438500378409E+00,    0.1387269872159228034647072E+00,   -0.1370930822657895342686629E-01,     -9.88%
    0.2493333333333333179382407E+01,    0.1247228687183294243423504E+00,    0.1385672759521111574443353E+00,   -0.1384440723378173310198491E-01,     -9.99%
    0.2495000000000000106581410E+01,    0.1244287927018584150040681E+00,    0.1384078255784582101028946E+00,   -0.1397903287659979509882646E-01,    -10.10%
    0.2496666666666667033780413E+01,    0.1241354593495871960762145E+00,    0.1382486355627717544702904E+00,   -0.1411317621318455839407591E-01,    -10.21%
    0.2498333333333333072800997E+01,    0.1238428770743784795849152E+00,    0.1380897053741061419884772E+00,   -0.1424682829972766240356208E-01,    -10.32%
    0.2500000000000000000000000E+01,    0.1235510542918788895461191E+00,    0.1379310344827586187754775E+00,   -0.1437998019087972922935847E-01,    -10.43%
    0.2501666666666666927199003E+01,    0.1232599994203779636414708E+00,    0.1377726223602669664014542E+00,   -0.1451262293988900275998333E-01,    -10.53%
    0.2503333333333332966219587E+01,    0.1229697208801854152460109E+00,    0.1376144684794060324417586E+00,   -0.1464474759922061719574771E-01,    -10.64%
    0.2504999999999999893418590E+01,    0.1226802270932318139617934E+00,    0.1374565723141845108301595E+00,   -0.1477634522095269686836616E-01,    -10.75%
    0.2506666666666666820617593E+01,    0.1223915264827163534855359E+00,    0.1372989333398423050791592E+00,   -0.1490740685712595159362337E-01,    -10.86%
    0.2508333333333333747816596E+01,    0.1221036274725181142164487E+00,    0.1371415510328472531220712E+00,   -0.1503792356032913890562241E-01,    -10.97%
    0.2509999999999999786837179E+01,    0.1218165384871158496427057E+00,    0.1369844248708922129775800E+00,   -0.1516788638377636333487430E-01,    -11.07%
    0.2511666666666666714036182E+01,    0.1215302679506949368182234E+00,    0.1368275543328915655472144E+00,   -0.1529728638219662872899107E-01,    -11.18%
    0.2513333333333333641235185E+01,    0.1212448242873338799530103E+00,    0.1366709388989788831469951E+00,   -0.1542611461164500319398485E-01,    -11.29%
    0.2514999999999999680255769E+01,    0.1209602159200030141450455E+00,    0.1365145780505035988383611E+00,   -0.1555436213050058469331560E-01,    -11.39%
    0.2516666666666666607454772E+01,    0.1206764512703283193095771E+00,    0.1363584712700276480035200E+00,   -0.1568201999969932869394285E-01,    -11.50%
    0.2518333333333333534653775E+01,    0.1203935387583896926555482E+00,    0.1362026180413230813659453E+00,   -0.1580907928293338871039708E-01,    -11.61%
    0.2519999999999999573674359E+01,    0.1201114868019188819392440E+00,    0.1360470178493687898324538E+00,   -0.1593553104744990789320980E-01,    -11.71%
    0.2521666666666666500873362E+01,    0.1198303038163541500704667E+00,    0.1358916701803471183129801E+00,   -0.1606136636399296824251337E-01,    -11.82%
    0.2523333333333333428072365E+01,    0.1195499982138559375011155E+00,    0.1357365745216416730301034E+00,   -0.1618657630778573552898791E-01,    -11.92%
    0.2525000000000000355271368E+01,    0.1192705784031486831997526E+00,    0.1355817303618337132942173E+00,   -0.1631115195868503009446471E-01,    -12.03%
    0.2526666666666666394291951E+01,    0.1189920527892618790088974E+00,    0.1354271371906994869682705E+00,   -0.1643508440143760795937311E-01,    -12.14%
    0.2528333333333333321490954E+01,    0.1187144297728301017835761E+00,    0.1352727944992069830654202E+00,   -0.1655836472637688128184408E-01,    -12.24%
    0.2530000000000000248689958E+01,    0.1184377177497125260829947E+00,    0.1351187017795132949693482E+00,   -0.1668098402980076888635352E-01,    -12.35%
    0.2531666666666666287710541E+01,    0.1181619251105996137862775E+00,    0.1349648585249615950765190E+00,   -0.1680293341436198129024149E-01,    -12.45%
    0.2533333333333333214909544E+01,    0.1178870602404931688944600E+00,    0.1348112642300778873938327E+00,   -0.1692420398958471849937268E-01,    -12.55%
    0.2535000000000000142108547E+01,    0.1176131315185728470895654E+00,    0.1346579183905685372923955E+00,   -0.1704478687199569020283008E-01,    -12.66%
    0.2536666666666667069307550E+01,    0.1173401473173021902773883E+00,    0.1345048205033169963495965E+00,   -0.1716467318601480607220822E-01,    -12.76%
    0.2538333333333333108328134E+01,    0.1170681160022365024930835E+00,    0.1343519700663810823026978E+00,   -0.1728385406414457980961430E-01,    -12.86%
    0.2540000000000000035527137E+01,    0.1167970459316526460336050E+00,    0.1341993665789897594020630E+00,   -0.1740232064733711336845801E-01,    -12.97%
    0.2541666666666666962726140E+01,    0.1165269454559284267869401E+00,    0.1340470095415405848982004E+00,   -0.1752006408561215811126033E-01,    -13.07%
    0.2543333333333333001746723E+01,    0.1162578229171545990405789E+00,    0.1338948984555967669507481E+00,   -0.1763707553844216791016919E-01,    -13.17%
    0.2544999999999999928945726E+01,    0.1159896866487980793269941E+00,    0.1337430328238838339593997E+00,   -0.1775334617508575463240561E-01,    -13.27%
    0.2546666666666666856144730E+01,    0.1157225449749847284719451E+00,    0.1335914121502873586067039E+00,   -0.1786886717530263013475889E-01,    -13.38%
    0.2548333333333332895165313E+01,    0.1154564062105152832948818E+00,    0.1334400359398497104557180E+00,   -0.1798362972933442716083619E-01,    -13.48%
    0.2549999999999999822364316E+01,    0.1151912786598196097864744E+00,    0.1332889036987670861034161E+00,   -0.1809762503894747631694173E-01,    -13.58%
    0.2551666666666666749563319E+01,    0.1149271706170430090709900E+00,    0.1331380149343869834233089E+00,   -0.1821084431734397435231898E-01,    -13.68%
    0.2553333333333333676762322E+01,    0.1146640903653874110634803E+00,    0.1329873691552050929409745E+00,   -0.1832327878981768187749424E-01,    -13.78%
    0.2554999999999999715782906E+01,    0.1144020461763953083744738E+00,    0.1328369658708625777876478E+00,   -0.1843491969446726941317394E-01,    -13.88%
    0.2556666666666666642981909E+01,    0.1141410463100708677641748E+00,    0.1326868045921428818090249E+00,   -0.1854575828207201404485005E-01,    -13.98%
    0.2558333333333333570180912E+01,    0.1138810990137348877482282E+00,    0.1325368848309694258524871E+00,   -0.1865578581723453810425895E-01,    -14.08%
    0.2559999999999999609201495E+01,    0.1136222125223062401344620E+00,    0.1323872061004024991426320E+00,   -0.1876499357809625900816997E-01,    -14.17%
    0.2561666666666666536400498E+01,    0.1133643950572205683080540E+00,    0.1322377679146361229012285E+00,   -0.1887337285741555459317453E-01,    -14.27%
    0.2563333333333333463599502E+01,    0.1131076548262621161988761E+00,    0.1320885697889958299011681E+00,   -0.1898091496273371370229199E-01,    -14.37%
    0.2565000000000000390798505E+01,    0.1128520000231630071585442E+00,    0.1319396112399354448196931E+00,   -0.1908761121677243766114884E-01,    -14.47%
    0.2566666666666666429819088E+01,    0.1125974388269554982144882E+00,    0.1317908917850344474587132E+00,   -0.1919345295807894924422499E-01,    -14.56%
    0.2568333333333333357018091E+01,    0.1123439794016863058079281E+00,    0.1316424109429948086091855E+00,   -0.1929843154130850280125742E-01,    -14.66%
    0.2570000000000000284217094E+01,    0.1120916298956839834977117E+00,    0.1314941682336388251162163E+00,   -0.1940253833795484161850453E-01,    -14.76%
    0.2571666666666666323237678E+01,    0.1118403984416041913041440E+00,    0.1313461631779058724767140E+00,   -0.1950576473630168117257000E-01,    -14.85%
    0.2573333333333333250436681E+01,    0.1115902931553609395143312E+00,    0.1311983952978495182595253E+00,   -0.1960810214248857874519416E-01,    -14.95%
    0.2575000000000000177635684E+01,    0.1113413221360440158447247E+00,    0.1310508641166352461482347E+00,   -0.1970954198059123030351003E-01,    -15.04%
    0.2576666666666667104834687E+01,    0.1110934934654187328240127E+00,    0.1309035691585372640499685E+00,   -0.1981007569311853122595579E-01,    -15.13%
    0.2578333333333333143855270E+01,    0.1108468152072508844385723E+00,    0.1307565099489359783380138E+00,   -0.1990969474168509389944148E-01,    -15.23%
    0.2580000000000000071054274E+01,    0.1106012954072696369278717E+00,    0.1306096860143148019606230E+00,   -0.2000839060704516503275130E-01,    -15.32%
    0.2581666666666666998253277E+01,    0.1103569420919011667692189E+00,    0.1304630968822581282839934E+00,   -0.2010615479035696151477453E-01,    -15.41%
    0.2583333333333333037273860E+01,    0.1101137632689987572165435E+00,    0.1303167420814479726676183E+00,   -0.2020297881244921545107474E-01,    -15.50%
    0.2584999999999999964472863E+01,    0.1098717669260989987511934E+00,    0.1301706211416614467069053E+00,   -0.2029885421556244795571189E-01,    -15.59%
    0.2586666666666666891671866E+01,    0.1096309610308236343056976E+00,    0.1300247335937680381867665E+00,   -0.2039377256294440388106892E-01,    -15.68%
    0.2588333333333332930692450E+01,    0.1093913535301720557635363E+00,    0.1298790789697270298130860E+00,   -0.2048772543955497404954968E-01,    -15.77%
    0.2589999999999999857891453E+01,    0.1091529523498303427819778E+00,    0.1297336568025843073215242E+00,   -0.2058070445275396453954642E-01,    -15.86%
    0.2591666666666666785090456E+01,    0.1089157653939779174523395E+00,    0.1295884666264702500537709E+00,   -0.2067270123249233260143143E-01,    -15.95%
    0.2593333333333333712289459E+01,    0.1086798005447473652873569E+00,    0.1294435079765965668219252E+00,   -0.2076370743184920153456829E-01,    -16.04%
    0.2594999999999999751310042E+01,    0.1084450656615124491954916E+00,    0.1292987803892539921957194E+00,   -0.2085371472774154300022786E-01,    -16.13%
    0.2596666666666666678509046E+01,    0.1082115685808657107314090E+00,    0.1291542834018090113445965E+00,   -0.2094271482094330061318743E-01,    -16.22%
    0.2598333333333333605708049E+01,    0.1079793171157860526276906E+00,    0.1290100165527018338806897E+00,   -0.2103069943691578125299912E-01,    -16.30%
    0.2599999999999999644728632E+01,    0.1077483190551412201019232E+00,    0.1288659793814433407455056E+00,   -0.2111766032630212064358233E-01,    -16.39%
    0.2601666666666666571927635E+01,    0.1075185821635805116791573E+00,    0.1287221714286123086523617E+00,   -0.2120358926503179697320434E-01,    -16.47%
    0.2603333333333333499126638E+01,    0.1072901141805994718048112E+00,    0.1285785922358531341291865E+00,   -0.2128847805525366232437534E-01,    -16.56%
    0.2605000000000000426325641E+01,    0.1070629228203757443704802E+00,    0.1284352413458728636719286E+00,   -0.2137231852549711930144838E-01,    -16.64%
    0.2606666666666666465346225E+01,    0.1068370157711247825371714E+00,    0.1282921183024386957427510E+00,   -0.2145510253131391320557952E-01,    -16.72%
    0.2608333333333333392545228E+01,    0.1066124006947683500179380E+00,    0.1281492226503750941901671E+00,   -0.2153682195560674417222913E-01,    -16.81%
    0.2610000000000000319744231E+01,    0.1063890852263693342916184E+00,    0.1280065539355614845362652E+00,   -0.2161746870919215024464677E-01,    -16.89%
    0.2611666666666666358764815E+01,    0.1061670769733920188793164E+00,    0.1278641117049294506635704E+00,   -0.2169703473153743178425401E-01,    -16.97%
    0.2613333333333333285963818E+01,    0.1059463835159061562141147E+00,    0.1277218955064599037463324E+00,   -0.2177551199055374753221770E-01,    -17.05%
    0.2615000000000000213162821E+01,    0.1057270124054081605891042E+00,    0.1275799048891808895600519E+00,   -0.2185289248377272897094770E-01,    -17.13%
    0.2616666666666666252183404E+01,    0.1055089711644821154346019E+00,    0.1274381394031647574127675E+00,   -0.2192916823868264197816558E-01,    -17.21%
    0.2618333333333333179382407E+01,    0.1052922672868457643069462E+00,    0.1272965985995252735651917E+00,   -0.2200433131267950925824550E-01,    -17.29%
    0.2620000000000000106581410E+01,    0.1050769082361108497369884E+00,    0.1271552820304155395625401E+00,   -0.2207837379430468982555169E-01,    -17.36%
    0.2621666666666667033780413E+01,    0.1048629014457307662144814E+00,    0.1270141892490250501435156E+00,   -0.2215128780329428392903424E-01,    -17.44%
    0.2623333333333333072800997E+01,    0.1046502543185010569715132E+00,    0.1268733198095772507496548E+00,   -0.2222306549107619377814160E-01,    -17.52%
    0.2625000000000000000000000E+01,    0.1044389742259405062796418E+00,    0.1267326732673267342121903E+00,   -0.2229369904138622793254854E-01,    -17.59%
    0.2626666666666666927199003E+01,    0.1042290685079361456377711E+00,    0.1265922491785569370392750E+00,   -0.2236318067062079140150388E-01,    -17.67%
    0.2628333333333332966219587E+01,    0.1040205444722234195964461E+00,    0.1264520471005775303918739E+00,   -0.2243150262835411079542780E-01,    -17.74%
    0.2629999999999999893418590E+01,    0.1038134093936049495709995E+00,    0.1263120665917215335039003E+00,   -0.2249865719811658393290088E-01,    -17.81%
    0.2631666666666666820617593E+01,    0.1036076705141338871740686E+00,    0.1261723072113431765028935E+00,   -0.2256463669720928932882487E-01,    -17.88%
    0.2633333333333333747816596E+01,    0.1034033350418175900564677E+00,    0.1260327685198151248524567E+00,   -0.2262943347799753479598905E-01,    -17.96%
    0.2634999999999999786837179E+01,    0.1032004101508699756006848E+00,    0.1258934500785260646171793E+00,   -0.2269303992765608901649443E-01,    -18.03%
    0.2636666666666666714036182E+01,    0.1029989029806816641654521E+00,    0.1257543514498778158827719E+00,   -0.2275544846919615171731976E-01,    -18.10%
    0.2638333333333333641235185E+01,    0.1027988206355692768489973E+00,    0.1256154721972832510878959E+00,   -0.2281665156171397423889857E-01,    -18.16%
    0.2639999999999999680255769E+01,    0.1026001701841691565730841E+00,    0.1254768118851636582444797E+00,   -0.2287664170099450167139565E-01,    -18.23%
    0.2641666666666666607454772E+01,    0.1024029586592548057843999E+00,    0.1253383700789457710911279E+00,   -0.2293541141969096530672800E-01,    -18.30%
    0.2643333333333333534653775E+01,    0.1022071930568452802212676E+00,    0.1252001463450599372251304E+00,   -0.2299295328821465700386284E-01,    -18.36%
    0.2644999999999999573674359E+01,    0.1020128803359400815331526E+00,    0.1250621402509372315225988E+00,   -0.2304925991499714998944626E-01,    -18.43%
    0.2646666666666666500873362E+01,    0.1018200274180125763923144E+00,    0.1249243513650067499698437E+00,   -0.2310432394699417357752935E-01,    -18.49%
    0.2648333333333333428072365E+01,    0.1016286411863973893066060E+00,    0.1247867792566936667730815E+00,   -0.2315813807029627746647549E-01,    -18.56%
    0.2650000000000000355271368E+01,    0.1014387284860334692560002E+00,    0.1246494234964163200229947E+00,   -0.2321069501038285076699452E-01,    -18.62%
    0.2651666666666666394291951E+01,    0.1012502961224858166744411E+00,    0.1245122836555838385930173E+00,   -0.2326198753309802191857614E-01,    -18.68%
    0.2653333333333333321490954E+01,    0.1010633508622528764497872E+00,    0.1243753593065935469930139E+00,   -0.2331200844434067054322668E-01,    -18.74%
    0.2655000000000000248689958E+01,    0.1008778994316407023879023E+00,    0.1242386500228288420677458E+00,   -0.2336075059118813967984352E-01,    -18.80%
    0.2656666666666666287710541E+01,    0.1006939485163531738942666E+00,    0.1241021553786563896837336E+00,   -0.2340820686230321578946700E-01,    -18.86%
    0.2658333333333333214909544E+01,    0.1005115047611268436211773E+00,    0.1239658749494236544830272E+00,   -0.2345437018829681086184991E-01,    -18.92%
    0.2660000000000000142108547E+01,    0.1003305747692374988444541E+00,    0.1238298083114567071927326E+00,   -0.2349923354221920834827841E-01,    -18.98%
    0.2661666666666667069307550E+01,    0.1001511651020942500478483E+00,    0.1236939550420576156009034E+00,   -0.2354278993996336555305504E-01,    -19.03%
    0.2663333333333333108328134E+01,    0.9997328227847483705925669E-01,    0.1235583147195020436992507E+00,   -0.2358503244102720663999406E-01,    -19.09%
    0.2665000000000000035527137E+01,    0.9979693277418331953665387E-01,    0.1234228869230365593923082E+00,   -0.2362595414885323985565435E-01,    -19.14%
    0.2666666666666666962726140E+01,    0.9962212302173607814115286E-01,    0.1232876712328766916071388E+00,   -0.2366554821114061346598589E-01,    -19.20%
    0.2668333333333333001746723E+01,    0.9944885940945520641509603E-01,    0.1231526672302041824913488E+00,   -0.2370380782074897607625275E-01,    -19.25%
    0.2669999999999999928945726E+01,    0.9927714828148216652525804E-01,    0.1230178744971644477779193E+00,   -0.2374072621568228125266131E-01,    -19.30%
    0.2671666666666666856144730E+01,    0.9910699593680141750162704E-01,    0.1228832926168645506281862E+00,   -0.2377629668006313312655919E-01,    -19.35%
    0.2673333333333332895165313E+01,    0.9893840862910623090709095E-01,    0.1227489211733706064855198E+00,   -0.2381051254426437557842888E-01,    -19.40%
    0.2674999999999999822364316E+01,    0.9877139256613150231078890E-01,    0.1226147597517051324178539E+00,   -0.2384336718557363010706496E-01,    -19.45%
    0.2676666666666666749563319E+01,    0.9860595390916952751592106E-01,    0.1224808079378450625940289E+00,   -0.2387485402867553507810783E-01,    -19.49%
    0.2678333333333333676762322E+01,    0.9844209877269900765828226E-01,    0.1223470653187191670152600E+00,   -0.2390496654602015935697779E-01,    -19.54%
    0.2679999999999999715782906E+01,    0.9827983322370259511302493E-01,    0.1222135314822057478023609E+00,   -0.2393369825850315268933599E-01,    -19.58%
    0.2681666666666666642981909E+01,    0.9811916328128268693919978E-01,    0.1220802060171298913937576E+00,   -0.2396104273584720445455787E-01,    -19.63%
    0.2683333333333333570180912E+01,    0.9796009491611575026315251E-01,    0.1219470885132617476998007E+00,   -0.2398699359714599743664820E-01,    -19.67%
    0.2684999999999999609201495E+01,    0.9780263405028799539309148E-01,    0.1218141785613136712784765E+00,   -0.2401154451102567588538506E-01,    -19.71%
    0.2686666666666666536400498E+01,    0.9764678655614397739803678E-01,    0.1216814757529379453782070E+00,   -0.2403468919679396798017024E-01,    -19.75%
    0.2688333333333333463599502E+01,    0.9749255825641099659772948E-01,    0.1215489796807245892473759E+00,   -0.2405642142431359264964641E-01,    -19.79%
    0.2690000000000000390798505E+01,    0.9733995492328975651652456E-01,    0.1214166899381988740103111E+00,   -0.2407673501490911749378654E-01,    -19.83%
    0.2691666666666666429819088E+01,    0.9718898227843576764772848E-01,    0.1212846061198191022212356E+00,   -0.2409562384138333457350711E-01,    -19.87%
    0.2693333333333333357018091E+01,    0.9703964599182292316559284E-01,    0.1211527278209739572067960E+00,   -0.2411308182915103404120316E-01,    -19.90%
    0.2695000000000000284217094E+01,    0.9689195168189633500244184E-01,    0.1210210546379806018091330E+00,   -0.2412910295608426680669112E-01,    -19.94%
    0.2696666666666666323237678E+01,    0.9674590491461926289318285E-01,    0.1208895861680822220174392E+00,   -0.2414368125346295912425632E-01,    -19.97%
    0.2698333333333333250436681E+01,    0.9660151120324032836261807E-01,    0.1207583220094453207993368E+00,   -0.2415681080620499243671873E-01,    -20.00%
    0.2700000000000000177635684E+01,    0.9645877600763345938172932E-01,    0.1206272617611580111329772E+00,   -0.2416848575352455175124788E-01,    -20.04%
    0.2701666666666667104834687E+01,    0.9631770473406543742189712E-01,    0.1204964050232273237162062E+00,   -0.2417870028916188629430906E-01,    -20.07%
    0.2703333333333333143855270E+01,    0.9617830273429522902617350E-01,    0.1203657513965770836650293E+00,   -0.2418744866228185463885580E-01,    -20.09%
    0.2705000000000000071054274E+01,    0.9604057530550155763471309E-01,    0.1202353004830453014895042E+00,   -0.2419472517754374385479110E-01,    -20.12%
    0.2706666666666666998253277E+01,    0.9590452768946566841634649E-01,    0.1201050518853823967369010E+00,   -0.2420052419591672832055451E-01,    -20.15%
    0.2708333333333333037273860E+01,    0.9577016507257372912587101E-01,    0.1199750052072485057008677E+00,   -0.2420484013467477657499671E-01,    -20.17%
    0.2709999999999999964472863E+01,    0.9563749258446417600421086E-01,    0.1198451600532112332198054E+00,   -0.2420766746874705721559451E-01,    -20.20%
    0.2711666666666666891671866E+01,    0.9550651529852265120279498E-01,    0.1197155160287436820309992E+00,   -0.2420900073022103082820422E-01,    -20.22%
    0.2713333333333332930692450E+01,    0.9537723823084154339824181E-01,    0.1195860727402218715020865E+00,   -0.2420883450938032810384470E-01,    -20.24%
    0.2714999999999999857891453E+01,    0.9524966633957741846128187E-01,    0.1194568297949225033072196E+00,   -0.2420716345534508484593772E-01,    -20.26%
    0.2716666666666666785090456E+01,    0.9512380452508456540883230E-01,    0.1193277868010209213922579E+00,   -0.2420398227593635598342559E-01,    -20.28%
    0.2718333333333333712289459E+01,    0.9499965762872300545360815E-01,    0.1191989433675886556063261E+00,   -0.2419928573886565015271799E-01,    -20.30%
    0.2719999999999999751310042E+01,    0.9487723043314780224655181E-01,    0.1190702991045913677892187E+00,   -0.2419306867144356554266693E-01,    -20.32%
    0.2721666666666666678509046E+01,    0.9475652766084964595538764E-01,    0.1189418536228862566250797E+00,   -0.2418532596203661066969204E-01,    -20.33%
    0.2723333333333333605708049E+01,    0.9463755397464465590751104E-01,    0.1188136065342202812855632E+00,   -0.2417605255957562537805217E-01,    -20.35%
    0.2724999999999999644728632E+01,    0.9452031397670063173066524E-01,    0.1186855574512276773058161E+00,   -0.2416524347452704557515091E-01,    -20.36%
    0.2726666666666666571927635E+01,    0.9440481220789048721897530E-01,    0.1185577059874276389939141E+00,   -0.2415289377953715177493876E-01,    -20.37%
    0.2728333333333333499126638E+01,    0.9429105314780183988432327E-01,    0.1184300517572223071516291E+00,   -0.2413899860942046726730581E-01,    -20.38%
    0.2730000000000000426325641E+01,    0.9417904121380030191268418E-01,    0.1183025943758946180173197E+00,   -0.2412355316209431610463554E-01,    -20.39%
    0.2731666666666666465346225E+01,    0.9406878076084862483341453E-01,    0.1181753334596058885308523E+00,   -0.2410655269875726369743774E-01,    -20.40%
    0.2733333333333333392545228E+01,    0.9396027608096646499546978E-01,    0.1180482686253935126208248E+00,   -0.2408799254442704762535499E-01,    -20.41%
    0.2735000000000000319744231E+01,    0.9385353140266247673473288E-01,    0.1179213994911691570921519E+00,   -0.2406786808850668035741904E-01,    -20.41%
    0.2736666666666666358764815E+01,    0.9374855089030394161841997E-01,    0.1177947256757163746465622E+00,   -0.2404617478541243302814223E-01,    -20.41%
    0.2738333333333333285963818E+01,    0.9364533864410076735573796E-01,    0.1176682467986882724142461E+00,   -0.2402290815458750505850816E-01,    -20.42%
    0.2740000000000000213162821E+01,    0.9354389869928325662584712E-01,    0.1175419624806055690635631E+00,   -0.2399806378132231243771599E-01,    -20.42%
    0.2741666666666666252183404E+01,    0.9344423502559331962125100E-01,    0.1174158723428543882327801E+00,   -0.2397163731726106861152914E-01,    -20.42%
    0.2743333333333333179382407E+01,    0.9334635152722114970202938E-01,    0.1172899760076838160394175E+00,   -0.2394362448046266633738810E-01,    -20.41%
    0.2745000000000000106581410E+01,    0.9325025204167892989293165E-01,    0.1171642730982041524789850E+00,   -0.2391402105652522258605330E-01,    -20.41%
    0.2746666666666667033780413E+01,    0.9315594033996735245928278E-01,    0.1170387632383845244454790E+00,   -0.2388282289841717198619619E-01,    -20.41%
    0.2748333333333333072800997E+01,    0.9306342012552158704519201E-01,    0.1169134460530508040632114E+00,   -0.2385002592752921701801938E-01,    -20.40%
    0.2750000000000000000000000E+01,    0.9297269503437069482210120E-01,    0.1167883211678832078295187E+00,   -0.2381562613351251300741751E-01,    -20.39%
    0.2751666666666666927199003E+01,    0.9288376863406765104880236E-01,    0.1166633882094146590358008E+00,   -0.2377961957534700798699845E-01,    -20.38%
    0.2753333333333332966219587E+01,    0.9279664442372306809581062E-01,    0.1165386468050283036435033E+00,   -0.2374200238130523554769269E-01,    -20.37%
    0.2754999999999999893418590E+01,    0.9271132583299555862677011E-01,    0.1164140965829552204491293E+00,   -0.2370277074995966182235918E-01,    -20.36%
    0.2756666666666666820617593E+01,    0.9262781622231949785195582E-01,    0.1162897371722728945275804E+00,   -0.2366192094995339667562462E-01,    -20.35%
    0.2758333333333333747816596E+01,    0.9254611888175424960767401E-01,    0.1161655682029024971857467E+00,   -0.2361944932114824757807270E-01,    -20.33%
    0.2759999999999999786837179E+01,    0.9246623703085242451660264E-01,    0.1160415893056071373612426E+00,   -0.2357535227475471284463993E-01,    -20.32%
    0.2761666666666666714036182E+01,    0.9238817381812561291276609E-01,    0.1159178001119894746429040E+00,   -0.2352962629386386173013790E-01,    -20.30%
    0.2763333333333333641235185E+01,    0.9231193232097628653676225E-01,    0.1157942002544898874027979E+00,   -0.2348226793351360086603563E-01,    -20.28%
    0.2764999999999999680255769E+01,    0.9223751554441628197622549E-01,    0.1156707893663843633724753E+00,   -0.2343327382196808139624977E-01,    -20.26%
    0.2766666666666666607454772E+01,    0.9216492642117529721090818E-01,    0.1155475670817820155189537E+00,   -0.2338264066060671830804552E-01,    -20.24%
    0.2768333333333333534653775E+01,    0.9209416781130158602408642E-01,    0.1154245330356235416102706E+00,   -0.2333036522432195558618417E-01,    -20.21%
    0.2769999999999999573674359E+01,    0.9202524250148159945528192E-01,    0.1153016868636788372359803E+00,   -0.2327644436219723778069834E-01,    -20.19%
    0.2771666666666666500873362E+01,    0.9195815320442890516972057E-01,    0.1151790282025449002611950E+00,   -0.2322087499811599509147442E-01,    -20.16%
    0.2773333333333333428072365E+01,    0.9189290255887970493287042E-01,    0.1150565566896438879362918E+00,   -0.2316365413076418300342141E-01,    -20.13%
    0.2775000000000000355271368E+01,    0.9182949312879709613532953E-01,    0.1149342719632210074731660E+00,   -0.2310477883442391133783644E-01,    -20.10%
    0.2776666666666666394291951E+01,    0.9176792740302600059898452E-01,    0.1148121736623425176437863E+00,   -0.2304424625931651704480174E-01,    -20.07%
    0.2778333333333333321490954E+01,    0.9170820779476362982762794E-01,    0.1146902614268933834340558E+00,   -0.2298205363212975360642787E-01,    -20.04%
    0.2780000000000000248689958E+01,    0.9165033664116925549159021E-01,    0.1145685348975757217315774E+00,   -0.2291819825640646623998720E-01,    -20.00%
    0.2781666666666666287710541E+01,    0.9159431620316493827260729E-01,    0.1144469937159063449572116E+00,   -0.2285267751274140668460433E-01,    -19.97%
    0.2783333333333333214909544E+01,    0.9154014866437232278428837E-01,    0.1143256375242148042969959E+00,   -0.2278548885984248151270748E-01,    -19.93%
    0.2785000000000000142108547E+01,    0.9148783613128513847456702E-01,    0.1142044659656415855897293E+00,   -0.2271662983435644711516233E-01,    -19.89%
    0.2786666666666667069307550E+01,    0.9143738063246452385524066E-01,    0.1140834786841357778586215E+00,   -0.2264609805167125400338080E-01,    -19.85%
    0.2788333333333333108328134E+01,    0.9138878411839532200922065E-01,    0.1139626753244533524656035E+00,   -0.2257389120605803045638282E-01,    -19.81%
    0.2790000000000000035527137E+01,    0.9134204846049367998439550E-01,    0.1138420555321546789873111E+00,   -0.2250000707166099900291556E-01,    -19.76%
    0.2791666666666666962726140E+01,    0.9129717545133628209264032E-01,    0.1137216189536031513140912E+00,   -0.2242444350226686922145092E-01,    -19.72%
    0.2793333333333333001746723E+01,    0.9125416680381726042270429E-01,    0.1136013652359626896481970E+00,   -0.2234719843214542922549271E-01,    -19.67%
    0.2794999999999999928945726E+01,    0.9121302415082041536997792E-01,    0.1134812940271958114912820E+00,   -0.2226826987637539612130411E-01,    -19.62%
    0.2796666666666666856144730E+01,    0.9117374904467143159614295E-01,    0.1133614049760618414097735E+00,   -0.2218765593139040981363053E-01,    -19.57%
    0.2798333333333332895165313E+01,    0.9113634295686465214281213E-01,    0.1132416977321148293667008E+00,   -0.2210535477525017722388867E-01,    -19.52%
    0.2799999999999999822364316E+01,    0.9110080727780157927586657E-01,    0.1131221719457013580312221E+00,   -0.2202136466789977875535556E-01,    -19.47%
    0.2801666666666666749563319E+01,    0.9106714331560746000793216E-01,    0.1130028272679589051996629E+00,   -0.2193568395235144519173076E-01,    -19.41%
    0.2803333333333333676762322E+01,    0.9103535229660397742890154E-01,    0.1128836633508135539605277E+00,   -0.2184831105420957653162617E-01,    -19.35%
    0.2804999999999999715782906E+01,    0.9100543536454321069673057E-01,    0.1127646798469783412377510E+00,   -0.2175924448243513054102038E-01,    -19.30%
    0.2806666666666666642981909E+01,    0.9097739357979653385122276E-01,    0.1126458764099508846889819E+00,   -0.2166848283015435083775913E-01,    -19.24%
    0.2808333333333333570180912E+01,    0.9095122791962102770657594E-01,    0.1125272526940118145155623E+00,   -0.2157602477439078680898632E-01,    -19.17%
    0.2809999999999999609201495E+01,    0.9092693927716474777689371E-01,    0.1124088083542226779165674E+00,   -0.2148186907705793013967366E-01,    -19.11%
    0.2811666666666666536400498E+01,    0.9090452846123490970864367E-01,    0.1122905430464237186427567E+00,   -0.2138601458518880893411307E-01,    -19.05%
    0.2813333333333333463599502E+01,    0.9088399619621868874563830E-01,    0.1121724564272324892177934E+00,   -0.2128846023101380047215514E-01,    -18.98%
    0.2815000000000000390798505E+01,    0.9086534312093254295294997E-01,    0.1120545481540413390586508E+00,   -0.2118920503310879610570083E-01,    -18.91%
    0.2816666666666666429819088E+01,    0.9084856978893189605184233E-01,    0.1119368178850160405746195E+00,   -0.2108824809608414452277714E-01,    -18.84%
    0.2818333333333333357018091E+01,    0.9083367666775539472912016E-01,    0.1118192652790931107542605E+00,   -0.2098558861133771602514031E-01,    -18.77%
    0.2820000000000000284217094E+01,    0.9082066413831287043922913E-01,    0.1117018899959787286979562E+00,   -0.2088122585766585825872710E-01,    -18.69%
    0.2821666666666666323237678E+01,    0.9080953249501758084427649E-01,    0.1115846916961462098605296E+00,   -0.2077515920112862901625306E-01,    -18.62%
    0.2823333333333333250436681E+01,    0.9080028194509039141113504E-01,    0.1114676700408343407167067E+00,   -0.2066738809574394930557162E-01,    -18.54%
    0.2825000000000000177635684E+01,    0.9079291260787959727540652E-01,    0.1113508246920453803596729E+00,   -0.2055791208416578308426637E-01,    -18.46%
    0.2826666666666667104834687E+01,    0.9078742451483629016806276E-01,    0.1112341553125432286330820E+00,   -0.2044673079770693846501928E-01,    -18.38%
    0.2828333333333333143855270E+01,    0.9078381760910680942089357E-01,    0.1111176615658515803852779E+00,   -0.2033384395674477096438437E-01,    -18.30%
    0.2830000000000000071054274E+01,    0.9078209174483801990884757E-01,    0.1110013431162517050232452E+00,   -0.2021925137141368511439765E-01,    -18.22%
    0.2831666666666666998253277E+01,    0.9078224668705360544951333E-01,    0.1108851996287809754671017E+00,   -0.2010295294172737001758833E-01,    -18.13%
    0.2833333333333333037273860E+01,    0.9078428211124457691827416E-01,    0.1107692307692307864819270E+00,   -0.1998494865798620956365284E-01,    -18.04%
    0.2834999999999999964472863E+01,    0.9078819760288794893376974E-01,    0.1106534362041445285207431E+00,   -0.1986523860125657958697332E-01,    -17.95%
    0.2836666666666666891671866E+01,    0.9079399265687854159168069E-01,    0.1105378156008160056567036E+00,   -0.1974382294393746406502288E-01,    -17.86%
    0.2838333333333332930692450E+01,    0.9080166667753392095718823E-01,    0.1104223686272874233038621E+00,   -0.1962070194975350234667388E-01,    -17.77%
    0.2839999999999999857891453E+01,    0.9081121897795978170631059E-01,    0.1103070949523473343045765E+00,   -0.1949587597438755259826593E-01,    -17.67%
    0.2841666666666666785090456E+01,    0.9082264877962835381008944E-01,    0.1101919942455291817617891E+00,   -0.1936934546590082795169963E-01,    -17.58%
    0.2843333333333333712289459E+01,    0.9083595521208558121184495E-01,    0.1100770661771090785929772E+00,   -0.1924111096502349738113224E-01,    -17.48%
    0.2844999999999999751310042E+01,    0.9085113731267739634045455E-01,    0.1099623104181042115845557E+00,   -0.1911117310542681524410114E-01,    -17.38%
    0.2846666666666666678509046E+01,    0.9086819402592292982401290E-01,    0.1098477266402706764569785E+00,   -0.1897953261434774663296565E-01,    -17.28%
    0.2848333333333333605708049E+01,    0.9088712420347011544663474E-01,    0.1097333145161019651858680E+00,   -0.1884619031263184973923330E-01,    -17.17%
    0.2849999999999999644728632E+01,    0.9090792660322923046667398E-01,    0.1096190737188270925006606E+00,   -0.1871114711559786203398659E-01,    -17.07%
    0.2851666666666666571927635E+01,    0.9093059988950280558839268E-01,    0.1095050039224084170719209E+00,   -0.1857440403290561148352822E-01,    -16.96%
    0.2853333333333333499126638E+01,    0.9095514263252070519261139E-01,    0.1093911048015402120991979E+00,   -0.1843596216901950690658651E-01,    -16.85%
    0.2855000000000000426325641E+01,    0.9098155330763210701938704E-01,    0.1092773760316466946651559E+00,   -0.1829582272401458764576887E-01,    -16.74%
    0.2856666666666666465346225E+01,    0.9100983029559892023563350E-01,    0.1091638172888802216231596E+00,   -0.1815398699328130138752613E-01,    -16.63%
    0.2858333333333333392545228E+01,    0.9103997188166329523895115E-01,    0.1090504282501192634402543E+00,   -0.1801045636845596820130311E-01,    -16.52%
    0.2860000000000000319744231E+01,    0.9107197625561296028262603E-01,    0.1089372085929669886628091E+00,   -0.1786523233735402838018302E-01,    -16.40%
    0.2861666666666666358764815E+01,    0.9110584151135067698668024E-01,    0.1088241579957492238817096E+00,   -0.1771831648439854689502937E-01,    -16.28%
    0.2863333333333333285963818E+01,    0.9114156564604761201486838E-01,    0.1087112761375125108420647E+00,   -0.1756971049146489882719635E-01,    -16.16%
    0.2865000000000000213162821E+01,    0.9117914656049197485998548E-01,    0.1085985626980226909088501E+00,   -0.1741941613753071604886458E-01,    -16.04%
    0.2866666666666666252183404E+01,    0.9121858205839764033306949E-01,    0.1084860173577628095209491E+00,   -0.1726743529936516918787959E-01,    -15.92%
    0.2868333333333333179382407E+01,    0.9125986984611760000074554E-01,    0.1083736397979313259565259E+00,   -0.1711376995181372595578040E-01,    -15.79%
    0.2870000000000000106581410E+01,    0.9130300753218564824287284E-01,    0.1082614297004406145319422E+00,   -0.1695842216825496628906933E-01,    -15.66%
    0.2871666666666667033780413E+01,    0.9134799262720220969224982E-01,    0.1081493867479148690557977E+00,   -0.1680139412071265936354791E-01,    -15.54%
    0.2873333333333333072800997E+01,    0.9139482254316773357505355E-01,    0.1080375106236885623944843E+00,   -0.1664268808052082881943079E-01,    -15.40%
    0.2875000000000000000000000E+01,    0.9144349459369904842276355E-01,    0.1079258010118043786818021E+00,   -0.1648230641810533025903851E-01,    -15.27%
    0.2876666666666666927199003E+01,    0.9149400599275087087036695E-01,    0.1078142575970118532957542E+00,   -0.1632025160426098242538728E-01,    -15.14%
    0.2878333333333332966219587E+01,    0.9154635385559595217586093E-01,    0.1077028800647653605793153E+00,   -0.1615652620916940840345433E-01,    -15.00%
    0.2879999999999999893418590E+01,    0.9160053519718017178696812E-01,    0.1075916681012222403390766E+00,   -0.1599113290404206855210845E-01,    -14.86%
    0.2881666666666666820617593E+01,    0.9165654693294071619913410E-01,    0.1074806213932414239442537E+00,   -0.1582407446030070774511955E-01,    -14.72%
    0.2883333333333333747816596E+01,    0.9171438587752296645039252E-01,    0.1073697396283813804140905E+00,   -0.1565535375085841396369801E-01,    -14.58%
    0.2884999999999999786837179E+01,    0.9177404874498351627920556E-01,    0.1072590224948985065944740E+00,   -0.1548497374991499031526843E-01,    -14.44%
    0.2886666666666666714036182E+01,    0.9183553214846684742411753E-01,    0.1071484696817452259010039E+00,   -0.1531293753327837847688642E-01,    -14.29%
    0.2888333333333333641235185E+01,    0.9189883259983197549836120E-01,    0.1070380808785685450290615E+00,   -0.1513924827873656953070025E-01,    -14.14%
    0.2889999999999999680255769E+01,    0.9196394650926610625507607E-01,    0.1069278557757081526968790E+00,   -0.1496390926644204644180292E-01,    -13.99%
    0.2891666666666666607454772E+01,    0.9203087018515257455852918E-01,    0.1068177940641945322663986E+00,   -0.1478692387904195770786941E-01,    -13.84%
    0.2893333333333333534653775E+01,    0.9209959983339933986545844E-01,    0.1067078954357476017200668E+00,   -0.1460829560234826185460832E-01,    -13.69%
    0.2894999999999999573674359E+01,    0.9217013155754642805828070E-01,    0.1065981595827748262816925E+00,   -0.1442802802522839822341183E-01,    -13.53%
    0.2896666666666666500873362E+01,    0.9224246135830807546973631E-01,    0.1064885861983693171595178E+00,   -0.1424612484006124168978147E-01,    -13.38%
    0.2898333333333333428072365E+01,    0.9231658513327081760913018E-01,    0.1063791749763084715230121E+00,   -0.1406258984303765391388197E-01,    -13.22%
    0.2900000000000000355271368E+01,    0.9239249867653982761783737E-01,    0.1062699256110520573681555E+00,   -0.1387742693451222975031811E-01,    -13.06%
    0.2901666666666666394291951E+01,    0.9247019767872778628348129E-01,    0.1061608377977406175718400E+00,   -0.1369064011901283128835871E-01,    -12.90%
    0.2903333333333333321490954E+01,    0.9254967772627918642935896E-01,    0.1060519112321935963905162E+00,   -0.1350223350591440996115722E-01,    -12.73%
    0.2905000000000000248689958E+01,    0.9263093430166757791255350E-01,    0.1059431456109078961702608E+00,   -0.1331221130924031825770726E-01,    -12.57%
    0.2906666666666666287710541E+01,    0.9271396278237384325215942E-01,    0.1058345406310561148677252E+00,   -0.1312057784868227161556575E-01,    -12.40%
    0.2908333333333333214909544E+01,    0.9279875844149816643824380E-01,    0.1057260959904846586709937E+00,   -0.1292733754898649223274987E-01,    -12.23%
    0.2910000000000000142108547E+01,    0.9288531644665892761381087E-01,    0.1056178113877124097319538E+00,   -0.1273249494105348211814288E-01,    -12.06%
    0.2911666666666667069307550E+01,    0.9297363186066390228212697E-01,    0.1055096865219288387871543E+00,   -0.1253605466126493650502738E-01,    -11.88%
    0.2913333333333333108328134E+01,    0.9306369964012553563925678E-01,    0.1054017210929924508455713E+00,   -0.1233802145286691520631450E-01,    -11.71%
    0.2915000000000000035527137E+01,    0.9315551463634177964401317E-01,    0.1052939148014288422983142E+00,   -0.1213840016508706265430106E-01,    -11.53%
    0.2916666666666666962726140E+01,    0.9324907159408524215393754E-01,    0.1051862673484294935510874E+00,   -0.1193719575434425139714989E-01,    -11.35%
    0.2918333333333333001746723E+01,    0.9334436515185198790511834E-01,    0.1050787784358498677672600E+00,   -0.1173441328399787986214164E-01,    -11.17%
    0.2919999999999999928945726E+01,    0.9344138984181583895693990E-01,    0.1049714477662076067554509E+00,   -0.1153005792439176779851095E-01,    -10.98%
    0.2921666666666666856144730E+01,    0.9354014008870263630068820E-01,    0.1048642750426811987018993E+00,   -0.1132413495397856240121115E-01,    -10.80%
    0.2923333333333332895165313E+01,    0.9364061021039195298332203E-01,    0.1047572599691082712025647E+00,   -0.1111664975871631821924268E-01,    -10.61%
    0.2924999999999999822364316E+01,    0.9374279441779519161936918E-01,    0.1046504022499836622506209E+00,   -0.1090760783218847063125168E-01,    -10.42%
    0.2926666666666666749563319E+01,    0.9384668681347473062626108E-01,    0.1045437015904581712355537E+00,   -0.1069701477698344060929259E-01,    -10.23%
    0.2928333333333333676762322E+01,    0.9395228139293405889009847E-01,    0.1044371576963367548307460E+00,   -0.1048487630340269594064750E-01,    -10.04%
    0.2929999999999999715782906E+01,    0.9405957204289418227549646E-01,    0.1043307702740769588034553E+00,   -0.1027119823118277652795882E-01,     -9.84%
    0.2931666666666666642981909E+01,    0.9416855254241679462623438E-01,    0.1042245390307870722690353E+00,   -0.1005598648837027764280094E-01,     -9.65%
    0.2933333333333333570180912E+01,    0.9427921656181309506550292E-01,    0.1041184636742248786900333E+00,   -0.9839247112411783624530415E-02,     -9.45%
    0.2934999999999999609201495E+01,    0.9439155766245986567408721E-01,    0.1040125439127959072749263E+00,   -0.9620986250336041600839110E-02,     -9.25%
    0.2936666666666666536400498E+01,    0.9450556929714580556289860E-01,    0.1039067794555515733545548E+00,   -0.9401210158405767791656160E-02,     -9.05%
    0.2938333333333333463599502E+01,    0.9462124480950369342924233E-01,    0.1038011700121879710145834E+00,   -0.9179925202684277585341022E-02,     -8.84%
    0.2940000000000000390798505E+01,    0.9473857743350087845524143E-01,    0.1036957152930440551052982E+00,   -0.8957137859543176650056751E-02,     -8.64%
    0.2941666666666666429819088E+01,    0.9485756029375902453892877E-01,    0.1035904150091001424405235E+00,   -0.8732854715341117901594714E-02,     -8.43%
    0.2943333333333333357018091E+01,    0.9497818640528221667551634E-01,    0.1034852688719760660518432E+00,   -0.8507082466693849376326853E-02,     -8.22%
    0.2945000000000000284217094E+01,    0.9510044867296291171143707E-01,    0.1033802765939300233322129E+00,   -0.8279827920967111620775825E-02,     -8.01%
    0.2946666666666666323237678E+01,    0.9522433989162140677287027E-01,    0.1032754378878566609012424E+00,   -0.8051097996235254128372105E-02,     -7.80%
    0.2948333333333333250436681E+01,    0.9534985274538440580549548E-01,    0.1031707524672855619263245E+00,   -0.7820899721901156120829057E-02,     -7.58%
    0.2950000000000000177635684E+01,    0.9547697980872515977068815E-01,    0.1030662200463797889549156E+00,   -0.7589240237654629184227417E-02,     -7.36%
    0.2951666666666667104834687E+01,    0.9560571354469417360011363E-01,    0.1029618403399342047022103E+00,   -0.7356126795240031102096623E-02,     -7.14%
    0.2953333333333333143855270E+01,    0.9573604630563081752114840E-01,    0.1028576130633740148834221E+00,   -0.7121566757743197362273690E-02,     -6.92%
    0.2955000000000000071054274E+01,    0.9586797033317509542094115E-01,    0.1027535379327529502235805E+00,   -0.6885567599577854802639365E-02,     -6.70%
    0.2956666666666666998253277E+01,    0.9600147775740182354287100E-01,    0.1026496146647520313344160E+00,   -0.6648136907350207791544960E-02,     -6.48%
    0.2958333333333333037273860E+01,    0.9613656059697682498832449E-01,    0.1025458429766779588909742E+00,   -0.6409282379701133902649701E-02,     -6.25%
    0.2959999999999999964472863E+01,    0.9627321075965529495466200E-01,    0.1024422225864612401302622E+00,   -0.6169011826805945175600243E-02,     -6.02%
    0.2961666666666666891671866E+01,    0.9641142004072784932322548E-01,    0.1023387532126550925060116E+00,   -0.5927333171927243182786071E-02,     -5.79%
    0.2963333333333332930692450E+01,    0.9655118012415754569222059E-01,    0.1022354345744336673318386E+00,   -0.5684254450276121639618054E-02,     -5.56%
    0.2964999999999999857891453E+01,    0.9669248258183173183599735E-01,    0.1021322663915904399578594E+00,   -0.5439783809758708121862014E-02,     -5.33%
    0.2966666666666666785090456E+01,    0.9683531887380250613439614E-01,    0.1020292483845368913808471E+00,   -0.5193929510734385246450984E-02,     -5.09%
    0.2968333333333333712289459E+01,    0.9697968034735249265310131E-01,    0.1019263802743008567874838E+00,   -0.4946699926948364134382530E-02,     -4.85%
    0.2969999999999999751310042E+01,    0.9712555823744506433570223E-01,    0.1018236617825250406310644E+00,   -0.4698103545079976295362201E-02,     -4.61%
    0.2971666666666666678509046E+01,    0.9727294366706892847496135E-01,    0.1017210926314653235413843E+00,   -0.4448148964396395066422940E-02,     -4.37%
    0.2973333333333333605708049E+01,    0.9742182764615098244931346E-01,    0.1016186725439895827127756E+00,   -0.4196844897838600263462183E-02,     -4.13%
    0.2974999999999999644728632E+01,    0.9757220107198906478007672E-01,    0.1015164012435759433028437E+00,   -0.3944200171586878522766995E-02,     -3.89%
    0.2976666666666666571927635E+01,    0.9772405472906470214056185E-01,    0.1014142784543111963646567E+00,   -0.3690223725246494224094818E-02,     -3.64%
    0.2978333333333333499126638E+01,    0.9787737928872444759242910E-01,    0.1013123039008895359680551E+00,   -0.3434924612165088375625999E-02,     -3.39%
    0.2980000000000000426325641E+01,    0.9803216530941243067598379E-01,    0.1012104773086109493762663E+00,   -0.3178311999198518700282534E-02,     -3.14%
    0.2981666666666666465346225E+01,    0.9818840323620454946240699E-01,    0.1011087984033797460003967E+00,   -0.2920395167175196537989734E-02,     -2.89%
    0.2983333333333333392545228E+01,    0.9834608340115036373418889E-01,    0.1010072669117028226759558E+00,   -0.2661183510552458941766929E-02,     -2.63%
    0.2985000000000000319744231E+01,    0.9850519602272542196708116E-01,    0.1009058825606885534398316E+00,   -0.2400686537963131472750433E-02,     -2.38%
    0.2986666666666666358764815E+01,    0.9866573120604987812143349E-01,    0.1008046450780452213402683E+00,   -0.2138913871995343218834762E-02,     -2.12%
    0.2988333333333333285963818E+01,    0.9882767894261024199664689E-01,    0.1007035541920791726910878E+00,   -0.1875875249468930694440871E-02,     -1.86%
    0.2990000000000000213162821E+01,    0.9899102911015544847828096E-01,    0.1006026096316938317487555E+00,   -0.1611580521538383270474526E-02,     -1.60%
    0.2991666666666666252183404E+01,    0.9915577147328223650557533E-01,    0.1005018111263880353778433E+00,   -0.1346039653105798872267940E-02,     -1.34%
    0.2993333333333333179382407E+01,    0.9932189568212600183638727E-01,    0.1004011584062543260831291E+00,   -0.1079262724128324246741784E-02,     -1.07%
    0.2995000000000000106581410E+01,    0.9948939127347303235104903E-01,    0.1003006512019779111755113E+00,   -0.8112599285048788244623097E-03,     -0.81%
    0.2996666666666667033780413E+01,    0.9965824767003202133697215E-01,    0.1002002892448349419263209E+00,   -0.5420415748029205893487870E-03,     -0.54%
    0.2998333333333333072800997E+01,    0.9982845418064575926386794E-01,    0.1001000722666910702773890E+00,   -0.2716180860453110135210864E-03,     -0.27%
    0.3000000000000000000000000E+01,    0.9999999999984510168360430E-01,    0.1000000000000000055511151E+00,   -0.1549038675108249663026072E-12,      0.00%
    0.3001666666666666927199003E+01,    0.1001728742086164108959778E+00,    0.9990007217780212667168627E-01,    0.2728020308142842242915549E-03,      0.27%
    0.3003333333333333854398006E+01,    0.1003470657736011822924738E+00,    0.9980028853372305275293286E-01,    0.5467772398781295395409074E-03,      0.55%
    0.3005000000000000781597009E+01,    0.1005225635472813544568638E+00,    0.9970064880197201939715512E-01,    0.8219147453093350597086442E-03,      0.82%
    0.3006666666666665932439173E+01,    0.1006993562681234993805290E+00,    0.9960115271734082398324972E-01,    0.1098203550782675397279320E-02,      1.10%
    0.3008333333333332859638176E+01,    0.1008774325603163379838634E+00,    0.9950180001520170236517515E-01,    0.1375632545114635618688226E-02,      1.38%
    0.3009999999999999786837179E+01,    0.1010567809340247730220952E+00,    0.9940259043150666273813698E-01,    0.1654190502518110283958208E-02,      1.66%
    0.3011666666666666714036182E+01,    0.1012373897848204279403816E+00,    0.9930352370278565377059721E-01,    0.1933866082034774169784441E-02,      1.95%
    0.3013333333333333641235185E+01,    0.1014192473945347422459307E+00,    0.9920459956614520458106909E-01,    0.2214647828389537664861564E-02,      2.23%
    0.3015000000000000568434189E+01,    0.1016023419303979796746162E+00,    0.9910581775926698144818516E-01,    0.2496524171130998226431075E-02,      2.52%
    0.3016666666666667495633192E+01,    0.1017866614457023227702237E+00,    0.9900717802040644166527983E-01,    0.2779483425295881104943874E-02,      2.81%
    0.3018333333333332646475355E+01,    0.1019721938793786558674626E+00,    0.9890868008839143188382081E-01,    0.3063513790987223983641741E-02,      3.10%
    0.3019999999999999573674359E+01,    0.1021589270558950351963645E+00,    0.9881032370262046726772098E-01,    0.3348603353274567928643535E-02,      3.39%
    0.3021666666666666500873362E+01,    0.1023468486862161713757402E+00,    0.9871210860306189882606986E-01,    0.3634740083154272549670338E-02,      3.68%
    0.3023333333333333428072365E+01,    0.1025359463660764913761625E+00,    0.9861403453025205378956741E-01,    0.3921911835824437586595081E-02,      3.98%
    0.3025000000000000355271368E+01,    0.1027262075780769612354248E+00,    0.9851610122529400048740911E-01,    0.4210106352782960748015739E-02,      4.27%
    0.3026666666666667282470371E+01,    0.1029176196904302842405343E+00,    0.9841830842985614669071737E-01,    0.4499311260574137549816953E-02,      4.57%
    0.3028333333333334209669374E+01,    0.1031101699565568907690505E+00,    0.9832065588617083795597296E-01,    0.4789514070386052813077526E-02,      4.87%
    0.3029999999999999360511538E+01,    0.1033038455170539604566216E+00,    0.9822314333703310862411229E-01,    0.5080702180020851832509265E-02,      5.17%
    0.3031666666666666287710541E+01,    0.1034986333974020483728040E+00,    0.9812577052579878056359775E-01,    0.5372862871603267809206272E-02,      5.48%
    0.3033333333333333214909544E+01,    0.1036945205097397626481381E+00,    0.9802853719638383866996634E-01,    0.5665983313355923978171802E-02,      5.78%
    0.3035000000000000142108547E+01,    0.1038914936521461440666059E+00,    0.9793144309326255736447564E-01,    0.5960050558883586702130231E-02,      6.09%
    0.3036666666666667069307550E+01,    0.1040895395088596436794504E+00,    0.9783448796146622383762548E-01,    0.6255051547393419841824880E-02,      6.39%
    0.3038333333333333996506553E+01,    0.1042886446505888048408295E+00,    0.9773767154658187517046741E-01,    0.6550973104006929670362069E-02,      6.70%
    0.3039999999999999147348717E+01,    0.1044887955339113272401619E+00,    0.9764099359475086892246054E-01,    0.6847801939160458317701341E-02,      7.01%
    0.3041666666666666074547720E+01,    0.1046899785023825690810639E+00,    0.9754445385266727330808578E-01,    0.7145524649715295772978152E-02,      7.33%
    0.3043333333333333001746723E+01,    0.1048921797854344556411021E+00,    0.9744805206757699289621399E-01,    0.7444127717857462744888153E-02,      7.64%
    0.3044999999999999928945726E+01,    0.1050953854994119279764320E+00,    0.9735178798727613103114464E-01,    0.7743597512135796945287325E-02,      7.95%
    0.3046666666666666856144730E+01,    0.1052995816475767315578693E+00,    0.9725566136010960205382503E-01,    0.8043920287467129504044294E-02,      8.27%
    0.3048333333333333783343733E+01,    0.1055047541192895427242249E+00,    0.9715967193496992393431100E-01,    0.8345082184319618789913875E-02,      8.59%
    0.3050000000000000710542736E+01,    0.1057108886910170797435171E+00,    0.9706381946129576110404713E-01,    0.8647069229721318639469985E-02,      8.91%
    0.3051666666666665861384899E+01,    0.1059179710269788354803921E+00,    0.9696810368907074484390307E-01,    0.8949867337908090636489078E-02,      9.23%
    0.3053333333333332788583903E+01,    0.1061259866773536092443564E+00,    0.9687252436882172468290975E-01,    0.9253462308531884561446645E-02,      9.55%
    0.3054999999999999715782906E+01,    0.1063349210801671357318199E+00,    0.9677708125161801899771774E-01,    0.9557839828549116734102142E-02,      9.88%
    0.3056666666666666642981909E+01,    0.1065447595610031217283620E+00,    0.9668177408906969416690913E-01,    0.9862985471933427561452845E-02,     10.20%
    0.3058333333333333570180912E+01,    0.1067554873322642816635408E+00,    0.9658660263332638495903382E-01,    0.1016888469893789670450701E-01,     10.53%
    0.3060000000000000497379915E+01,    0.1069670894944855787933591E+00,    0.9649156663707589287604094E-01,    0.1047552285740968591731814E-01,     10.86%
    0.3061666666666667424578918E+01,    0.1071795510362222869638060E+00,    0.9639666585354289551901275E-01,    0.1078288518267939144479328E-01,     11.19%
    0.3063333333333332575421082E+01,    0.1073928568333538252632664E+00,    0.9630190003648775309841312E-01,    0.1109095679686607216485328E-01,     11.52%
    0.3064999999999999502620085E+01,    0.1076069916503141765673490E+00,    0.9620726894020480146618723E-01,    0.1139972271010937510116179E-01,     11.85%
    0.3066666666666666429819088E+01,    0.1078219401394148180273191E+00,    0.9611277231952157495964428E-01,    0.1170916781989324306767486E-01,     12.18%
    0.3068333333333333357018091E+01,    0.1080376868418629482393456E+00,    0.9601840992979721045585961E-01,    0.1201927691206573778348599E-01,     12.52%
    0.3070000000000000284217094E+01,    0.1082542161872826619317678E+00,    0.9592418152692111510404516E-01,    0.1233003466036154682772263E-01,     12.85%
    0.3071666666666667211416097E+01,    0.1084715124938782915275937E+00,    0.9583008686731175895801016E-01,    0.1264142562656653256958350E-01,     13.19%
    0.3073333333333334138615101E+01,    0.1086895599692572489392006E+00,    0.9573612570791542597525847E-01,    0.1295343426134182296394215E-01,     13.53%
    0.3074999999999999289457264E+01,    0.1089083427099219458789037E+00,    0.9564229780620482623820777E-01,    0.1326604490371711964069590E-01,     13.87%
    0.3076666666666666216656267E+01,    0.1091278447017308694810822E+00,    0.9554860292017765266425755E-01,    0.1357924178155321681682466E-01,     14.21%
    0.3078333333333333143855270E+01,    0.1093480498205687267976316E+00,    0.9545504080835572058294503E-01,    0.1389300901221300621468657E-01,     14.55%
    0.3080000000000000071054274E+01,    0.1095689418314582108671118E+00,    0.9536161122978334403477163E-01,    0.1420733060167486683234017E-01,     14.90%
    0.3081666666666666998253277E+01,    0.1097905043898916160882706E+00,    0.9526831394402614228145154E-01,    0.1452219044586547380681907E-01,     15.24%
    0.3083333333333333925452280E+01,    0.1100127210416015077765195E+00,    0.9517514871116983243837240E-01,    0.1483757233043167533814710E-01,     15.59%
    0.3085000000000000852651283E+01,    0.1102355752227263535614199E+00,    0.9508211529181885557360232E-01,    0.1515345993090749798781758E-01,     15.94%
    0.3086666666666666003493447E+01,    0.1104590502602242202412341E+00,    0.9498921344709526648486531E-01,    0.1546983681312895375636884E-01,     16.29%
    0.3088333333333332930692450E+01,    0.1106831293719019310151097E+00,    0.9489644293863708224279208E-01,    0.1578668643326484877231763E-01,     16.64%
    0.3089999999999999857891453E+01,    0.1109077956664481362514252E+00,    0.9480380352859757442374189E-01,    0.1610399213785056182768329E-01,     16.99%
    0.3091666666666666785090456E+01,    0.1111330321451237251872968E+00,    0.9471129497964363153084122E-01,    0.1642173716548009365645555E-01,     17.34%
    0.3093333333333333712289459E+01,    0.1113588216996690555271599E+00,    0.9461891705495464877095912E-01,    0.1673990464471440675620073E-01,     17.69%
    0.3095000000000000639488462E+01,    0.1115851471146910300902277E+00,    0.9452666951822116803150209E-01,    0.1705847759646986205872565E-01,     18.05%
    0.3096666666666665790330626E+01,    0.1118119910666124094955620E+00,    0.9443455213364382316854062E-01,    0.1737743893296858632702140E-01,     18.40%
    0.3098333333333332717529629E+01,    0.1120393361247309510497772E+00,    0.9434256466593170242784794E-01,    0.1769677145879924862192922E-01,     18.76%
    0.3099999999999999644728632E+01,    0.1122671647513523024430881E+00,    0.9425070688030162679993396E-01,    0.1801645787105067564315419E-01,     19.12%
    0.3101666666666666571927635E+01,    0.1124954593010884240644742E+00,    0.9415897854247656795223520E-01,    0.1833648075861185611223902E-01,     19.47%
    0.3103333333333333499126638E+01,    0.1127242020231723068635077E+00,    0.9406737941868449637272676E-01,    0.1865682260448781049078093E-01,     19.83%
    0.3105000000000000426325641E+01,    0.1129533750597147695460265E+00,    0.9397590927565716012459518E-01,    0.1897746578405760942143132E-01,     20.19%
    0.3106666666666667353524645E+01,    0.1131829604473924139051988E+00,    0.9388456788062886360091142E-01,    0.1929839256676355030428738E-01,     20.56%
    0.3108333333333332504366808E+01,    0.1134129401173115808676428E+00,    0.9379335500133530179045493E-01,    0.1961958511597627907718788E-01,     20.92%
    0.3109999999999999431565811E+01,    0.1136432958949754601363225E+00,    0.9370227040601196433211584E-01,    0.1994102548896349580420662E-01,     21.28%
    0.3111666666666666358764815E+01,    0.1138740095012408248820179E+00,    0.9361131386339353877001912E-01,    0.2026269563784728611199881E-01,     21.65%
    0.3113333333333333285963818E+01,    0.1141050625523708367259346E+00,    0.9352048514271225909677554E-01,    0.2058457740965857762915903E-01,     22.01%
    0.3115000000000000213162821E+01,    0.1143364365602025228829675E+00,    0.9342978401369679553045700E-01,    0.2090665254650572735251046E-01,     22.38%
    0.3116666666666667140361824E+01,    0.1145681129329938485739149E+00,    0.9333921024657106102484505E-01,    0.2122890268642278754906982E-01,     22.74%
    0.3118333333333334067560827E+01,    0.1148000729753998611082366E+00,    0.9324876361205299002410385E-01,    0.2155130936334687108413277E-01,     23.11%
    0.3119999999999999218402991E+01,    0.1150322978884076030592354E+00,    0.9315844388135344211754330E-01,    0.2187385400705416094169209E-01,     23.48%
    0.3121666666666666145601994E+01,    0.1152647687711244317565473E+00,    0.9306825082617464772738458E-01,    0.2219651794494978402916274E-01,     23.85%
    0.3123333333333333072800997E+01,    0.1154974666200680316618943E+00,    0.9297818421870950034158199E-01,    0.2251928240135853132031230E-01,     24.22%
    0.3125000000000000000000000E+01,    0.1157303723289017510778010E+00,    0.9288824383164005771273963E-01,    0.2284212849726169336506132E-01,     24.59%
    0.3126666666666666927199003E+01,    0.1159634666908008482355541E+00,    0.9279842943813643163508686E-01,    0.2316503725266441660046723E-01,     24.96%
    0.3128333333333333854398006E+01,    0.1161967303971372794668682E+00,    0.9270874081185556669915115E-01,    0.2348798958528171276771701E-01,     25.34%
    0.3130000000000000781597009E+01,    0.1164301440385693414691914E+00,    0.9261917772694010231315787E-01,    0.2381096631162923915603358E-01,     25.71%
    0.3131666666666665932439173E+01,    0.1166636881058882579953462E+00,    0.9252973995801723472443001E-01,    0.2413394814787102327091617E-01,     26.08%
    0.3133333333333332859638176E+01,    0.1168973429890206028325395E+00,    0.9244042728019723209609282E-01,    0.2445691570882337073644663E-01,     26.46%
    0.3134999999999999786837179E+01,    0.1171310889793003018333195E+00,    0.9235123946907274061768334E-01,    0.2477984951022756121563617E-01,     26.83%
    0.3136666666666666714036182E+01,    0.1173649062681559607224102E+00,    0.9226217630071728570406719E-01,    0.2510272996743867501834302E-01,     27.21%
    0.3138333333333333641235185E+01,    0.1175987749492183043198423E+00,    0.9217323755168420340577740E-01,    0.2542553739753410091406494E-01,     27.58%
    0.3140000000000000568434189E+01,    0.1178326750174381321034645E+00,    0.9208442299900546079705066E-01,    0.2574825201843267130641379E-01,     27.96%
    0.3141666666666667495633192E+01,    0.1180665863700153805915249E+00,    0.9199573242019046248607594E-01,    0.2607085394982491810544900E-01,     28.34%
    0.3143333333333332646475355E+01,    0.1183004888073605348486339E+00,    0.9190716559322503753648448E-01,    0.2639332321413549731214943E-01,     28.72%
    0.3144999999999999573674359E+01,    0.1185343620327402730518784E+00,    0.9181872229656989903290309E-01,    0.2671563973617037401897534E-01,     29.10%
    0.3146666666666666500873362E+01,    0.1187681856529973628555652E+00,    0.9173040230915999182492726E-01,    0.2703778334383737103063794E-01,     29.48%
    0.3148333333333333428072365E+01,    0.1190019391795121145305458E+00,    0.9164220541040307699276468E-01,    0.2735973376910903753778115E-01,     29.85%
    0.3150000000000000355271368E+01,    0.1192356020282801520870919E+00,    0.9155413138017851060190821E-01,    0.2768147064810164148518368E-01,     30.24%
    0.3151666666666667282470371E+01,    0.1194691535203726007186020E+00,    0.9146617999883631389135275E-01,    0.2800297352153628682724928E-01,     30.62%
    0.3153333333333334209669374E+01,    0.1197025728828376156531732E+00,    0.9137835104719586876154125E-01,    0.2832422183564174689163195E-01,     31.00%
    0.3154999999999999360511538E+01,    0.1199358392484644597608678E+00,    0.9129064430654489081806702E-01,    0.2864519494191956894280082E-01,     31.38%
    0.3156666666666666287710541E+01,    0.1201689316573977539537310E+00,    0.9120305955863801383731726E-01,    0.2896587209875974011641375E-01,     31.76%
    0.3158333333333333214909544E+01,    0.1204018290566020582543771E+00,    0.9111559658569612363265833E-01,    0.2928623247090593462171881E-01,     32.14%
    0.3160000000000000142108547E+01,    0.1206345103008028968316623E+00,    0.9102825517040488700892809E-01,    0.2960625513039800982273420E-01,     32.52%
    0.3161666666666667069307550E+01,    0.1208669541536450536822755E+00,    0.9094103509591372480613813E-01,    0.2992591905773132887613741E-01,     32.91%
    0.3163333333333333996506553E+01,    0.1210991392873754096681793E+00,    0.9085393614583467392087357E-01,    0.3024520314154073574730575E-01,     33.29%
    0.3164999999999999147348717E+01,    0.1213310442834322766536559E+00,    0.9076695810424136034999520E-01,    0.3056408617919091630366069E-01,     33.67%
    0.3166666666666666074547720E+01,    0.1215626476339717043639865E+00,    0.9068010075566754202291975E-01,    0.3088254687830416234106679E-01,     34.06%
    0.3168333333333333001746723E+01,    0.1217939277407386888807395E+00,    0.9059336388510649817895626E-01,    0.3120056385563219070178320E-01,     34.44%
    0.3169999999999999928945726E+01,    0.1220248629177784760457826E+00,    0.9050674727800957219958633E-01,    0.3151811563976890384619622E-01,     34.82%
    0.3171666666666666856144730E+01,    0.1222554313909216122668866E+00,    0.9042025072028520016331754E-01,    0.3183518067063641210356906E-01,     35.21%
    0.3173333333333333783343733E+01,    0.1224856112971335758698999E+00,    0.9033387399829768960035636E-01,    0.3215173729883588626954349E-01,     35.59%
    0.3175000000000000710542736E+01,    0.1227153806878854974682369E+00,    0.9024761689886622029188601E-01,    0.3246776378901927717635090E-01,     35.98%
    0.3176666666666665861384899E+01,    0.1229447175270147046832747E+00,    0.9016147920926383119155645E-01,    0.3278323831775087349171827E-01,     36.36%
    0.3178333333333332788583903E+01,    0.1231735996939568311692170E+00,    0.9007546071721587999103775E-01,    0.3309813897674095117817927E-01,     36.74%
    0.3179999999999999715782906E+01,    0.1234020049818748410164204E+00,    0.8998956121089955739744681E-01,    0.3341244377097528361897361E-01,     37.13%
    0.3181666666666666642981909E+01,    0.1236299110998362593694111E+00,    0.8990378047894241608783972E-01,    0.3372613062089384328157138E-01,     37.51%
    0.3183333333333333570180912E+01,    0.1238572956733519636607355E+00,    0.8981811831042138538627739E-01,    0.3403917736293057827445807E-01,     37.90%
    0.3185000000000000497379915E+01,    0.1240841362437373890381664E+00,    0.8973257449486166104080098E-01,    0.3435156174887572799736546E-01,     38.28%
    0.3186666666666667424578918E+01,    0.1243104102716968556441302E+00,    0.8964714882223563663377064E-01,    0.3466326144946121901035951E-01,     38.67%
    0.3188333333333332575421082E+01,    0.1245360951340175464929771E+00,    0.8956184108296191825893118E-01,    0.3497425405105562823404597E-01,     39.05%
    0.3189999999999999502620085E+01,    0.1247611681273771838673881E+00,    0.8947665106790385347590444E-01,    0.3528451705947333039148361E-01,     39.43%
    0.3191666666666666429819088E+01,    0.1249856064676488076603533E+00,    0.8939157856836904558761603E-01,    0.3559402789927976207273730E-01,     39.82%
    0.3193333333333333357018091E+01,    0.1252093872915147620972220E+00,    0.8930662337610789647257548E-01,    0.3590276391540686562464657E-01,     40.20%
    0.3195000000000000284217094E+01,    0.1254324876551119183343275E+00,    0.8922178528331262126194190E-01,    0.3621070237179929707238557E-01,     40.59%
    0.3196666666666667211416097E+01,    0.1256548845379587275861155E+00,    0.8913706408261616587207499E-01,    0.3651782045534256171404053E-01,     40.97%
    0.3198333333333334138615101E+01,    0.1258765548404201517485035E+00,    0.8905245956709120780381284E-01,    0.3682409527332894394469065E-01,     41.35%
    0.3199999999999999289457264E+01,    0.1260974753867499242865335E+00,    0.8896797153024915694174979E-01,    0.3712950385650076734478375E-01,     41.73%
    0.3201666666666666216656267E+01,    0.1263176229243745396502163E+00,    0.8888359976603862899757758E-01,    0.3743402315833591065263874E-01,     42.12%
    0.3203333333333333143855270E+01,    0.1265369741258456359744855E+00,    0.8879934406884515407654135E-01,    0.3773763005700048189794416E-01,     42.50%
    0.3205000000000000071054274E+01,    0.1267555055885263848303168E+00,    0.8871520423348953909847836E-01,    0.3804030135503684573183847E-01,     42.88%
    0.3206666666666666998253277E+01,    0.1269731938357875344891568E+00,    0.8863118005522704900833730E-01,    0.3834201378056048548081947E-01,     43.26%
    0.3208333333333333925452280E+01,    0.1271900153176980241553906E+00,    0.8854727132974631043094149E-01,    0.3864274398795171372444912E-01,     43.64%
    0.3210000000000000852651283E+01,    0.1274059464122181406509071E+00,    0.8846347785316827083690328E-01,    0.3894246855904986981400384E-01,     44.02%
    0.3211666666666666003493447E+01,    0.1276209634255859592943949E+00,    0.8837979942204525485305311E-01,    0.3924116400354070444134180E-01,     44.40%
    0.3213333333333332930692450E+01,    0.1278350425924806021971136E+00,    0.8829623583335952097250754E-01,    0.3953880675912108122460609E-01,     44.78%
    0.3214999999999999857891453E+01,    0.1280481600782167606045192E+00,    0.8821278688452285909882278E-01,    0.3983537319369390150569643E-01,     45.16%
    0.3216666666666666785090456E+01,    0.1282602919783991934910006E+00,    0.8812945237337511950048707E-01,    0.4013083960502407399051350E-01,     45.54%
    0.3218333333333333712289459E+01,    0.1284714143202125014031623E+00,    0.8804623209818326912134978E-01,    0.4042518222202923228181248E-01,     45.91%
    0.3220000000000000639488462E+01,    0.1286815030633611522947746E+00,    0.8796312585764043401326262E-01,    0.4071837720572071828151195E-01,     46.29%
    0.3221666666666665790330626E+01,    0.1288905341003965254742525E+00,    0.8788013345086492789093313E-01,    0.4101040064953159758331935E-01,     46.67%
    0.3223333333333332717529629E+01,    0.1290984832579273877684045E+00,    0.8779725467739878108641705E-01,    0.4130122858052860668198747E-01,     47.04%
    0.3224999999999999644728632E+01,    0.1293053262972970740563028E+00,    0.8771448933720740748221090E-01,    0.4159083696008966657409189E-01,     47.42%
    0.3226666666666666571927635E+01,    0.1295110389158979080637124E+00,    0.8763183723067816122132001E-01,    0.4187920168521974684239240E-01,     47.79%
    0.3228333333333333499126638E+01,    0.1297155967471956550252088E+00,    0.8754929815861937913989976E-01,    0.4216629858857627588530903E-01,     48.16%
    0.3230000000000000426325641E+01,    0.1299189753621246556924973E+00,    0.8746687192225942319989684E-01,    0.4245210343986523249260046E-01,     48.54%
    0.3231666666666667353524645E+01,    0.1301211502698749467032968E+00,    0.8738455832324563965496367E-01,    0.4273659194662930704833315E-01,     48.91%
    0.3233333333333332504366808E+01,    0.1303220969195554024278039E+00,    0.8730235716364345699425087E-01,    0.4301973975591194543355300E-01,     49.28%
    0.3234999999999999431565811E+01,    0.1305217906995481957910243E+00,    0.8722026824593501204141432E-01,    0.4330152245361318374961002E-01,     49.65%
    0.3236666666666666358764815E+01,    0.1307202069383154030557392E+00,    0.8713829137301870586540531E-01,    0.4358191556529669719033393E-01,     50.01%
    0.3238333333333333285963818E+01,    0.1309173209081219424465559E+00,    0.8705642634820781600168971E-01,    0.4386089455991412644486616E-01,     50.38%
    0.3240000000000000213162821E+01,    0.1311131078227928681290138E+00,    0.8697467297522959439604051E-01,    0.4413843484756327373297324E-01,     50.75%
    0.3241666666666667140361824E+01,    0.1313075428402043498543605E+00,    0.8689303105822435147054250E-01,    0.4441451178197999838381804E-01,     51.11%
    0.3243333333333334067560827E+01,    0.1315006010623482879395851E+00,    0.8681150040174430426720420E-01,    0.4468910066060398367238093E-01,     51.48%
    0.3244999999999999218402991E+01,    0.1316922575373714598967467E+00,    0.8673008081075284092520405E-01,    0.4496217672661861897154267E-01,     51.84%
    0.3246666666666666145601994E+01,    0.1318824872596353614540021E+00,    0.8664877209062309126874624E-01,    0.4523371516901227018525589E-01,     52.20%
    0.3248333333333333072800997E+01,    0.1320712651716072771890254E+00,    0.8656757404713749659563859E-01,    0.4550369112446978059338676E-01,     52.56%
    0.3250000000000000000000000E+01,    0.1322585661628215003560172E+00,    0.8648648648648649128745092E-01,    0.4577207967633500906856625E-01,     52.92%
    0.3251666666666666927199003E+01,    0.1324443650733729826995955E+00,    0.8640550921526755911994400E-01,    0.4603885585810542357965147E-01,     53.28%
    0.3253333333333333854398006E+01,    0.1326286366936505478619779E+00,    0.8632464204048431732907432E-01,    0.4630399465316623053290357E-01,     53.64%
    0.3255000000000000781597009E+01,    0.1328113557651981746499104E+00,    0.8624388476954551741027188E-01,    0.4656747099565265723963847E-01,     54.00%
    0.3256666666666665932439173E+01,    0.1329924969815033108933022E+00,    0.8616323721026418469559616E-01,    0.4682925977123912619770607E-01,     54.35%
    0.3258333333333332859638176E+01,    0.1331720349903316724660129E+00,    0.8608269917085625833053086E-01,    0.4708933581947541413548208E-01,     54.70%
    0.3259999999999999786837179E+01,    0.1333499443932827654979434E+00,    0.8600227045994014718477416E-01,    0.4734767393334261831316923E-01,     55.05%
    0.3261666666666666714036182E+01,    0.1335261997478210116430120E+00,    0.8592195088653552248469936E-01,    0.4760424886128548915831260E-01,     55.40%
    0.3263333333333333641235185E+01,    0.1337007755670623632138216E+00,    0.8584174026006230473484493E-01,    0.4785903530700005847897671E-01,     55.75%
    0.3265000000000000568434189E+01,    0.1338736463223148820400610E+00,    0.8576163839033977553949484E-01,    0.4811200793197510650056614E-01,     56.10%
    0.3266666666666667495633192E+01,    0.1340447864436069280724695E+00,    0.8568164508758564779089539E-01,    0.4836314135602128028157409E-01,     56.45%
    0.3268333333333332646475355E+01,    0.1342141703201164548708846E+00,    0.8560176016241510810189652E-01,    0.4861241015770134676898806E-01,     56.79%
    0.3269999999999999573674359E+01,    0.1343817723018472243268207E+00,    0.8552198342583962331620029E-01,    0.4885978887600760101062036E-01,     57.13%
    0.3271666666666666500873362E+01,    0.1345475667007402509334213E+00,    0.8544231468926648254136325E-01,    0.4910525201147376839205805E-01,     57.47%
    0.3273333333333333428072365E+01,    0.1347115277912335762344753E+00,    0.8536275376449743712559126E-01,    0.4934877402673613910888406E-01,     57.81%
    0.3275000000000000355271368E+01,    0.1348736298122047427838766E+00,    0.8528330046372792350162229E-01,    0.4959032934847681928225427E-01,     58.15%
    0.3276666666666667282470371E+01,    0.1350338469667695107112593E+00,    0.8520395459954611949715542E-01,    0.4982989236722339121410386E-01,     58.48%
    0.3278333333333334209669374E+01,    0.1351921534254521550799666E+00,    0.8512471598493194513412874E-01,    0.5006743744052020994583785E-01,     58.82%
    0.3279999999999999360511538E+01,    0.1353485233244368091121146E+00,    0.8504558443325625771702647E-01,    0.5030293889118055139508812E-01,     59.15%
    0.3281666666666666287710541E+01,    0.1355029307699593121849801E+00,    0.8496655975827958895418845E-01,    0.5053637101167972323079169E-01,     59.48%
    0.3283333333333333214909544E+01,    0.1356553498364456433744607E+00,    0.8488764177415172862417592E-01,    0.5076770806229391475028478E-01,     59.81%
    0.3285000000000000142108547E+01,    0.1358057545698785062437963E+00,    0.8480883029541035067477850E-01,    0.5099692427446815556901782E-01,     60.13%
    0.3286666666666667069307550E+01,    0.1359541189876607714115408E+00,    0.8473012513698034708919948E-01,    0.5122399385068042432234137E-01,     60.46%
    0.3288333333333333996506553E+01,    0.1361004170803347956830720E+00,    0.8465152611417277317418240E-01,    0.5144889096616202250888961E-01,     60.78%
    0.3289999999999999147348717E+01,    0.1362446228127250080763844E+00,    0.8457303304268405652610596E-01,    0.5167158977004095155027841E-01,     61.10%
    0.3291666666666666074547720E+01,    0.1363867101241500734420953E+00,    0.8449464573859472027450579E-01,    0.5189206438555535316758949E-01,     61.41%
    0.3293333333333333001746723E+01,    0.1365266529318961696848334E+00,    0.8441636401836900838180355E-01,    0.5211028891352716130302980E-01,     61.73%
    0.3294999999999999928945726E+01,    0.1366644251300296319939775E+00,    0.8433818769885363664240430E-01,    0.5232623743117599535157325E-01,     62.04%
    0.3296666666666666856144730E+01,    0.1368000005919308703639103E+00,    0.8426011659727689062648892E-01,    0.5253988399465397973742142E-01,     62.35%
    0.3298333333333333783343733E+01,    0.1369333531703227357922970E+00,    0.8418215053124780689053352E-01,    0.5275120263907492890176343E-01,     62.66%
    0.3300000000000000710542736E+01,    0.1370644567004332681214862E+00,    0.8410428931875522928773847E-01,    0.5296016738167803883374773E-01,     62.97%
    0.3301666666666665861384899E+01,    0.1371932849992615333079016E+00,    0.8402653277816694854518431E-01,    0.5316675222109458476271726E-01,     63.27%
    0.3303333333333332788583903E+01,    0.1373198118680846180339472E+00,    0.8394888072822857816301934E-01,    0.5337093113985603987092787E-01,     63.58%
    0.3304999999999999715782906E+01,    0.1374440110934483927351835E+00,    0.8387133298806302705852289E-01,    0.5357267810538536567666057E-01,     63.87%
    0.3306666666666666642981909E+01,    0.1375658564474923073461810E+00,    0.8379388937716933383192952E-01,    0.5377196707032297351425143E-01,     64.17%
    0.3308333333333333570180912E+01,    0.1376853216903601295761916E+00,    0.8371654971542186185473611E-01,    0.5396877197493826772145553E-01,     64.47%
    0.3310000000000000497379915E+01,    0.1378023805717652205959922E+00,    0.8363931382306936945791875E-01,    0.5416306674869585113807346E-01,     64.76%
    0.3311666666666667424578918E+01,    0.1379170068300035467689924E+00,    0.8356218152073417726466431E-01,    0.5435482530926936950432804E-01,     65.05%
    0.3313333333333332575421082E+01,    0.1380291741965358476296188E+00,    0.8348515262941129388973849E-01,    0.5454402156712455373988035E-01,     65.33%
    0.3314999999999999502620085E+01,    0.1381388563944523639737127E+00,    0.8340822697046725020530999E-01,    0.5473062942398511376840275E-01,     65.62%
    0.3316666666666666429819088E+01,    0.1382460271413299135456754E+00,    0.8333140436563969688510412E-01,    0.5491462277569021666057125E-01,     65.90%
    0.3318333333333333357018091E+01,    0.1383506601498697141661154E+00,    0.8325468463703616928128781E-01,    0.5509597551283354488482757E-01,     66.18%
    0.3320000000000000284217094E+01,    0.1384527291300342299873449E+00,    0.8317806760713333802392810E-01,    0.5527466152290089196341683E-01,     66.45%
    0.3321666666666667211416097E+01,    0.1385522077895851855711129E+00,    0.8310155309877609308699675E-01,    0.5545065469080909248411615E-01,     66.73%
    0.3323333333333334138615101E+01,    0.1386490698351095229856611E+00,    0.8302514093517669724331398E-01,    0.5562392889993282574234712E-01,     67.00%
    0.3324999999999999289457264E+01,    0.1387432889749859454830982E+00,    0.8294883093991396727506782E-01,    0.5579445803507197820803043E-01,     67.26%
    0.3326666666666666216656267E+01,    0.1388348389183226005982874E+00,    0.8287262293693212211742605E-01,    0.5596221598139047848086136E-01,     67.53%
    0.3328333333333333143855270E+01,    0.1389236933794095740779539E+00,    0.8279651675054031101375074E-01,    0.5612717662886926306420321E-01,     67.79%
    0.3330000000000000071054274E+01,    0.1390098260756096326673514E+00,    0.8272051220541157268151267E-01,    0.5628931387019805998583877E-01,     68.05%
    0.3331666666666666998253277E+01,    0.1390932107325436595246515E+00,    0.8264460912658191937829599E-01,    0.5644860160596174014635551E-01,     68.30%
    0.3333333333333333925452280E+01,    0.1391738210812006326655421E+00,    0.8256880733944951811231761E-01,    0.5660501374175111455322451E-01,     68.55%
    0.3335000000000000852651283E+01,    0.1392516308634380584052792E+00,    0.8249310666977387185294646E-01,    0.5675852419366418655233275E-01,     68.80%
    0.3336666666666666003493447E+01,    0.1393266138304687373761226E+00,    0.8241750694367498686343509E-01,    0.5690910688679375051268750E-01,     69.05%
    0.3338333333333332930692450E+01,    0.1393987437459796030481129E+00,    0.8234200798763224860010723E-01,    0.5705673575834735444800572E-01,     69.29%
    0.3339999999999999857891453E+01,    0.1394679943871221516893399E+00,    0.8226660962848399150093570E-01,    0.5720138475863816018840424E-01,     69.53%
    0.3341666666666666785090456E+01,    0.1395343395447844192513998E+00,    0.8219131169342640264030564E-01,    0.5734302785135801661109411E-01,     69.77%
    0.3343333333333333712289459E+01,    0.1395977530272094202512534E+00,    0.8211611401001267518395821E-01,    0.5748163901719674506729518E-01,     70.00%
    0.3345000000000000639488462E+01,    0.1396582086599267025217586E+00,    0.8204101640615223123287336E-01,    0.5761719225377447128888520E-01,     70.23%
    0.3346666666666665790330626E+01,    0.1397156802873974756895592E+00,    0.8196601871010991691157699E-01,    0.5774966157728755877798221E-01,     70.46%
    0.3348333333333332717529629E+01,    0.1397701417744529328590630E+00,    0.8189112075050485051175286E-01,    0.5787902102394808234731016E-01,     70.68%
    0.3349999999999999644728632E+01,    0.1398215670091094431359835E+00,    0.8181632235631008942533526E-01,    0.5800524465279935371064823E-01,     70.90%
    0.3351666666666666571927635E+01,    0.1398699299015430386194936E+00,    0.8174162335685146441033311E-01,    0.5812830654469157420916048E-01,     71.11%
    0.3353333333333333499126638E+01,    0.1399152043876392415011622E+00,    0.8166702358180674692356149E-01,    0.5824818080583249457760076E-01,     71.32%
    0.3355000000000000426325641E+01,    0.1399573644307106345952008E+00,    0.8159252286120498298682691E-01,    0.5836484156950565160837385E-01,     71.53%
    0.3356666666666667353524645E+01,    0.1399963840205048770659602E+00,    0.8151812102542546623062947E-01,    0.5847826299507941083533069E-01,     71.74%
    0.3358333333333332504366808E+01,    0.1400322371776052676750624E+00,    0.8144381790519716890486279E-01,    0.5858841927240809877019956E-01,     71.94%
    0.3359999999999999431565811E+01,    0.1400648979533043458900465E+00,    0.8136961333159746512233568E-01,    0.5869528462170688076771086E-01,     72.13%
    0.3361666666666666358764815E+01,    0.1400943404324775376501577E+00,    0.8129550713605188105859156E-01,    0.5879883329642565659156617E-01,     72.33%
    0.3363333333333333285963818E+01,    0.1401205387322936868343959E+00,    0.8122149915033287370658144E-01,    0.5889903958196081312781445E-01,     72.52%
    0.3365000000000000213162821E+01,    0.1401434670081463385038489E+00,    0.8114758920655915086506127E-01,    0.5899587780158718763878767E-01,     72.70%
    0.3366666666666667140361824E+01,    0.1401630994507869210075057E+00,    0.8107377713719482459353571E-01,    0.5908932231359209641397001E-01,     72.88%
    0.3368333333333334067560827E+01,    0.1401794102917573447975030E+00,    0.8100006277504862017835308E-01,    0.5917934751670872461914996E-01,     73.06%
    0.3369999999999999218402991E+01,    0.1401923738015049547556146E+00,    0.8092644595327311285437588E-01,    0.5926592784823184190123868E-01,     73.23%
    0.3371666666666666145601994E+01,    0.1402019642939596466568730E+00,    0.8085292650536360370416844E-01,    0.5934903778859604295270458E-01,     73.40%
    0.3373333333333333072800997E+01,    0.1402081561257990660607220E+00,    0.8077950426515782822445289E-01,    0.5942865186064123783626911E-01,     73.57%
    0.3375000000000000000000000E+01,    0.1402109237000410124629468E+00,    0.8070617906683480446972112E-01,    0.5950474463320620799322569E-01,     73.73%
    0.3376666666666666927199003E+01,    0.1402102414658851770035142E+00,    0.8063295074491406977390540E-01,    0.5957729072097110722960878E-01,     73.89%
    0.3378333333333333854398006E+01,    0.1402060839217015852931070E+00,    0.8055981913425493134983668E-01,    0.5964626478744665394327029E-01,     74.04%
    0.3380000000000000781597009E+01,    0.1401984256158574637662895E+00,    0.8048678407005566137755181E-01,    0.5971164154580180238873766E-01,     74.19%
    0.3381666666666665932439173E+01,    0.1401872411490792946775485E+00,    0.8041384538785276148153969E-01,    0.5977339576122653319600886E-01,     74.33%
    0.3383333333333332859638176E+01,    0.1401725051751003536804063E+00,    0.8034100292351985250771662E-01,    0.5983150225158050117268971E-01,     74.47%
    0.3384999999999999786837179E+01,    0.1401541924033278541106284E+00,    0.8026825651326734145651898E-01,    0.5988593589006051265410946E-01,     74.61%
    0.3386666666666666714036182E+01,    0.1401322775995839930995857E+00,    0.8019560599364136677102977E-01,    0.5993667160594262632855589E-01,     74.74%
    0.3388333333333333641235185E+01,    0.1401067355897439303813456E+00,    0.8012305120152303505864921E-01,    0.5998368438822089532269644E-01,     74.86%
    0.3390000000000000568434189E+01,    0.1400775412575220590927216E+00,    0.8005059197412761617940191E-01,    0.6002694928339444291331972E-01,     74.99%
    0.3391666666666667495633192E+01,    0.1400446695506869787539728E+00,    0.7997822814900384935654643E-01,    0.6006644140168312939742634E-01,     75.10%
    0.3393333333333332646475355E+01,    0.1400080954801918575736153E+00,    0.7990595956403311050930682E-01,    0.6010213591615874706430844E-01,     75.22%
    0.3394999999999999573674359E+01,    0.1399677941222519372832522E+00,    0.7983378605742845468551394E-01,    0.6013400806482348259773829E-01,     75.32%
    0.3396666666666666500873362E+01,    0.1399237406204745515214682E+00,    0.7976170746773418585018334E-01,    0.6016203315274036567128491E-01,     75.43%
    0.3398333333333333428072365E+01,    0.1398759101873268406723838E+00,    0.7968972363382482992921751E-01,    0.6018618655350201074316630E-01,     75.53%
    0.3400000000000000355271368E+01,    0.1398242781048173732916240E+00,    0.7961783439490444092001553E-01,    0.6020644370991293237160846E-01,     75.62%
    0.3401666666666667282470371E+01,    0.1397688197291422629309210E+00,    0.7954603959050579597978015E-01,    0.6022278013863646695114085E-01,     75.71%
    0.3403333333333334209669374E+01,    0.1397095104894945649665061E+00,    0.7947433906048964602497620E-01,    0.6023517142900491894152992E-01,     75.79%
    0.3404999999999999360511538E+01,    0.1396463258913129279470411E+00,    0.7940273264504400796415240E-01,    0.6024359324626891998288869E-01,     75.87%
    0.3406666666666666287710541E+01,    0.1395792415178139234122057E+00,    0.7933122018468309610828015E-01,    0.6024802133313082730392551E-01,     75.94%
    0.3408333333333333214909544E+01,    0.1395082330312152341100784E+00,    0.7925980152024703073720957E-01,    0.6024843151096820337286886E-01,     76.01%
    0.3410000000000000142108547E+01,    0.1394332761760768701897462E+00,    0.7918847649290074175443266E-01,    0.6024479968317612843531350E-01,     76.08%
    0.3411666666666667069307550E+01,    0.1393543467785297029770675E+00,    0.7911724494413331643105636E-01,    0.6023710183439638654601112E-01,     76.14%
    0.3413333333333333996506553E+01,    0.1392714207509906931825583E+00,    0.7904610671575719449410968E-01,    0.6022531403523349868844861E-01,     76.19%
    0.3414999999999999147348717E+01,    0.1391844740913472100451997E+00,    0.7897506164990754362609238E-01,    0.6020941244143966641910737E-01,     76.24%
    0.3416666666666666074547720E+01,    0.1390934828868786721223216E+00,    0.7890410958904112148637466E-01,    0.6018937329783755063594697E-01,     76.28%
    0.3418333333333333001746723E+01,    0.1389984233151036474573914E+00,    0.7883325037593608142216794E-01,    0.6016517293916756603522344E-01,     76.32%
    0.3419999999999999928945726E+01,    0.1388992716453160691791879E+00,    0.7876248385369082061213675E-01,    0.6013678779162524856705119E-01,     76.35%
    0.3421666666666666856144730E+01,    0.1387960042416678807519759E+00,    0.7869180986572334168815956E-01,    0.6010419437594453906381631E-01,     76.38%
    0.3423333333333333783343733E+01,    0.1386885975630040568340462E+00,    0.7862122825577055884593847E-01,    0.6006736930723349798810773E-01,     76.40%
    0.3425000000000000710542736E+01,    0.1385770281672775161574407E+00,    0.7855073886788743742215502E-01,    0.6002628929939007873528567E-01,     76.42%
    0.3426666666666665861384899E+01,    0.1384612727112367047688224E+00,    0.7848034154644645266074576E-01,    0.5998093116479025210807663E-01,     76.43%
    0.3428333333333332788583903E+01,    0.1383413079532681000394234E+00,    0.7841003613613639622315077E-01,    0.5993127181713170381627265E-01,     76.43%
    0.3429999999999999715782906E+01,    0.1382171107548509358942113E+00,    0.7833982248196227904379896E-01,    0.5987728827288865685041230E-01,     76.43%
    0.3431666666666666642981909E+01,    0.1380886580845812061646427E+00,    0.7826970042924408232920541E-01,    0.5981895765533712383543730E-01,     76.43%
    0.3433333333333333570180912E+01,    0.1379559270165863771318016E+00,    0.7819966982361628571318590E-01,    0.5975625719297009141861565E-01,     76.41%
    0.3435000000000000497379915E+01,    0.1378188947337153913430541E+00,    0.7812973051102702071180062E-01,    0.5968916422268837063125346E-01,     76.40%
    0.3436666666666667424578918E+01,    0.1376775385314013555593249E+00,    0.7805988233773732132281253E-01,    0.5961765619366403423651235E-01,     76.37%
    0.3438333333333332575421082E+01,    0.1375318358176700894723865E+00,    0.7799012515032058279196292E-01,    0.5954171066734950668042359E-01,     76.35%
    0.3439999999999999502620085E+01,    0.1373817641143167400663572E+00,    0.7792045879566140975658328E-01,    0.5946130531865533030977389E-01,     76.31%
    0.3441666666666666429819088E+01,    0.1372273010624272537860691E+00,    0.7785088312095540807877825E-01,    0.5937641794147184570729081E-01,     76.27%
    0.3443333333333333357018091E+01,    0.1370684244195743972660750E+00,    0.7778139797370815788912779E-01,    0.5928702644586623937694725E-01,     76.22%
    0.3445000000000000284217094E+01,    0.1369051120654934394771374E+00,    0.7771200320173451969729683E-01,    0.5919310886375891977984054E-01,     76.17%
    0.3446666666666667211416097E+01,    0.1367373420020704943844692E+00,    0.7764269865315796825822048E-01,    0.5909464334891252612624868E-01,     76.11%
    0.3448333333333334138615101E+01,    0.1365650923566052443725027E+00,    0.7757348417640982929377458E-01,    0.5899160818019541507872816E-01,     76.05%
    0.3449999999999999289457264E+01,    0.1363883413823317458657414E+00,    0.7750435962022866887011219E-01,    0.5888398176210307699562918E-01,     75.98%
    0.3451666666666666216656267E+01,    0.1362070674622271604370383E+00,    0.7743532483365926644136579E-01,    0.5877174262856789399567248E-01,     75.90%
    0.3453333333333333143855270E+01,    0.1360212491095493247961201E+00,    0.7736637966605232341610332E-01,    0.5865486944349700138001680E-01,     75.81%
    0.3455000000000000071054274E+01,    0.1358308649700252224157282E+00,    0.7729752396706351946775726E-01,    0.5853334100296170294797093E-01,     75.72%
    0.3456666666666666998253277E+01,    0.1356358938249241918860832E+00,    0.7722875758665279088965860E-01,    0.5840713623827140099642463E-01,     75.63%
    0.3458333333333333925452280E+01,    0.1354363145913099475414754E+00,    0.7716008037508370609458552E-01,    0.5827623421622624144688984E-01,     75.53%
    0.3460000000000000852651283E+01,    0.1352321063263615674721052E+00,    0.7709149218292266070307051E-01,    0.5814061414343890676903470E-01,     75.42%
    0.3461666666666666003493447E+01,    0.1350232482267949563059517E+00,    0.7702299286103835018746366E-01,    0.5800025536575660611848804E-01,     75.30%
    0.3463333333333332930692450E+01,    0.1348097196338784997671212E+00,    0.7695458226060071516005934E-01,    0.5785513737327778460706185E-01,     75.18%
    0.3464999999999999857891453E+01,    0.1345915000319372611947699E+00,    0.7688626023308070545070336E-01,    0.5770523979885655574406655E-01,     75.05%
    0.3466666666666666785090456E+01,    0.1343685690550800448939128E+00,    0.7681802663024922539491968E-01,    0.5755054242483081949899315E-01,     74.92%
    0.3468333333333333712289459E+01,    0.1341409064834276354538645E+00,    0.7674988130417660647797362E-01,    0.5739102517925102897589085E-01,     74.78%
    0.3470000000000000639488462E+01,    0.1339084922499275687179932E+00,    0.7668182410723184405654251E-01,    0.5722666814269572466145064E-01,     74.63%
    0.3471666666666665790330626E+01,    0.1336713064415305241006138E+00,    0.7661385489208197285826429E-01,    0.5705745154944855124234948E-01,     74.47%
    0.3473333333333332717529629E+01,    0.1334293292997343338690541E+00,    0.7654597351169115104774221E-01,    0.5688335578804318282131192E-01,     74.31%
    0.3474999999999999644728632E+01,    0.1331825412234956540480368E+00,    0.7647817981932031328184962E-01,    0.5670436140417534076618722E-01,     74.14%
    0.3476666666666666571927635E+01,    0.1329309227706396145940460E+00,    0.7641047366852628253131030E-01,    0.5652044910211333206273565E-01,     73.97%
    0.3478333333333333499126638E+01,    0.1326744546631566934458135E+00,    0.7634285491316104843573243E-01,    0.5633159974999564501008109E-01,     73.79%
    0.3480000000000000426325641E+01,    0.1324131177845292994810222E+00,    0.7627532340737122606988407E-01,    0.5613779437715807341113816E-01,     73.60%
    0.3481666666666667353524645E+01,    0.1321468931853229666906202E+00,    0.7620787900559723715421256E-01,    0.5593901417972572953640764E-01,     73.40%
    0.3483333333333332504366808E+01,    0.1318757620834127286535420E+00,    0.7614052156257274106554434E-01,    0.5573524052083998758799765E-01,     73.20%
    0.3484999999999999431565811E+01,    0.1315997058684765241842740E+00,    0.7607325093332371890308963E-01,    0.5552645493515280528118438E-01,     72.99%
    0.3486666666666666358764815E+01,    0.1313187061012532352854976E+00,    0.7600606697316818205489852E-01,    0.5531263912808505323059904E-01,     72.77%
    0.3488333333333333285963818E+01,    0.1310327445164493620488599E+00,    0.7593896953771520075271440E-01,    0.5509377497873416129614554E-01,     72.55%
    0.3490000000000000213162821E+01,    0.1307418030291355726113522E+00,    0.7587195848286430732709817E-01,    0.5486984454627126528425407E-01,     72.32%
    0.3491666666666667140361824E+01,    0.1304458637277862709247245E+00,    0.7580503366480487170697700E-01,    0.5464083006298139921774748E-01,     72.08%
    0.3493333333333334067560827E+01,    0.1301449088871320936000586E+00,    0.7573819494001532426352696E-01,    0.5440671394711676933653166E-01,     71.84%
    0.3494999999999999218402991E+01,    0.1298389209617425987808303E+00,    0.7567144216526267008759987E-01,    0.5416747879647992869323048E-01,     71.58%
    0.3496666666666666145601994E+01,    0.1295278825936378164218610E+00,    0.7560477519760150366678886E-01,    0.5392310739603631275507212E-01,     71.32%
    0.3498333333333333072800997E+01,    0.1292117766113935195537721E+00,    0.7553819389437368969630882E-01,    0.5367358271701982985746326E-01,     71.05%
    0.3500000000000000000000000E+01,    0.1288905860342864084788772E+00,    0.7547169811320754428951574E-01,    0.5341888792107886418936147E-01,     70.78%
    0.3501666666666666927199003E+01,    0.1285642940735354511350153E+00,    0.7540528771201714108851633E-01,    0.5315900636151831004649893E-01,     70.50%
    0.3503333333333333854398006E+01,    0.1282328841336757563329485E+00,    0.7533896254900170064150444E-01,    0.5289392158467405569144404E-01,     70.21%
    0.3505000000000000781597009E+01,    0.1278963398175042842641602E+00,    0.7527272248264489651337072E-01,    0.5262361733485938775078949E-01,     69.91%
    0.3506666666666665932439173E+01,    0.1275546449249474190157372E+00,    0.7520656737171434180755369E-01,    0.5234807755323307720818349E-01,     69.61%
    0.3508333333333332859638176E+01,    0.1272077834588824229999915E+00,    0.7514049707526053445416636E-01,    0.5206728638362188854582513E-01,     69.29%
    0.3509999999999999786837179E+01,    0.1268557396229812728183362E+00,    0.7507451145261673230990596E-01,    0.5178122817036454050843020E-01,     68.97%
    0.3511666666666666714036182E+01,    0.1264984978287131689445033E+00,    0.7500861036339796783511957E-01,    0.5148988746531520110938374E-01,     68.65%
    0.3513333333333333641235185E+01,    0.1261360426941267320888329E+00,    0.7494279366750046522671624E-01,    0.5119324902662626686211667E-01,     68.31%
    0.3515000000000000568434189E+01,    0.1257683590482876756500019E+00,    0.7487706122510101591771559E-01,    0.5089129782318665973228633E-01,     67.97%
    0.3516666666666667495633192E+01,    0.1253954319304335651708016E+00,    0.7481141289665631244343302E-01,    0.5058401903377725272736853E-01,     67.62%
    0.3518333333333332646475355E+01,    0.1250172465974430657809080E+00,    0.7474584854290237945217967E-01,    0.5027139805454068632872833E-01,     67.26%
    0.3519999999999999573674359E+01,    0.1246337885217235763590793E+00,    0.7468036802485364389347922E-01,    0.4995342049686993246560007E-01,     66.89%
    0.3521666666666666500873362E+01,    0.1242450433930248898661830E+00,    0.7461497120380271297346297E-01,    0.4963007218922217689272003E-01,     66.51%
    0.3523333333333333428072365E+01,    0.1238509971258097142055021E+00,    0.7454965794131948597645021E-01,    0.4930133918449022822905192E-01,     66.13%
    0.3525000000000000355271368E+01,    0.1234516358561618121214565E+00,    0.7448442809925048813113335E-01,    0.4896720775691132399032313E-01,     65.74%
    0.3526666666666667282470371E+01,    0.1230469459470185933369635E+00,    0.7441928153971837101021691E-01,    0.4862766440730022232674656E-01,     65.34%
    0.3528333333333334209669374E+01,    0.1226369139894752796626776E+00,    0.7435421812512117700766368E-01,    0.4828269586435410265501389E-01,     64.94%
    0.3529999999999999360511538E+01,    0.1222215268058351872459966E+00,    0.7428923771813179810497019E-01,    0.4793228908770338914102638E-01,     64.52%
    0.3531666666666666287710541E+01,    0.1218007714503804711503321E+00,    0.7422434018169707381495925E-01,    0.4757643126868339733537283E-01,     64.10%
    0.3533333333333333214909544E+01,    0.1213746352143033474524358E+00,    0.7415952537903758301496282E-01,    0.4721510983526576443747302E-01,     63.67%
    0.3535000000000000142108547E+01,    0.1209431056255208802863166E+00,    0.7409479317364670025725104E-01,    0.4684831245187418002906554E-01,     63.23%
    0.3536666666666667069307550E+01,    0.1205061704515266451931410E+00,    0.7403014342929008229088339E-01,    0.4647602702223656290225762E-01,     62.78%
    0.3538333333333333996506553E+01,    0.1200638177037827991622265E+00,    0.7396557601000505743904512E-01,    0.4609824169377774172318141E-01,     62.32%
    0.3539999999999999147348717E+01,    0.1196160356373609651159384E+00,    0.7390109078009994558744467E-01,    0.4571494485726101952849376E-01,     61.86%
    0.3541666666666666074547720E+01,    0.1191628127543889609230021E+00,    0.7383668760415333653934766E-01,    0.4532612515023562438365445E-01,     61.39%
    0.3543333333333333001746723E+01,    0.1187041378072407199484317E+00,    0.7377236634701374307088173E-01,    0.4493177146022697687754999E-01,     60.91%
    0.3544999999999999928945726E+01,    0.1182399997992824164372294E+00,    0.7370812687379879601934363E-01,    0.4453187292548362041788579E-01,     60.42%
    0.3546666666666666856144730E+01,    0.1177703879887592175457200E+00,    0.7364396904989460590496009E-01,    0.4412641893886461164075996E-01,     59.92%
    0.3548333333333333783343733E+01,    0.1172952918907351205213274E+00,    0.7357989274095522169716332E-01,    0.4371539914977989882416409E-01,     59.41%
    0.3550000000000000710542736E+01,    0.1168147012787130178956829E+00,    0.7351589781290202019192748E-01,    0.4329880346581099770375545E-01,     58.90%
    0.3551666666666665861384899E+01,    0.1163286061874258398018966E+00,    0.7345198413192305375574165E-01,    0.4287662205550278604615499E-01,     58.37%
    0.3553333333333332788583903E+01,    0.1158369969155079032274713E+00,    0.7338815156447232868064390E-01,    0.4244884535103557454682743E-01,     57.84%
    0.3554999999999999715782906E+01,    0.1153398640283340020884495E+00,    0.7332439997726944436173824E-01,    0.4201546405106455772671126E-01,     57.30%
    0.3556666666666666642981909E+01,    0.1148371983600965651195480E+00,    0.7326072923729883001886520E-01,    0.4157646912279773510068281E-01,     56.75%
    0.3558333333333333570180912E+01,    0.1143289910142615550814327E+00,    0.7319713921180913407393831E-01,    0.4113185180245242100749437E-01,     56.19%
    0.3560000000000000497379915E+01,    0.1138152333693004530923432E+00,    0.7313362976831264128385612E-01,    0.4068160360098781180848704E-01,     55.63%
    0.3561666666666667424578918E+01,    0.1132959170793917530462025E+00,    0.7307020077458468987341433E-01,    0.4022571630480706317278816E-01,     55.05%
    0.3563333333333332575421082E+01,    0.1127710340764992574813519E+00,    0.7300685209866310254600563E-01,    0.3976418197783615493534626E-01,     54.47%
    0.3564999999999999502620085E+01,    0.1122405765729642124206578E+00,    0.7294358360884733993856344E-01,    0.3929699296411687248209432E-01,     53.87%
    0.3566666666666666429819088E+01,    0.1117045370644161872419886E+00,    0.7288039517369827857695697E-01,    0.3882414189071790866503164E-01,     53.27%
    0.3568333333333333357018091E+01,    0.1111629083335823747757942E+00,    0.7281728666203737820872277E-01,    0.3834562167154499656707145E-01,     52.66%
    0.3570000000000000284217094E+01,    0.1106156834482994594237582E+00,    0.7275425794294609893597681E-01,    0.3786142550535336048778134E-01,     52.04%
    0.3571666666666667211416097E+01,    0.1100628557700812776287691E+00,    0.7269130888576538773726554E-01,    0.3737154688431588989150356E-01,     51.41%
    0.3573333333333334138615101E+01,    0.1095044189503556475440149E+00,    0.7262843936009499845596338E-01,    0.3687597959026064908805154E-01,     50.77%
    0.3574999999999999289457264E+01,    0.1089403669375935412855227E+00,    0.7256564923579303383327499E-01,    0.3637471770180050745224776E-01,     50.13%
    0.3576666666666666216656267E+01,    0.1083706939775343075504921E+00,    0.7250293838297502957424001E-01,    0.3586775559455927797625208E-01,     49.47%
    0.3578333333333333143855270E+01,    0.1077953946158133474719776E+00,    0.7244030667201384332543057E-01,    0.3535508794379950414654701E-01,     48.81%
    0.3580000000000000071054274E+01,    0.1072144637024146640591482E+00,    0.7237775397353869710759255E-01,    0.3483670972887596695155565E-01,     48.13%
    0.3581666666666666998253277E+01,    0.1066278963906944765582807E+00,    0.7231528015843473322643575E-01,    0.3431261623225974333184496E-01,     47.45%
    0.3583333333333333925452280E+01,    0.1060356881422135216785918E+00,    0.7225288509784243140554594E-01,    0.3378280304437109027304587E-01,     46.76%
    0.3585000000000000852651283E+01,    0.1054378347286524103543215E+00,    0.7219056866315697040814570E-01,    0.3324726606549543994617579E-01,     46.05%
    0.3586666666666666003493447E+01,    0.1048343322340954120175383E+00,    0.7212833072602777007009678E-01,    0.3270600150806764194744147E-01,     45.34%
    0.3588333333333332930692450E+01,    0.1042251770585244929900881E+00,    0.7206617115835761699926820E-01,    0.3215900590016687599081990E-01,     44.62%
    0.3589999999999999857891453E+01,    0.1036103659191722342614028E+00,    0.7200408983230247028650695E-01,    0.3160627608686976397489587E-01,     43.90%
    0.3591666666666666785090456E+01,    0.1029898958519924329069184E+00,    0.7194208662027067047173290E-01,    0.3104780923172176243518550E-01,     43.16%
    0.3593333333333333712289459E+01,    0.1023637642176885020894872E+00,    0.7188016139492237055463875E-01,    0.3048360282276613153484845E-01,     42.41%
    0.3595000000000000639488462E+01,    0.1017319687005370787424852E+00,    0.7181831402916899476096546E-01,    0.2991365467136808398151970E-01,     41.65%
    0.3596666666666665790330626E+01,    0.1010945073127033494442273E+00,    0.7175654439617269730877780E-01,    0.2933796291653065213544949E-01,     40.89%
    0.3598333333333332717529629E+01,    0.1004513783964898071543459E+00,    0.7169485236934561300792268E-01,    0.2875652602714419414642322E-01,     40.11%
    0.3599999999999999644728632E+01,    0.9980258062644173366884104E-01,    0.7163323782234957970427303E-01,    0.2816934280409215396456801E-01,     39.32%
    0.3601666666666666571927635E+01,    0.9914811301285172961961223E-01,    0.7157170062909537500139834E-01,    0.2757641238375635461821389E-01,     38.53%
    0.3603333333333333499126638E+01,    0.9848797490210454974590704E-01,    0.7151024066374216114905238E-01,    0.2697773423836238859685466E-01,     37.73%
    0.3605000000000000426325641E+01,    0.9782216598278103969477115E-01,    0.7144885780069697156502428E-01,    0.2637330818208406812974687E-01,     36.91%
    0.3606666666666667353524645E+01,    0.9715068628402229178320226E-01,    0.7138755191461411409026283E-01,    0.2576313436940817769293943E-01,     36.09%
    0.3608333333333332504366808E+01,    0.9647353618140723507945467E-01,    0.7132632288039469914409096E-01,    0.2514721330101253593536370E-01,     35.26%
    0.3609999999999999431565811E+01,    0.9579071639750312561201184E-01,    0.7126517057318577930136172E-01,    0.2452554582431734631065012E-01,     34.41%
    0.3611666666666666358764815E+01,    0.9510222800499743001090280E-01,    0.7120409486838022439236795E-01,    0.2389813313661720561853485E-01,     33.56%
    0.3613333333333333285963818E+01,    0.9440807242937211685163135E-01,    0.7114309564161586107999824E-01,    0.2326497678775625577163311E-01,     32.70%
    0.3615000000000000213162821E+01,    0.9370825145160134594934931E-01,    0.7108217276877501489273925E-01,    0.2262607868282633105661006E-01,     31.83%
    0.3616666666666667140361824E+01,    0.9300276720939759655948365E-01,    0.7102132612598392735758779E-01,    0.2198144108341366920189586E-01,     30.95%
    0.3618333333333334067560827E+01,    0.9229162220175111952524816E-01,    0.7096055558961221476632630E-01,    0.2133106661213890475892185E-01,     30.06%
    0.3619999999999999218402991E+01,    0.9157481928943704552192884E-01,    0.7089986103627239633073742E-01,    0.2067495825316464919119142E-01,     29.16%
    0.3621666666666666145601994E+01,    0.9085236170016044998654081E-01,    0.7083924234281904763754767E-01,    0.2001311935734140234899314E-01,     28.25%
    0.3623333333333333072800997E+01,    0.9012425302647576741410518E-01,    0.7077869938634868962612501E-01,    0.1934555364012707778798017E-01,     27.33%
    0.3625000000000000000000000E+01,    0.8939049723411592041077967E-01,    0.7071823204419890041005914E-01,    0.1867226518991702000072053E-01,     26.40%
    0.3626666666666666927199003E+01,    0.8865109866103793034852742E-01,    0.7065784019394791282131507E-01,    0.1799325846709001752721235E-01,     25.47%
    0.3628333333333333854398006E+01,    0.8790606201954269394160946E-01,    0.7059752371341404542093301E-01,    0.1730853830612864852067645E-01,     24.52%
    0.3630000000000000781597009E+01,    0.8715539240057956771323688E-01,    0.7053728248065511963194041E-01,    0.1661810991992444808129648E-01,     23.56%
    0.3631666666666665932439173E+01,    0.8639909527525801991032495E-01,    0.7047711637396804340571776E-01,    0.1592197890128997650460718E-01,     22.59%
    0.3633333333333332859638176E+01,    0.8563717649855583091689226E-01,    0.7041702527188797855473013E-01,    0.1522015122666785236216214E-01,     21.61%
    0.3634999999999999786837179E+01,    0.8486964231001165037682199E-01,    0.7035700905318814646349779E-01,    0.1451263325682350391332420E-01,     20.63%
    0.3636666666666666714036182E+01,    0.8409649933753608752606823E-01,    0.7029706759687912032141810E-01,    0.1379943174065696720465013E-01,     19.63%
    0.3638333333333333641235185E+01,    0.8331775460009986644660529E-01,    0.7023720078220828388904096E-01,    0.1308055381789158255756433E-01,     18.62%
    0.3640000000000000568434189E+01,    0.8253341550951220906284789E-01,    0.7017740848865930414213210E-01,    0.1235600702085290492071579E-01,     17.61%
    0.3641666666666667495633192E+01,    0.8174348987272749000876360E-01,    0.7011769059595164554909985E-01,    0.1162579927677584445966374E-01,     16.58%
    0.3643333333333332646475355E+01,    0.8094798589578225400664735E-01,    0.7005804698404001495948279E-01,    0.1088993891174223904716456E-01,     15.54%
    0.3644999999999999573674359E+01,    0.8014691218486137691545679E-01,    0.6999847753311366771455937E-01,    0.1014843465174770920089742E-01,     14.50%
    0.3646666666666666500873362E+01,    0.7934027775034745155746663E-01,    0.6993898212359617172495518E-01,    0.9401295626751279832511443E-02,     13.44%
    0.3648333333333333428072365E+01,    0.7852809200738766759464227E-01,    0.6987956063614469970346477E-01,    0.8648531371242967891177500E-02,     12.38%
    0.3650000000000000355271368E+01,    0.7771036478037691985765179E-01,    0.6982021295164948793132709E-01,    0.7890151828727431926324698E-02,     11.30%
    0.3651666666666667282470371E+01,    0.7688710630317475980266551E-01,    0.6976093895123339216901570E-01,    0.7126167351941367633649804E-02,     10.22%
    0.3653333333333334209669374E+01,    0.7605832722576480464660165E-01,    0.6970173851625131866693863E-01,    0.6356588709513485979663017E-02,      9.12%
    0.3654999999999999360511538E+01,    0.7522403861162295368725239E-01,    0.6964261152828972456507728E-01,    0.5581427083333229122175112E-02,      8.01%
    0.3656666666666666287710541E+01,    0.7438425194423277375666004E-01,    0.6958355786916591012580824E-01,    0.4800694075066863630851799E-02,      6.90%
    0.3658333333333333214909544E+01,    0.7353897912639283107605337E-01,    0.6952457742092786607823740E-01,    0.4014401705464964997815969E-02,      5.77%
    0.3660000000000000142108547E+01,    0.7268823248782418922075976E-01,    0.6946567006585344095093149E-01,    0.3222562421970748269828277E-02,      4.64%
    0.3661666666666667069307550E+01,    0.7183202477966202370573967E-01,    0.6940683568644998024943504E-01,    0.2425189093212043456304627E-02,      3.49%
    0.3663333333333333996506553E+01,    0.7097036918615207135019318E-01,    0.6934807416545370195581910E-01,    0.1622295020698369394374083E-02,      2.34%
    0.3664999999999999147348717E+01,    0.7010327932047881460686511E-01,    0.6928938538582930795062254E-01,    0.8138939346495066562425791E-03,      1.17%
    0.3666666666666666074547720E+01,    0.6923076922985045567049411E-01,    0.6923076923076924849009828E-01,   -0.9187928196041639239410870E-12,      0.00%
    0.3668333333333333001746723E+01,    0.6835285339775373780746293E-01,    0.6917222558369350016160837E-01,   -0.8193721859397623541454436E-03,     -1.18%
    0.3669999999999999928945726E+01,    0.6746954674595664891434410E-01,    0.6911375432824887199423358E-01,   -0.1644207582292223079889482E-02,     -2.38%
    0.3671666666666666856144730E+01,    0.6658086463883701455745978E-01,    0.6905535534830849198062452E-01,   -0.2474490709471477423164743E-02,     -3.58%
    0.3673333333333333783343733E+01,    0.6568682288382726719433435E-01,    0.6899702852797137686557960E-01,   -0.3310205644144109671245246E-02,     -4.80%
    0.3675000000000000710542736E+01,    0.6478743773395596872166635E-01,    0.6893877375156186315674489E-01,   -0.4151336017605894435078540E-02,     -6.02%
    0.3676666666666665861384899E+01,    0.6388272589221491437605494E-01,    0.6888059090362919079097992E-01,   -0.4997865011414276414924984E-02,     -7.26%
    0.3678333333333332788583903E+01,    0.6297270451184454331805540E-01,    0.6882247986894672597824041E-01,   -0.5849775357102182660185008E-02,     -8.50%
    0.3679999999999999715782906E+01,    0.6205739120149364462797337E-01,    0.6876444053251183630148802E-01,   -0.6707049331018191673514650E-02,     -9.75%
    0.3681666666666666642981909E+01,    0.6113680402517850109855857E-01,    0.6870647277954516907172433E-01,   -0.7569668754366667973165761E-02,    -11.02%
    0.3683333333333333570180912E+01,    0.6021096150508750688423731E-01,    0.6864857649549015172762978E-01,   -0.8437614990402644843392466E-02,    -12.29%
    0.3685000000000000497379915E+01,    0.5927988262611309788763236E-01,    0.6859075156601257550192940E-01,   -0.9310868939899477614297041E-02,    -13.57%
    0.3686666666666667424578918E+01,    0.5834358683602811068702465E-01,    0.6853299787699999867651712E-01,   -0.1018941104097188798949247E-01,    -14.87%
    0.3688333333333332575421082E+01,    0.5740209404981898300146526E-01,    0.6847531531456135800439711E-01,   -0.1107322126474237500293185E-01,    -16.17%
    0.3689999999999999502620085E+01,    0.5645542465065369469590095E-01,    0.6841770376502626094250559E-01,   -0.1196227911437256624660463E-01,    -17.48%
    0.3691666666666666429819088E+01,    0.5550359949330897074704083E-01,    0.6836016311494477748489373E-01,   -0.1285656362163580673785290E-01,    -18.81%
    0.3693333333333333357018091E+01,    0.5454663990577681559335232E-01,    0.6830269325108677402891288E-01,   -0.1375605334530995843556056E-01,    -20.14%
    0.3695000000000000284217094E+01,    0.5358456769332584773701811E-01,    0.6824529406044144153042907E-01,   -0.1466072636711559379341097E-01,    -21.48%
    0.3696666666666667211416097E+01,    0.5261740513999453583426913E-01,    0.6818796543021679590346196E-01,   -0.1557056029022226006919283E-01,    -22.83%
    0.3698333333333334138615101E+01,    0.5164517500955284612373930E-01,    0.6813070724783923393097496E-01,   -0.1648553223828638780723566E-01,    -24.20%
    0.3699999999999999289457264E+01,    0.5066790055106033807685861E-01,    0.6807351940095306142008980E-01,   -0.1740561884989272334323118E-01,    -25.57%
    0.3701666666666666216656267E+01,    0.4968560550035269057778109E-01,    0.6801640177741974380154488E-01,   -0.1833079627706705322376379E-01,    -26.95%
    0.3703333333333333143855270E+01,    0.4869831407840680831400348E-01,    0.6795935426531785061854407E-01,   -0.1926104018691104230454059E-01,    -28.34%
    0.3705000000000000071054274E+01,    0.4770605100049823271701754E-01,    0.6790237675294229224842724E-01,   -0.2019632575244405953140969E-01,    -29.74%
    0.3706666666666666998253277E+01,    0.4670884147564144384112694E-01,    0.6784546912880384805788481E-01,   -0.2113662765316240421675786E-01,    -31.15%
    0.3708333333333333925452280E+01,    0.4570671120620568850245746E-01,    0.6778863128162879170268695E-01,   -0.2208192007542310320022949E-01,    -32.57%
    0.3710000000000000852651283E+01,    0.4469968639533399706875727E-01,    0.6773186310035826662723224E-01,   -0.2303217670502426955847497E-01,    -34.00%
    0.3711666666666666003493447E+01,    0.4368779374525181419253173E-01,    0.6767516447414802238657927E-01,   -0.2398737072889620819404755E-01,    -35.44%
    0.3713333333333332930692450E+01,    0.4267106046311182343533375E-01,    0.6761853529236754034581480E-01,   -0.2494747482925571691048106E-01,    -36.89%
    0.3714999999999999857891453E+01,    0.4164951425970381260199815E-01,    0.6756197544460003368005374E-01,   -0.2591246118489622107805559E-01,    -38.35%
    0.3716666666666666785090456E+01,    0.4062318335728429957720564E-01,    0.6750548482064167021832191E-01,   -0.2688230146335737064111626E-01,    -39.82%
    0.3718333333333333712289459E+01,    0.3959209648366431716359770E-01,    0.6744906331050118386549741E-01,   -0.2785696682683686670189971E-01,    -41.30%
    0.3720000000000000639488462E+01,    0.3855628288377471735159929E-01,    0.6739271080439937500194958E-01,   -0.2883642792062465765035029E-01,    -42.79%
    0.3721666666666665790330626E+01,    0.3751577231703188963773954E-01,    0.6733642719276869414990472E-01,   -0.2982065487573680451216518E-01,    -44.29%
    0.3723333333333332717529629E+01,    0.3647059505697849285388301E-01,    0.6728021236625256196184353E-01,   -0.3080961730927406910796051E-01,    -45.79%
    0.3724999999999999644728632E+01,    0.3542078190305819607175408E-01,    0.6722406621570523044262302E-01,   -0.3180328431264703437086894E-01,    -47.31%
    0.3726666666666666571927635E+01,    0.3436636417274806232224904E-01,    0.6716798863219108906008614E-01,   -0.3280162445944302673783710E-01,    -48.84%
    0.3728333333333333499126638E+01,    0.3330737370898814025954593E-01,    0.6711197950698420677806411E-01,   -0.3380460579799606651851818E-01,    -50.37%
    0.3730000000000000426325641E+01,    0.3224384288449827495881550E-01,    0.6705603873156795735610558E-01,   -0.3481219584706968239729008E-01,    -51.92%
    0.3731666666666667353524645E+01,    0.3117580459734252060211013E-01,    0.6700016619763446423796438E-01,   -0.3582436160029194016640730E-01,    -53.47%
    0.3733333333333332504366808E+01,    0.3010329228152665986817382E-01,    0.6694436179708422585132865E-01,   -0.3684106951555756598315483E-01,    -55.03%
    0.3734999999999999431565811E+01,    0.2902633990136849195806690E-01,    0.6688862542202543559621830E-01,   -0.3786228552065694363815140E-01,    -56.60%
    0.3736666666666666358764815E+01,    0.2794498196081005719770829E-01,    0.6683295696477384306710690E-01,   -0.3888797500396378586939861E-01,    -58.19%
    0.3738333333333333285963818E+01,    0.2685925350162739547177360E-01,    0.6677735631785206016353129E-01,   -0.3991810281622466816120465E-01,    -59.78%
    0.3740000000000000213162821E+01,    0.2576919010636396709101881E-01,    0.6672182337398915863424520E-01,   -0.4095263326762518807377944E-01,    -61.38%
    0.3741666666666667140361824E+01,    0.2467482790023470609619416E-01,    0.6666635802612023986579715E-01,   -0.4199153012588553723904994E-01,    -62.99%
    0.3743333333333334067560827E+01,    0.2357620355734425451887937E-01,    0.6661096016738592140438158E-01,   -0.4303475661004166341605526E-01,    -64.61%
    0.3744999999999999218402991E+01,    0.2247335429457851876944297E-01,    0.6655562969113199001114367E-01,   -0.4408227539655347471114766E-01,    -66.23%
    0.3746666666666666145601994E+01,    0.2136631788453011160378026E-01,    0.6650036649090868001721333E-01,   -0.4513404860637856841343307E-01,    -67.87%
    0.3748333333333333072800997E+01,    0.2025513264865814316850745E-01,    0.6644517046047057617919052E-01,   -0.4619003781181243301068307E-01,    -69.52%
    0.3750000000000000000000000E+01,    0.1913983746551566056393057E-01,    0.6639004149377593366754269E-01,   -0.4725020402826027310361212E-01,    -71.17%
    0.3751666666666666927199003E+01,    0.1802047176834078306972842E-01,    0.6633497948498626173297055E-01,   -0.4831450771664547866324213E-01,    -72.83%
    0.3753333333333333854398006E+01,    0.1689707555326691243435810E-01,    0.6627998432846590737277381E-01,   -0.4938290877519899146896876E-01,    -74.51%
    0.3755000000000000781597009E+01,    0.1576968937357834180112981E-01,    0.6622505591878156960827795E-01,   -0.5045536654520323127659509E-01,    -76.19%
    0.3756666666666665932439173E+01,    0.1463835434875289040479451E-01,    0.6617019415070191090677554E-01,   -0.5153183980194901703253407E-01,    -77.88%
    0.3758333333333332859638176E+01,    0.1350311216491999546929215E-01,    0.6611539891919690492549933E-01,   -0.5261228675427691292565413E-01,    -79.58%
    0.3759999999999999786837179E+01,    0.1236400507523485216287984E-01,    0.6606067011943769773374413E-01,   -0.5369666504420284730558777E-01,    -81.28%
    0.3761666666666666714036182E+01,    0.1122107590185994659137680E-01,    0.6600600764679598331241550E-01,   -0.5478493174493603845576217E-01,    -83.00%
    0.3763333333333333641235185E+01,    0.1007436804301185123700080E-01,    0.6595141139684355946481986E-01,   -0.5587704335383170822781906E-01,    -84.72%
    0.3765000000000000568434189E+01,    0.8923925468526562251869727E-02,    0.6589688126535189760524247E-01,   -0.5697295579682533361864927E-01,    -86.46%
    0.3766666666666667495633192E+01,    0.7769792725785196890742057E-02,    0.6584241714829172642531319E-01,   -0.5807262442250653300401808E-01,    -88.20%
    0.3768333333333332646475355E+01,    0.6612014940946786892284059E-02,    0.6578801894183262943816004E-01,   -0.5917600400088584428059946E-01,    -89.95%
    0.3769999999999999573674359E+01,    0.5450637822219439598825375E-02,    0.6573368654234236496680666E-01,   -0.6028304872012292536798128E-01,    -91.71%
    0.3771666666666666500873362E+01,    0.4285707660382585999780947E-02,    0.6567941984638679675523321E-01,   -0.6139371218600420815336705E-01,    -93.47%
    0.3773333333333333428072365E+01,    0.3117271331817448969114803E-02,    0.6562521875072917232341041E-01,   -0.6250794741891171901748692E-01,    -95.25%
    0.3775000000000000355271368E+01,    0.1945376298764608935520926E-02,    0.6557108315232980377817995E-01,   -0.6362570685356519484265903E-01,    -97.03%
    0.3776666666666667282470371E+01,    0.7700706161969566101999085E-03,    0.6551701294834563760183244E-01,   -0.6474694233214868532844122E-01,    -98.82%
    0.3778333333333334209669374E+01,   -0.4085970722361773445688304E-03,    0.6546300803612974117395851E-01,   -0.6587160510836591320593669E-01,   -100.62%
    0.3779999999999999360511538E+01,   -0.1590577529145072079724832E-02,    0.6540906831323096970454145E-01,   -0.6699964584237604048322368E-01,   -102.43%
    0.3781666666666666287710541E+01,   -0.2775820919731217424619718E-02,    0.6535519367739334173350585E-01,   -0.6813101459712456176021078E-01,   -104.25%
    0.3783333333333333214909544E+01,   -0.3964276813292332869720358E-02,    0.6530138402655590035283950E-01,   -0.6926566083984823929409202E-01,   -106.07%
    0.3785000000000000142108547E+01,   -0.5155894178576083015930198E-02,    0.6524763925885206095056645E-01,   -0.7040353343742813962968796E-01,   -107.90%
    0.3786666666666667069307550E+01,   -0.6350621382753566558643232E-02,    0.6519395927260925038826400E-01,   -0.7154458065536281607954550E-01,   -109.74%
    0.3788333333333333996506553E+01,   -0.7548406189360740321803167E-02,    0.6514034396634847678964064E-01,   -0.7268875015570921971352902E-01,   -111.59%
    0.3789999999999999147348717E+01,   -0.8749195756605774101921646E-02,    0.6508679323878394096247746E-01,   -0.7383598899538972026856953E-01,   -113.44%
    0.3791666666666666074547720E+01,   -0.9952936635593356493045825E-02,    0.6503330698882241189817677E-01,   -0.7498624362441576318705216E-01,   -115.30%
    0.3793333333333333001746723E+01,   -0.1115957476532003847524699E-01,    0.6497988511556312962724746E-01,   -0.7613945988088316463304750E-01,   -117.17%
    0.3794999999999999928945726E+01,   -0.1236905547819447392932091E-01,    0.6492652751829711132991463E-01,   -0.7729558299649158525923553E-01,   -119.05%
    0.3796666666666666856144730E+01,   -0.1358132348791135472765301E-01,    0.6487323409650685990257557E-01,   -0.7845455758441821636495206E-01,   -120.94%
    0.3798333333333333783343733E+01,   -0.1479632289685369785081637E-01,    0.6482000474986589211301435E-01,   -0.7961632764671959516800115E-01,   -122.83%
    0.3800000000000000710542736E+01,   -0.1601399718766959717752840E-01,    0.6476683937823832226676757E-01,   -0.8078083656590792638318987E-01,   -124.73%
    0.3801666666666665861384899E+01,   -0.1723428922620120345987615E-01,    0.6471373788167850138464132E-01,   -0.8194802710787971178341138E-01,   -126.63%
    0.3803333333333332788583903E+01,   -0.1845714125704560684693156E-01,    0.6466070016043039270225989E-01,   -0.8311784141747599607974450E-01,   -128.54%
    0.3804999999999999715782906E+01,   -0.1968249490035208285054757E-01,    0.6460772611492746064776327E-01,   -0.8429022101527954002886389E-01,   -130.46%
    0.3806666666666666642981909E+01,   -0.2091029115330643450842985E-01,    0.6455481564579203246356798E-01,   -0.8546510679909846697199782E-01,   -132.39%
    0.3808333333333333570180912E+01,   -0.2214047038776402465121151E-01,    0.6450196865383495126167190E-01,   -0.8664243904159897591288342E-01,   -134.33%
    0.3810000000000000497379915E+01,   -0.2337297234485450833640918E-01,    0.6444918504005515969002005E-01,   -0.8782215738490967149587618E-01,   -136.27%
    0.3811666666666667424578918E+01,   -0.2460773613852702476623158E-01,    0.6439646470563925584329468E-01,   -0.8900420084416628407897321E-01,   -138.21%
    0.3813333333333332575421082E+01,   -0.2584470024946703900492473E-01,    0.6434380755196121570715917E-01,   -0.9018850780142825818153085E-01,   -140.17%
    0.3814999999999999502620085E+01,   -0.2708380252729504153452744E-01,    0.6429121348058165763550420E-01,   -0.9137501600787670263947859E-01,   -142.13%
    0.3816666666666666429819088E+01,   -0.2832498018306987483394543E-01,    0.6423868239324780071708432E-01,   -0.9256366257631767902047670E-01,   -144.09%
    0.3818333333333333357018091E+01,   -0.2956816979438376888356110E-01,    0.6418621419189288190843001E-01,   -0.9375438398627665426143807E-01,   -146.07%
    0.3820000000000000284217094E+01,   -0.3081330730014251659265589E-01,    0.6413380877863573970021349E-01,   -0.9494711607877825976231634E-01,   -148.05%
    0.3821666666666667211416097E+01,   -0.3206032799622583057130853E-01,    0.6408146605578041166140224E-01,   -0.9614179405200623529381687E-01,   -150.03%
    0.3823333333333334138615101E+01,   -0.3330916654192931508626785E-01,    0.6402918592581575973898822E-01,   -0.9733835246774508176414997E-01,   -152.02%
    0.3824999999999999289457264E+01,   -0.3455975694931296554601730E-01,    0.6397696829141510943550486E-01,   -0.9853672524072806804262825E-01,   -154.02%
    0.3826666666666666216656267E+01,   -0.3581203258719887344563304E-01,    0.6392481305543561143078790E-01,   -0.9973684564263449181531485E-01,   -156.02%
    0.3828333333333333143855270E+01,   -0.3706592617769622483026026E-01,    0.6387272012091815831524855E-01,   -0.1009386462986143762066149E+00,   -158.03%
    0.3830000000000000071054274E+01,   -0.3832136979566662382534759E-01,    0.6382068939108680172278554E-01,   -0.1021420591867534255481331E+00,   -160.05%
    0.3831666666666666998253277E+01,   -0.3957829486471527158375494E-01,    0.6376872076934834987493872E-01,   -0.1033470156340636214586937E+00,   -162.07%
    0.3833333333333333925452280E+01,   -0.4083663215982623329036727E-01,    0.6371681415929202063619385E-01,   -0.1045534463191182539265611E+00,   -164.09%
    0.3835000000000000852651283E+01,   -0.4209631180287844165466282E-01,    0.6366496946468899742477277E-01,   -0.1057612812675674390794356E+00,   -166.12%
    0.3836666666666666003493447E+01,   -0.4335726325982662554547886E-01,    0.6361318658949211002351376E-01,   -0.1069704498493187355689926E+00,   -168.16%
    0.3838333333333332930692450E+01,   -0.4461941534401954456701134E-01,    0.6356146543783522395720809E-01,   -0.1081808807818547685242194E+00,   -170.20%
    0.3839999999999999857891453E+01,   -0.4588269620942941190433473E-01,    0.6350980591403312947029747E-01,   -0.1093925021234625483135261E+00,   -172.25%
    0.3841666666666666785090456E+01,   -0.4714703335503369480141700E-01,    0.6345820792258098641536179E-01,   -0.1106052412776146742778849E+00,   -174.30%
    0.3843333333333333712289459E+01,   -0.4841235361702760781055233E-01,    0.6340667136815392179727269E-01,   -0.1118190249851815365467189E+00,   -176.35%
    0.3845000000000000639488462E+01,   -0.4967858317243720178701949E-01,    0.6335519615560668282849832E-01,   -0.1130337793280438846155178E+00,   -178.41%
    0.3846666666666665790330626E+01,   -0.5094564753515362642843911E-01,    0.6330378218997327610662040E-01,   -0.1142494297251269025350595E+00,   -180.48%
    0.3848333333333332717529629E+01,   -0.5221347155645275628366164E-01,    0.6325242937646635699167064E-01,   -0.1154659009329191132753323E+00,   -182.55%
    0.3849999999999999644728632E+01,   -0.5348197942177241454020375E-01,    0.6320113762047717409497949E-01,   -0.1166831170422495955740771E+00,   -184.62%
    0.3851666666666666571927635E+01,   -0.5475109465183856244374638E-01,    0.6314990682757497253430046E-01,   -0.1179010014794135419169407E+00,   -186.70%
    0.3853333333333333499126638E+01,   -0.5602074009752722877353293E-01,    0.6309873690350660535575145E-01,   -0.1191194770010338410681783E+00,   -188.78%
    0.3855000000000000426325641E+01,   -0.5729083794402915763566142E-01,    0.6304762775419620046690738E-01,   -0.1203384656982253581025688E+00,   -190.87%
    0.3856666666666667353524645E+01,   -0.5856130970342728059296888E-01,    0.6299657928574475818095380E-01,   -0.1215578889891720387739227E+00,   -192.96%
    0.3858333333333332504366808E+01,   -0.5983207621927798952610189E-01,    0.6294559140442981814977941E-01,   -0.1227776676237078146147752E+00,   -195.05%
    0.3859999999999999431565811E+01,   -0.6110305766420722622944695E-01,    0.6289466401670483486352481E-01,   -0.1239977216809120541540779E+00,   -197.15%
    0.3861666666666666358764815E+01,   -0.6237417353371860206934230E-01,    0.6284379702919916377279463E-01,   -0.1252179705629177797199247E+00,   -199.25%
    0.3863333333333333285963818E+01,   -0.6364534265268947943461342E-01,    0.6279299034871738127705498E-01,   -0.1264383330014068607116684E+00,   -201.36%
    0.3865000000000000213162821E+01,   -0.6491648316817322239558052E-01,    0.6274224388223907655781630E-01,   -0.1276587270504123128311846E+00,   -203.47%
    0.3866666666666667140361824E+01,   -0.6618751255227377228163022E-01,    0.6269155753691835197827231E-01,   -0.1288790700891921381376903E+00,   -205.58%
    0.3868333333333334067560827E+01,   -0.6745834759948994563405478E-01,    0.6264093122008349001639260E-01,   -0.1300992788195734495282352E+00,   -207.69%
    0.3869999999999999218402991E+01,   -0.6872890442440580949234885E-01,    0.6259036483923667570916649E-01,   -0.1313192692636424852015153E+00,   -209.81%
    0.3871666666666666145601994E+01,   -0.6999909846492893827907267E-01,    0.6253985830205328888542482E-01,   -0.1325389567669822410422853E+00,   -211.93%
    0.3873333333333333072800997E+01,   -0.7126884447485543061517888E-01,    0.6248941151638194579920338E-01,   -0.1337582559912373625365944E+00,   -214.05%
    0.3875000000000000000000000E+01,   -0.7253805653147990528673006E-01,    0.6243902439024390238486717E-01,   -0.1349770809217238076715972E+00,   -216.17%
    0.3876666666666666927199003E+01,   -0.7380664802682203318173748E-01,    0.6238869683183265180126398E-01,   -0.1361953448586546988607893E+00,   -218.30%
    0.3878333333333333854398006E+01,   -0.7507453167069604027528129E-01,    0.6233842874951361218149870E-01,   -0.1374129604202096455178861E+00,   -220.43%
    0.3880000000000000781597009E+01,   -0.7634161948939806319192058E-01,    0.6228822005182376581045034E-01,   -0.1386298395412218220634770E+00,   -222.56%
    0.3881666666666665932439173E+01,   -0.7760782282588285507785031E-01,    0.6223807064747132605786462E-01,   -0.1398458934733541880746088E+00,   -224.70%
    0.3883333333333332859638176E+01,   -0.7887305233337685295147423E-01,    0.6218798044533505736675139E-01,   -0.1410610327787119033793317E+00,   -226.83%
    0.3884999999999999786837179E+01,   -0.8013721798610656810168962E-01,    0.6213794935446439321458101E-01,   -0.1422751673405709682551645E+00,   -228.97%
    0.3886666666666666714036182E+01,   -0.8140022906437270611146317E-01,    0.6208797728407870059053053E-01,   -0.1434882063484514136408876E+00,   -231.10%
    0.3888333333333333641235185E+01,   -0.8266199416809040523279606E-01,    0.6203806414356709958424219E-01,   -0.1447000583116574978781443E+00,   -233.24%
    0.3890000000000000568434189E+01,   -0.8392242120212728417882886E-01,    0.6198820984248794296878060E-01,   -0.1459106310446152132698217E+00,   -235.38%
    0.3891666666666667495633192E+01,   -0.8518141738988802003085254E-01,    0.6193841429056855946155835E-01,   -0.1471198316804565864313048E+00,   -237.53%
    0.3893333333333332646475355E+01,   -0.8643888925820386592846489E-01,    0.6188867739770491371853467E-01,   -0.1483275666559087935247874E+00,   -239.67%
    0.3894999999999999573674359E+01,   -0.8769474265086578401717787E-01,    0.6183899907396100265044581E-01,   -0.1495337417248267797287298E+00,   -241.81%
    0.3896666666666666500873362E+01,   -0.8894888271658070444392052E-01,    0.6178937922956882766722941E-01,   -0.1507382619461495321111499E+00,   -243.95%
    0.3898333333333333428072365E+01,   -0.9020121391565960600189555E-01,    0.6173981777492784650540614E-01,   -0.1519410316905874525073017E+00,   -246.10%
    0.3900000000000000355271368E+01,   -0.9145164001767261408026854E-01,    0.6169031462060456383333928E-01,   -0.1531419546382771779136078E+00,   -248.24%
    0.3901666666666667282470371E+01,   -0.9270006409923843559983681E-01,    0.6164086967733228838994819E-01,   -0.1543409337765707101119972E+00,   -250.39%
    0.3903333333333334209669374E+01,   -0.9394638854630331381567743E-01,    0.6159148285601072358996788E-01,   -0.1555378714023140374056453E+00,   -252.53%
    0.3904999999999999360511538E+01,   -0.9519051505063816365215246E-01,    0.6154215406770561364035999E-01,   -0.1567326691183437703536185E+00,   -254.68%
    0.3906666666666666287710541E+01,   -0.9643234461335831175787803E-01,    0.6149288322364825781773945E-01,   -0.1579252278370065765145114E+00,   -256.82%
    0.3908333333333333214909544E+01,   -0.9767177754222088059687934E-01,    0.6144367023523538556828427E-01,   -0.1591154477774562592262697E+00,   -258.96%
    0.3910000000000000142108547E+01,   -0.9890871345014497217906779E-01,    0.6139451501402864996848052E-01,   -0.1603032284641736082697605E+00,   -261.10%
    0.3911666666666667069307550E+01,   -0.1001430512586312659983889E+00,    0.6134541747175425996374543E-01,   -0.1614884687303855259621344E+00,   -263.24%
    0.3913333333333333996506553E+01,   -0.1013746891963754614973681E+00,    0.6129637752030270281267121E-01,   -0.1626710667166781643100393E+00,   -265.38%
    0.3914999999999999147348717E+01,   -0.1026035247955034007683039E+00,    0.6124739507172839020343602E-01,   -0.1638509198672317979106339E+00,   -267.52%
    0.3916666666666666074547720E+01,   -0.1038294548965563030007431E+00,    0.6119847003824906844782205E-01,   -0.1650279249348053645096712E+00,   -269.66%
    0.3918333333333333001746723E+01,   -0.1050523756476062497977608E+00,    0.6114960233224584623679121E-01,   -0.1662019779798520890956581E+00,   -271.80%
    0.3919999999999999928945726E+01,   -0.1062721824981676110866147E+00,    0.6110079186626259095671543E-01,   -0.1673729743644302159211179E+00,   -273.93%
    0.3921666666666666856144730E+01,   -0.1074887702095018021664075E+00,    0.6105203855300563031693883E-01,   -0.1685408087625074324833463E+00,   -276.06%
    0.3923333333333333783343733E+01,   -0.1087020328441322264412250E+00,    0.6100334230534341234397644E-01,   -0.1697053751494756457240953E+00,   -278.19%
    0.3925000000000000710542736E+01,   -0.1099118637754828986530242E+00,    0.6095470303630611680345552E-01,   -0.1708665668117890223953736E+00,   -280.32%
    0.3926666666666665861384899E+01,   -0.1111181556782176171882526E+00,    0.6090612065908546091108633E-01,   -0.1720242763373030780993389E+00,   -282.44%
    0.3928333333333332788583903E+01,   -0.1123208005399302794602434E+00,    0.6085759508703397768769605E-01,   -0.1731783956269642432701517E+00,   -284.56%
    0.3929999999999999715782906E+01,   -0.1135196896482608547307436E+00,    0.6080912623366516167600082E-01,   -0.1743288158819260025289566E+00,   -286.68%
    0.3931666666666666642981909E+01,   -0.1147147136032633796265401E+00,    0.6076071401265274035674580E-01,   -0.1754754276159161130443920E+00,   -288.80%
    0.3933333333333333570180912E+01,   -0.1159057623109079476764194E+00,    0.6071235833783053537082708E-01,   -0.1766181206487384969250343E+00,   -290.91%
    0.3935000000000000497379915E+01,   -0.1170927249821348409275501E+00,    0.6066405912319201149118797E-01,   -0.1777567841053268593576320E+00,   -293.02%
    0.3936666666666667424578918E+01,   -0.1182754901395896285354326E+00,    0.6061581628288995049480548E-01,   -0.1788913064224795790302380E+00,   -295.12%
    0.3938333333333332575421082E+01,   -0.1194539456112201913917659E+00,    0.6056762973123620830140368E-01,   -0.1800215753424563858153817E+00,   -297.22%
    0.3939999999999999502620085E+01,   -0.1206279785372916663055420E+00,    0.6051949938270112516747190E-01,   -0.1811474779199928053508017E+00,   -299.32%
    0.3941666666666666429819088E+01,   -0.1217974753630899631406947E+00,    0.6047142515191345629732567E-01,   -0.1822689005150034124991265E+00,   -301.41%
    0.3943333333333333357018091E+01,   -0.1229623218487725933023569E+00,    0.6042340695365993469279076E-01,   -0.1833857288024325349340415E+00,   -303.50%
    0.3945000000000000284217094E+01,   -0.1241224030599904354366103E+00,    0.6037544470288487563625068E-01,   -0.1844978477628753110728610E+00,   -305.58%
    0.3946666666666667211416097E+01,   -0.1252776033765820307142036E+00,    0.6032753831468988525710273E-01,   -0.1856051416912719020935185E+00,   -307.66%
    0.3948333333333334138615101E+01,   -0.1264278064884187258165582E+00,    0.6027968770433347195369933E-01,   -0.1867074941927522047091514E+00,   -309.74%
    0.3949999999999999289457264E+01,   -0.1275728954016912275459816E+00,    0.6023189278723086598210656E-01,   -0.1878047881889221004669821E+00,   -311.80%
    0.3951666666666666216656267E+01,   -0.1287127524283615820355209E+00,    0.6018415347895336026118329E-01,   -0.1888969059073149492355981E+00,   -313.86%
    0.3953333333333333143855270E+01,   -0.1298472592007025583349389E+00,    0.6013646969522837976152019E-01,   -0.1899837288959309311575652E+00,   -315.92%
    0.3955000000000000071054274E+01,   -0.1309762966641453141303231E+00,    0.6008884135193884312720058E-01,   -0.1910651380160841572575237E+00,   -317.97%
    0.3956666666666666998253277E+01,   -0.1320997450794411387509086E+00,    0.6004126836512294757008945E-01,   -0.1921410134445640793821042E+00,   -320.01%
    0.3958333333333333925452280E+01,   -0.1332174840227750567400733E+00,    0.5999375065097384274181991E-01,   -0.1932112346737488994818932E+00,   -322.05%
    0.3960000000000000852651283E+01,   -0.1343293923894634811500026E+00,    0.5994628812583922133905290E-01,   -0.1942756805153026955501616E+00,   -324.08%
    0.3961666666666666003493447E+01,   -0.1354353483934816193556827E+00,    0.5989888070622113175334178E-01,   -0.1953342290997027441701306E+00,   -326.11%
    0.3963333333333332930692450E+01,   -0.1365352295672573323948029E+00,    0.5985152830877537438736269E-01,   -0.1963867578760327137210595E+00,   -328.12%
    0.3964999999999999857891453E+01,   -0.1376289127645223542284469E+00,    0.5980423085031151553270234E-01,   -0.1974331436148338836389371E+00,   -330.13%
    0.3966666666666666785090456E+01,   -0.1387162741604649474069788E+00,    0.5975698824779230450277012E-01,   -0.1984732624082572449708550E+00,   -332.13%
    0.3968333333333333712289459E+01,   -0.1397971892552151707000974E+00,    0.5970980041833348628266265E-01,   -0.1995069896735486569827600E+00,   -334.13%
    0.3970000000000000639488462E+01,   -0.1408715328712654979437247E+00,    0.5966266727920335743995395E-01,   -0.2005342001504688553836786E+00,   -336.11%
    0.3971666666666665790330626E+01,   -0.1419391791575654870882772E+00,    0.5961558874782260653013566E-01,   -0.2015547679053880936184129E+00,   -338.09%
    0.3973333333333332717529629E+01,   -0.1430000015894541953720420E+00,    0.5956856474176368265727177E-01,   -0.2025685663312178919071016E+00,   -340.06%
    0.3974999999999999644728632E+01,   -0.1440538729728860489753828E+00,    0.5952159517875080241289254E-01,   -0.2035754681516368513882753E+00,   -342.02%
    0.3976666666666666571927635E+01,   -0.1451006654412815288779370E+00,    0.5947467997665949884789072E-01,   -0.2045753454179410346647217E+00,   -343.97%
    0.3978333333333333499126638E+01,   -0.1461402504596091556088311E+00,    0.5942781905351623289446295E-01,   -0.2055680695131253954421879E+00,   -345.91%
    0.3980000000000000426325641E+01,   -0.1471724988280233847870448E+00,    0.5938101232749815050482312E-01,   -0.2065535111555215352918680E+00,   -347.84%
    0.3981666666666667353524645E+01,   -0.1481972806779727758197396E+00,    0.5933425971693271488982546E-01,   -0.2075315403949054837706711E+00,   -349.77%
    0.3983333333333332504366808E+01,   -0.1492144654802841086116416E+00,    0.5928756114029745671878402E-01,   -0.2085020266205815653304256E+00,   -351.68%
    0.3984999999999999431565811E+01,   -0.1502239220427322441420159E+00,    0.5924091651621943982464202E-01,   -0.2094648385589516770277640E+00,   -353.58%
    0.3986666666666666358764815E+01,   -0.1512255185115466415979313E+00,    0.5919432576347526120397191E-01,   -0.2104198442750219166796910E+00,   -355.47%
    0.3988333333333333285963818E+01,   -0.1522191223762323075696656E+00,    0.5914778880099053059993253E-01,   -0.2113669111772228381695982E+00,   -357.35%
    0.3990000000000000213162821E+01,   -0.1532046004672870942453500E+00,    0.5910130554783954437425564E-01,   -0.2123059060151266386196056E+00,   -359.22%
    0.3991666666666667140361824E+01,   -0.1541818189638153313580915E+00,    0.5905487592324506346264101E-01,   -0.2132366948870604017596264E+00,   -361.08%
    0.3993333333333334067560827E+01,   -0.1551506433907903492741553E+00,    0.5900849984657787622444047E-01,   -0.2141591432373682324374897E+00,   -362.93%
    0.3994999999999999218402991E+01,   -0.1561109386204525273367238E+00,    0.5896217723735668742035543E-01,   -0.2150731158578092216959732E+00,   -364.76%
    0.3996666666666666145601994E+01,   -0.1570625688808356956727152E+00,    0.5891590801524745207862210E-01,   -0.2159784768960831546902313E+00,   -366.59%
    0.3998333333333333072800997E+01,   -0.1580053977493226791128933E+00,    0.5886969210006343100616277E-01,   -0.2168750898493861101190561E+00,   -368.40%
    0.4000000000000000000000000E+01,   -0.1589392881624951125996148E+00,    0.5882352941176470506601248E-01,   -0.2177628175742598037878395E+00,   -370.20%
    0.4001666666666666927199003E+01,   -0.1598641024122733345080860E+00,    0.5877741987045782823262385E-01,   -0.2186415222827311488629221E+00,   -371.98%
    0.4003333333333333854398006E+01,   -0.1607797021540877946410575E+00,    0.5873136339639557779168655E-01,   -0.2195110655504833863105318E+00,   -373.75%
    0.4005000000000000781597009E+01,   -0.1616859484011057834784708E+00,    0.5868535990997663515100768E-01,   -0.2203713083110824255683724E+00,   -375.51%
    0.4006666666666665932439173E+01,   -0.1625827015376731798923515E+00,    0.5863940933174530828475568E-01,   -0.2212221108694184812382133E+00,   -377.26%
    0.4008333333333332859638176E+01,   -0.1634698213123012833225545E+00,    0.5859351158239103213309917E-01,   -0.2220633328946923223945475E+00,   -378.99%
    0.4009999999999999786837179E+01,   -0.1643471668448665545803067E+00,    0.5854766658274834778552531E-01,   -0.2228948334276149023658320E+00,   -380.71%
    0.4011666666666666714036182E+01,   -0.1652145966265874399425684E+00,    0.5850187425379640288047867E-01,   -0.2237164708803838497619410E+00,   -382.41%
    0.4013333333333333641235185E+01,   -0.1660719685290801550525686E+00,    0.5845613451665868792739289E-01,   -0.2245281030457388360410675E+00,   -384.10%
    0.4015000000000000568434189E+01,   -0.1669191397935266274465960E+00,    0.5841044729260273793425284E-01,   -0.2253295870861293792586366E+00,   -385.77%
    0.4016666666666667495633192E+01,   -0.1677559670516709233734076E+00,    0.5836481250303980627958111E-01,   -0.2261207795547107157752009E+00,   -387.43%
    0.4018333333333332646475355E+01,   -0.1685823063140846900243019E+00,    0.5831923006952464266783309E-01,   -0.2269015363836093257532411E+00,   -389.07%
    0.4019999999999999573674359E+01,   -0.1693980129793596911547127E+00,    0.5827369991375493801788465E-01,   -0.2276717128931146361114912E+00,   -390.69%
    0.4021666666666666500873362E+01,   -0.1702029418347332512251313E+00,    0.5822822195757136609639559E-01,   -0.2284311637923046034437391E+00,   -392.30%
    0.4023333333333333428072365E+01,   -0.1709969470621988119063417E+00,    0.5818279612295705616187291E-01,   -0.2291797431851558819460024E+00,   -393.90%
    0.4025000000000000355271368E+01,   -0.1717798822386871759881899E+00,    0.5813742233203734316449030E-01,   -0.2299173045707245122137863E+00,   -395.47%
    0.4026666666666667282470371E+01,   -0.1725516003427454980734268E+00,    0.5809210050707946937365023E-01,   -0.2306437008498249674470770E+00,   -397.03%
    0.4028333333333334209669374E+01,   -0.1733119537515549479778088E+00,    0.5804683057049228600554613E-01,   -0.2313587843220472339833549E+00,   -398.57%
    0.4029999999999999360511538E+01,   -0.1740607942511197825385949E+00,    0.5800161244482597566740623E-01,   -0.2320624066959457443282133E+00,   -400.10%
    0.4031666666666666287710541E+01,   -0.1747979730355888328130476E+00,    0.5795644605277160826828364E-01,   -0.2327544190883604480202251E+00,   -401.60%
    0.4033333333333333214909544E+01,   -0.1755233407113161447909988E+00,    0.5791133131716105775232961E-01,   -0.2334346720284772025433284E+00,   -403.09%
    0.4035000000000000142108547E+01,   -0.1762367473008916995969031E+00,    0.5786626816096658576515921E-01,   -0.2341030154618582992398501E+00,   -404.56%
    0.4036666666666667069307550E+01,   -0.1769380422480458237011192E+00,    0.5782125650730056409809521E-01,   -0.2347592987553464016770022E+00,   -406.01%
    0.4038333333333333996506553E+01,   -0.1776270744176669802438795E+00,    0.5777629627941513468236678E-01,   -0.2354033706970821149262463E+00,   -407.44%
    0.4039999999999999147348717E+01,   -0.1783036921042518985203174E+00,    0.5773138740070203611676192E-01,   -0.2360350795049539485148671E+00,   -408.85%
    0.4041666666666666074547720E+01,   -0.1789677430314011163936527E+00,    0.5768652979469205549500899E-01,   -0.2366542728260931649497678E+00,   -410.24%
    0.4043333333333333001746723E+01,   -0.1796190743573753134665338E+00,    0.5764172338505504228356457E-01,   -0.2372607977424303626889923E+00,   -411.61%
    0.4044999999999999928945726E+01,   -0.1802575326785345044555697E+00,    0.5759696809559945035461581E-01,   -0.2378545007741339478712916E+00,   -412.96%
    0.4046666666666666856144730E+01,   -0.1808829640380474057526072E+00,    0.5755226385027202573585470E-01,   -0.2384352278883194453662497E+00,   -414.29%
    0.4048333333333333783343733E+01,   -0.1814952139194201952143715E+00,    0.5750761057315757068808537E-01,   -0.2390028244925777589635629E+00,   -415.60%
    0.4050000000000000710542736E+01,   -0.1820941272611372452328027E+00,    0.5746300818847864533278624E-01,   -0.2395571354496158766878011E+00,   -416.89%
    0.4051666666666665861384899E+01,   -0.1826795484579454564855183E+00,    0.5741845662059529009635384E-01,   -0.2400980050785407327040843E+00,   -418.15%
    0.4053333333333332788583903E+01,   -0.1832513213599020196475919E+00,    0.5737395579400456080421122E-01,   -0.2406252771539065804518032E+00,   -419.40%
    0.4054999999999999715782906E+01,   -0.1838092892829918667541023E+00,    0.5732950563334054949748975E-01,   -0.2411387949163324162515920E+00,   -420.62%
    0.4056666666666666642981909E+01,   -0.1843532950095005951141047E+00,    0.5728510606337387789377402E-01,   -0.2416384010728744868856666E+00,   -421.82%
    0.4058333333333333570180912E+01,   -0.1848831807999356258154222E+00,    0.5724075700901143370913360E-01,   -0.2421239378089470595245558E+00,   -422.99%
    0.4060000000000000497379915E+01,   -0.1853987883836719086083633E+00,    0.5719645839529615555241193E-01,   -0.2425952467789680710996691E+00,   -424.14%
    0.4061666666666667424578918E+01,   -0.1858999589795363449606924E+00,    0.5715221014740663740827387E-01,   -0.2430521691269429962467541E+00,   -425.27%
    0.4063333333333332575421082E+01,   -0.1863865332876951663720888E+00,    0.5710801219065701761490317E-01,   -0.2434945454783521978647798E+00,   -426.38%
    0.4064999999999999502620085E+01,   -0.1868583515046854659491515E+00,    0.5706386445049638905802070E-01,   -0.2439222159551818480682783E+00,   -427.45%
    0.4066666666666666429819088E+01,   -0.1873152533164412214539141E+00,    0.5701976685250887549871734E-01,   -0.2443350201689500900137375E+00,   -428.51%
    0.4068333333333333357018091E+01,   -0.1877570779167389847241765E+00,    0.5697571932241309033972954E-01,   -0.2447327972391520889416938E+00,   -429.54%
    0.4070000000000000284217094E+01,   -0.1881836640042562347474586E+00,    0.5693172178606197009198553E-01,   -0.2451153857903182187172320E+00,   -430.54%
    0.4071666666666667211416097E+01,   -0.1885948497848770888385417E+00,    0.5688777416944243436880413E-01,   -0.2454826239543195232073458E+00,   -431.52%
    0.4073333333333334138615101E+01,   -0.1889904729883367662246485E+00,    0.5684387639867513608571414E-01,   -0.2458343493870119023103626E+00,   -432.47%
    0.4074999999999999289457264E+01,   -0.1893703708579471400863525E+00,    0.5680002840001422553806165E-01,   -0.2461703992579613586855203E+00,   -433.40%
    0.4076666666666666216656267E+01,   -0.1897343801734087120891559E+00,    0.5675623009984683692286112E-01,   -0.2464906102732555559509109E+00,   -434.30%
    0.4078333333333333143855270E+01,   -0.1900823372385715137600215E+00,    0.5671248142469315772773442E-01,   -0.2467948186632646645488620E+00,   -435.17%
    0.4080000000000000071054274E+01,   -0.1904140779034512731549000E+00,    0.5666878230120591525276197E-01,   -0.2470828602046571953465559E+00,   -436.01%
    0.4081666666666666998253277E+01,   -0.1907294375530419194841869E+00,    0.5662513265617014068808999E-01,   -0.2473545702092120601722769E+00,   -436.83%
    0.4083333333333333925452280E+01,   -0.1910282511321561571548955E+00,    0.5658153241650294013043165E-01,   -0.2476097835486590903464332E+00,   -437.62%
    0.4085000000000000852651283E+01,   -0.1913103531322058181718404E+00,    0.5653798150925311988279631E-01,   -0.2478483346414589449935306E+00,   -438.37%
    0.4086666666666666003493447E+01,   -0.1915755776110899533115628E+00,    0.5649447986160109624886871E-01,   -0.2480700574726910634382193E+00,   -439.10%
    0.4088333333333332930692450E+01,   -0.1918237581922959955615937E+00,    0.5645102740085829184923938E-01,   -0.2482747855931543012886209E+00,   -439.81%
    0.4089999999999999857891453E+01,   -0.1920547280729111294661493E+00,    0.5640762405446721194923754E-01,   -0.2484623521273783275375990E+00,   -440.48%
    0.4091666666666666785090456E+01,   -0.1922683200283296367505415E+00,    0.5636426975000097261414567E-01,   -0.2486325897783306093646871E+00,   -441.12%
    0.4093333333333333712289459E+01,   -0.1924643664204809534457041E+00,    0.5632096441516309254238237E-01,   -0.2487853308356440529269804E+00,   -441.73%
    0.4095000000000000639488462E+01,   -0.1926426992036562313437287E+00,    0.5627770797778716693748891E-01,   -0.2489204071814433982812176E+00,   -442.31%
    0.4096666666666665790330626E+01,   -0.1928031499298692164057201E+00,    0.5623450036583668709688766E-01,   -0.2490376502957059035026077E+00,   -442.86%
    0.4098333333333332717529629E+01,   -0.1929455497533683061561760E+00,    0.5619134150740455468930890E-01,   -0.2491368912607728747232727E+00,   -443.37%
    0.4099999999999999644728632E+01,   -0.1930697294450498813223049E+00,    0.5614823133071308869368465E-01,   -0.2492179607757629700159896E+00,   -443.86%
    0.4101666666666666571927635E+01,   -0.1931755193899749312169689E+00,    0.5610516976411360906551451E-01,   -0.2492806891540885472213773E+00,   -444.31%
    0.4103333333333333499126638E+01,   -0.1932627495958956775901072E+00,    0.5606215673608614530332162E-01,   -0.2493249063319818159545349E+00,   -444.73%
    0.4105000000000000426325641E+01,   -0.1933312497105393601426471E+00,    0.5601919217523922828183558E-01,   -0.2493504418857785953633766E+00,   -445.12%
    0.4106666666666667353524645E+01,   -0.1933808490095610954639938E+00,    0.5597627601030957106287289E-01,   -0.2493571250198706734657605E+00,   -445.47%
    0.4108333333333332504366808E+01,   -0.1934113764231643051161313E+00,    0.5593340817016187460630761E-01,   -0.2493447845933261797224390E+00,   -445.79%
    0.4109999999999999431565811E+01,   -0.1934226605274641797027613E+00,    0.5589058858378839061975540E-01,   -0.2493132491112525772614106E+00,   -446.07%
    0.4111666666666666358764815E+01,   -0.1934145295610396053653801E+00,    0.5584781718030887298631626E-01,   -0.2492623467413484783516964E+00,   -446.32%
    0.4113333333333333285963818E+01,   -0.1933868114303866625469652E+00,    0.5580509388897018918651582E-01,   -0.2491919053193568656112689E+00,   -446.54%
    0.4115000000000000213162821E+01,   -0.1933393337173794079841826E+00,    0.5576241863914605662033708E-01,   -0.2491017523565254576656258E+00,   -446.72%
    0.4116666666666667140361824E+01,   -0.1932719236822717234769442E+00,    0.5571979136033678586814588E-01,   -0.2489917150426085024061962E+00,   -446.86%
    0.4118333333333334067560827E+01,   -0.1931844082781180027552637E+00,    0.5567721198216903782940435E-01,   -0.2488616202602870475235619E+00,   -446.97%
    0.4119999999999999218402991E+01,   -0.1930766141557822834773361E+00,    0.5563468043439560861695981E-01,   -0.2487112945901778782165081E+00,   -447.04%
    0.4121666666666666145601994E+01,   -0.1929483676655654733611556E+00,    0.5559219664689490220110812E-01,   -0.2485405643124603825011576E+00,   -447.08%
    0.4123333333333333072800997E+01,   -0.1927994948792926543923443E+00,    0.5554976054967106224857787E-01,   -0.2483492554289637166409221E+00,   -447.08%
    0.4125000000000000000000000E+01,   -0.1926298215825431037195870E+00,    0.5550737207285342394991190E-01,   -0.2481371936553965207306049E+00,   -447.03%
    0.4126666666666666927199003E+01,   -0.1924391732938031951416491E+00,    0.5546503114669637524158929E-01,   -0.2479042044404995703832384E+00,   -446.96%
    0.4128333333333333854398006E+01,   -0.1922273752691628645461464E+00,    0.5542273770157903067801186E-01,   -0.2476501129707419091019460E+00,   -446.84%
    0.4130000000000000781597009E+01,   -0.1919942525093501772825988E+00,    0.5538049166800500938689922E-01,   -0.2473747441773551936083919E+00,   -446.68%
    0.4131666666666665932439173E+01,   -0.1917396297676680072541444E+00,    0.5533829297660221996357777E-01,   -0.2470779227442702341566161E+00,   -446.49%
    0.4133333333333332859638176E+01,   -0.1914633315610180241961302E+00,    0.5529614155812240250398304E-01,   -0.2467594731191404267001133E+00,   -446.25%
    0.4134999999999999786837179E+01,   -0.1911651821777026472037875E+00,    0.5525403734344114248244750E-01,   -0.2464192195211437896862350E+00,   -445.98%
    0.4136666666666666714036182E+01,   -0.1908450056869070154963453E+00,    0.5521198026355745441806633E-01,   -0.2460569859504644629755177E+00,   -445.66%
    0.4138333333333333641235185E+01,   -0.1905026259409409450373829E+00,    0.5516997024959353207451684E-01,   -0.2456725961905344701730058E+00,   -445.30%
    0.4140000000000000568434189E+01,   -0.1901378665983350368939853E+00,    0.5512800723279453335434752E-01,   -0.2452658738311295771872267E+00,   -444.90%
    0.4141666666666667495633192E+01,   -0.1897505511172218883864105E+00,    0.5508609114452828192654010E-01,   -0.2448366422617501703129506E+00,   -444.46%
    0.4143333333333332646475355E+01,   -0.1893405027742864343842655E+00,    0.5504422191628510069305591E-01,   -0.2443847246905715420162153E+00,   -443.98%
    0.4144999999999999573674359E+01,   -0.1889075446734628793699073E+00,    0.5500239947967730524958085E-01,   -0.2439099441531401846194882E+00,   -443.45%
    0.4146666666666666500873362E+01,   -0.1884514997448333839535906E+00,    0.5496062376643934266340352E-01,   -0.2434121235112727266169941E+00,   -442.88%
    0.4148333333333333428072365E+01,   -0.1879721907691098425896570E+00,    0.5491889470842719472853943E-01,   -0.2428910854775370442570903E+00,   -442.27%
    0.4150000000000000355271368E+01,   -0.1874694403792147301412996E+00,    0.5487721223761831551568591E-01,   -0.2423466526168330525958794E+00,   -441.62%
    0.4151666666666667282470371E+01,   -0.1869430710734405198802932E+00,    0.5483557628611131218310248E-01,   -0.2417786473595518459411835E+00,   -440.92%
    0.4153333333333334209669374E+01,   -0.1863929052138508513092319E+00,    0.5479398678612565354306696E-01,   -0.2411868919999765048522988E+00,   -440.17%
    0.4154999999999999360511538E+01,   -0.1858187650557893977332213E+00,    0.5475244367000156597846683E-01,   -0.2405712087257909637116882E+00,   -439.38%
    0.4156666666666666287710541E+01,   -0.1852204727406820683466293E+00,    0.5471094687019950608686258E-01,   -0.2399314196108815744334919E+00,   -438.54%
    0.4158333333333333214909544E+01,   -0.1845978503142304549822228E+00,    0.5466949631930023700832066E-01,   -0.2392673466335306919905435E+00,   -437.66%
    0.4160000000000000142108547E+01,   -0.1839507197385159276148414E+00,    0.5462809195000436351952189E-01,   -0.2385788116885202980732572E+00,   -436.73%
    0.4161666666666667069307550E+01,   -0.1832789028907703954285324E+00,    0.5458673369513217243920167E-01,   -0.2378656365859025678677341E+00,   -435.76%
    0.4163333333333333996506553E+01,   -0.1825822215924161884270660E+00,    0.5454542148762332731681823E-01,   -0.2371276430800395296216720E+00,   -434.73%
    0.4164999999999999147348717E+01,   -0.1818604976027599906540644E+00,    0.5450415526053668802131114E-01,   -0.2363646528632966647975877E+00,   -433.66%
    0.4166666666666666074547720E+01,   -0.1811135526392361749792315E+00,    0.5446293494704993604083043E-01,   -0.2355764875862861040811680E+00,   -432.54%
    0.4168333333333333001746723E+01,   -0.1803412083800892129481497E+00,    0.5442176048045949121600984E-01,   -0.2347629688605487041641595E+00,   -431.38%
    0.4169999999999999928945726E+01,   -0.1795432864884111689995905E+00,    0.5438063179418018561195325E-01,   -0.2339239182825913476726498E+00,   -430.16%
    0.4171666666666666856144730E+01,   -0.1787196086102091352465493E+00,    0.5433954882174499290137248E-01,   -0.2330591574319541281479218E+00,   -428.89%
    0.4173333333333333783343733E+01,   -0.1778699963914724402336276E+00,    0.5429851149680482019777017E-01,   -0.2321685078882772534925039E+00,   -427.58%
    0.4175000000000000710542736E+01,   -0.1769942714873102007633321E+00,    0.5425751975312826519415310E-01,   -0.2312517912404384590185913E+00,   -426.21%
    0.4176666666666665861384899E+01,   -0.1760922555823830892851589E+00,    0.5421657352460138717953342E-01,   -0.2303088291069844695257984E+00,   -424.79%
    0.4178333333333332788583903E+01,   -0.1751637703822487290850063E+00,    0.5417567274522732539976388E-01,   -0.2293394431274760614236641E+00,   -423.33%
    0.4179999999999999715782906E+01,   -0.1742086376493651167507437E+00,    0.5413481734912627130196228E-01,   -0.2283434549984914019304938E+00,   -421.81%
    0.4181666666666666642981909E+01,   -0.1732266791965960672783353E+00,    0.5409400727053510077313447E-01,   -0.2273206864671311611125759E+00,   -420.23%
    0.4183333333333333570180912E+01,   -0.1722177169098207671904532E+00,    0.5405324244380714515667563E-01,   -0.2262709593536278984693411E+00,   -418.61%
    0.4185000000000000497379915E+01,   -0.1711815727484383153900183E+00,    0.5401252280341196226887135E-01,   -0.2251940955518502707199957E+00,   -416.93%
    0.4186666666666667424578918E+01,   -0.1701180687749404563113842E+00,    0.5397184828393507965982323E-01,   -0.2240899170588755429101013E+00,   -415.20%
    0.4188333333333332575421082E+01,   -0.1690270271505842913928319E+00,    0.5393121882007782807999519E-01,   -0.2229582459706621055950393E+00,   -413.41%
    0.4189999999999999502620085E+01,   -0.1679082701579877323627699E+00,    0.5389063434665690432989749E-01,   -0.2217989045046446228148795E+00,   -411.57%
    0.4191666666666666429819088E+01,   -0.1667616202091797283912911E+00,    0.5385009479860439207676848E-01,   -0.2206117150077841204680595E+00,   -409.68%
    0.4193333333333333357018091E+01,   -0.1655868998569904604334369E+00,    0.5380960011096735245983425E-01,   -0.2193964999679578198321650E+00,   -407.73%
    0.4195000000000000284217094E+01,   -0.1643839318148327399704556E+00,    0.5376915021890764367906712E-01,   -0.2181530820337403975273105E+00,   -405.72%
    0.4196666666666667211416097E+01,   -0.1631525389643190826483021E+00,    0.5372874505770167119500513E-01,   -0.2168812840220207538433073E+00,   -403.66%
    0.4198333333333334138615101E+01,   -0.1618925443628928262373989E+00,    0.5368838456274015180635928E-01,   -0.2155809289256329641659704E+00,   -401.54%
    0.4199999999999999289457264E+01,   -0.1606037712727544919388833E+00,    0.5364806866952791242209031E-01,   -0.2142518399422824182387615E+00,   -399.37%
    0.4201666666666666216656267E+01,   -0.1592860431557741873742629E+00,    0.5360779731368350842224402E-01,   -0.2128938404694576957965069E+00,   -397.13%
    0.4203333333333333143855270E+01,   -0.1579391837047270930050047E+00,    0.5356757043093920284126952E-01,   -0.2115067541356663027851681E+00,   -394.84%
    0.4205000000000000071054274E+01,   -0.1565630168432366187136751E+00,    0.5352738795714061942332407E-01,   -0.2100904048003772450758930E+00,   -392.49%
    0.4206666666666666998253277E+01,   -0.1551573667458614469438771E+00,    0.5348724982824649282209251E-01,   -0.2086446165741079328270757E+00,   -390.08%
    0.4208333333333333925452280E+01,   -0.1537220578468138920680275E+00,    0.5344715598032846043397015E-01,   -0.2071692138271423455631037E+00,   -387.62%
    0.4210000000000000852651283E+01,   -0.1522569148663210358840558E+00,    0.5340710634957085423124568E-01,   -0.2056640212158918901153015E+00,   -385.09%
    0.4211666666666666003493447E+01,   -0.1507617628097009943033413E+00,    0.5336710087227045096192057E-01,   -0.2041288636819714452652619E+00,   -382.50%
    0.4213333333333332930692450E+01,   -0.1492364269879119242911969E+00,    0.5332713948483613908280176E-01,   -0.2025635664727480633739987E+00,   -379.85%
    0.4214999999999999857891453E+01,   -0.1476807330392447270561718E+00,    0.5328722212378888406503208E-01,   -0.2009679551630336180600978E+00,   -377.14%
    0.4216666666666666785090456E+01,   -0.1460945069304599996939942E+00,    0.5324734872576136063271335E-01,   -0.1993418556562213672656014E+00,   -374.37%
    0.4218333333333333712289459E+01,   -0.1444775749810034148890026E+00,    0.5320751922749775153498319E-01,   -0.1976850942085011664239858E+00,   -371.54%
    0.4220000000000000639488462E+01,   -0.1428297638736708008444509E+00,    0.5316773356585353937919791E-01,   -0.1959974974395243263458610E+00,   -368.64%
    0.4221666666666665790330626E+01,   -0.1411509006773171703841285E+00,    0.5312799167779527764743364E-01,   -0.1942788923551124480315622E+00,   -365.68%
    0.4223333333333332717529629E+01,   -0.1394408128471054941766027E+00,    0.5308829350040024375179115E-01,   -0.1925291063475057518061817E+00,   -362.66%
    0.4224999999999999644728632E+01,   -0.1376993282564880349827519E+00,    0.5304863897085641127882027E-01,   -0.1907479672273444393226782E+00,   -359.57%
    0.4226666666666666571927635E+01,   -0.1359262751969507465599207E+00,    0.5300902802646210998371856E-01,   -0.1889353032234128426658515E+00,   -356.42%
    0.4228333333333333499126638E+01,   -0.1341214824079980938442702E+00,    0.5296946060462578986793858E-01,   -0.1870909430126238837122088E+00,   -353.21%
    0.4230000000000000426325641E+01,   -0.1322847790867097694800236E+00,    0.5292993664286582689015859E-01,   -0.1852147157295755963701822E+00,   -349.92%
    0.4231666666666667353524645E+01,   -0.1304159949003956264768078E+00,    0.5289045607881028704388982E-01,   -0.1833064509792059204595915E+00,   -346.58%
    0.4233333333333332504366808E+01,   -0.1285149600061283869933959E+00,    0.5285101885019674594623496E-01,   -0.1813659788563251329396309E+00,   -343.16%
    0.4234999999999999431565811E+01,   -0.1265815050675409003666516E+00,    0.5281162489487187250425393E-01,   -0.1793931299624127728709055E+00,   -339.68%
    0.4236666666666666358764815E+01,   -0.1246154612694349156365448E+00,    0.5277227415079150524279683E-01,   -0.1773877354202264278182355E+00,   -336.14%
    0.4238333333333333285963818E+01,   -0.1226166603413639255570899E+00,    0.5273296655602020127640017E-01,   -0.1753496268973841198945962E+00,   -332.52%
    0.4240000000000000213162821E+01,   -0.1205849345571714525959806E+00,    0.5269370204873113222587833E-01,   -0.1732786366059025917607528E+00,   -328.84%
    0.4241666666666667140361824E+01,   -0.1185201167714417525012038E+00,    0.5265448056720575115141614E-01,   -0.1711745973386475105915139E+00,   -325.09%
    0.4243333333333334067560827E+01,   -0.1164220404295895905377733E+00,    0.5261530204983368846916036E-01,   -0.1690373424794232859458276E+00,   -321.27%
    0.4244999999999999218402991E+01,   -0.1142905395739921975417630E+00,    0.5257616643511248827325133E-01,   -0.1668667060091046927539082E+00,   -317.38%
    0.4246666666666666145601994E+01,   -0.1121254488783298419729562E+00,    0.5253707366164724751333992E-01,   -0.1646625225399770964251900E+00,   -313.42%
    0.4248333333333333072800997E+01,   -0.1099266036579028826825066E+00,    0.5249802366815066456684491E-01,   -0.1624246273260535611271393E+00,   -309.39%
    0.4250000000000000000000000E+01,   -0.1076938398833452020797452E+00,    0.5245901639344262290531873E-01,   -0.1601528562767878249850639E+00,   -305.29%
    0.4251666666666666927199003E+01,   -0.1054269942019192551896367E+00,    0.5242005177645001762209986E-01,   -0.1578470459783692658728427E+00,   -301.12%
    0.4253333333333333854398006E+01,   -0.1031259039591236187360934E+00,    0.5238112975620656808217745E-01,   -0.1555070337153302006960587E+00,   -296.88%
    0.4255000000000000781597009E+01,   -0.1007904072109427479064792E+00,    0.5234225027185254036643514E-01,   -0.1531326574827952813340204E+00,   -292.56%
    0.4256666666666665932439173E+01,   -0.9842034274789179804088235E-01,    0.5230341326263462931045467E-01,   -0.1507237560105264273513370E+00,   -288.17%
    0.4258333333333332859638176E+01,   -0.9601555010421805591569466E-01,    0.5226461866790554217088172E-01,   -0.1482801687721236050254703E+00,   -283.71%
    0.4259999999999999786837179E+01,   -0.9357586958810622246307531E-01,    0.5222586642712403331989535E-01,   -0.1458017360152302488440768E+00,   -279.18%
    0.4261666666666666714036182E+01,   -0.9110114229347331116226627E-01,    0.5218715647985452260604333E-01,   -0.1432882987733278268294157E+00,   -274.57%
    0.4263333333333333641235185E+01,   -0.8859121011856364857894874E-01,    0.5214848876576694963747016E-01,   -0.1407396988843306051553128E+00,   -269.88%
    0.4265000000000000568434189E+01,   -0.8604591578654745276377724E-01,    0.5210986322463648928726698E-01,   -0.1381557790111839489899381E+00,   -265.12%
    0.4266666666666667495633192E+01,   -0.8346510287004167694124845E-01,    0.5207127979634341985448742E-01,   -0.1355363826663850967957359E+00,   -260.29%
    0.4268333333333332646475355E+01,   -0.8084861580250711499129324E-01,    0.5203273842087289408064876E-01,   -0.1328813542233800160108359E+00,   -255.38%
    0.4269999999999999573674359E+01,   -0.7819629989764620425773956E-01,    0.5199423903831456444946113E-01,   -0.1301905389359607756460946E+00,   -250.39%
    0.4271666666666666500873362E+01,   -0.7550800138445414033672165E-01,    0.5195578158886264563687263E-01,   -0.1274637829733167859735943E+00,   -245.33%
    0.4273333333333333428072365E+01,   -0.7278356739980078315976897E-01,    0.5191736601281551205522291E-01,   -0.1247009334126162882760980E+00,   -240.19%
    0.4275000000000000355271368E+01,   -0.7002284603781333549576971E-01,    0.5187899225057553131978949E-01,   -0.1219018382883888668155592E+00,   -234.97%
    0.4276666666666667282470371E+01,   -0.6722568634851928959239586E-01,    0.5184066024264883526528891E-01,   -0.1190663465911681317965787E+00,   -229.68%
    0.4278333333333334209669374E+01,   -0.6439193837566145606210455E-01,    0.5180236992964516035131695E-01,   -0.1161943083053066094745276E+00,   -224.30%
    0.4279999999999999360511538E+01,   -0.6152145315288234939110623E-01,    0.5176412125227763949553150E-01,   -0.1132855744051599888866377E+00,   -218.85%
    0.4281666666666666287710541E+01,   -0.5861408275993527233760361E-01,    0.5172591415136239267891227E-01,   -0.1103399969112976719554098E+00,   -213.32%
    0.4283333333333333214909544E+01,   -0.5566968030997264393899826E-01,    0.5168774856781863796806320E-01,   -0.1073574288777912888459554E+00,   -207.70%
    0.4285000000000000142108547E+01,   -0.5268809998965616470112394E-01,    0.5164962444266826824268435E-01,   -0.1043377244323244329438083E+00,   -202.01%
    0.4286666666666667069307550E+01,   -0.4966919707513693660327903E-01,    0.5161154171703569160101210E-01,   -0.1012807387921726282042911E+00,   -196.24%
    0.4288333333333333996506553E+01,   -0.4661282795673259149449308E-01,    0.5157350033214765094857768E-01,   -0.9818632828888024244307076E-01,   -190.38%
    0.4289999999999999147348717E+01,   -0.4351885015699639980280011E-01,    0.5153550022933299501470827E-01,   -0.9505435038632939481750839E-01,   -184.44%
    0.4291666666666666074547720E+01,   -0.4038712235508177400555851E-01,    0.5149754135002236610230142E-01,   -0.9188466370510414704675384E-01,   -178.43%
    0.4293333333333333001746723E+01,   -0.3721750440316292513065477E-01,    0.5145962363574820702671886E-01,   -0.8867712803891113215737363E-01,   -172.32%
    0.4294999999999999928945726E+01,   -0.3400985735952484489974523E-01,    0.5142174702814440723219747E-01,   -0.8543160438766925213194270E-01,   -166.14%
    0.4296666666666666856144730E+01,   -0.3076404350955269650924606E-01,    0.5138391146894612931950164E-01,   -0.8214795497849883276764160E-01,   -159.87%
    0.4298333333333333783343733E+01,   -0.2747992636968247734396975E-01,    0.5134611689998958700131837E-01,   -0.7882604326967206087584117E-01,   -153.52%
    0.4300000000000000710542736E+01,   -0.2415737073792059014243350E-01,    0.5130836326321188550769747E-01,   -0.7546573400113247565013097E-01,   -147.08%
    0.4301666666666665861384899E+01,   -0.2079624269885316234507400E-01,    0.5127065050065079954144664E-01,   -0.7206689319950396188652064E-01,   -140.56%
    0.4303333333333332788583903E+01,   -0.1739640965438413525157024E-01,    0.5123297855444444715011798E-01,   -0.6862938820882857893224127E-01,   -133.96%
    0.4304999999999999715782906E+01,   -0.1395774034617420361614748E-01,    0.5119534736683130360379579E-01,   -0.6515308771300551415883717E-01,   -127.26%
    0.4306666666666666642981909E+01,   -0.1048010487504572735284469E-01,    0.5115775688014987526708310E-01,   -0.6163786175519560261992780E-01,   -120.49%
    0.4308333333333333570180912E+01,   -0.6963374727620989107501615E-02,    0.5112020703683849143228457E-01,   -0.5808358176445947707033923E-01,   -113.62%
    0.4310000000000000497379915E+01,   -0.3407422800267482718150625E-02,    0.5108269777943511696927104E-01,   -0.5449012057970260142214514E-01,   -106.67%
    0.4311666666666667424578918E+01,    0.1878765639396579533414167E-03,    0.5104522905057715109755634E-01,   -0.5085735248663749569209003E-01,    -99.63%
    0.4313333333333332575421082E+01,    0.3822647579267749416709332E-02,    0.5100780079300128860841923E-01,   -0.4718515321373353832434816E-01,    -92.51%
    0.4314999999999999502620085E+01,    0.7497012963581106345656302E-02,    0.5097041294954312434795085E-01,   -0.4347339998596201626757107E-01,    -85.29%
    0.4316666666666666429819088E+01,    0.1121109393396409886767273E-01,    0.5093306546313720178931206E-01,   -0.3972197152917310292163933E-01,    -77.99%
    0.4318333333333333357018091E+01,    0.1496501016602126525600891E-01,    0.5089575827681665914914433E-01,   -0.3593074811079539215841194E-01,    -70.60%
    0.4320000000000000284217094E+01,    0.1875887978451235699184352E-01,    0.5085849133371306979300996E-01,   -0.3209961154920071280116645E-01,    -63.12%
    0.4321666666666667211416097E+01,    0.2259281931816181990257952E-01,    0.5082126457705624100746888E-01,   -0.2822844525889442110488936E-01,    -55.54%
    0.4323333333333334138615101E+01,    0.2646694369339180896716357E-01,    0.5078407795017402664994322E-01,   -0.2431713425678221768277965E-01,    -47.88%
    0.4324999999999999289457264E+01,    0.3038136619727449874717173E-01,    0.5074693139649213285968798E-01,   -0.2036556519921763411251625E-01,    -40.13%
    0.4326666666666666216656267E+01,    0.3433619845013353294449487E-01,    0.5070982485953379886867154E-01,   -0.1637362640940026592417667E-01,    -32.29%
    0.4328333333333333143855270E+01,    0.3833155038941472858571302E-01,    0.5067275828291981087936335E-01,   -0.1234120789350508229365033E-01,    -24.35%
    0.4330000000000000071054274E+01,    0.4236753022875880403397275E-01,    0.5063573161036817593672055E-01,   -0.8268201381609371902747796E-02,    -16.33%
    0.4331666666666666998253277E+01,    0.4644424444970222942696836E-01,    0.5059874478569392070026467E-01,   -0.4154500335991691273296311E-02,     -8.21%
    0.4333333333333333925452280E+01,    0.5056179774933866610808764E-01,    0.5056179775280898042177924E-01,   -0.3470314313691602592371055E-11,      0.00%
    0.4335000000000000852651283E+01,    0.5472029304165478696964087E-01,    0.5052489045572185893950845E-01,    0.4195402585932928030132416E-02,      8.30%
    0.4336666666666666003493447E+01,    0.5891983140756489045752886E-01,    0.5048802283853763561705108E-01,    0.8431808569027254840477781E-02,     16.70%
    0.4338333333333332930692450E+01,    0.6316051207700525138566405E-01,    0.5045119484545748655968112E-01,    0.1270931723154776482598294E-01,     25.19%
    0.4339999999999999857891453E+01,    0.6744243240152135443477022E-01,    0.5041440642077880257554412E-01,    0.1702802598074255185922610E-01,     33.78%
    0.4341666666666666785090456E+01,    0.7176568782415511382755113E-01,    0.5037765750889480059759862E-01,    0.2138803031526031322995252E-01,     42.46%
    0.4343333333333333712289459E+01,    0.7613037184798204792812726E-01,    0.5034094805429438490573801E-01,    0.2578942379368766302238924E-01,     51.23%
    0.4345000000000000639488462E+01,    0.8053657601522126729953754E-01,    0.5030427800156193202107957E-01,    0.3023229801365933527845797E-01,     60.10%
    0.4346666666666665790330626E+01,    0.8498438986868152300591106E-01,    0.5026764729537718662255585E-01,    0.3471674257330433638335521E-01,     69.06%
    0.4348333333333332717529629E+01,    0.8947390093445230230262410E-01,    0.5023105588051484521328049E-01,    0.3924284505393745708934361E-01,     78.12%
    0.4349999999999999644728632E+01,    0.9400519468076340423579040E-01,    0.5019450370184466020395675E-01,    0.4381069097891874403183365E-01,     87.28%
    0.4351666666666666571927635E+01,    0.9857835449311602715738445E-01,    0.5015799070433104439592498E-01,    0.4842036378878498276145947E-01,     96.54%
    0.4353333333333333499126638E+01,    0.1031934616525969072853286E+00,    0.5012151683303296689775408E-01,    0.5307194481956394038757452E-01,    105.89%
    0.4355000000000000426325641E+01,    0.1078505952958321856272050E+00,    0.5008508203310372414174267E-01,    0.5776551326272846148546236E-01,    115.33%
    0.4356666666666667353524645E+01,    0.1125498323817908374877561E+00,    0.5004868624979075253378369E-01,    0.6250114613200008495397242E-01,    124.88%
    0.4358333333333332504366808E+01,    0.1172912476744190218846953E+00,    0.5001232942843550355327409E-01,    0.6727891824598351833142118E-01,    134.52%
    0.4359999999999999431565811E+01,    0.1220749137012296092752450E+00,    0.4997601151447306211395016E-01,    0.7209890218675654716129486E-01,    144.27%
    0.4361666666666666358764815E+01,    0.1269009007261595045612523E+00,    0.4993973245343224370840218E-01,    0.7696116827272725391395625E-01,    154.11%
    0.4363333333333333285963818E+01,    0.1317692767211762761014882E+00,    0.4990349219093519889112187E-01,    0.8186578453024107027147238E-01,    164.05%
    0.4365000000000000213162821E+01,    0.1366801073296853574756682E+00,    0.4986729067269728143951824E-01,    0.8681281665698807603614995E-01,    174.09%
    0.4366666666666667140361824E+01,    0.1416334558340154314848292E+00,    0.4983112784452687488156997E-01,    0.9180232798948856354215309E-01,    184.23%
    0.4368333333333334067560827E+01,    0.1466293831376265510701984E+00,    0.4979500365232517739011442E-01,    0.9683437948530138061897787E-01,    194.47%
    0.4369999999999999218402991E+01,    0.1516679477108530682549770E+00,    0.4975891804208610463833296E-01,    0.1019090296687669705555379E+00,    204.81%
    0.4371666666666666145601994E+01,    0.1567492055787960136825632E+00,    0.4972287095989589428279842E-01,    0.1070263346189001263386587E+00,    215.25%
    0.4373333333333333072800997E+01,    0.1618732102722671151173728E+00,    0.4968686235193315453573248E-01,    0.1121863479203339675205342E+00,    225.79%
    0.4375000000000000000000000E+01,    0.1670400128053216304291340E+00,    0.4965089216446857967035555E-01,    0.1173891206408530507587784E+00,    236.43%
    0.4376666666666666927199003E+01,    0.1722496616456569429320922E+00,    0.4961496034386474185406968E-01,    0.1226347013017922010780225E+00,    247.17%
    0.4378333333333333854398006E+01,    0.1775022026630983240647055E+00,    0.4957906683657595237058047E-01,    0.1279231358265223716941250E+00,    258.02%
    0.4380000000000000781597009E+01,    0.1827976791249093235780521E+00,    0.4954321158914803957529216E-01,    0.1332544675357612840027599E+00,    268.97%
    0.4381666666666665932439173E+01,    0.1881361316302086750251732E+00,    0.4950739454821822399521736E-01,    0.1386287370819904440910619E+00,    280.02%
    0.4383333333333332859638176E+01,    0.1935175980948215246346678E+00,    0.4947161566051479220096354E-01,    0.1440459824343067185559164E+00,    291.17%
    0.4384999999999999786837179E+01,    0.1989421137201150546758299E+00,    0.4943587487285711068452088E-01,    0.1495062388472579439913090E+00,    302.42%
    0.4386666666666666714036182E+01,    0.2044097109439282911047542E+00,    0.4940017213215534136461216E-01,    0.1550095388117729566790359E+00,    313.78%
    0.4388333333333333641235185E+01,    0.2099204194144243251773929E+00,    0.4936450738541023341987568E-01,    0.1605559120290140917575172E+00,    325.25%
    0.4390000000000000568434189E+01,    0.2154742659542787652782181E+00,    0.4932888057971299144988109E-01,    0.1661453853745657738283370E+00,    336.81%
    0.4391666666666667495633192E+01,    0.2210712745274264479089510E+00,    0.4929329166224508812499394E-01,    0.1717779828651813667228510E+00,    348.48%
    0.4393333333333332646475355E+01,    0.2267114662003368585896368E+00,    0.4925774058027808377513423E-01,    0.1774537256200587886922904E+00,    360.26%
    0.4394999999999999573674359E+01,    0.2323948591027494292582389E+00,    0.4922222728117336965070194E-01,    0.1831726318215760596075370E+00,    372.13%
    0.4396666666666666500873362E+01,    0.2381214683975182988540098E+00,    0.4918675171238211241142579E-01,    0.1889347166851361725647962E+00,    384.12%
    0.4398333333333333428072365E+01,    0.2438913062439907186718102E+00,    0.4915131382144501126507663E-01,    0.1947399924225456935289458E+00,    396.21%
    0.4400000000000000355271368E+01,    0.2497043817613148475320628E+00,    0.4911591355599213143401371E-01,    0.2005884682053227230369430E+00,    408.40%
    0.4401666666666667282470371E+01,    0.2555607009802079443439027E+00,    0.4908055086374269598836761E-01,    0.2064801501164652552944290E+00,    420.70%
    0.4403333333333334209669374E+01,    0.2614602668248517391980101E+00,    0.4904522569250494706816212E-01,    0.2124150411323467990687419E+00,    433.10%
    0.4404999999999999360511538E+01,    0.2674030790626572007262496E+00,    0.4900993799017597241096666E-01,    0.2183931410724812283152829E+00,    445.61%
    0.4406666666666666287710541E+01,    0.2733891342699594217968695E+00,    0.4897468770474140697945842E-01,    0.2244144465652180286951989E+00,    458.23%
    0.4408333333333333214909544E+01,    0.2794184257910762303467322E+00,    0.4893947478427548153367965E-01,    0.2304789510068007418741587E+00,    470.95%
    0.4410000000000000142108547E+01,    0.2854909437077404188443097E+00,    0.4890429917694064099187301E-01,    0.2365866445307997778524367E+00,    483.77%
    0.4411666666666667069307550E+01,    0.2916066747943785175678499E+00,    0.4886916083098748891933027E-01,    0.2427375139633910217096258E+00,    496.71%
    0.4413333333333333996506553E+01,    0.2977656024712716509306176E+00,    0.4883405969475455854489354E-01,    0.2489315427765170785079363E+00,    509.75%
    0.4414999999999999147348717E+01,    0.3039677067880424132795270E+00,    0.4879899571666816704418324E-01,    0.2551687110713742323575559E+00,    522.90%
    0.4416666666666666074547720E+01,    0.3102129643584130014311029E+00,    0.4876396884524213798384196E-01,    0.2614489955131708565083670E+00,    536.15%
    0.4418333333333333001746723E+01,    0.3165013483450847542322037E+00,    0.4872897902907780826042838E-01,    0.2677723693160069529106693E+00,    549.51%
    0.4419999999999999928945726E+01,    0.3228328283984327473632447E+00,    0.4869402621686371585019160E-01,    0.2741388021815690523297349E+00,    562.98%
    0.4421666666666666856144730E+01,    0.3292073706218593964756280E+00,    0.4865911035737548184787471E-01,    0.2805482602644839285055411E+00,    576.56%
    0.4423333333333333783343733E+01,    0.3356249375486452524164349E+00,    0.4862423139947560229989776E-01,    0.2870007061491696709332189E+00,    590.24%
    0.4425000000000000710542736E+01,    0.3420854880751150739470745E+00,    0.4858938929211332330426742E-01,    0.2934960987830017575817010E+00,    604.03%
    0.4426666666666665861384899E+01,    0.3485889774295732324027597E+00,    0.4855458398432443978265383E-01,    0.3000343934452487926201059E+00,    617.93%
    0.4428333333333332788583903E+01,    0.3551353571483440441092228E+00,    0.4851981542523103874131607E-01,    0.3066155417231130053679067E+00,    631.94%
    0.4429999999999999715782906E+01,    0.3617245749995303683022030E+00,    0.4848508356404152702667787E-01,    0.3132394914354888482144190E+00,    646.05%
    0.4431666666666666642981909E+01,    0.3683565749729669214218575E+00,    0.4845038835005029131952625E-01,    0.3199061866229166439801190E+00,    660.28%
    0.4433333333333333570180912E+01,    0.3750312972213726836478997E+00,    0.4841572973263757323492129E-01,    0.3266155674887351034740846E+00,    674.61%
    0.4435000000000000497379915E+01,    0.3817486780156297832000689E+00,    0.4838110766126933748321193E-01,    0.3333675703543604318390692E+00,    689.04%
    0.4436666666666667424578918E+01,    0.3885086497136613359337787E+00,    0.4834652208549704982543105E-01,    0.3401621276281642791694537E+00,    703.59%
    0.4438333333333332575421082E+01,    0.3953111407094431206665774E+00,    0.4831197295495755217320522E-01,    0.3469991677544855823711600E+00,    718.25%
    0.4439999999999999502620085E+01,    0.4021560753943215771322173E+00,    0.4827746021937279197189241E-01,    0.3538786151749487851603249E+00,    733.01%
    0.4441666666666666429819088E+01,    0.4090433741024867564384238E+00,    0.4824298382854979444500643E-01,    0.3608003902739369550545234E+00,    747.88%
    0.4443333333333333357018091E+01,    0.4159729530773494943218793E+00,    0.4820854373238044748850584E-01,    0.3677644093449690676500552E+00,    762.86%
    0.4445000000000000284217094E+01,    0.4229447244283117690599738E+00,    0.4817413988084125880950737E-01,    0.3747705845474705310671482E+00,    777.95%
    0.4446666666666667211416097E+01,    0.4299585960819101715379986E+00,    0.4813977222399327959845294E-01,    0.3818188238579168780617579E+00,    793.15%
    0.4448333333333334138615101E+01,    0.4370144717237356979389062E+00,    0.4810544071198188942339868E-01,    0.3889090310117537807599319E+00,    808.45%
    0.4449999999999999289457264E+01,    0.4441122507814948550119993E+00,    0.4807114529503666439103071E-01,    0.3960411054864582114376503E+00,    823.86%
    0.4451666666666666216656267E+01,    0.4512518283593124901464932E+00,    0.4803688592347111346869681E-01,    0.4032149424358413836166903E+00,    839.39%
    0.4453333333333333143855270E+01,    0.4584330951930104536273802E+00,    0.4800266254768265072883082E-01,    0.4104304326453278028985494E+00,    855.02%
    0.4455000000000000071054274E+01,    0.4656559376061249477807280E+00,    0.4796847511815234554877208E-01,    0.4176874624879726161097437E+00,    870.75%
    0.4456666666666666998253277E+01,    0.4729202374708977307804503E+00,    0.4793432358544479077178124E-01,    0.4249859138854529261308812E+00,    886.60%
    0.4458333333333333925452280E+01,    0.4802258721508926853083210E+00,    0.4790020790020788760132930E-01,    0.4323256642506848046458856E+00,    902.55%
    0.4460000000000000852651283E+01,    0.4875727144549810709861504E+00,    0.4786612801317274151768899E-01,    0.4397065864418083225295675E+00,    918.62%
    0.4461666666666666003493447E+01,    0.4949606325991428024124730E+00,    0.4783208387515348880558719E-01,    0.4471285487239893274846736E+00,    934.79%
    0.4463333333333332930692450E+01,    0.5023894901409826641014433E+00,    0.4779807543704702593734268E-01,    0.4545914147039356589807824E+00,    951.07%
    0.4464999999999999857891453E+01,    0.5098591459521329971593673E+00,    0.4776410264983300263397226E-01,    0.4620950433023000014642889E+00,    967.45%
    0.4466666666666666785090456E+01,    0.5173694541552710246534730E+00,    0.4773016546457361369837358E-01,    0.4696392886906974317717811E+00,    983.95%
    0.4468333333333333712289459E+01,    0.5249202640779340178767143E+00,    0.4769626383241334227625075E-01,    0.4772240002455206964171452E+00,   1000.55%
    0.4470000000000000639488462E+01,    0.5325114202164514809467732E+00,    0.4766239770457891128385697E-01,    0.4848490225118725627240224E+00,   1017.26%
    0.4471666666666665790330626E+01,    0.5401427621544322432711738E+00,    0.4762856703237910993564697E-01,    0.4925141951220531333355268E+00,   1034.07%
    0.4473333333333332717529629E+01,    0.5478141245576479967382966E+00,    0.4759477176720446067736958E-01,    0.5002193527904434944275636E+00,   1051.00%
    0.4474999999999999644728632E+01,    0.5555253370770590892746554E+00,    0.4756101186052733714726415E-01,    0.5079643252165317868218608E+00,   1068.03%
    0.4476666666666666571927635E+01,    0.5632762243361664200591576E+00,    0.4752728726390160335357749E-01,    0.5157489370722647681333228E+00,   1085.16%
    0.4478333333333333499126638E+01,    0.5710666058598720118411052E+00,    0.4749359792896250959115534E-01,    0.5235730079309095508222072E+00,   1102.41%
    0.4480000000000000426325641E+01,    0.5788962960253664080667590E+00,    0.4745994380742652590798869E-01,    0.5314363522179398335865130E+00,   1119.76%
    0.4481666666666667353524645E+01,    0.5867651040169945542146479E+00,    0.4742632485109120332733568E-01,    0.5393387791659033370095244E+00,   1137.21%
    0.4483333333333332504366808E+01,    0.5946728337711184586567015E+00,    0.4739274101183504200873742E-01,    0.5472800927592834652202214E+00,   1154.78%
    0.4484999999999999431565811E+01,    0.6026192839196992112604789E+00,    0.4735919224161713736442891E-01,    0.5552600916780821016516256E+00,   1172.44%
    0.4486666666666666358764815E+01,    0.6106042477430609904942571E+00,    0.4732567849247732577611103E-01,    0.5632785692505836161458888E+00,   1190.22%
    0.4488333333333333285963818E+01,    0.6186275131162300988663105E+00,    0.4729219971653580989467969E-01,    0.5713353133996943444827821E+00,   1208.10%
    0.4490000000000000213162821E+01,    0.6266888624561561815795585E+00,    0.4725875586599306149571120E-01,    0.5794301065901631409005290E+00,   1226.08%
    0.4491666666666667140361824E+01,    0.6347880726594121725270270E+00,    0.4722534689312968270158422E-01,    0.5875627257662825453365940E+00,   1244.17%
    0.4493333333333334067560827E+01,    0.6429249150606126672613527E+00,    0.4719197275030621169245038E-01,    0.5957329423103064902633719E+00,   1262.36%
    0.4494999999999999218402991E+01,    0.6510991553736098502724872E+00,    0.4715863338996301168393188E-01,    0.6039405219836468940997065E+00,   1280.66%
    0.4496666666666666145601994E+01,    0.6593105536326604454444578E+00,    0.4712532876461999337136533E-01,    0.6121852248680405006453498E+00,   1299.06%
    0.4498333333333333072800997E+01,    0.6675588641397602884808293E+00,    0.4709205882687664268537731E-01,    0.6204668053128836735510276E+00,   1317.56%
    0.4500000000000000000000000E+01,    0.6758438354185443142085887E+00,    0.4705882352941176405280999E-01,    0.6287850118891324946446275E+00,   1336.17%
    0.4501666666666666927199003E+01,    0.6841652101320626622182886E+00,    0.4702562282498329304658569E-01,    0.6371395873070793136605516E+00,   1354.88%
    0.4503333333333333854398006E+01,    0.6925227250620892283095031E+00,    0.4699245666642821311898004E-01,    0.6455302683956609666182658E+00,   1373.69%
    0.4505000000000000781597009E+01,    0.7009161110231182378882409E+00,    0.4695932500666234049591097E-01,    0.6539567860164559043312238E+00,   1392.60%
    0.4506666666666665932439173E+01,    0.7093450928266946675648796E+00,    0.4692622779868024091021184E-01,    0.6624188650280143919601983E+00,   1411.62%
    0.4508333333333332859638176E+01,    0.7178093892006394138860514E+00,    0.4689316499555492429029968E-01,    0.6709162242050844549012822E+00,   1430.73%
    0.4509999999999999786837179E+01,    0.7263087127577861901173151E+00,    0.4686013655043790721022035E-01,    0.6794485762073483314793521E+00,   1449.95%
    0.4511666666666666714036182E+01,    0.7348427699218853526019757E+00,    0.4682714241655890757831671E-01,    0.6880156275053264103291895E+00,   1469.27%
    0.4513333333333333641235185E+01,    0.7434112608661849197488891E+00,    0.4679418254722572667603231E-01,    0.6966170783189591375617056E+00,   1488.68%
    0.4515000000000000568434189E+01,    0.7520138794689509298407870E+00,    0.4676125689582408956335158E-01,    0.7052526225731268194607537E+00,   1508.20%
    0.4516666666666667495633192E+01,    0.7606503132431514657696425E+00,    0.4672836541581753405649735E-01,    0.7139219478273339802854025E+00,   1527.81%
    0.4518333333333332646475355E+01,    0.7693202432800115841970978E+00,    0.4669550806074723725558329E-01,    0.7226247352192642914303633E+00,   1547.53%
    0.4519999999999999573674359E+01,    0.7780233441856327925023606E+00,    0.4666268478423175880553941E-01,    0.7313606594014010475746090E+00,   1567.34%
    0.4521666666666666500873362E+01,    0.7867592840315676960827318E+00,    0.4662989553996707559058166E-01,    0.7401293884916005927365745E+00,   1587.24%
    0.4523333333333333428072365E+01,    0.7955277242794172032347433E+00,    0.4659714028172631111734958E-01,    0.7489305839976908574229242E+00,   1607.25%
    0.4525000000000000355271368E+01,    0.8043283197343611412577502E+00,    0.4656441896335961061481612E-01,    0.7577639007710015306429341E+00,   1627.35%
    0.4526666666666667282470371E+01,    0.8131607184640138319409175E+00,    0.4653173153879400919530340E-01,    0.7666289869252198574400836E+00,   1647.54%
    0.4528333333333334209669374E+01,    0.8220245617584922559473171E+00,    0.4649907796203323062655954E-01,    0.7755254837964590253207575E+00,   1667.83%
    0.4529999999999999360511538E+01,    0.8309194840571445528354388E+00,    0.4646645818715761100392569E-01,    0.7844530258699868863203619E+00,   1688.21%
    0.4531666666666666287710541E+01,    0.8398451128862493009208379E+00,    0.4643387216832382813347380E-01,    0.7934112407179254589095763E+00,   1708.69%
    0.4533333333333333214909544E+01,    0.8488010687953232435987161E+00,    0.4640131985976490847090048E-01,    0.8023997489355583212500278E+00,   1729.26%
    0.4535000000000000142108547E+01,    0.8577869652905568687017990E+00,    0.4636880121578996344355872E-01,    0.8114181640747668566859829E+00,   1749.92%
    0.4536666666666667069307550E+01,    0.8668024087847358005731735E+00,    0.4633631619078411312262489E-01,    0.8204660925939516458171852E+00,   1770.68%
    0.4538333333333333996506553E+01,    0.8758469985178304328954368E+00,    0.4630386473920825723959993E-01,    0.8295431337786222103503064E+00,   1791.52%
    0.4539999999999999147348717E+01,    0.8849203265010903152187893E+00,    0.4627144681559904743073375E-01,    0.8386488796854912886047373E+00,   1812.45%
    0.4541666666666666074547720E+01,    0.8940219774392829110709613E+00,    0.4623906237456852641454219E-01,    0.8477829150647143707786313E+00,   1833.48%
    0.4543333333333333001746723E+01,    0.9031515286887704663243426E+00,    0.4620671137080424595300343E-01,    0.8569448173179662342491270E+00,   1854.59%
    0.4544999999999999928945726E+01,    0.9123085501682385300981082E+00,    0.4617439375906894072354447E-01,    0.8661341564091695754967759E+00,   1875.79%
    0.4546666666666666856144730E+01,    0.9214926042998624611257696E+00,    0.4614210949420044505231431E-01,    0.8753504948056620715846066E+00,   1897.08%
    0.4548333333333333783343733E+01,    0.9307032459527768697427064E+00,    0.4610985853111152638073023E-01,    0.8845933874216653780564457E+00,   1918.45%
    0.4550000000000000710542736E+01,    0.9399400223570426593511229E+00,    0.4607764082478975342649363E-01,    0.8938623815322529475579927E+00,   1939.90%
    0.4551666666666665861384899E+01,    0.9492024730544782462615672E+00,    0.4604545633029737822239369E-01,    0.9031570167241809166114308E+00,   1961.45%
    0.4553333333333332788583903E+01,    0.9584901298199306474145942E+00,    0.4601330500277103774386944E-01,    0.9124768248171596374263004E+00,   1983.07%
    0.4554999999999999715782906E+01,    0.9678025165886299241435609E+00,    0.4598118679742183717573667E-01,    0.9218213297912081216622937E+00,   2004.78%
    0.4556666666666666642981909E+01,    0.9771391494100326591265571E+00,    0.4594910166953507929532563E-01,    0.9311900477404976284034888E+00,   2026.57%
    0.4558333333333333570180912E+01,    0.9864995363414956752734497E+00,    0.4591704957447011181681518E-01,    0.9405824867670256050899980E+00,   2048.44%
    0.4560000000000000497379915E+01,    0.9958831774183199980754466E+00,    0.4588503046766022330782420E-01,    0.9499981469506597608898346E+00,   2070.39%
    0.4561666666666667424578918E+01,    0.1005289564548618841399730E+01,    0.4585304430461245583927621E-01,    0.9594365202440063855604535E+00,   2092.42%
    0.4563333333333332575421082E+01,    0.1014718181469065116928618E+01,    0.4582109104090755641314203E-01,    0.9688970904281575258210069E+00,   2114.52%
    0.4564999999999999502620085E+01,    0.1024168503660648932296340E+01,    0.4578917063219964389553240E-01,    0.9783793330284492606452318E+00,   2136.70%
    0.4566666666666666429819088E+01,    0.1033639998283166772097275E+01,    0.4575728303421628534453092E-01,    0.9878827152489504381804863E+00,   2158.96%
    0.4568333333333333357018091E+01,    0.1043132124095980328704059E+01,    0.4572542820275823233222567E-01,    0.9974066958932220616773634E+00,   2181.30%
    0.4570000000000000284217094E+01,    0.1052644331384092524217522E+01,    0.4569360609369930298351292E-01,    0.1006950725290393311439630E+01,   2203.70%
    0.4571666666666667211416097E+01,    0.1062176061907897706149129E+01,    0.4566181666298622932043116E-01,    0.1016514245244911407439758E+01,   2226.18%
    0.4573333333333334138615101E+01,    0.1071726748795605255182295E+01,    0.4563005986663853236207089E-01,    0.1026096688928966660370179E+01,   2248.73%
    0.4574999999999999289457264E+01,    0.1081295816492962469368422E+01,    0.4559833566074839722448431E-01,    0.1035697480832214134593983E+01,   2271.35%
    0.4576666666666666216656267E+01,    0.1090882680689811534691103E+01,    0.4556664400148041638161089E-01,    0.1045316036688331173820643E+01,   2294.04%
    0.4578333333333333143855270E+01,    0.1100486748227776701014591E+01,    0.4553498484507164517642863E-01,    0.1054951763382705021143693E+01,   2316.79%
    0.4580000000000000071054274E+01,    0.1110107417044642996728498E+01,    0.4550335814783130344851614E-01,    0.1064604058896811755730027E+01,   2339.62%
    0.4581666666666666998253277E+01,    0.1119744076086333306463416E+01,    0.4547176386614072002290143E-01,    0.1074272312220192482357106E+01,   2362.50%
    0.4583333333333333925452280E+01,    0.1129396105235343839012785E+01,    0.4544020195645313148213873E-01,    0.1083955903278890797736267E+01,   2385.46%
    0.4585000000000000852651283E+01,    0.1139062875234203575658398E+01,    0.4540867237529357808289987E-01,    0.1093654202858910018392180E+01,   2408.47%
    0.4586666666666666003493447E+01,    0.1148743747602170683919098E+01,    0.4537717507925881355035358E-01,    0.1103366572522911814857594E+01,   2431.55%
    0.4588333333333332930692450E+01,    0.1158438074581486176839462E+01,    0.4534571002501698588904588E-01,    0.1113092364556469204828204E+01,   2454.68%
    0.4589999999999999857891453E+01,    0.1168145199018743030094925E+01,    0.4531427716930774146630867E-01,    0.1122830921849435226178571E+01,   2477.87%
    0.4591666666666666785090456E+01,    0.1177864454320604492565394E+01,    0.4528287646894191970092791E-01,    0.1132581577851662579803360E+01,   2501.13%
    0.4593333333333333712289459E+01,    0.1187595164364957156521996E+01,    0.4525150788080149061309854E-01,    0.1142343656484155589581064E+01,   2524.43%
    0.4595000000000000639488462E+01,    0.1197336643427215019386267E+01,    0.4522017136183936747428902E-01,    0.1152116472065375596400827E+01,   2547.79%
    0.4596666666666665790330626E+01,    0.1207088196073537567087897E+01,    0.4518886686907933741830234E-01,    0.1161899329204458153341761E+01,   2571.21%
    0.4598333333333332717529629E+01,    0.1216849117126838075719775E+01,    0.4515759435961577694662594E-01,    0.1171691522767222215506422E+01,   2594.67%
    0.4599999999999999644728632E+01,    0.1226618691541160321989423E+01,    0.4512635379061372825626464E-01,    0.1181492337750546628427628E+01,   2618.19%
    0.4601666666666666571927635E+01,    0.1236396194345373844569735E+01,    0.4509514511930860086730277E-01,    0.1191301049226065167374600E+01,   2641.75%
    0.4603333333333333499126638E+01,    0.1246180890560183440740616E+01,    0.4506396830300611611175299E-01,    0.1201116922257177366262226E+01,   2665.36%
    0.4605000000000000426325641E+01,    0.1255972035099391925783152E+01,    0.4503282329908211284452690E-01,    0.1210939211800309722733004E+01,   2689.01%
    0.4606666666666667353524645E+01,    0.1265768872712886183862224E+01,    0.4500171006498245029892047E-01,    0.1220767162647903747441092E+01,   2712.71%
    0.4608333333333332504366808E+01,    0.1275570637884233748948759E+01,    0.4497062855822292481988711E-01,    0.1230600009326010768617721E+01,   2736.45%
    0.4609999999999999431565811E+01,    0.1285376554747634569864090E+01,    0.4493957873638893679713036E-01,    0.1240436976011245695517005E+01,   2760.23%
    0.4611666666666666358764815E+01,    0.1295185837019509955680974E+01,    0.4490856055713560862630018E-01,    0.1250277276462374409504719E+01,   2784.05%
    0.4613333333333333285963818E+01,    0.1304997687896951807928758E+01,    0.4487757397818750715323688E-01,    0.1260120113918764328531097E+01,   2807.91%
    0.4615000000000000213162821E+01,    0.1314811299977289182905338E+01,    0.4484661895733852571277467E-01,    0.1269964681019950747398184E+01,   2831.80%
    0.4616666666666667140361824E+01,    0.1324625855175040278766119E+01,    0.4481569545245178698422706E-01,    0.1279810159722588380759589E+01,   2855.72%
    0.4618333333333334067560827E+01,    0.1334440524643979220087431E+01,    0.4478480342145944870235752E-01,    0.1289655721222519701996134E+01,   2879.67%
    0.4619999999999999218402991E+01,    0.1344254468659471513092285E+01,    0.4475394282236266202401609E-01,    0.1299500525837108844129375E+01,   2903.66%
    0.4621666666666666145601994E+01,    0.1354066836569701726133985E+01,    0.4472311361323129397238318E-01,    0.1309343722956470390528239E+01,   2927.67%
    0.4623333333333333072800997E+01,    0.1363876766697731834909746E+01,    0.4469231575220395519254524E-01,    0.1319184450945527942167246E+01,   2951.70%
    0.4625000000000000000000000E+01,    0.1373683386224915814466385E+01,    0.4466154919748778484578366E-01,    0.1329021837027428043498389E+01,   2975.76%
    0.4626666666666666927199003E+01,    0.1383485811136330623227764E+01,    0.4463081390735832570948460E-01,    0.1338854997228972276701597E+01,   2999.84%
    0.4628333333333333854398006E+01,    0.1393283146123856841569477E+01,    0.4460010984015939233815473E-01,    0.1348683036283697456170216E+01,   3023.95%
    0.4630000000000000781597009E+01,    0.1403074484478972649981188E+01,    0.4456943695430293922443710E-01,    0.1358505047524669606673342E+01,   3048.06%
    0.4631666666666665932439173E+01,    0.1412858908027498250348231E+01,    0.4453879520826898447127817E-01,    0.1368320112819229272815846E+01,   3072.20%
    0.4633333333333332859638176E+01,    0.1422635487021137290497563E+01,    0.4450818456060531835838390E-01,    0.1378127302460532055405906E+01,   3096.35%
    0.4634999999999999786837179E+01,    0.1432403280045959848010284E+01,    0.4447760496992758660894651E-01,    0.1387925675076032261401338E+01,   3120.50%
    0.4636666666666666714036182E+01,    0.1442161333941627709975819E+01,    0.4444705639491900589499451E-01,    0.1397714277546708627752992E+01,   3144.67%
    0.4638333333333333641235185E+01,    0.1451908683710274594602652E+01,    0.4441653879433032220402922E-01,    0.1407492144915944320970880E+01,   3168.85%
    0.4640000000000000568434189E+01,    0.1461644352393894008557140E+01,    0.4438605212697960961110155E-01,    0.1417258300266914350373781E+01,   3193.03%
    0.4641666666666667495633192E+01,    0.1471367351037278670133901E+01,    0.4435559635175218701208522E-01,    0.1427011754685526545571861E+01,   3217.21%
    0.4643333333333332646475355E+01,    0.1481076678526754841769275E+01,    0.4432517142760050710137421E-01,    0.1436751507099154334667901E+01,   3241.39%
    0.4644999999999999573674359E+01,    0.1490771321553632455803040E+01,    0.4429477731354390657170228E-01,    0.1446476544240088646375852E+01,   3265.57%
    0.4646666666666666500873362E+01,    0.1500450254473914668551515E+01,    0.4426441396866866856418810E-01,    0.1456185840505245909781706E+01,   3289.74%
    0.4648333333333333428072365E+01,    0.1510112439243384230280753E+01,    0.4423408135212773817368515E-01,    0.1465878357891256422718129E+01,   3313.91%
    0.4650000000000000355271368E+01,    0.1519756825321195492506376E+01,    0.4420377942314067387652443E-01,    0.1475553045898054804752064E+01,   3338.07%
    0.4651666666666667282470371E+01,    0.1529382349545615360497663E+01,    0.4417350814099348793595468E-01,    0.1485208841404621837867239E+01,   3362.22%
    0.4653333333333334209669374E+01,    0.1538987936057171657111553E+01,    0.4414326746503851456315815E-01,    0.1494844668592133052342774E+01,   3386.35%
    0.4654999999999999360511538E+01,    0.1548572496203893811284047E+01,    0.4411305735469435440609942E-01,    0.1504459438849199415244584E+01,   3410.46%
    0.4656666666666666287710541E+01,    0.1558134928437688193625377E+01,    0.4408287776944557617708753E-01,    0.1514052050668242666020546E+01,   3434.56%
    0.4658333333333333214909544E+01,    0.1567674118199400501438845E+01,    0.4405272866884278604171499E-01,    0.1523621389530557701519342E+01,   3458.63%
    0.4660000000000000142108547E+01,    0.1577188937858448047890647E+01,    0.4402261001250241945204067E-01,    0.1533166327845945531294092E+01,   3482.68%
    0.4661666666666667069307550E+01,    0.1586678246558774096897082E+01,    0.4399252176010656767424223E-01,    0.1542685724798667612489567E+01,   3506.70%
    0.4663333333333333996506553E+01,    0.1596140890175760551628059E+01,    0.4396246387140294309414656E-01,    0.1552178426304357650167276E+01,   3530.69%
    0.4664999999999999147348717E+01,    0.1605575701157521351092328E+01,    0.4393243630620469880598833E-01,    0.1561643264851316548202931E+01,   3554.65%
    0.4666666666666666074547720E+01,    0.1614981498481416366530539E+01,    0.4390243902439025514006232E-01,    0.1571079059457026083634901E+01,   3578.57%
    0.4668333333333333001746723E+01,    0.1624357087500802876434136E+01,    0.4387247198590329272382959E-01,    0.1580484615514899493504686E+01,   3602.45%
    0.4669999999999999928945726E+01,    0.1633701259869035249394642E+01,    0.4384253515075255819288813E-01,    0.1589858724718282712018436E+01,   3626.29%
    0.4671666666666666856144730E+01,    0.1643012793433735740933344E+01,    0.4381262847901173929088259E-01,    0.1599200164954724057153612E+01,   3650.09%
    0.4673333333333333783343733E+01,    0.1652290452121459640721923E+01,    0.4378275193081935384720182E-01,    0.1608507700190640266058040E+01,   3673.84%
    0.4675000000000000710542736E+01,    0.1661532985848053867172780E+01,    0.4375290546637861099910083E-01,    0.1617780080381675311684830E+01,   3697.54%
    0.4676666666666665861384899E+01,    0.1670739130407867811811684E+01,    0.4372308904595734874165558E-01,    0.1627016041361910358986620E+01,   3721.18%
    0.4678333333333332788583903E+01,    0.1679907607343810171940390E+01,    0.4369330262988775637200689E-01,    0.1636214304713922373935020E+01,   3744.77%
    0.4679999999999999715782906E+01,    0.1689037123893120106998822E+01,    0.4366354617856644387829945E-01,    0.1645373577714553725570568E+01,   3768.30%
    0.4681666666666666642981909E+01,    0.1698126372822976071219614E+01,    0.4363381965245420601728910E-01,    0.1654492553170521906835688E+01,   3791.77%
    0.4683333333333333570180912E+01,    0.1707174032366660654247426E+01,    0.4360412301207591823093423E-01,    0.1663569909354584819283218E+01,   3815.17%
    0.4685000000000000497379915E+01,    0.1716178766085487916726038E+01,    0.4357445621802042562409341E-01,    0.1672604309867467442529687E+01,   3838.50%
    0.4686666666666667424578918E+01,    0.1725139222775182501479208E+01,    0.4354481923094041806443499E-01,    0.1681594403544242055659197E+01,   3861.76%
    0.4688333333333332575421082E+01,    0.1734054036346621252562272E+01,    0.4351521201155233303792258E-01,    0.1690538824335068968096607E+01,   3884.94%
    0.4689999999999999502620085E+01,    0.1742921825746765351894396E+01,    0.4348563452063611972642221E-01,    0.1699436191226129322373595E+01,   3908.04%
    0.4691666666666666429819088E+01,    0.1751741194792222122700309E+01,    0.4345608671903528064106581E-01,    0.1708285108073186897570395E+01,   3931.06%
    0.4693333333333333357018091E+01,    0.1760510732092960717309893E+01,    0.4342656856765666345543409E-01,    0.1717084163525304019159989E+01,   3953.99%
    0.4695000000000000284217094E+01,    0.1769229010952950265078698E+01,    0.4339708002747034304436013E-01,    0.1725831930925479928973232E+01,   3976.84%
    0.4696666666666667211416097E+01,    0.1777894589226233001966193E+01,    0.4336762105950952433941481E-01,    0.1734526968166723470687884E+01,   3999.59%
    0.4698333333333334138615101E+01,    0.1786506009218526980220076E+01,    0.4333819162487037579545301E-01,    0.1743167817593656687691350E+01,   4022.24%
    0.4699999999999999289457264E+01,    0.1795061797566662065150922E+01,    0.4330879168471200857393200E-01,    0.1751753005881950153721505E+01,   4044.80%
    0.4701666666666666216656267E+01,    0.1803560465142173274699644E+01,    0.4327942120025617123157957E-01,    0.1760281043941917200612579E+01,   4067.25%
    0.4703333333333333143855270E+01,    0.1812000506913398867325782E+01,    0.4325008013278736074269659E-01,    0.1768750426780611562094236E+01,   4089.59%
    0.4705000000000000071054274E+01,    0.1820380401836112715940885E+01,    0.4322076844365254494340078E-01,    0.1777159633392460191814166E+01,   4111.82%
    0.4706666666666666998253277E+01,    0.1828698612749843244174031E+01,    0.4319148609426109314268771E-01,    0.1785507126655582199603600E+01,   4133.93%
    0.4708333333333333925452280E+01,    0.1836953586247815017884477E+01,    0.4316223304608466510012832E-01,    0.1793791353201730442989970E+01,   4155.93%
    0.4710000000000000852651283E+01,    0.1845143752547856674794957E+01,    0.4313300926065707224799084E-01,    0.1802010743287199678874799E+01,   4177.80%
    0.4711666666666666003493447E+01,    0.1853267525412878535817640E+01,    0.4310381469957420136340787E-01,    0.1810163710713304396904277E+01,   4199.54%
    0.4713333333333332930692450E+01,    0.1861323301983524025615679E+01,    0.4307464932449377864598361E-01,    0.1818248652659030240030802E+01,   4221.16%
    0.4714999999999999857891453E+01,    0.1869309462691938872325181E+01,    0.4304551309713543216783904E-01,    0.1826263949594803426279555E+01,   4242.63%
    0.4716666666666666785090456E+01,    0.1877224371131998248429795E+01,    0.4301640597928042819564354E-01,    0.1834207965152717889623091E+01,   4263.97%
    0.4718333333333333712289459E+01,    0.1885066373939024764183614E+01,    0.4298732793277163649614536E-01,    0.1842079046006253051359636E+01,   4285.17%
    0.4720000000000000639488462E+01,    0.1892833800657059972749607E+01,    0.4295827891951335686382407E-01,    0.1849875521737546657519147E+01,   4306.21%
    0.4721666666666665790330626E+01,    0.1900524963631885055903581E+01,    0.4292925890147128442642099E-01,    0.1857595704730413688210433E+01,   4327.11%
    0.4723333333333332717529629E+01,    0.1908138157876642093668806E+01,    0.4290026784067223208918307E-01,    0.1865237890035969847701836E+01,   4347.85%
    0.4724999999999999644728632E+01,    0.1915671660959058053563808E+01,    0.4287130569920420686269580E-01,    0.1872800355259853777312173E+01,   4368.42%
    0.4726666666666666571927635E+01,    0.1923123732870306357156664E+01,    0.4284237243921619475717222E-01,    0.1880281360431090176277280E+01,   4388.84%
    0.4728333333333333499126638E+01,    0.1930492615890855745419685E+01,    0.4281346802291804282125653E-01,    0.1887679147867937778926262E+01,   4409.08%
    0.4730000000000000426325641E+01,    0.1937776534488039992254471E+01,    0.4278459241258037587529728E-01,    0.1894991942075459512295765E+01,   4429.15%
    0.4731666666666667353524645E+01,    0.1944973695160419069338786E+01,    0.4275574557053444385568142E-01,    0.1902217949589884549155272E+01,   4449.03%
    0.4733333333333332504366808E+01,    0.1952082286340179884120971E+01,    0.4272692745917205936478922E-01,    0.1909355358881007713733879E+01,   4468.74%
    0.4734999999999999431565811E+01,    0.1959100478231871278467224E+01,    0.4269813804094538950417714E-01,    0.1916402340190925812635214E+01,   4488.26%
    0.4736666666666666358764815E+01,    0.1966026422724922007034820E+01,    0.4266937727836696281347173E-01,    0.1923357045446554947076834E+01,   4507.58%
    0.4738333333333333285963818E+01,    0.1972858253230500125141589E+01,    0.4264064513400947498134030E-01,    0.1930217608096490566893522E+01,   4526.71%
    0.4740000000000000213162821E+01,    0.1979594084552762867090792E+01,    0.4261194157050571945655193E-01,    0.1936982142982257126817558E+01,   4545.63%
    0.4741666666666667140361824E+01,    0.1986232012791369294646415E+01,    0.4258326655054840009784201E-01,    0.1943648746240820956998618E+01,   4564.35%
    0.4743333333333334067560827E+01,    0.1992770115164812283481410E+01,    0.4255462003689011035723055E-01,    0.1950215495127922249452013E+01,   4582.85%
    0.4744999999999999218402991E+01,    0.1999206449919923134217470E+01,    0.4252600199234320144103805E-01,    0.1956680447927579891143068E+01,   4601.14%
    0.4746666666666666145601994E+01,    0.2005539056158725852441194E+01,    0.4249741237977954638749267E-01,    0.1963041643778946410137110E+01,   4619.20%
    0.4748333333333333072800997E+01,    0.2011765953741407209065528E+01,    0.4246885116213062333345718E-01,    0.1969297102579276481648662E+01,   4637.04%
    0.4750000000000000000000000E+01,    0.2017885143139032777526154E+01,    0.4244031830238726571424834E-01,    0.1975444824836645407728497E+01,   4654.64%
    0.4751666666666666927199003E+01,    0.2023894605276435054719286E+01,    0.4241181376359960675248573E-01,    0.1981482791512835461844588E+01,   4672.01%
    0.4753333333333333854398006E+01,    0.2029792301434837131779432E+01,    0.4238333750887694068021361E-01,    0.1987408963925960225793688E+01,   4689.13%
    0.4755000000000000781597009E+01,    0.2035576173094684193642934E+01,    0.4235488950138763947217413E-01,    0.1993221283593296533354078E+01,   4706.00%
    0.4756666666666665932439173E+01,    0.2041244141787392774034515E+01,    0.4232646970435902794571703E-01,    0.1998917672083033725272116E+01,   4722.62%
    0.4758333333333332859638176E+01,    0.2046794108979733017861236E+01,    0.4229807808107719641066424E-01,    0.2004496030898655689611587E+01,   4738.98%
    0.4759999999999999786837179E+01,    0.2052223955932173993232936E+01,    0.4226971459488705618046112E-01,    0.2009954241337287061952566E+01,   4755.07%
    0.4761666666666666714036182E+01,    0.2057531543535915385945145E+01,    0.4224137920919209671088979E-01,    0.2015290164326723143517484E+01,   4770.89%
    0.4763333333333333641235185E+01,    0.2062714712200732769531442E+01,    0.4221307188745431621113013E-01,    0.2020501640313278279847964E+01,   4786.44%
    0.4765000000000000568434189E+01,    0.2067771281712643460792833E+01,    0.4218479259319410368256342E-01,    0.2025586489119449495888148E+01,   4801.70%
    0.4766666666666667495633192E+01,    0.2072699051068719100499038E+01,    0.4215654128999015565204544E-01,    0.2030542509778729076685977E+01,   4816.67%
    0.4768333333333332646475355E+01,    0.2077495798348676370181920E+01,    0.4212831794147933045513454E-01,    0.2035367480407197060543467E+01,   4831.35%
    0.4769999999999999573674359E+01,    0.2082159280589537253547405E+01,    0.4210012251135651639710744E-01,    0.2040059158078180612250208E+01,   4845.73%
    0.4771666666666666500873362E+01,    0.2086687233591736578830478E+01,    0.4207195496337461093627752E-01,    0.2044615278628362009527564E+01,   4859.81%
    0.4773333333333333428072365E+01,    0.2091077371840676324410424E+01,    0.4204381526134435415054114E-01,    0.2049033556579332060465504E+01,   4873.57%
    0.4775000000000000355271368E+01,    0.2095327388319372374780869E+01,    0.4201570336913421077618125E-01,    0.2053311684950238191760263E+01,   4887.01%
    0.4776666666666667282470371E+01,    0.2099434954352133786414925E+01,    0.4198761925067028000224667E-01,    0.2057447335101463714579495E+01,   4900.13%
    0.4778333333333334209669374E+01,    0.2103397719500537998982281E+01,    0.4195956286993617750935570E-01,    0.2061438156630601703511729E+01,   4912.92%
    0.4779999999999999360511538E+01,    0.2107213311376078035408455E+01,    0.4193153419097298689743880E-01,    0.2065281777185104861160880E+01,   4925.37%
    0.4781666666666666287710541E+01,    0.2110879335508452747660613E+01,    0.4190353317787898906887634E-01,    0.2068975802330573543486025E+01,   4937.47%
    0.4783333333333333214909544E+01,    0.2114393375207668235304936E+01,    0.4187555979480975937301324E-01,    0.2072517815412858510626393E+01,   4949.23%
    0.4785000000000000142108547E+01,    0.2117752991384807437214022E+01,    0.4184761400597793168376626E-01,    0.2075905377378829630430346E+01,   4960.63%
    0.4786666666666667069307550E+01,    0.2120955722423792710884527E+01,    0.4181969577565312207179105E-01,    0.2079136026648139790040659E+01,   4971.67%
    0.4788333333333333996506553E+01,    0.2123999084020975036679602E+01,    0.4179180506816183859886138E-01,    0.2082207278952813211958528E+01,   4982.33%
    0.4789999999999999147348717E+01,    0.2126880569043591240330215E+01,    0.4176394184788738417335452E-01,    0.2085116627195704008812527E+01,   4992.62%
    0.4791666666666666074547720E+01,    0.2129597647354688039200710E+01,    0.4173610607926962756675238E-01,    0.2087861541275418453267321E+01,   5002.53%
    0.4793333333333333001746723E+01,    0.2132147765685792339951377E+01,    0.4170829772680509361926227E-01,    0.2090439467958987052043085E+01,   5012.05%
    0.4794999999999999928945726E+01,    0.2134528347463879871526160E+01,    0.4168051675504673425631808E-01,    0.2092847830708833178903205E+01,   5021.17%
    0.4796666666666666856144730E+01,    0.2136736792658239458830849E+01,    0.4165276312860383134406561E-01,    0.2095084029529635571975632E+01,   5029.88%
    0.4798333333333333783343733E+01,    0.2138770477625402399723953E+01,    0.4162503681214192730042356E-01,    0.2097145440813260375279015E+01,   5038.18%
    0.4800000000000000710542736E+01,    0.2140626754955554211790059E+01,    0.4159733777038268631720541E-01,    0.2099029417185171553228429E+01,   5046.07%
    0.4801666666666665861384899E+01,    0.2142302953310301738554244E+01,    0.4156966596810383884896822E-01,    0.2100733287342197996849791E+01,   5053.52%
    0.4803333333333332788583903E+01,    0.2143796377269765240924926E+01,    0.4154202137013895956840770E-01,    0.2102254355899626503401123E+01,   5060.55%
    0.4804999999999999715782906E+01,    0.2145104307164320101009025E+01,    0.4151440394137751593861552E-01,    0.2103589903222942592009304E+01,   5067.13%
    0.4806666666666666642981909E+01,    0.2146223998919303710408713E+01,    0.4148681364676467392405002E-01,    0.2104737185272539168323647E+01,   5073.27%
    0.4808333333333333570180912E+01,    0.2147152683891303315277810E+01,    0.4145925045130121472380935E-01,    0.2105693433440002149126258E+01,   5078.95%
    0.4810000000000000497379915E+01,    0.2147887568701037697138645E+01,    0.4143171432004340987154123E-01,    0.2106455854380994363594937E+01,   5084.16%
    0.4811666666666667424578918E+01,    0.2148425835090340463295888E+01,    0.4140420521810296572429166E-01,    0.2107021629872237511449384E+01,   5088.91%
    0.4813333333333332575421082E+01,    0.2148764639735369907924678E+01,    0.4137672311064688468462691E-01,    0.2107387916624722912217749E+01,   5093.17%
    0.4814999999999999502620085E+01,    0.2148901114089836639209352E+01,    0.4134926796289731254496758E-01,    0.2107551846126939132375355E+01,   5096.95%
    0.4816666666666666429819088E+01,    0.2148832364219361412693843E+01,    0.4132183974013154542648252E-01,    0.2107510524479229818695103E+01,   5100.23%
    0.4818333333333333357018091E+01,    0.2148555470643223053173188E+01,    0.4129443840768186324563516E-01,    0.2107261032235541176049765E+01,   5103.01%
    0.4820000000000000284217094E+01,    0.2148067488157234361523251E+01,    0.4126706393093543950856272E-01,    0.2106800424226298762420129E+01,   5105.28%
    0.4821666666666667211416097E+01,    0.2147365445656845395205892E+01,    0.4123971627533420947209208E-01,    0.2106125729381511213489375E+01,   5107.03%
    0.4823333333333334138615101E+01,    0.2146446345993671123153490E+01,    0.4121239540637480769369461E-01,    0.2105233950587296121170766E+01,   5108.25%
    0.4824999999999999289457264E+01,    0.2145307165791430659140815E+01,    0.4118510128960849864254712E-01,    0.2104122064501822375603979E+01,   5108.94%
    0.4826666666666666216656267E+01,    0.2143944855253478110057586E+01,    0.4115783389064089914377575E-01,    0.2102787021362837016624781E+01,   5109.08%
    0.4828333333333333143855270E+01,    0.2142356338048204911217454E+01,    0.4113059317513212409522794E-01,    0.2101225744873072898144528E+01,   5108.67%
    0.4830000000000000071054274E+01,    0.2140538511067681781696592E+01,    0.4110337910879652972839793E-01,    0.2099435131958885314418239E+01,   5107.69%
    0.4831666666666666998253277E+01,    0.2138488244304650454097327E+01,    0.4107619165740264421948780E-01,    0.2097412052647247726611113E+01,   5106.15%
    0.4833333333333333925452280E+01,    0.2136202380665851219276874E+01,    0.4104903078677307748378666E-01,    0.2095153349879077975259634E+01,   5104.03%
    0.4835000000000000852651283E+01,    0.2133677735769885064343043E+01,    0.4102189646278440321447434E-01,    0.2092655839307100862356492E+01,   5101.31%
    0.4836666666666666003493447E+01,    0.2130911097822159927517305E+01,    0.4099478865136711724925789E-01,    0.2089916309170792629856805E+01,   5098.00%
    0.4838333333333332930692450E+01,    0.2127899227391154557409436E+01,    0.4096770731850538083129720E-01,    0.2086931520072649259844866E+01,   5094.09%
    0.4839999999999999857891453E+01,    0.2124638857245846335075612E+01,    0.4094065243023713163150745E-01,    0.2083698204815609411610922E+01,   5089.56%
    0.4841666666666666785090456E+01,    0.2121126692194617024966874E+01,    0.4091362395265384088727245E-01,    0.2080213068241963281224116E+01,   5084.40%
    0.4843333333333333712289459E+01,    0.2117359408881412274894274E+01,    0.4088662185190047176908124E-01,    0.2076472787029511657408420E+01,   5078.61%
    0.4845000000000000639488462E+01,    0.2113333655606684846617327E+01,    0.4085964609417534754154389E-01,    0.2072474009512509596220298E+01,   5072.18%
    0.4846666666666665790330626E+01,    0.2109046052182103281324999E+01,    0.4083269664573008911334639E-01,    0.2068213355536373310172849E+01,   5065.09%
    0.4848333333333332717529629E+01,    0.2104493189686691856365997E+01,    0.4080577347286944156490307E-01,    0.2063687416213822345412154E+01,   5057.34%
    0.4849999999999999644728632E+01,    0.2099671630334615901603001E+01,    0.4077887654195127414835653E-01,    0.2058892753792664453982297E+01,   5048.92%
    0.4851666666666666571927635E+01,    0.2094577907269405070422863E+01,    0.4075200581938642763191183E-01,    0.2053825901450018420746346E+01,   5039.82%
    0.4853333333333333499126638E+01,    0.2089208524383194820472909E+01,    0.4072516127163863797200349E-01,    0.2048483363111555988211876E+01,   5030.02%
    0.4855000000000000426325641E+01,    0.2083559956129026335958088E+01,    0.4069834286522437671873575E-01,    0.2042861613263801778828110E+01,   5019.52%
    0.4856666666666667353524645E+01,    0.2077628647327353306195619E+01,    0.4067155056671285795477644E-01,    0.2036957096760640517629781E+01,   5008.31%
    0.4858333333333332504366808E+01,    0.2071411013005856727176024E+01,    0.4064478434272586482300937E-01,    0.2030766228663130945619741E+01,   4996.38%
    0.4859999999999999431565811E+01,    0.2064903438165136329018878E+01,    0.4061804415993761768755022E-01,    0.2024285394005198579492344E+01,   4983.71%
    0.4861666666666666358764815E+01,    0.2058102277632964050013697E+01,    0.4059132998507479495042816E-01,    0.2017510947647889185674330E+01,   4970.30%
    0.4863333333333333285963818E+01,    0.2051003855845664247681270E+01,    0.4056464178491635264034443E-01,    0.2010439214060748103207743E+01,   4956.14%
    0.4865000000000000213162821E+01,    0.2043604466656210316699571E+01,    0.4053797952629343420705155E-01,    0.2003066487129916861675838E+01,   4941.21%
    0.4866666666666667140361824E+01,    0.2035900373172562449752832E+01,    0.4051134317608930113241428E-01,    0.1995389029996473162498205E+01,   4925.51%
    0.4868333333333334067560827E+01,    0.2027887807524266783332223E+01,    0.4048473270123919415253155E-01,    0.1987403074823027582240798E+01,   4909.02%
    0.4869999999999999218402991E+01,    0.2019562970687494463106759E+01,    0.4045814806873031244105476E-01,    0.1979104822618764192299068E+01,   4891.73%
    0.4871666666666666145601994E+01,    0.2010922032292225214433756E+01,    0.4043158924560158462568893E-01,    0.1970490443046623685319219E+01,   4873.64%
    0.4873333333333333072800997E+01,    0.2001961130416364031958665E+01,    0.4040505619894373123823783E-01,    0.1961556074217420286842639E+01,   4854.73%
    0.4875000000000000000000000E+01,    0.1992676371391560952162081E+01,    0.4037854889589905654778690E-01,    0.1952297822495661971942127E+01,   4834.99%
    0.4876666666666666927199003E+01,    0.1983063829607785155673128E+01,    0.4035206730366140692733978E-01,    0.1942711762304123679356849E+01,   4814.40%
    0.4878333333333333854398006E+01,    0.1973119547311871446737541E+01,    0.4032561138947605983151590E-01,    0.1932793935922395345272662E+01,   4792.97%
    0.4880000000000000781597009E+01,    0.1962839534411296771310163E+01,    0.4029918112063961971314185E-01,    0.1922540353290657089146976E+01,   4770.67%
    0.4881666666666665932439173E+01,    0.1952219768249989995112514E+01,    0.4027277646449994863431243E-01,    0.1911946991785490101989353E+01,   4747.49%
    0.4883333333333332859638176E+01,    0.1941256193448828382130955E+01,    0.4024639738845599973293687E-01,    0.1901009796060372458725851E+01,   4723.43%
    0.4884999999999999786837179E+01,    0.1929944721656551287480852E+01,    0.4022004385995783803942061E-01,    0.1889724677796593477197007E+01,   4698.46%
    0.4886666666666666714036182E+01,    0.1918281231367177541713431E+01,    0.4019371584650645312652983E-01,    0.1878087515520671102464689E+01,   4672.59%
    0.4888333333333333641235185E+01,    0.1906261567730604067349987E+01,    0.4016741331565371747602811E-01,    0.1866094154414950301301701E+01,   4645.79%
    0.4890000000000000568434189E+01,    0.1893881542314431953855092E+01,    0.4014113623500226157858606E-01,    0.1853740406079429803298808E+01,   4618.06%
    0.4891666666666667495633192E+01,    0.1881136932906946279686622E+01,    0.4011488457220538372816065E-01,    0.1841022048334740812691734E+01,   4589.37%
    0.4893333333333332646475355E+01,    0.1868023483321917366239973E+01,    0.4008865829496701532752567E-01,    0.1827934825026950260706826E+01,   4559.73%
    0.4894999999999999573674359E+01,    0.1854536903174749840061963E+01,    0.4006245737104145721030335E-01,    0.1814474445803708313462721E+01,   4529.11%
    0.4896666666666666500873362E+01,    0.1840672867669320700301228E+01,    0.4003628176823352535773637E-01,    0.1800636585901087105554552E+01,   4497.51%
    0.4898333333333333428072365E+01,    0.1826427017406189401427241E+01,    0.4001013145439828028182561E-01,    0.1786416885951791044817583E+01,   4464.91%
    0.4900000000000000355271368E+01,    0.1811794958148971623757006E+01,    0.3998400639744101314754232E-01,    0.1771810951751530582853889E+01,   4431.30%
    0.4901666666666667282470371E+01,    0.1796772260614813765400299E+01,    0.3995790656531712781163179E-01,    0.1756814354049496706977607E+01,   4396.66%
    0.4903333333333334209669374E+01,    0.1781354460275441642380656E+01,    0.3993183192603203673920476E-01,    0.1741422628349409640335921E+01,   4360.99%
    0.4904999999999999360511538E+01,    0.1765537057112051444462963E+01,    0.3990578244764112630926789E-01,    0.1725631274664410241825863E+01,   4324.26%
    0.4906666666666666287710541E+01,    0.1749315515429431755478618E+01,    0.3987975809824954864790669E-01,    0.1709435757331182248464074E+01,   4286.47%
    0.4908333333333333214909544E+01,    0.1732685263624383686931196E+01,    0.3985375884601227020054282E-01,    0.1692831504778371520814062E+01,   4247.61%
    0.4910000000000000142108547E+01,    0.1715641693955731517107210E+01,    0.3982778465913390519848036E-01,    0.1675813909296597570275367E+01,   4207.65%
    0.4911666666666667069307550E+01,    0.1698180162336391019195503E+01,    0.3980183550586861157549734E-01,    0.1658378326830522331292173E+01,   4166.59%
    0.4913333333333333996506553E+01,    0.1680295988112588290164240E+01,    0.3977591135452003545669442E-01,    0.1640520076758068324096485E+01,   4124.41%
    0.4914999999999999147348717E+01,    0.1661984453843193598743255E+01,    0.3975001217344124176955589E-01,    0.1622234441669752280645866E+01,   4081.09%
    0.4916666666666666074547720E+01,    0.1643240805083376665507444E+01,    0.3972413793103449219934475E-01,    0.1603516667152342201063675E+01,   4036.63%
    0.4918333333333333001746723E+01,    0.1624060250113007031202983E+01,    0.3969828859575134233361737E-01,    0.1584361961517255723563835E+01,   3991.01%
    0.4919999999999999928945726E+01,    0.1604437959786248368843076E+01,    0.3967246413609242655651244E-01,    0.1564765495650155990858821E+01,   3944.21%
    0.4921666666666666856144730E+01,    0.1584369067249953744180857E+01,    0.3964666452060739559870584E-01,    0.1544722402729346244498743E+01,   3896.22%
    0.4923333333333333783343733E+01,    0.1563848667723456431488671E+01,    0.3962088971789486102625943E-01,    0.1524227778005561528829048E+01,   3847.03%
    0.4925000000000000710542736E+01,    0.1542871818293932717480743E+01,    0.3959513969660223564606127E-01,    0.1503276678597330384690167E+01,   3796.62%
    0.4926666666666665861384899E+01,    0.1521433537680160208438451E+01,    0.3956941442542573350582558E-01,    0.1481864123254734488810413E+01,   3744.97%
    0.4928333333333332788583903E+01,    0.1499528805961489075215809E+01,    0.3954371387311016172727562E-01,    0.1459985092088379010633048E+01,   3692.08%
    0.4929999999999999715782906E+01,    0.1477152564401627232726355E+01,    0.3951803800844896213950719E-01,    0.1437634526393178235892378E+01,   3637.92%
    0.4931666666666666642981909E+01,    0.1454299715172722606837397E+01,    0.3949238680028403780664092E-01,    0.1414807328372438499641817E+01,   3582.48%
    0.4933333333333333570180912E+01,    0.1430965121160503228381344E+01,    0.3946676021750569751667115E-01,    0.1391498360942997614131400E+01,   3525.75%
    0.4935000000000000497379915E+01,    0.1407143605692338983459422E+01,    0.3944115822905254475916337E-01,    0.1367702447463286397066895E+01,   3467.70%
    0.4936666666666667424578918E+01,    0.1382829952316575239379404E+01,    0.3941558080391141527520915E-01,    0.1343414371512663851859770E+01,   3408.33%
    0.4938333333333332575421082E+01,    0.1358018904576523633309648E+01,    0.3939002791111728685180537E-01,    0.1318628876665406401968994E+01,   3347.62%
    0.4939999999999999502620085E+01,    0.1332705165737612773568799E+01,    0.3936449951975311278840053E-01,    0.1293340666217859702413762E+01,   3285.55%
    0.4941666666666666429819088E+01,    0.1306883398580366062446956E+01,    0.3933899559894987046915205E-01,    0.1267544402981416240550061E+01,   3222.11%
    0.4943333333333333357018091E+01,    0.1280548225151880936678594E+01,    0.3931351611788638789057870E-01,    0.1241234709033994576543591E+01,   3157.27%
    0.4945000000000000284217094E+01,    0.1253694226505827069573229E+01,    0.3928806104578924651704597E-01,    0.1214406165460037767545032E+01,   3091.03%
    0.4946666666666667211416097E+01,    0.1226315942493946042901598E+01,    0.3926263035193276046408428E-01,    0.1187053312142013261620832E+01,   3023.37%
    0.4948333333333334138615101E+01,    0.1198407871461255380651778E+01,    0.3923722400563881690382928E-01,    0.1159170647455616487420116E+01,   2954.26%
    0.4949999999999999289457264E+01,    0.1169964470092799579958864E+01,    0.3921184197627684137055226E-01,    0.1130752628116522773282782E+01,   2883.70%
    0.4951666666666666216656267E+01,    0.1140980153052466805618792E+01,    0.3918648423326364510499431E-01,    0.1101793668819203153574904E+01,   2811.67%
    0.4953333333333333143855270E+01,    0.1111449292850885006700423E+01,    0.3916115074606343893215410E-01,    0.1072288142104821595523845E+01,   2738.14%
    0.4955000000000000071054274E+01,    0.1081366219491059377233455E+01,    0.3913584148418765285004639E-01,    0.1042230378006871793772348E+01,   2663.11%
    0.4956666666666666998253277E+01,    0.1050725220305573470724880E+01,    0.3911055641719490827412642E-01,    0.1011614663888378506939603E+01,   2586.55%
    0.4958333333333333925452280E+01,    0.1019520539631103783762001E+01,    0.3908529551469090701498743E-01,    0.9804352441164129183803766E+00,   2508.45%
    0.4960000000000000852651283E+01,    0.9877463786361833086857587E+00,    0.3906005874632834107273993E-01,    0.9486863198898549676130187E+00,   2428.79%
    0.4961666666666666003493447E+01,    0.9553968949676370225887467E+00,    0.3903484608180685100364826E-01,    0.9163620488858301715850985E+00,   2347.55%
    0.4963333333333332930692450E+01,    0.9224662025733426640172752E+00,    0.3900965749087283163110129E-01,    0.8834565450824698462639617E+00,   2264.71%
    0.4964999999999999857891453E+01,    0.8889483714474589737264409E+00,    0.3898449294331947367897584E-01,    0.8499638785041394584141017E+00,   2180.26%
    0.4966666666666666785090456E+01,    0.8548374273058504391187284E+00,    0.3895935240898662499375860E-01,    0.8158780748968638141249698E+00,   2094.18%
    0.4968333333333333712289459E+01,    0.8201273513766750289377683E+00,    0.3893423585776068646113757E-01,    0.7811931155189143494155246E+00,   2006.44%
    0.4970000000000000639488462E+01,    0.7848120801426569093095509E+00,    0.3890914325957455649485084E-01,    0.7459029368830824013869574E+00,   1917.04%
    0.4971666666666665790330626E+01,    0.7488855050758549403155939E+00,    0.3888407458440756164774754E-01,    0.7100014304914473717289525E+00,   1825.94%
    0.4973333333333332717529629E+01,    0.7123414723363923339860548E+00,    0.3885902980228526232275854E-01,    0.6734824425341070508466146E+00,   1733.14%
    0.4974999999999999644728632E+01,    0.6751737825641823675937303E+00,    0.3883400888327953603962328E-01,    0.6363397736809028870652583E+00,   1638.61%
    0.4976666666666666571927635E+01,    0.6373761905736794464161221E+00,    0.3880901179750837620696657E-01,    0.5985671787761710493924738E+00,   1542.34%
    0.4978333333333333499126638E+01,    0.5989424051386699199284180E+00,    0.3878403851513584355004127E-01,    0.5601583666235341318895280E+00,   1444.30%
    0.4980000000000000426325641E+01,    0.5598660886397289759841556E+00,    0.3875908900637198978289533E-01,    0.5211069996333569376290029E+00,   1344.48%
    0.4981666666666667353524645E+01,    0.5201408568631086248856832E+00,    0.3873416324147274658606932E-01,    0.4814066936216359060551895E+00,   1242.85%
    0.4983333333333332504366808E+01,    0.4797602787310727978642433E+00,    0.3870926119073989785102086E-01,    0.4410510175403328791965407E+00,   1139.39%
    0.4984999999999999431565811E+01,    0.4387178759851656506540962E+00,    0.3868438282452087845220134E-01,    0.4000334931606447930185766E+00,   1034.10%
    0.4986666666666666358764815E+01,    0.3970071229506523247110295E+00,    0.3865952811320884363599504E-01,    0.3583475948374434949528222E+00,    926.93%
    0.4988333333333333285963818E+01,    0.3546214462684454948870894E+00,    0.3863469702724250942615924E-01,    0.3159867492412029577053545E+00,    817.88%
    0.4990000000000000213162821E+01,    0.3115542245717801694837590E+00,    0.3860988953710603466262796E-01,    0.2729443350346741348211310E+00,    706.93%
    0.4991666666666667140361824E+01,    0.2677987882552017029347269E+00,    0.3858510561332900018483016E-01,    0.2292136826418726958110028E+00,    594.05%
    0.4993333333333334067560827E+01,    0.2233484191864835988194926E+00,    0.3856034522648631862606905E-01,    0.1847880739599972732545297E+00,    479.22%
    0.4994999999999999218402991E+01,    0.1781963504287767119382835E+00,    0.3853560834719813726900739E-01,    0.1396607420815785816081700E+00,    362.42%
    0.4996666666666666145601994E+01,    0.1323357659241052863841048E+00,    0.3851089494612968539000164E-01,    0.9382487097797559405520929E-01,    243.63%
    0.4998333333333333072800997E+01,    0.8575980028713885150448704E-01,    0.3848620499399134364804098E-01,    0.4727359529314750785644605E-01,    122.83%
    0.5000000000000000000000000E+01,    0.3846153845094411188876293E-01,    0.3846153846153846367350582E-01,   -0.1059435178474288363759115E-10,      0.00%
